full_text,tweet_id,screen_name,user_ID
"The #Dodgers will take a flier on struggling #Yankees OF Joey Gallo, per @ragazzoreport, sending Class AA pitcher Clayton Beeter to New York.",1554538233760886784,gonzo7626,1016278358
This deal is done. https://t.co/2ddQhNyJEC,1554537967087017984,gonzo7626,1016278358
@El_Rey_Pobre I know! I’m just enjoying the TL 🤣🤣👊🏼,1554511317746065409,gonzo7626,1016278358
"Just A Friend 

Biz Markie 🕊 (1989)https://t.co/rnZXoCwyxq",1554511031505866753,gonzo7626,1016278358
"The Dodgers got a haul returning after the trade deadline, and didn't have to give up any prospects either. 

Blake Treinen 
Walker Buehler 
Dustin May
Chris Taylor
Edwin Rios
Victor Gonzalez 
Brusdar Graterol",1554511013705183233,gonzo7626,1016278358
"UPDATE: The Soto deal will go through with or without Hosmer. Padres still must decide what to do with him, per @JimBowdenGM and @Ken_Rosenthal. https://t.co/y5cQKUD6FY",1554510821530615809,gonzo7626,1016278358
"The Juan Soto deal is done with the #Padres, and does NOT include Eric Hosmer.",1554510735991943168,gonzo7626,1016278358
@JimBowdenGM Source confirms what Jim is saying. Deal will go through with or without Hosmer. Padres still must decide what to do with him.,1554510553527201792,gonzo7626,1016278358
The #Nationals #Padres deal DOES NOT hinge on Hosmer being a part of it. The deal is done regardless...acccording to sources directly involved.,1554510528982044672,gonzo7626,1016278358
#SiempreLA https://t.co/xiV4pl2Rvm,1554510458706485248,gonzo7626,1016278358
There are no active negotiations going on with Eric Hosmer and the #Padres after he rejected the trade to the #Nats.,1554509185810718720,gonzo7626,1016278358
Sources: #Padres and Eric Hosmer’s representatives currently negotiating about what it would take for Hosmer to approve his trade to the #Nats. The Juan Soto/Josh Bell blockbuster — in its current form — is contingent on Hosmer’s assent. @MLB @MLBNetwork,1554508486234361857,gonzo7626,1016278358
NEWS: #Nats are in process of calling up multiple minor leaguers to @MLB club — a sign that trades are imminent. @MLBNetwork,1554488101531029504,gonzo7626,1016278358
It’s gonna be a good day! Happy Tuesday Peoples! Lets do the damn thing! 👊🏼,1554480766125744132,gonzo7626,1016278358
Padres look like they are in front for Soto (and Bell) at the moment. But a word of caution: They appeared to be in the lead for Scherzer a year ago before the Dodgers swooped in and landed both Scherzer and Turner.,1554466350164492292,gonzo7626,1016278358
Deuces Peoples! 😴😴#SiempreLA https://t.co/0YCQVkzek8,1554327668983705600,gonzo7626,1016278358
@kariroxx @dannatalks @DeezieBaby 🔥🔥🔥,1554321871398584320,gonzo7626,1016278358
"LMAO….Chargers don’t have a stadium. 

The Rams do https://t.co/tRsAuSDkfK",1554316142906204163,gonzo7626,1016278358
@misszjackie @DAFlo77 Get well soon! 🙏🏼,1554315976153305089,gonzo7626,1016278358
"@Holdem_junkie Get some rest, Primoooo! 👊🏼",1554315480558493697,gonzo7626,1016278358
It feels so good out right now! #SummerNights,1554314891145621504,gonzo7626,1016278358
@BruinDre44 YESSSS!!! Enjoy Dre!! 🔥🔥🔥,1554313618363015168,gonzo7626,1016278358
@_ayebri24 🤣🤣🤣,1554310126554599424,gonzo7626,1016278358
That’s fckdd uo! This ain’t funny! https://t.co/0BfvviGQ6n,1554308154510286848,gonzo7626,1016278358
"Real grass is being installed at @SoFiStadium for Wednesday’s @LeaguesCup game(s) between @LAFC vs @ClubAmerica_EN &amp; @LAGalaxy vs @ChivasEN_. 

📸 @WestCoastTurf https://t.co/3JjfAc0z1F",1554307689680842752,gonzo7626,1016278358
I’m sooo full! But ice cream sounds bomb af right now! 🤣🤣 #Munchies,1554307173907193856,gonzo7626,1016278358
"Music executive and former Bruin Mo Ostin, who’s name is on the #UCLA basketball practice facility, has died. https://t.co/2sIr8rCwya",1554298756597616641,gonzo7626,1016278358
🙏🏼 https://t.co/rYlzWvamPW,1554298715711553536,gonzo7626,1016278358
@Corrido_R8r 🤣🤣,1554297844621660160,gonzo7626,1016278358
@kariroxx 🤣🤣 Enjoy your dinner! 🙌🏽,1554297807657308160,gonzo7626,1016278358
That last name should never be on a Giants jersey! 🤷🏼‍♂️🤣🤣,1554297670298058754,gonzo7626,1016278358
@Pergyyyy W! 👊🏼,1554297524814434304,gonzo7626,1016278358
The back yard sunsets at the new house have been amazing…. https://t.co/ca6ivakXfC,1554297404878311424,gonzo7626,1016278358
@kariroxx It’s a vibe! 🙌🏽🙌🏽😎,1554295450529775617,gonzo7626,1016278358
🤣🤣This team is sooo stacked! And if/when you add Soto!! My Gawd!!! 🔥🔥,1554295341754658816,gonzo7626,1016278358
Atta boy Freddie!! 👏🏼👏🏼,1554294558694879232,gonzo7626,1016278358
Productive out!! 👏🏼👏🏼👏🏼,1554294166976229377,gonzo7626,1016278358
"Trade candidate Nathan Eovaldi just delivered his longest start since the end of May. Velocity good, command sharp. 

The Red Sox, in buy-and-sell mode, have some fascinating decisions to make before 6 pm ET. 

@MLB @MLBNetwork",1554293139736653825,gonzo7626,1016278358
Somewhere MadBum is pissed,1554289921975672832,gonzo7626,1016278358
BOOOOOOMBAAAAAAA!!,1554289561068441601,gonzo7626,1016278358
"Before going on to scrimmage upstairs with other NBA stars at UCLA, new Laker Thomas Bryant went through a shooting workout led by Raptors assistant Rico Hines, while former Laker Montrezl Harrell (not pictured) watched from the sidelines https://t.co/lKYFopZhXV",1554289275469848576,gonzo7626,1016278358
"Dodgers have looked at Ian Happ, though as with the Padres that seems like a backup plan to Soto",1554288321676750848,gonzo7626,1016278358
@raidergirl_87 🙌🏽🙌🏽,1554288208665772032,gonzo7626,1016278358
@DAFlo77 @g_equihuaaa 👊🏼,1554287143802966016,gonzo7626,1016278358
These runs are legendary https://t.co/zDzCioUHq1,1554286016696946689,gonzo7626,1016278358
Dammmn that’s close,1554285839374434304,gonzo7626,1016278358
@g_equihuaaa 🤣🤣🤣,1554285032847462400,gonzo7626,1016278358
@HectorR23_213 🔥🔥🔥,1554284783055749121,gonzo7626,1016278358
"Former Bruin and current Raptors assistant coach Rico Hines is opening up his summer runs at UCLA today. The first game on the main court features James Harden, Scottie Barnes, Pascal Siakam, Tyrese Haliburton and Thomas Bryant https://t.co/nQdxBvLwoL",1554282281241415681,gonzo7626,1016278358
"CFB fam ... we made it to August 🙌 

FOOTBALL IS COMING!",1554282191156236288,gonzo7626,1016278358
Can Juan Soto's trade value go any higher? He just homered off Max Scherzer.,1554282158834872320,gonzo7626,1016278358
#GoBruins #TailgateSzn 😎 https://t.co/SRrvywGMgz https://t.co/bAZjNDePTr,1554282132217815040,gonzo7626,1016278358
6’4” https://t.co/fEFkJRtdLB https://t.co/6kIPvSVvpS,1554281708056301568,gonzo7626,1016278358
@just1leslie @slyp0806 Hell yeah!! 😎🤣🤣,1554280880490758144,gonzo7626,1016278358
The #Cardinals #Dodgers &amp; #Padres have all improved their offers to the #Nationals regarding a Juan Soto trade and now tomorrow we're going to find out what team really wants him the most. It's time for each of them to add that one more prospect they don't want to add. tick tock,1554278807032328192,gonzo7626,1016278358
@slyp0806 @just1leslie Yeah!! 🤣🤣,1554278528824160256,gonzo7626,1016278358
Dodgers &amp; Chill on this fine Monday eve!! Salud Los Angeles! 🍻😮‍💨😎,1554278428815159296,gonzo7626,1016278358
"Arte Moreno is the Angels’ one true bitter rival, sir lol. https://t.co/r5ZD8csLHW",1554276773184974848,gonzo7626,1016278358
"#BEATsf 
#SiempreLA 😤😤",1554276656373645312,gonzo7626,1016278358
Moral of the story: Get you a #Leo,1554275480450215937,gonzo7626,1016278358
@erinelyzabeth @Raiders https://t.co/cDXe4XQoXr,1554275059442655232,gonzo7626,1016278358
"Todd Christensen was a damn good Tight End, albeit underrated.  A model of consistency.  Another one of my favorites. #RaiderNation #Raiders https://t.co/X33AU2tq5g",1554274728054910976,gonzo7626,1016278358
#SupportStreetVendors https://t.co/wPrRBFJLRI,1554274686552248320,gonzo7626,1016278358
"The quieter you become, the more you can hear.",1554252201026920448,gonzo7626,1016278358
@LaFemmeBruin Hope you feel better! 🙏🏼,1554246827783770112,gonzo7626,1016278358
"LEFTY MANIA!
Fernando Valenzuela &amp; Julio Urias!

Win BOTH of these bobbleheads!

Just Retweet this tweet Like and Follow to enter!

Winner announced after the Padres series Aug 7th

Good luck and Go #Dodgers

#AlwaysLA #FernandoValenzuela #JulioUrias #bobbleheads https://t.co/ASMdRFxiza",1554246077921906689,gonzo7626,1016278358
Felling good! Got a good workout in. It’s been a good day! Time to unwind 🍻💨🎶🎶🎶 https://t.co/BeVYxFCYbf,1554245635297095680,gonzo7626,1016278358
@LaFemmeBruin Oh no!! 🙏🏼,1554243181146820608,gonzo7626,1016278358
My neighbor homie says I’m fcknn crazy working out in this heat! 🥵🤣🤣🤷🏼‍♂️,1554230014454837248,gonzo7626,1016278358
"August please be good to Me, My Family and My Friends Thank You.",1554171433269334016,gonzo7626,1016278358
"#Rays bolstering bullpen depth by acquiring LHP Garrett Cleavinger from #Dodgers. Mostly at AAA this season, has 47 Ks in 29 IP. Rays give up German Tapia, 18-year-old OF with DSL team.",1554167858690527232,gonzo7626,1016278358
@nessadreamz https://t.co/ViCBPPknhG,1554167412525674497,gonzo7626,1016278358
Busy af but I’m in a damn good mood! Happy Monday Peoples! Have a good one! 👊🏼,1554147119790899200,gonzo7626,1016278358
I think imma take a break! 🤔,1553953097600274432,gonzo7626,1016278358
@cellabella16 Have a great time! Salud 🍻,1553952900853878786,gonzo7626,1016278358
@LyzziePoo @slyp0806 @sweeytee8 🤣🤣🤣,1553952728421789696,gonzo7626,1016278358
@notlyssa Same 🙌🏽🙌🏽,1553952188241567744,gonzo7626,1016278358
Dammit!!! 🤦‍♂️🤣🤣,1553951792844509185,gonzo7626,1016278358
Fresh bolillo &amp; Draft Day!! We’re upon football szn peoples!! 😎👊🏼 https://t.co/m52of7JS23,1553947083723329536,gonzo7626,1016278358
"@Blksunday805 Happy Birthday to your Baby, Perro! 🥳👊🏼",1553946598983344131,gonzo7626,1016278358
Jackie Robinson heading home https://t.co/xSMxNQmToG,1553940329333526529,gonzo7626,1016278358
🐐 https://t.co/21Ab2E9cGa,1553940321012043776,gonzo7626,1016278358
Ben Bolch story on UCLA’s Thomas Cole in LA Times is must read for every parent and college-bound child…the absolute worst nightmare was avoided. Newspapering at its best!!!,1553940200773996544,gonzo7626,1016278358
@g_equihuaaa 😎🎶🎶🎶,1553939995714416641,gonzo7626,1016278358
@Corrido_R8r Tu sabes Loko! 👊🏼,1553939563239710720,gonzo7626,1016278358
Can I bump me real quick!“The City of Angels” 😇😎🎶🎶🎶🎶 https://t.co/NEXTenvxuF,1553938286250377217,gonzo7626,1016278358
@cellabella16 Damn Fam!! 🔥🔥,1553937176613687296,gonzo7626,1016278358
@SergioReynoso24 👊🏼,1553935725887778816,gonzo7626,1016278358
"Sade - ""Smooth Operator"" (1984) 🎧 https://t.co/NCT71T1UqD",1553935523802009601,gonzo7626,1016278358
"@arisev33 Hell yeah!! Salud, Ari 🍻",1553935416872472576,gonzo7626,1016278358
@Ivon__Diaz12 🤣🤣🙌🏽🙌🏽🙌🏽,1553935219891220480,gonzo7626,1016278358
@El_Rey_Pobre Right!!! 👊🏼,1553934770299555840,gonzo7626,1016278358
@jenny__simone Hi! Jenny!! 😮‍💨💨💨🎶🎶,1553934452790681600,gonzo7626,1016278358
🗣🗣🗣🗣 🖕🏼McCourt!! 😎 https://t.co/9TDdkn2nq5,1553933429900656640,gonzo7626,1016278358
@El_Rey_Pobre Sick!!! 👊🏼,1553932594344894464,gonzo7626,1016278358
https://t.co/PIVSasEu2i https://t.co/bxOCeuUj5c,1553932453533732864,gonzo7626,1016278358
@kariroxx @chillipipers Just chillin on my porch bumpin these oldies! Wish I was rockin at sofi tho!! Have a great time! #LeoSzn 🙌🏽🙌🏽🙌🏽,1553932133910999040,gonzo7626,1016278358
This my shiiit!! 😮‍💨🎶🎶🎶 https://t.co/nHLoLpXDnF,1553931589976932352,gonzo7626,1016278358
@MW_DodgersTGate Definitely does fam! I still can’t believe it. 🙏🏼,1553925985438801920,gonzo7626,1016278358
YOU EVER NOTICED DAT PPL WIT THE BIGGEST HEARTS ATTRACT THE MOST DRAINING ASS PPL 😩,1553925109093519360,gonzo7626,1016278358
