full_text,tweet_id,screen_name,user_ID
"@MandyNicole38 One dude said( dodger fan) , dodgers better be afraid cause padres are scary now 

Like relax dude they’re still like 12 games back",1554604607908614144,Breaksandbros,1078497336857219072
@notlyssa Yo I have to leave mine at home cause my battery is at 5%😂😂😂😂😂😂,1554591375139540992,Breaksandbros,1078497336857219072
@DaryRezvani @rza916 @jtancredix,1554589827655274496,Breaksandbros,1078497336857219072
"The Royals have traded Whit Merrifield, per source.",1554588691401564163,Breaksandbros,1078497336857219072
@_AlleyAwesome Right ?,1554587884769775616,Breaksandbros,1078497336857219072
https://t.co/Yfjx21idTA,1554587198569074688,Breaksandbros,1078497336857219072
Ima cry if he names him kobe https://t.co/AkR5AjfWx8,1554587014040657920,Breaksandbros,1078497336857219072
Woahhhh https://t.co/LN5678WPG5,1554586483780042752,Breaksandbros,1078497336857219072
Mitch 😔😔 https://t.co/6GejRpTwMv,1554586385809412097,Breaksandbros,1078497336857219072
Getting an autograph is weird but dedicating a whole Twitter profile to a team isn’t . Wild https://t.co/rHieklEt0U,1554585476387917825,Breaksandbros,1078497336857219072
@Dodgers Prevail Jake https://t.co/KE8L0m5Uik,1554584711808159744,Breaksandbros,1078497336857219072
The glue that held us together ❤️ love that DCA,1554581696976080897,Breaksandbros,1078497336857219072
"Ever since @DavidCAndersen stepped down as commish , there’s been so much more drama😂😂😂😂😂😂",1554581608576847872,Breaksandbros,1078497336857219072
@baseballmom_76 @tompwillis Me next,1554580493382782976,Breaksandbros,1078497336857219072
Jake lamb was doing decent hhah,1554580367532703744,Breaksandbros,1078497336857219072
"Normal people want a relationship, a house and a car. I want Tom Delonge to join blink-182 again.",1554561536554725376,Breaksandbros,1078497336857219072
If prospects are so valuable why aren't they all making a living/working wage?,1554560743558639619,Breaksandbros,1078497336857219072
YES GET RUF OUT OF SF😂😂,1554554675377999872,Breaksandbros,1078497336857219072
@collectorsclub_ @sports_sell @Hobby_Connect @STShortTEN,1554553099049508866,Breaksandbros,1078497336857219072
@collectorsclub_ @Hobby_Connect @sports_sell @11lizzie,1554548834918838273,Breaksandbros,1078497336857219072
"Ke’Bryan Hayes RC auto 

$30 Shipped 

@Hobby_Connect @sports_sell https://t.co/NVQJqSrf3a",1554548791763562496,Breaksandbros,1078497336857219072
@sondraa Carls is very hit or miss for me,1554546091806273536,Breaksandbros,1078497336857219072
"Dustin May RC lot

$13 shipped 

@sports_sell @Hobby_Connect https://t.co/fsNfpv0Nao",1554540595506335746,Breaksandbros,1078497336857219072
"Dodgers took Taylor from Seattle and made him a stud 
Took muncy from the A’s and made him an allstar
Took Heaney from the Yankees and he’s an ace
Just wait for Gallo",1554535821335638016,Breaksandbros,1078497336857219072
Turnstile gunna do a show at petco ?!?!,1554535600149000192,Breaksandbros,1078497336857219072
@DavidCAndersen Ahh…😂😂😂,1554535525041598464,Breaksandbros,1078497336857219072
"Hey, @Breaksandbros - WTF is your team doing? LOL https://t.co/t4vmIYTJ4g",1554535024602451971,Breaksandbros,1078497336857219072
"Chinas about to invade Taiwan btw . 
Just to break up the baseball news … lol",1554533685084372992,Breaksandbros,1078497336857219072
First day in full pads. I had to explain to a freshman that the pockets on his pants were NOT for his cell phone. https://t.co/LZRYWqqSnX,1554529500670464002,Breaksandbros,1078497336857219072
@collectorsclub_ ☹️☹️,1554527588227239936,Breaksandbros,1078497336857219072
Yooo it’s been a while.. but I’ll be unloading some PC items 🙏🏻 stay tuned,1554527542324764672,Breaksandbros,1078497336857219072
@YoJaffe When you were like 3 months old huh,1554525697531473920,Breaksandbros,1078497336857219072
@LAcarddude @jklongwith Jorge masvidal signed glove $100 shipped https://t.co/OyotD3AHDV,1554525361588752385,Breaksandbros,1078497336857219072
Dodgers gunna announce daddy treinen,1554516540380180481,Breaksandbros,1078497336857219072
@notlyssa IM SORRY IM JUST SHARING 😂😂😂😂😂😂😂😂,1554516359391825921,Breaksandbros,1078497336857219072
I see everyone out here living my dream 😭 https://t.co/qVoDOQzkPY,1554515699736801281,Breaksandbros,1078497336857219072
Padre fans realizing they still have to deal with hosmer https://t.co/UKkPrHf2CL,1554510641808846853,Breaksandbros,1078497336857219072
"Padres fans when Hosmer to Nats announced

v. 

Padres fans when Hosmer is reason they may not get Soto https://t.co/v2S33BpNSB",1554509614741200898,Breaksandbros,1078497336857219072
@sondraa They’ve racked up some good players with offloading their stars these last couple years.,1554508234215419904,Breaksandbros,1078497336857219072
This is the most power Eric Hosmer's had all season,1554505820670283776,Breaksandbros,1078497336857219072
@OldTownCards How does this affect your PC of soto? Do you sell/trade or keep,1554505528901902337,Breaksandbros,1078497336857219072
"@notlyssa I hide post it’s in her purse or wallet so she can find randomly , it’s actually been a month or so…thanks for reminding me to get back to it 😂",1554504016825970690,Breaksandbros,1078497336857219072
Hosmer tanking this would be fucking elite https://t.co/vhq0z2mx6P,1554501788467748864,Breaksandbros,1078497336857219072
@T_Mac_11 now after he sells his tickets to games he can’t make 😂 https://t.co/LB2pDhWiDy,1554500677065269248,Breaksandbros,1078497336857219072
@sondraa A lot of dudes on padre Twitter sell their tickets too 😂,1554500151892316161,Breaksandbros,1078497336857219072
Friendly reminder to padre Twitter. Soto ain’t gunna solve your problems lol https://t.co/RyhF6qt9MW,1554497526757093381,Breaksandbros,1078497336857219072
James Outman &gt; Juan Soto #AlwaysLA,1554495840588218368,Breaksandbros,1078497336857219072
Soto coo with his one championship ring . I honestly love that for him wanting October off,1554494023955390464,Breaksandbros,1078497336857219072
@baseballg1rl That’s your peeps now,1554484428985942016,Breaksandbros,1078497336857219072
@BradshawGraphic Yeah I really liked it,1554473302785425408,Breaksandbros,1078497336857219072
"Upon investigation one of my theories is “Jill” has captured miss spaghetti and holding her hostage and making her do these videos in attempt to subdue her followers , making her the more superior in the friend group. Thus becoming … Jill Fettuccine https://t.co/s6fdSYkmim",1554471206048649216,Breaksandbros,1078497336857219072
@DeCeCollects Bro I love the long term story telling in that .,1554468327443267584,Breaksandbros,1078497336857219072
Yo there was legit a bear in the Pomona / La Verne area the other day a good mile from the foothills 😂😂,1554340983986212864,Breaksandbros,1078497336857219072
Ok so I finished The Bear season 1 and holy crap . What a fantastic show,1554336572979286016,Breaksandbros,1078497336857219072
@WCManny562 Lets goooo🔥🔥,1554335113877471233,Breaksandbros,1078497336857219072
@dc_boi8 😂😂,1554321463481552896,Breaksandbros,1078497336857219072
@dc_boi8 @ChingoBling You look like chalino and ying Yang twins collab,1554319625466179584,Breaksandbros,1078497336857219072
@dc_boi8 @ChingoBling Erase this now my guy ..,1554318537329496064,Breaksandbros,1078497336857219072
Anyone into Boeing?? Or airplanes?? Dont know much about them and had these sitting around for awhile. IF ANYONE IS INTERESTED they are available. #TheHobby https://t.co/17Z79KQ4Ny,1554316529998606336,Breaksandbros,1078497336857219072
Give all the soto money to trea,1554313057806929920,Breaksandbros,1078497336857219072
Anyone know what Boeing plan this is?? https://t.co/M5lUBOFeLk,1554311907422511104,Breaksandbros,1078497336857219072
This one as well please https://t.co/0zUYMmueob,1554311898945925123,Breaksandbros,1078497336857219072
Trea,1554311856314994688,Breaksandbros,1078497336857219072
This dude never gets Outman.,1554311077789216769,Breaksandbros,1078497336857219072
All star catcher will smith,1554303997351116800,Breaksandbros,1078497336857219072
Lego Webb,1554296043646304262,Breaksandbros,1078497336857219072
Lego face Logan Webb,1554295988361211904,Breaksandbros,1078497336857219072
@kingleo53514290 @BettSpaghett79 Yeah I saw earlier 😂😂 Out of all things to get suspended for,1554295285098041344,Breaksandbros,1078497336857219072
https://t.co/k98f0do91b,1554294278230118400,Breaksandbros,1078497336857219072
@bowman1951 @BettSpaghett79 She posted from her friends account giving an update,1554293701614002177,Breaksandbros,1078497336857219072
"@CentertonCards Dodgers don’t need him haha
Yeah itll be cool to have him but he’s not something dodgers need",1554271816360660992,Breaksandbros,1078497336857219072
"Official statement on behalf of my bestie:

Hi hobby friends, it’s Betty. I am in Twitter jail for unintentionally intimidating Brooks’s Beans with a statement involving a brownie. Please send help. I’m appealing this craziness. Hope to be back soon! 😭❤️ RTs appreciated",1554270207140515840,Breaksandbros,1078497336857219072
I Don’t want Soto lol,1554266760152395776,Breaksandbros,1078497336857219072
@11lizzie @Wife2TheBeard @BettSpaghett79 Right ?!!😂😂,1554239694258376705,Breaksandbros,1078497336857219072
Yo why did @BettSpaghett79 get suspended?!😂,1554235558389374976,Breaksandbros,1078497336857219072
Riley getting paiddd,1554231808165785600,Breaksandbros,1078497336857219072
"Any ufc collectors ? Unexpected fund came up so I gotta sell some stuff
Jorge Masvidal signed BMF  glove with COA
$100 shipped https://t.co/yaxf1LhwuC",1554222814730670080,Breaksandbros,1078497336857219072
Normalize taking days off of work if you need it to clear your mind,1554221973072293888,Breaksandbros,1078497336857219072
YOOOOO https://t.co/6mbHxh3V1w,1554211909439631362,Breaksandbros,1078497336857219072
@doggydaily99 Yes same! I haven’t watched any shows like that lately other than Young Rock. So it’s cool to have a show to look forward to,1554187064735780864,Breaksandbros,1078497336857219072
Seemed like clevinger was well liked with the team too,1554165059558879232,Breaksandbros,1078497336857219072
I Lowkey liked clevinger too… lol,1554164891119861761,Breaksandbros,1078497336857219072
"ya own homies wont support you but
will dm Lil Uzi wishing them a happy
birthday",1554113950601449472,Breaksandbros,1078497336857219072
@DeCeCollects Me talking to me 😂😂😂,1554107658814140417,Breaksandbros,1078497336857219072
@MoneyTM1 😂😂😂😂,1554107004016218113,Breaksandbros,1078497336857219072
"@DanhausenAD #AskThatDanhausen 
How does it feel to be a millionaire after your first couple whatnot streams , and what was your reaction to your first couple whatnot streams",1554102208316092416,Breaksandbros,1078497336857219072
First person to like this gets besitos,1554101924059721728,Breaksandbros,1078497336857219072
6 games huh ..,1554099288170381312,Breaksandbros,1078497336857219072
2 out of 6 panels drawn and inked on this one. https://t.co/7d3TSQCUQB,1554098812251033600,Breaksandbros,1078497336857219072
"@BettSpaghett79 Tbh I’m happy I was able to sleep , I took a 2 hour nap during the day 😂😂😂 so I’ll take gojng to bed at 11 a win 💪🏽💪🏽💪🏽",1554091739022929920,Breaksandbros,1078497336857219072
@BettSpaghett79 I did 😂😂 can’t forget I’m on the west coast so it was like 1030😂,1554089309723975682,Breaksandbros,1078497336857219072
@BettSpaghett79 Go to bed lol,1553986447425777664,Breaksandbros,1078497336857219072
"Shoutout to everyone struggling , I know how it feels . You got this
Tomorrows a new week, a fresh start. Set goals and crush them",1553980129767874560,Breaksandbros,1078497336857219072
"The Brood, baby 👺😎 https://t.co/6yHkXpbv7i",1553972892257333249,Breaksandbros,1078497336857219072
@JeremyCom Have you ever had chilaquiles,1553972841204174848,Breaksandbros,1078497336857219072
@BrentWags12 @BettSpaghett79 “Nice rack” https://t.co/XEEegUDvEl,1553971385420001280,Breaksandbros,1078497336857219072
This is how it is for me on warzone 😂😂😂😂😂😂 https://t.co/eJjXmlwI4w,1553964577217323009,Breaksandbros,1078497336857219072
@CameronSalce @TheMustacheMan Dude same haha,1553960951946231808,Breaksandbros,1078497336857219072
@DeCeCollects @TheMustacheMan It’s so good haha,1553960916911214593,Breaksandbros,1078497336857219072
@iamjonhadley Yeah dude I really enjoyed it so far . I love anything cooking related,1553957416709935105,Breaksandbros,1078497336857219072
