full_text,tweet_id,screen_name,user_ID
"EXCLUSIVE: WWE Hall of Famer @BookerT5x weighs in on next Monday's #USTitle Match between @fightbobby and @NXTCiampa.

#WWERaw https://t.co/coSNXtOyN7",1554317781507653633,Jordan48086342,1106395943648284672
"EXCLUSIVE: With former #USChampion @mikethemiz by his side, does @NXTCiampa have what it takes to dethrone @fightbobby for the #USTitle next Monday on #WWERaw? https://t.co/Ohty3i20Vf",1554317756639633410,Jordan48086342,1106395943648284672
"Left speechless by @MontezFordWWE and @AngeloDawkins right now...

#RAWTalk
@peacockTV https://t.co/qk60I5ewc7",1554317699819442177,Jordan48086342,1106395943648284672
Raw Talk guests Montez Ford &amp; Angelo Dawkins #RawTalk,1554317664213925890,Jordan48086342,1106395943648284672
WWE in #WWEHouston AJ Mustafa Ali The Miz Montez Ford Seth Freakin Rollins Alexa Bliss Asuka Dolph Ziggler Chad Gable Ciampa Bianca Belair Iyo Sky AJ Styles Ciampa Rey Mysterio Dominik Mysterio Jimmy Uso Jey Uso,1554302940160135170,Jordan48086342,1106395943648284672
#WWE AJ Styles Mustafa Ali The Miz Montez Ford Seth Freakin Rollins Alexa Bliss Asuka Dolph Ziggler Ciampa Chad Gable Bianca Belair Iyo Sky AJ Styles Ciampa Rey Mysterio Dominik Mysterio Jimmy Uso Jey Uso,1554302280966471680,Jordan48086342,1106395943648284672
".@EdgeRatedR just speared @DomMysterio35!!!

@FinnBalor @ArcherofInfamy @RheaRipley_WWE #WWERaw https://t.co/5qDzV45JHD",1554301543515623425,Jordan48086342,1106395943648284672
The Judgement attack The Mysterio’s then Edge help #WWEHouston,1554301021547106304,Jordan48086342,1106395943648284672
"#AndStill 

@WWEUsos retain the Undisputed WWE #TagTeamTitles against @reymysterio &amp; @DomMysterio35 on #WWERaw! https://t.co/uQ6sh6xD9S",1554300656072138753,Jordan48086342,1106395943648284672
"Can @reymysterio &amp; @DomMysterio35 regain those #TagTeamTitles or will @WWEUsos show why they are the ONES?

#WWERaw https://t.co/8ia3d8PCQo",1554300641069129729,Jordan48086342,1106395943648284672
"Witness exclusive footage of @BrockLesnar following the chaotic Last Man Standing Match at #SummerSlam. What does the future hold for The Beast?

@peacockTV https://t.co/j3QCsWqhid",1554300624132521984,Jordan48086342,1106395943648284672
"CIAMPA DOES IT!

@NXTCiampa will face @fightbobby for the #USTitle next Monday on #WWERaw!

@mikethemiz https://t.co/F3Vpt0TomL",1554300610303909888,Jordan48086342,1106395943648284672
Jimmy Uso &amp; Jey Uso won #WWEHouston,1554300341184876544,Jordan48086342,1106395943648284672
Jimmy Uso &amp; Jey Uso 1 &amp; done Dominik Mysterio #WWEHouston,1554300278782001152,Jordan48086342,1106395943648284672
Jimmy Uso &amp; Jey Uso 1D Dominik Mysterio #WWEHouston,1554300190940618752,Jordan48086342,1106395943648284672
Rey Mysterio step up enzuigiri Jimmy Uso #WWEHouston,1554299590077284353,Jordan48086342,1106395943648284672
Rey Mysterio hurricanrana Jey Uso #WWEHouston,1554299445541470213,Jordan48086342,1106395943648284672
Dominik Mysterio tornado ddt Jimmy Uso #WWEHouston,1554299230461870080,Jordan48086342,1106395943648284672
Dominik Mysterio neckbreaker Jimmy Uso #WWEHouston,1554298198948200448,Jordan48086342,1106395943648284672
Dominik Mysterio neckbreaker Jey Uso #WWEHouston,1554298027325767680,Jordan48086342,1106395943648284672
#UndisputedTagTitles,1554297803148509188,Jordan48086342,1106395943648284672
The Mysterios former WWE SmackDown champs vs current champs #WWEHouston,1554296340422995970,Jordan48086342,1106395943648284672
Undisputed #TagTeamTitles,1554295942517514240,Jordan48086342,1106395943648284672
Rey Mysterio &amp; Dominik Mysterio vs Jimmy Uso &amp; Jey Uso #WWEHouston,1554295419387117570,Jordan48086342,1106395943648284672
Undisputed WWE Tag Team Championship #WWEHouston,1554295304371027968,Jordan48086342,1106395943648284672
tag team #WWEHouston,1554295200826146822,Jordan48086342,1106395943648284672
Main Event #WWEHouston,1554295148808372227,Jordan48086342,1106395943648284672
Pizza Hut The Usos #WWEHouston,1554294554341294081,Jordan48086342,1106395943648284672
Kevin Patrick interviewing Bobby Lashley backstage #WWEHouston,1554293681317969923,Jordan48086342,1106395943648284672
"If you didn't know just how vicious @NXTCiampa can get, @AJStylesOrg could tell you!

#WWERaw https://t.co/NXU7JSz6l3",1554293571561332736,Jordan48086342,1106395943648284672
"Who else is happy to see these two back together on commentary?!

@BookerT5X @WWEGraves #WWERaw https://t.co/N8A2pGW3p5",1554293561633423363,Jordan48086342,1106395943648284672
Ciampa won 2x #WWEHouston,1554293199513993216,Jordan48086342,1106395943648284672
Ciampa fairytale ending AJ Styles #WWEHouston,1554293077724078080,Jordan48086342,1106395943648284672
AJ Styles styles clash Ciampa #WWEHouston,1554292687758659584,Jordan48086342,1106395943648284672
AJ Styles dropkick Ciampa #WWEHouston,1554290467227029505,Jordan48086342,1106395943648284672
#AJStyles vs #Ciampa #WWEHouston,1554290391901507584,Jordan48086342,1106395943648284672
AJ Styles vs Ciampa #WWEHouston,1554290239023235074,Jordan48086342,1106395943648284672
"What's your favorite @FightOwensFight fact?!

#WWERaw https://t.co/XHH2alKYyi",1554290141631549442,Jordan48086342,1106395943648284672
Kevin Patrick interviewing The Miz &amp; Ciampa backstage #WWEHouston,1554288424298987522,Jordan48086342,1106395943648284672
"HERE. FOR. THIS.

#WWERaw

@BiancaBelairWWE @AlexaBliss_WWE @WWEAsuka @itsBayleyWWE @shirai_io @ImKingKota https://t.co/eU9SFyxHBI",1554288333496500224,Jordan48086342,1106395943648284672
.@AlexaBliss_WWE and @WWEAsuka here to even the odds! #WWERAW https://t.co/6bsVKI5nK0,1554287670729269248,Jordan48086342,1106395943648284672
"👏👏👏👏👏👏👏

#WWERaw https://t.co/02OaORwbEv",1554287593159888898,Jordan48086342,1106395943648284672
"Looks like #WWERaw Women's Champion @BiancaBelairWWE might have some backup!

@AlexaBliss_WWE @WWEAsuka https://t.co/kgvIBhle5F",1554287586641940484,Jordan48086342,1106395943648284672
Bianca Belair vs Iyo Sky went to a double DQ #WWEHouston,1554286965155143680,Jordan48086342,1106395943648284672
Bianca Belair spinebuster Iyo Sky #WWEHouston,1554286610941972482,Jordan48086342,1106395943648284672
Bianca Belair superplex Iyo Sky #WWEHouston,1554286337511014401,Jordan48086342,1106395943648284672
Bianca Belair suplex Iyo Sky #WWEHouston,1554285071380746241,Jordan48086342,1106395943648284672
Iyo Sky headscissors takedown Bianca Belair #WWEHouston,1554284805952503811,Jordan48086342,1106395943648284672
Bianca Belair springboard moonsault Iyo Sky #WWEHouston,1554284467954585600,Jordan48086342,1106395943648284672
Iyo Sky raw debut #WWEHouston,1554284007306809345,Jordan48086342,1106395943648284672
#BiancaBelair vs #IyoSky #WWEHouston,1554283907452993536,Jordan48086342,1106395943648284672
🇺🇸🇯🇵#WWEHouston,1554283798006829056,Jordan48086342,1106395943648284672
Bianca Belair vs Iyo Sky #WWEHouston,1554283752393678848,Jordan48086342,1106395943648284672
women’s division #WWEHouston,1554283672508973056,Jordan48086342,1106395943648284672
"LET EM KNOW!! @ImKingKota #WWERAW 
@shirai_io @itsBayleyWWE https://t.co/IU385TBdGt",1554283520930893824,Jordan48086342,1106395943648284672
"*mic drop* 😲

@itsBayleyWWE @ImKingKota @shirai_io #WWERaw https://t.co/HuyKBmIUr1",1554283499368157185,Jordan48086342,1106395943648284672
Iyo Sky Raw debut #WWEHouston,1554283193603350528,Jordan48086342,1106395943648284672
"The #WWETryouts during #SummerSlam weekend were incredible!!

@TripleH
👋 @DwightHoward https://t.co/Gd8PyEJi5q",1554282659752337409,Jordan48086342,1106395943648284672
Kevin Patrick interviewing Rey &amp; Dominik Mysterio backstage #WWEHouston,1554281379734618113,Jordan48086342,1106395943648284672
"The Rated-R Superstar @EdgeRatedR is ready to end #TheJudgmentDay!

@FinnBalor @ArcherofInfamy @RheaRipley_WWE #WWERaw https://t.co/B8BfJbTIqf",1554281286864457728,Jordan48086342,1106395943648284672
Kevin Patrick interviewing The Mysterio’s backstage #WWEHouston,1554280211558146048,Jordan48086342,1106395943648284672
"You love to hear it! 😂

@EdgeRatedR
#WWERaw https://t.co/44wc4YaKR7",1554280123016380420,Jordan48086342,1106395943648284672
"Looks like @EdgeRatedR isn't the only return here!!! ❤️❤️❤️

@alterbridge 
#WWERaw https://t.co/Il3zy1qe0X",1554280112673243140,Jordan48086342,1106395943648284672
Edge came out #WWEHouston,1554279516587130880,Jordan48086342,1106395943648284672
"THIS IS AWE-SOME!

@NXTCiampa @AJStylesOrg @HEELZiggler
#WWERaw https://t.co/f8pd1ltGl9",1554277613916590081,Jordan48086342,1106395943648284672
"TONIGHT on #WWERaw

@NXTCiampa vs. @AJStylesOrg
The winner faces @fightbobby for the #USTitle https://t.co/HnzNXGrFGb",1554277600633167872,Jordan48086342,1106395943648284672
"#WWERaw Women's Champion @BiancaBelairWWE goes on-on-one with IYO SKY tonight!

@itsBayleyWWE @ImKingKota https://t.co/sXqpczGBxd",1554277090916278272,Jordan48086342,1106395943648284672
Ciampa won #WWEHouston,1554276907776151554,Jordan48086342,1106395943648284672
Ciampa fairytale ending Chad Gable #WWEHouston,1554276816038273026,Jordan48086342,1106395943648284672
Dolph Ziggler superkick Ciampa #WWEHouston,1554276564711251968,Jordan48086342,1106395943648284672
Chad Gable german suplex into Dolph Zigger zig zag #WWEHouston,1554276304803057664,Jordan48086342,1106395943648284672
Chad Gable ankle lock Dolph Ziggler #WWEHouston,1554275688101953538,Jordan48086342,1106395943648284672
Chad Gable suplex Ciampa #WWEHouston,1554275395096150018,Jordan48086342,1106395943648284672
Dolph Ziggler famouser Chad Gable #WWEHouston,1554275180226256897,Jordan48086342,1106395943648284672
Dolph Ziggler zig zag Chad Gable #WWEHouston,1554274752386277377,Jordan48086342,1106395943648284672
Dolph Ziggler dropkick Chad Gable #WWEHouston,1554274255793274880,Jordan48086342,1106395943648284672
Dolph Ziggler dropkick Ciampa #WWEHouston,1554274175405129728,Jordan48086342,1106395943648284672
#DolphZiggler vs #ChadGable vs #Ciampa #WWEHouston,1554274053854208001,Jordan48086342,1106395943648284672
Dolph Ziggler vs Chad Gable vs Ciampa #WWEHouston,1554273681873977346,Jordan48086342,1106395943648284672
triple threat match #WWEHouston,1554273549275234305,Jordan48086342,1106395943648284672
.@shirai_io has her sights set on Bianca! #WWERAW https://t.co/3cNsbryI9w,1554273420191453184,Jordan48086342,1106395943648284672
"🆃 🆆 🅸 🆂 🆃 🅴 🅳 ✨
@AlexaBliss_WWE  #WWERAW https://t.co/qofiqSOp3y",1554273393301770242,Jordan48086342,1106395943648284672
"Looks like @itsBayleyWWE, @ImKingKota and IYO SKY aren't finished yet tonight!!

#WWERaw https://t.co/qFUp9RJLId",1554273309558280196,Jordan48086342,1106395943648284672
".@DMcIntyreWWE challenges @WWERomanReigns for the Undisputed WWE Universal Championship at #WWECastle on September 3!

@visitwales
@principalitysta https://t.co/qB7z6zmocw",1554273295482191872,Jordan48086342,1106395943648284672
Alexa Bliss vs Asuka went to a double DQ #WWEHouston,1554273226905292800,Jordan48086342,1106395943648284672
It's @AlexaBliss_WWE time! #WWERAW https://t.co/OSKYuX1Jjk,1554272754463121409,Jordan48086342,1106395943648284672
Alexa Bliss vs Asuka went to a no contest #WWEHouston,1554272195614019586,Jordan48086342,1106395943648284672
Asuka won by DQ #WWEHouston,1554272082057388034,Jordan48086342,1106395943648284672
Alexa Bliss won by DQ #WWEHouston,1554271990017556480,Jordan48086342,1106395943648284672
Asuka german suplex Alexa Bliss #WWEHouston,1554271740703948801,Jordan48086342,1106395943648284672
#AlexaBliss vs #Asuka #WWEHouston,1554271037415628804,Jordan48086342,1106395943648284672
🇺🇸vs🇯🇵#WWEHouston,1554270954070724609,Jordan48086342,1106395943648284672
Alexa Bliss vs Asuka #WWEHouston,1554270871942053888,Jordan48086342,1106395943648284672
Women’s Division #WWEHouston,1554270630291333120,Jordan48086342,1106395943648284672
"Who wants to see @WWERollins vs. @MontezFordWWE II?

#WWERaw https://t.co/3zqG9Gbt0Q",1554269727597395969,Jordan48086342,1106395943648284672
"OMG, @MontezFordWWE! 😳😳😳
You hear this, @CodyRhodes?!

@WWERollins sure did.....
#WWERaw https://t.co/FpIq2wuR3L",1554269486496288769,Jordan48086342,1106395943648284672
"""Now that @SuperKingofBros is out of the picture, I can turn my attention to @WWERomanReigns and the WWE Undisputed Universal Championship...""

@WWERollins #WWERaw https://t.co/0uueuviLlN",1554269476245409793,Jordan48086342,1106395943648284672
Seth Freakin Rollins won #WWEHouston,1554269192404213761,Jordan48086342,1106395943648284672
Seth Freakin Rollins the stomp Montez Ford #WWEHouston,1554269150310187008,Jordan48086342,1106395943648284672
Seth Freakin Rollins stomp Montez Ford #WWEHouston,1554269085734764544,Jordan48086342,1106395943648284672
