full_text,tweet_id,screen_name,user_ID
"#centralcee ""Toughen Up"" by #BruceDayne #Shorts | #ukdrill #Knicks Fans Drill Music #indie #tunes via https://t.co/GGkNTXIsvV {tags} #fm #lastfm #radio #concert #live #rt #follow #tweet #liveshow #flickr #raps #rap #hiphop #amp #drill #shows https://t.co/M15WPv7Fdz",1554589864208859142,BruceDayne,1165256870048804864
"#NYDrill #instrumental #centralcee ""Toughen Up"" by #BruceDayne #Shorts | #ukdrill #Knicks Fans Drill Music via https://t.co/KZGZoFDcJt #sendbeat #share #hiphoplife #hiphopbeats #dj #mixtape #lofi #ukdrill #drill #beats #trapbeats #indie #freestyle",1554586338334236672,BruceDayne,1165256870048804864
"#ShaEk ""Do Bop"" type beat by #TrapBluez Drill | #NyDrill (tags) #beat #beats #BruceDayne #hiphol #trapbeat #musically #drillmusic #popsmoke #ukdrill #nydrill #bronxdrill #rapper #rapping #rap #songwriter #singer #uk #grime #shaektypebeat #viralvideo #goviral #rt #rtit #sendbeat https://t.co/ywfzc6huWc",1554584486742036481,BruceDayne,1165256870048804864
"New Beat Video by Trap Bluez on @YouTube : #centralcee ""Toughen Up"" by #BruceDayne #Shorts | #ukdrill #Knicks Fans Drill Music #trapbeat #video #beat #instrumental via https://t.co/plBgeR2rdQ #mp3 #cd #wow #videos #aww #music #playlist #artistontwitter #rap #hiphop #trapbeat #b…",1554576525525139458,BruceDayne,1165256870048804864
📹 beatsbybrucedayne: #RappersWanted Kevin Gates Type Beat - “Come Home” Trap | Freestyle Instrumental by Trap Bluez #NewArtist #Original 💰| Buy / Lease (untagged) via ☛ https://t.co/XSX2chY8d5 (Tags) ⚠️ #beatstars #producergrind... https://t.co/1uNfwj2lFA,1554561922619539458,BruceDayne,1165256870048804864
"@Ice Spice ""Shade"" by #TrapBluez | #Shorts Drill Session #indie #tunes via https://t.co/7NdVqU8JBJ {tags} #fm #lastfm #radio #concert #live #rt #follow #tweet #liveshow #flickr #raps #rap #hiphop #amp #drill #shows https://t.co/2AGMjfFgIN",1554558413773971456,BruceDayne,1165256870048804864
"#hiphop #rap @Ice Spice ""Shade"" by #TrapBluez | #Shorts Drill Session #art #music #cd #trap #beats #artist #beat #Instrumental #beat #underground #sendbeat via https://t.co/Xi4CCDnRru https://t.co/IEJ7qj5wrV",1554550359779168256,BruceDayne,1165256870048804864
"#NYDrill #instrumental @Ice Spice ""Shade"" by #TrapBluez | #Shorts Drill Session via https://t.co/qw6ojbfF6M #sendbeat #share #hiphoplife #hiphopbeats #dj #mixtape #lofi #ukdrill #drill #beats #trapbeats #indie #freestyle",1554531478125658114,BruceDayne,1165256870048804864
"New Beat Video by BruceDayne on @YouTube : @Ice Spice ""Shade"" by #TrapBluez | #Shorts Drill Session #trapbeat #video #beat #instrumental via https://t.co/2ODncvgtEy #mp3 #cd #wow #videos #aww #music #playlist #artistontwitter #rap #hiphop #trapbeat #beats #art #vibe",1554525435844755456,BruceDayne,1165256870048804864
"#sendbeat [FREE] Sha Ek x Yuz Gz Type Beat - ""Do Bop"" Bronx Drill | NY Drill Instr... via https://t.co/r9Q7wgyUg1 #beat #sendmebeat #buybeat #downloadbeat #freebeat #dj #rt #lofi #leasebeat #beat4sale #beatforfree #beatfordownload #trapbeat #trapbluez #brucedayne",1554514615308292097,BruceDayne,1165256870048804864
"#hiphop #rap [FREE] Sha Ek x Yuz Gz Type Beat - ""Do Bop"" Bronx Drill | NY Drill Instrumental #art #music #cd #trap #beats #artist #beat #Instrumental #beat #underground #sendbeat via https://t.co/JIpTDMdsiU https://t.co/paGce5I5Go",1554510342218293248,BruceDayne,1165256870048804864
"[FREE] Sha Ek x Yuz Gz Type Beat - ""Do Bop"" Bronx Drill | NY Drill Instrumental #indie #tunes via https://t.co/9DpDu6L5wp {tags} #fm #lastfm #radio #concert #live #rt #follow #tweet #liveshow #flickr #raps #rap #hiphop #amp #drill #shows https://t.co/OMnEY3e1K2",1554498519960109057,BruceDayne,1165256870048804864
"#NYDrill #instrumental [FREE] Sha Ek x Yuz Gz Type Beat - ""Do Bop"" Bronx Drill | NY Drill Instrumental via https://t.co/PEoTc16eyt #sendbeat #share #hiphoplife #hiphopbeats #dj #mixtape #lofi #ukdrill #drill #beats #trapbeats #indie #freestyle",1554494230562852865,BruceDayne,1165256870048804864
"New Beat Video by BruceDayne on @YouTube : [FREE] Sha Ek x Yuz Gz Type Beat - ""Do Bop"" Bronx Drill | NY Drill Instrumental #trapbeat #video #beat #instrumental via https://t.co/YDMNS27QsI #mp3 #cd #wow #videos #aww #music #playlist #artistontwitter #rap #hiphop #trapbeat #beats…",1554488190840573953,BruceDayne,1165256870048804864
"[FREE] Sha Ek x Yuz Gz Type Beat - ""Do Bop"" Bronx Drill | NY Drill Instr... https://t.co/rXGtjlNSsw via @YouTube @sha_ek155 #shaek #typebeat #beat #beats #beatvideo #video #viral #art #sendbeat #sendmebeat #newbeat #rap #rapartist #artistontwitter #drill #drillmusic #drillbeat",1554486197979942912,BruceDayne,1165256870048804864
🎶 beatsbybrucedayne:#Spotify New Instrumentals “ LJ” #Beats by BruceDayne available on Spotify 💰 | Buy/Lease ☛ https://t.co/bxYcWU128f 🔥 | Let’s Get to 1K ☛ https://t.co/L1Ey6o2uXk YouTube Music Channel 📱 | Artist Page |... https://t.co/sLgGNRM1WY,1554299557017751554,BruceDayne,1165256870048804864
#hiphop #rap trapbluez: #UpComingArtist TBH by BruceDayne by Trap Bluez #IndieArtist #Hot 💰| Buy / Lease (untagged) via ☛ https://t.co/2wo1oIXnNZ (Tags) ⚠️ #upcomingreleases #upcomingartist #upcomingrapper #upcomingrappers #messa… https://t.co/4CBCuJyz56 https://t.co/Q1IpcXFDn6,1554297191103078401,BruceDayne,1165256870048804864
#NYDrill #instrumental TBH by BruceDayne via https://t.co/ar9NDM41c2 #sendbeat #share #hiphoplife #hiphopbeats #dj #mixtape #lofi #ukdrill #drill #beats #trapbeats #indie #freestyle,1554286363998142465,BruceDayne,1165256870048804864
trapbluez: #UpComingArtist TBH by BruceDayne by Trap Bluez #IndieArtist #Hot 💰| Buy / Lease (untagged) via ☛ https://t.co/GU1Vt4uT1l (Tags) ⚠️ #upcomingreleases #upcomingartist #upcomingrapper #upcomingrappers #messageme #follow #smoo #indie #tunes via … https://t.co/zvdz7wtgC6,1554284104472035328,BruceDayne,1165256870048804864
#NYDrill #instrumental https://t.co/gqJN522wIs via https://t.co/nBrb7emJ1J #sendbeat #share #hiphoplife #hiphopbeats #dj #mixtape #lofi #ukdrill #drill #beats #trapbeats #indie #freestyle,1554281331021971457,BruceDayne,1165256870048804864
#NYDrill #instrumental Don't Judge Meh (Instrumental) via https://t.co/7xWhPEVlWl #sendbeat #share #hiphoplife #hiphopbeats #dj #mixtape #lofi #ukdrill #drill #beats #trapbeats #indie #freestyle,1554256669953212416,BruceDayne,1165256870048804864
🎶 trapbluez:#Spotify New Instrumentals “ 420 Grow Life” #TrapBeats by BruceDayne available on Spotify 💰 | Buy/Lease ☛ https://t.co/Npw8PuxHu9 🔥 | Let’s Get to 1K ☛ https://t.co/L1Ey6o2uXk YouTube Music Channel 📱 | Artist Page |... https://t.co/JqCvrcUpFb,1554250820752998400,BruceDayne,1165256870048804864
📷 trapbluez: #HipHop Beats Added #Glory Days (Instrumental) by @BruceDayne to Trap Bluez | Beats by BruceDayne | Instrumental #playlist on @Deezer via https://t.co/7pC6Ljc79a 🔥 Beat Store - Beats For Sale YouTube Channel... https://t.co/ILy0Hkpi4A,1554249265400225794,BruceDayne,1165256870048804864
#hiphop #rap Don’t Judge Meh (Instrumental) #RappersWanted by BruceDayne #Original #RT 💰| Free ☛ Download https://t.co/FdOZSALAbR (Tags) ⚠️ #freebeat #beatsforlease #beatmakers #freetypebeat #needbeats #studio #upcomingrapper #un… https://t.co/ZnrjMMR1ZJ https://t.co/PxePBQ31Md,1554242325479657473,BruceDayne,1165256870048804864
Don’t Judge Meh (Instrumental) #RappersWanted by BruceDayne #Original #RT 💰| Free ☛ Download https://t.co/biw1m6DE1M (Tags) ⚠️ #freebeat #beatsforlease #beatmakers #freetypebeat #needbeats #studio #upcomingrapper #unsig #indie #tunes via … https://t.co/VrIoBVe2et,1554235781803294720,BruceDayne,1165256870048804864
#sendbeat #MusicVideo (Instrumental) New Release via https://t.co/pPR9TSWsL5 #beat #sendmebeat #buybeat #downloadbeat #freebeat #dj #rt #lofi #leasebeat #beat4sale #beatforfree #beatfordownload #trapbeat #trapbluez #brucedayne,1554227473117839360,BruceDayne,1165256870048804864
"#sendbeat [FREE] C1 Official x Chinx Type Beat - ""Cheugy"" UK Drill | Drill Instrum... via https://t.co/otkP2oZ3jE #beat #sendmebeat #buybeat #downloadbeat #freebeat #dj #rt #lofi #leasebeat #beat4sale #beatforfree #beatfordownload #trapbeat #trapbluez #brucedayne",1554223952427376640,BruceDayne,1165256870048804864
"#sendbeat [FREE] Shani Boni Type Beat x Kenzo B x NY Drill ""Melo n Lala"" Bronx Dri... via https://t.co/x29WfWkTG7 #beat #sendmebeat #buybeat #downloadbeat #freebeat #dj #rt #lofi #leasebeat #beat4sale #beatforfree #beatfordownload #trapbeat #trapbluez #brucedayne",1554214134471860225,BruceDayne,1165256870048804864
trapbluez:Bless The World - Beats by BruceDayne #NyDrill #TrapBeat #Instrumental Check out my latest #MusicVideo “Bless The World” - Trap Beats by BruceDayne Lease/Purchase https://t.co/NG2YgjLPzj tags #rt #beat #fm #tunes #indie #trapbeat... https://t.co/pqedRn7ke3,1554199424120885252,BruceDayne,1165256870048804864
"[FREE] Shani Boni Type Beat x Kenzo B x NY Drill ""Melo n Lala"" Bronx Drill | Drill Instrumental #indie #tunes via https://t.co/saTngdNE0R {tags} #fm #lastfm #radio #concert #live #rt #follow #tweet #liveshow #flickr #raps #rap #hiphop #amp #drill #shows https://t.co/9b8PhnIIzQ",1554196022330638337,BruceDayne,1165256870048804864
"#hiphop #rap [FREE] Shani Boni Type Beat x Kenzo B x NY Drill ""Melo n Lala"" Bronx Drill | Drill Instrumental #art #music #cd #trap #beats #artist #beat #Instrumental #beat #underground #sendbeat via https://t.co/kVhIR1xBoj https://t.co/XnOsC2tk67",1554187969069719552,BruceDayne,1165256870048804864
"#NYDrill #instrumental [FREE] Shani Boni Type Beat x Kenzo B x NY Drill "" "" Bronx Drill | Drill Instrumental via https://t.co/VCsYhN5LJA #sendbeat #share #hiphoplife #hiphopbeats #dj #mixtape #lofi #ukdrill #drill #beats #trapbeats #indie #freestyle",1554169087596576772,BruceDayne,1165256870048804864
"New Beat Video by Trap Bluez on @YouTube : [FREE] Shani Boni Type Beat x Kenzo B x NY Drill ""Melo n Lala"" Bronx Drill | Drill Instrumental #trapbeat #video #beat #instrumental via https://t.co/xZHXETXB7p #mp3 #cd #wow #videos #aww #music #playlist #artistontwitter #rap #hiphop …",1554163048247697408,BruceDayne,1165256870048804864
"[FREE] C1 Official x Chinx Type Beat - ""Cheugy"" UK Drill | Drill Instrumental #indie #tunes via https://t.co/4mX9vz0m22 {tags} #fm #lastfm #radio #concert #live #rt #follow #tweet #liveshow #flickr #raps #rap #hiphop #amp #drill #shows https://t.co/GdmKOPRD9D",1554152231548723204,BruceDayne,1165256870048804864
"#hiphop #rap [FREE] C1 Official x Chinx Type Beat - ""Cheugy"" UK Drill | Drill Instrumental #art #music #cd #trap #beats #artist #beat #Instrumental #beat #underground #sendbeat via https://t.co/6xWmIXY3bj https://t.co/0162jYN8Bw",1554147955191549957,BruceDayne,1165256870048804864
"[FREE] Shani Boni Type Beat x Kenzo B x NY Drill ""Melo n Lala"" Bronx Dri... https://t.co/kRvToKS7bF via @YouTube @BoniShani #beat #beats #nydrill #drillbeat #drilltypebeat #drillmusic #instrumental #sendbeat #sendmebeat #rt #rtit #rtitbot #art #artist #artistontwitter",1554140696113827843,BruceDayne,1165256870048804864
"#NYDrill #instrumental [FREE] C1 Official x Chinx Type Beat - ""Cheugy"" UK Drill | Drill Instrumental via https://t.co/GHMzs7VrCe #sendbeat #share #hiphoplife #hiphopbeats #dj #mixtape #lofi #ukdrill #drill #beats #trapbeats #indie #freestyle",1554136135508574210,BruceDayne,1165256870048804864
"[FREE] C1 Official x Chinx Type Beat - ""Cheugy"" UK Drill | Drill Instrum... https://t.co/BbycILZwEc via @YouTube @BoniShani ##shaniboni #beat #beats #typebeat #typebeats #sendbeat #sendmebeat #sendbeats #instrumental #dj #studio #pickme",1554133677017292802,BruceDayne,1165256870048804864
"New Beat Video by BruceDayne on @YouTube : [FREE] C1 Official x Chinx Type Beat - ""Cheugy"" UK Drill | Drill Instrumental #trapbeat #video #beat #instrumental via https://t.co/jK4I536ck3 #mp3 #cd #wow #videos #aww #music #playlist #artistontwitter #rap #hiphop #trapbeat #beats #…",1554131843716349953,BruceDayne,1165256870048804864
@C1 Official Cheugy by @BruceDayne #UkDrill | #Shorts #instrumental #grime #indie #tunes via https://t.co/15cBjP5zoS {tags} #fm #lastfm #radio #concert #live #rt #follow #tweet #liveshow #flickr #raps #rap #hiphop #amp #drill #shows https://t.co/PE9UEfH96F,1554125811082461186,BruceDayne,1165256870048804864
#hiphop #rap @C1 Official Cheugy by @BruceDayne #UkDrill | #Shorts #instrumental #grime #art #music #cd #trap #beats #artist #beat #Instrumental #beat #underground #sendbeat via https://t.co/BmLCuGTZAq https://t.co/m4aZWdoC15,1554105172183351296,BruceDayne,1165256870048804864
#NYDrill #instrumental @C1 Official Cheugy by @BruceDayne #UkDrill | #Shorts #instrumental #grime via https://t.co/FjBfHLgRtS #sendbeat #share #hiphoplife #hiphopbeats #dj #mixtape #lofi #ukdrill #drill #beats #trapbeats #indie #freestyle,1554090572314513414,BruceDayne,1165256870048804864
New Beat Video by Trap Bluez on @YouTube : @C1 Official Cheugy by @BruceDayne #UkDrill | #Shorts #instrumental #grime #trapbeat #video #beat #instrumental via https://t.co/g6fv9o15UK #mp3 #cd #wow #videos #aww #music #playlist #artistontwitter #rap #hiphop #trapbeat #beats #art…,1554083779597287426,BruceDayne,1165256870048804864
🎶 dmtbeautyspot:#Instrumentals New Instrumental Sicko Mode #HotBeat by BruceDayne add to Playlist on Spotify 🔥 Beat Store - Beats4Sale YouTube Channel - Watch on YouTube Artist Page - Beats by BruceDayne Spotify Playlist - Listen on Spotify... https://t.co/RKG4GQw6sn,1553937171576487936,BruceDayne,1165256870048804864
#sendbeat #rap #hiphop via #cd #mp3 #dj #producers #sendmebeat #raps #mixtape #trapbeat #rapbeat #rap #trap #vibe #nyartist #nyrapper #nysinger #upcomingproducer #upcomingartist,1553934795108925440,BruceDayne,1165256870048804864
#hiphop #rap trapbluez: #HipHopBeats Music Added to Freestyle Instrumental | Beats by BruceDayne | on Spotify: “420 Grow Life” by @BruceDayne via https://t.co/WlVIZR6fkI 🔥 Beat Store - Beats For Sale YouTube Channel - Watch on Yo… https://t.co/t94CPRQ2kj https://t.co/pXQ7oe40cB,1553923985510916099,BruceDayne,1165256870048804864
trapbluez: #HipHopBeats Music Added to Freestyle Instrumental | Beats by BruceDayne | on Spotify: “420 Grow Life” by @BruceDayne via https://t.co/6z2CGQkZ5e 🔥 Beat Store - Beats For Sale YouTube Channel - Watch on YouTub #indie #tunes via … https://t.co/q7eM4YYg2D,1553918947313041408,BruceDayne,1165256870048804864
🎶 dmtbeautyspot: #SoundCloudPlaylist Hands Up (Instrumental) #Beats by BruceDayne add to #Playlist on SoundCloud 💰 | Buy/Lease ☛ https://t.co/go6ytAQOPJ 🔥 | Let’s Get to 1K ☛ https://t.co/0m5Hn1OVFb 📱 | Artist Page ☛ -... https://t.co/YnTrGFnqUn,1553913638909624321,BruceDayne,1165256870048804864
📷 isellbeats:#TrapBluez “ Gangsta Sheet” #RapBeats by BruceDayne Follow Artist on Deezer Beat Store - Beats4Sale YouTube Channel - Watch on YouTube Artist Profile - Artist Profile Spotify Playlist - Listen on Spotify Deezer Playlist -... https://t.co/Z4Si8G9J2M,1553888447399616512,BruceDayne,1165256870048804864
🎶 trapbluez: #HipHopBeats Music Added to Freestyle Instrumental | Beats by BruceDayne | on Spotify: “DMT TRIP” by @BruceDayne via https://t.co/HL6ld0F8UE 🔥 Beat Store - Beats For Sale YouTube Channel - Watch on... https://t.co/pIz6JRkpAD,1553886880848035842,BruceDayne,1165256870048804864
📷 beatsbybrucedayne:#Deezer “ Looking for Love (Instrumental)” #RapBeats by BruceDayne Follow Artist on Deezer 💰 | Buy/Lease ☛ Download 🔥 | Let’s Get to 1K ☛ YouTube Channel Artist Page - Beats by BruceDayne ✉️ | Email:... https://t.co/QSyt7zYx4E,1553837068622733312,BruceDayne,1165256870048804864
@Shani Boni Melo n Lala by @BruceDayne #NyDrill | #Drill #Instrumental #indie #tunes via https://t.co/qcTGFFDzl1 {tags} #fm #lastfm #radio #concert #live #rt #follow #tweet #liveshow #flickr #raps #rap #hiphop #amp #drill #shows https://t.co/K0vIFdu0Sq,1553789843053940736,BruceDayne,1165256870048804864
"@Sha Ek ""Do Bop"" by @BruceDayne #NyDrill | #Drill #Instrumental #indie #tunes via https://t.co/fF1OVPcLIo {tags} #fm #lastfm #radio #concert #live #rt #follow #tweet #liveshow #flickr #raps #rap #hiphop #amp #drill #shows https://t.co/PkJK3nAdXf",1553785568055758849,BruceDayne,1165256870048804864
#hiphop #rap @Shani Boni Melo n Lala by @BruceDayne #NyDrill | #Drill #Instrumental #art #music #cd #trap #beats #artist #beat #Instrumental #beat #underground #sendbeat via https://t.co/vxfkDhZbgB https://t.co/XD15mrGJNO,1553773743297683459,BruceDayne,1165256870048804864
"#hiphop #rap @Sha Ek ""Do Bop"" by @BruceDayne #NyDrill | #Drill #Instrumental #art #music #cd #trap #beats #artist #beat #Instrumental #beat #underground #sendbeat via https://t.co/gC5YuGdbzG https://t.co/3FS3gNrRAr",1553769464625303555,BruceDayne,1165256870048804864
New Beat Video by Trap Bluez on @YouTube : @Shani Boni Melo n Lala by @BruceDayne #NyDrill | #Drill #Instrumental #trapbeat #video #beat #instrumental via https://t.co/d7VqU5xCCr #mp3 #cd #wow #videos #aww #music #playlist #artistontwitter #rap #hiphop #trapbeat #beats #art #vi…,1553763418674532352,BruceDayne,1165256870048804864
#NYDrill #instrumental @Shani Boni Melo n Lala by @BruceDayne #NyDrill | #Drill #Instrumental via https://t.co/0I0XGt7cj4 #sendbeat #share #hiphoplife #hiphopbeats #dj #mixtape #lofi #ukdrill #drill #beats #trapbeats #indie #freestyle,1553742779825770497,BruceDayne,1165256870048804864
"#NYDrill #instrumental @Sha Ek ""Do Bop"" by @BruceDayne #NyDrill | #Drill #Instrumental via https://t.co/cKaHg6PK5r #sendbeat #share #hiphoplife #hiphopbeats #dj #mixtape #lofi #ukdrill #drill #beats #trapbeats #indie #freestyle",1553728184096530432,BruceDayne,1165256870048804864
"New Beat Video by BruceDayne on @YouTube : @Sha Ek ""Do Bop"" by @BruceDayne #NyDrill | #Drill #Instrumental #trapbeat #video #beat #instrumental via https://t.co/qp4kO0IPfm #mp3 #cd #wow #videos #aww #music #playlist #artistontwitter #rap #hiphop #trapbeat #beats #art #vibe",1553721393031806979,BruceDayne,1165256870048804864
🎶 trapbluez:#Spotify New Instrumentals “ N Nasty” #TrapBeats by BruceDayne available on Spotify 💰 | Buy/Lease ☛ https://t.co/Npw8PuxHu9 🔥 | Let’s Get to 1K ☛ https://t.co/L1Ey6o2uXk YouTube Music Channel 📱 | Artist Page |... https://t.co/KPEQtEc6Lw,1553574801591107584,BruceDayne,1165256870048804864
🎶 beatsbybrucedayne: #Instrumental “Mood” #Listen now on SoundCloud #UndergroundArtist via https://t.co/vhLZiYbJqL (Tags) ⚠️ #art #music #musica #love #soundcloudmusic #soundcloudbrasil #BruceDayne #BeatsbyBruceDayne... https://t.co/rveHFs7Sz3,1553551299215499264,BruceDayne,1165256870048804864
"trapbluez: #SpotifyArtist Hot Release"" Certy“ #InstrumentalMusic by BruceDayne available on Spotify (Tags) ⚠️ #SpotifyLatam #SpotifyParty #typebeats #RapMusica #Instrumentals #rt #thrill #wow #memes #viralmusic #artists #tunes #independentmusic #in #indie… https://t.co/ugjKhz3TIT",1553546996375511042,BruceDayne,1165256870048804864
"#hiphop #rap trapbluez: #SpotifyArtist Hot Release"" Certy“ #InstrumentalMusic by BruceDayne available on Spotify (Tags) ⚠️ #SpotifyLatam #SpotifyParty #typebeats #RapMusica #Instrumentals #rt #thrill #wow #memes #viralmusic #artis… https://t.co/6cRVcB63Fc https://t.co/mVF9p8D9tf",1553544480107675648,BruceDayne,1165256870048804864
🎶 trapbluez:#Spotify New Instrumentals “ Gangsta Sheet” #TrapBeats by BruceDayne available on Spotify 💰 | Buy/Lease ☛ https://t.co/Npw8PuxHu9 🔥 | Let’s Get to 1K ☛ https://t.co/L1Ey6o2uXk YouTube Music Channel 📱 | Artist Page |... https://t.co/W9vvIApuXB,1553524446983495681,BruceDayne,1165256870048804864
#sendbeat #rap #hiphop via #cd #mp3 #dj #producers #sendmebeat #raps #mixtape #trapbeat #rapbeat #rap #trap #vibe #nyartist #nyrapper #nysinger #upcomingproducer #upcomingartist,1553517548381126656,BruceDayne,1165256870048804864
"#sendbeat [Free] Megan Thee Stallion Type Beat x Flo Milli - ""Szechuan Delight"" Tr... via https://t.co/ZBes8cgNGN #beat #sendmebeat #buybeat #downloadbeat #freebeat #dj #rt #lofi #leasebeat #beat4sale #beatforfree #beatfordownload #trapbeat #trapbluez #brucedayne",1553511004297994240,BruceDayne,1165256870048804864
"#sendbeat [Free] Yus Gz Type Beat x Kay Flock x Bronx Drill "" "" Grime | Drill Inst... via https://t.co/UTcib2a7Si #beat #sendmebeat #buybeat #downloadbeat #freebeat #dj #rt #lofi #leasebeat #beat4sale #beatforfree #beatfordownload #trapbeat #trapbluez #brucedayne",1553502700020580353,BruceDayne,1165256870048804864
#NYDrill #instrumental https://t.co/iaVDBjDyBo via https://t.co/cZGSzsB5ne #sendbeat #share #hiphoplife #hiphopbeats #dj #mixtape #lofi #ukdrill #drill #beats #trapbeats #indie #freestyle,1553499176016781312,BruceDayne,1165256870048804864
"New Beat Video by Trap Bluez on @YouTube : [Free] Yus Gz Type Beat x Sha Gz x NY Drill "" "" Grime | Drill Instrumental #trapbeat #video #beat #instrumental via https://t.co/yyyEibFH3g #mp3 #cd #wow #videos #aww #music #playlist #artistontwitter #rap #hiphop #trapbeat #beats #art…",1553489360376446976,BruceDayne,1165256870048804864
📹 trapbluez: Scrapp4Scrilla - Instrumental | MacSudlow | Type Beat | Trap Instrumental (Tags) #BruceDayne #Scrapp4Scrilla #Rap #TrapBeat #instrumental #musicvideo #lyric #rapper #artist #underground #sendmebeat #sendbeats #beat #beats #art... https://t.co/foIpvTzq7M,1553474709576187904,BruceDayne,1165256870048804864
"#hiphop #rap [Free] Megan Thee Stallion Type Beat x Latto - ""Szechuan Delight"" Trap | Freestyle Instrumental #art #music #cd #trap #beats #artist #beat #Instrumental #beat #underground #sendbeat via https://t.co/Yzsd9NLma4 https://t.co/41DMMZYOTJ",1553471248096808961,BruceDayne,1165256870048804864
"[Free] Megan Thee Stallion Type Beat x Latto - ""Szechuan Delight"" Trap | Freestyle Instrumental #indie #tunes via https://t.co/TLhmYOQuzG {tags} #fm #lastfm #radio #concert #live #rt #follow #tweet #liveshow #flickr #raps #rap #hiphop #amp #drill #shows https://t.co/6MCH6XsKIm",1553463192986198016,BruceDayne,1165256870048804864
"#NYDrill #instrumental [Free] Megan Thee Stallion Type Beat x Latto - ""Szechuan Delight"" Trap | Freestyle Instrumental via https://t.co/GK8Nk4BmtQ #sendbeat #share #hiphoplife #hiphopbeats #dj #mixtape #lofi #ukdrill #drill #beats #trapbeats #indie #freestyle",1553444315590017028,BruceDayne,1165256870048804864
"New Beat Video by BruceDayne on @YouTube : [Free] Megan Thee Stallion Type Beat x Latto - ""Szechuan Delight"" Trap | Freestyle Instrumental #trapbeat #video #beat #instrumental via https://t.co/69Xalsg89z #mp3 #cd #wow #videos #aww #music #playlist #artistontwitter #rap #hiphop …",1553438275062333445,BruceDayne,1165256870048804864
"#hiphop #rap #YusGz ""Mufasa"" by @Trap Bluez #shorts | #Drill #instrumental #art #music #cd #trap #beats #artist #beat #Instrumental #beat #underground #sendbeat via https://t.co/n6i8Bp3U6N https://t.co/bptExBzI19",1553427460078931973,BruceDayne,1165256870048804864
"#YusGz ""Mufasa"" by @Trap Bluez #shorts | #Drill #instrumental #indie #tunes via https://t.co/DSvy8VfcCr {tags} #fm #lastfm #radio #concert #live #rt #follow #tweet #liveshow #flickr #raps #rap #hiphop #amp #drill #shows https://t.co/QxOBEfFdLS",1553423177874800644,BruceDayne,1165256870048804864
"#NYDrill #instrumental Yus Gz ""Mufasa"" by @Trap Bluez | Drill Instrumental via https://t.co/Cs9qGaMySh #sendbeat #share #hiphoplife #hiphopbeats #dj #mixtape #lofi #ukdrill #drill #beats #trapbeats #indie #freestyle",1553411348834443264,BruceDayne,1165256870048804864
"New Beat Video by BruceDayne on @YouTube : #YusGz ""Mufasa"" by @Trap Bluez #shorts | #Drill #instrumental #trapbeat #video #beat #instrumental via https://t.co/eJMj43vwfm #mp3 #cd #wow #videos #aww #music #playlist #artistontwitter #rap #hiphop #trapbeat #beats #art #vibe",1553407067720978432,BruceDayne,1165256870048804864
"Megan Thee Stallion ""Szechuan Delight"" by @BruceDayne | Trap Instrumental #indie #tunes via https://t.co/VRKIZjRkZM {tags} #fm #lastfm #radio #concert #live #rt #follow #tweet #liveshow #flickr #raps #rap #hiphop #amp #drill #shows https://t.co/izZGgWdIQ5",1553401033744867328,BruceDayne,1165256870048804864
"[Free] Yus Gz Type Beat x Sha Gz x NY Drill "" "" Grime | Drill Instrumental https://t.co/1bSB9yOymH via @YouTube @YusGz6 #yusgz #yusgztypebeat #video #beatvideo #beat #beats #rt #rtit #rtitbot #follow #pickme #youtube #viral #sendbeat #sendmebeat #sendmebeats",1553397396977160192,BruceDayne,1165256870048804864
"[Free] Megan Thee Stallion Type Beat x Latto - ""Szechuan Delight"" Trap |... https://t.co/TeLSb65Wqn via @YouTube @theestallion #MeganTheeStallion #beat #beats #beatvideo #video #videos #viral #art #rt #rtit #rtitbot #sendbeat #sendmebeat #sendmebeats #artist #studio #trap #traps",1553393795152093184,BruceDayne,1165256870048804864
"#hiphop #rap Megan Thee Stallion ""Szechuan Delight"" by @BruceDayne | Trap Instrumental #art #music #cd #trap #beats #artist #beat #Instrumental #beat #underground #sendbeat via https://t.co/7chktjkcLq https://t.co/Jkj5vi2vk0",1553380398331215874,BruceDayne,1165256870048804864
"New Beat Video by Trap Bluez on @YouTube : Megan Thee Stallion ""Szechuan Delight"" by @BruceDayne | Trap Instrumental #trapbeat #video #beat #instrumental via https://t.co/4ZMA3ybLue #mp3 #cd #wow #videos #aww #music #playlist #artistontwitter #rap #hiphop #trapbeat #beats #art …",1553365797380161537,BruceDayne,1165256870048804864
"#NYDrill #instrumental Megan Thee Stallion ""Szechuan Delight"" by @BruceDayne | Trap Instrumental via https://t.co/6BJbhoRRUX #sendbeat #share #hiphoplife #hiphopbeats #dj #mixtape #lofi #ukdrill #drill #beats #trapbeats #indie #freestyle",1553359003031375877,BruceDayne,1165256870048804864
Shook (Instrumental) #RappersWanted by BruceDayne #Original #RT 💰| Free ☛ Download https://t.co/MuQgMTJFCZ (Tags) ⚠️ #freebeat #beatsforlease #beatmakers #freetypebeat #needbeats #studio #upcomingrapper #unsignedartist #indie #tunes via … https://t.co/dbaa4lEccR,1553236462602264576,BruceDayne,1165256870048804864
#NYDrill #instrumental Shook (Instrumental) via https://t.co/WwihmUbeOo #sendbeat #share #hiphoplife #hiphopbeats #dj #mixtape #lofi #ukdrill #drill #beats #trapbeats #indie #freestyle,1553214550484389888,BruceDayne,1165256870048804864
📹 drillbeats: Shade (Instrumental) by Trap Bluez Production 💰 | Buy / Lease via ☛ https://t.co/CakEV7RnkQ (Tags) ⚠️ #Music #Audio #Raps #RapBeat #TypeBeat #InstrumentalMusic #Trapbeats #producer #mixing #album #newmusic... https://t.co/ifKNw2vQ11,1553212401323057153,BruceDayne,1165256870048804864
#hiphop #rap Shook (Instrumental) #RappersWanted by BruceDayne #Original #RT 💰| Free ☛ Download https://t.co/GCk377RDI7 (Tags) ⚠️ #freebeat #beatsforlease #beatmakers #freetypebeat #needbeats #studio #upcomingrapper #unsignedarti… https://t.co/AOoXz0yoWG https://t.co/gn4h1xqWAL,1553210024155021313,BruceDayne,1165256870048804864
#sendbeat #MusicVideo (Instrumental) New Release via https://t.co/IUIFIIXaml #beat #sendmebeat #buybeat #downloadbeat #freebeat #dj #rt #lofi #leasebeat #beat4sale #beatforfree #beatfordownload #trapbeat #trapbluez #brucedayne,1553199199977672704,BruceDayne,1165256870048804864
trapbluez: #HipHopBeats Music Added to Freestyle Instrumental | Beats by BruceDayne | on Spotify: “Trap Motivation 101” by @BruceDayne via https://t.co/dNm41m9SXj 🔥 Beat Store - Beats For Sale YouTube Channel - Watch on #indie #tunes via … https://t.co/QnU2c11Svp,1553197191648395265,BruceDayne,1165256870048804864
#hiphop #rap trapbluez: #HipHopBeats Music Added to Freestyle Instrumental | Beats by BruceDayne | on Spotify: “Trap Motivation 101” by @BruceDayne via https://t.co/uNS7W7r2B6 🔥 Beat Store - Beats For Sale YouTube Channel - Watch… https://t.co/fZUyfVdJzF https://t.co/ZnYKZWkr66,1553194170776420352,BruceDayne,1165256870048804864
#sendbeat #rap #hiphop via #cd #mp3 #dj #producers #sendmebeat #raps #mixtape #trapbeat #rapbeat #rap #trap #vibe #nyartist #nyrapper #nysinger #upcomingproducer #upcomingartist,1553184601115353088,BruceDayne,1165256870048804864
🎶 beatsbybrucedayne:#SoundCloud New Instrumentals “Swizz Type Beat” #Beats by BruceDayne Follow Artist on SoundCloud 💰 | Buy/Lease ☛ 🔥 | Let’s Get to 1K ☛ https://t.co/L1Ey6o2uXk YouTube Music Channel 📱 | Artist Page |... https://t.co/csMyuKNN6T,1553163666790416384,BruceDayne,1165256870048804864
"📹 beatsbybrucedayne: El Alfa Type Beat - “Rasta Pasta” Reggaeton Instrumental #YouTubeMusic by BruceDayne #Instrumental #TypeBeat 💰| Buy / Lease ☛ https://t.co/ek5jSjcpLj (Tags) ⚠️ #itunes, #apple music,#artist, #producer, #insta,... https://t.co/inTBubHatQ",1553162085227327488,BruceDayne,1165256870048804864
#sendbeat New (Instrumental) #BruceDayne via https://t.co/s5hhY2JGwY #beat #sendmebeat #buybeat #downloadbeat #freebeat #dj #rt #lofi #leasebeat #beat4sale #beatforfree #beatfordownload #trapbeat #trapbluez #brucedayne,1553155159953494018,BruceDayne,1165256870048804864
#NYDrill #instrumental https://t.co/iaVDBjDyBo via https://t.co/mWtXdem2Ny #sendbeat #share #hiphoplife #hiphopbeats #dj #mixtape #lofi #ukdrill #drill #beats #trapbeats #indie #freestyle,1553148616365297671,BruceDayne,1165256870048804864
"#sendbeat [Free] Megan Thee Stallion x Lott Type Beat - ""Mood"" Trap | Freestyle In... via https://t.co/Ry0npwr4ba #beat #sendmebeat #buybeat #downloadbeat #freebeat #dj #rt #lofi #leasebeat #beat4sale #beatforfree #beatfordownload #trapbeat #trapbluez #brucedayne",1553140312788373504,BruceDayne,1165256870048804864
"New Beat Video by BruceDayne on @YouTube : [Free] Megan Thee Stallion x Lott Type Beat - ""Mood"" Trap | Freestyle Instrumental #trapbeat #video #beat #instrumental via https://t.co/vAa64ew5tw #mp3 #cd #wow #videos #aww #music #playlist #artistontwitter #rap #hiphop #trapbeat #be…",1553136788562231297,BruceDayne,1165256870048804864
"[Free] Lee Drilly Type Beat x Sha Gz x NY Drill ""Skrt"" Grime | Drill Instrumental #indie #tunes via https://t.co/dyHs0DUiqq {tags} #fm #lastfm #radio #concert #live #rt #follow #tweet #liveshow #flickr #raps #rap #hiphop #amp #drill #shows https://t.co/CTswbTHlZZ",1553126986108764162,BruceDayne,1165256870048804864
🎶 poop4u:#Pet Music Trap Motivation 101 - Instrumental by BruceDayne add to Playlist on Spotify 🔥 Beat Store - Beats4Sale YouTube Channel - Watch on YouTube Artist Page - Beats by BruceDayne Spotify Playlist - Listen on Spotify Deezer... https://t.co/V8kRDwfgTc,1553112350504505349,BruceDayne,1165256870048804864
