full_text,tweet_id,screen_name,user_ID
"Sources: #Nats are set to receive CJ Abrams, OF Robert Hassell III, OF James Wood, RHP Jarlin Susana for Juan Soto and Josh Bell. 

@MLBNetwork @MLB",1554494629160050690,MSU_Corey_UNC,116875452
"We will tell our children about World Champion Will Smith, the worst free agent reliever the Braves have ever signed that somehow became Mariano Rivera for one magical month. https://t.co/JTsD5uYKKG",1554450482051022851,MSU_Corey_UNC,116875452
He's falling asleep and it's the first inning!!!! @whitesox please do something about this!!! https://t.co/wEXht5v1Ow,1554435487154192384,MSU_Corey_UNC,116875452
@Braves I remember Braves wanting him badly a few years ago,1554314343134760961,MSU_Corey_UNC,116875452
@Mikraot @Joelsherman1 Yeah that was weird Sherman,1554312113933455361,MSU_Corey_UNC,116875452
"@scottcoleman55 With that, more than half of Braves fans will see lower blood pressure numbers at their next clinic visit.",1554310971287552001,MSU_Corey_UNC,116875452
@cantguardjake AA just warming yall up with the Grossman trade,1554310365500084225,MSU_Corey_UNC,116875452
Its not just men. Black folks were raised to back in so you can get out in case some shit pops off 😭😭 https://t.co/9ZMYUrGHVo,1554302226184781828,MSU_Corey_UNC,116875452
@DJHoelscher Got a feeling someone is going to offer him some insane money that he won't turn down,1554289891315433473,MSU_Corey_UNC,116875452
"@realblackmorris Reason why I don't want us to resign Dans, those 2 pitchers are more valuable and a must have.",1554288135168745474,MSU_Corey_UNC,116875452
"@DJHoelscher Dansby won't come cheap, World Series champion with above above average defense who hits enough.",1554287589066248192,MSU_Corey_UNC,116875452
@whitmm123 Definitely not Shewmake so there you go,1554286954723819520,MSU_Corey_UNC,116875452
OK that's pretty impressive to hit that out https://t.co/uZUlDLJuCP,1554283150490091522,MSU_Corey_UNC,116875452
"Years ago, Brian Bridges, then the Braves’ scouting director, asked Austin Riley’s mom whether he wanted to be a pitcher or hitter. 

Elisa Riley told Bridges her son would do anything — even catch — to play in the bigs.

The rest is history.
https://t.co/mOgg2enPyg",1554282899008020481,MSU_Corey_UNC,116875452
"@mlbbowman Not worried about paying Swanson, Fried is the golden goose.",1554255630730403840,MSU_Corey_UNC,116875452
@eric_palmer337 Nah he done,1554254720918855680,MSU_Corey_UNC,116875452
This math doesn't look correct https://t.co/cfYFlcXGCz,1554254294127452161,MSU_Corey_UNC,116875452
The one and only time you’ll see a billionaire get taxed accordingly https://t.co/vb3ghp6LrM,1554254194051358721,MSU_Corey_UNC,116875452
https://t.co/u2ugjAbnp9,1554254002300272640,MSU_Corey_UNC,116875452
The Atlanta #Braves today signed 3B Austin Riley to a 10-year contract worth $212 million: https://t.co/TdPVtpYnL5,1554235467045928961,MSU_Corey_UNC,116875452
@BobbyK2116 Not enough,1554217867637407745,MSU_Corey_UNC,116875452
"1st Capitol rioter to stand trial gets 7 years, the longest Jan. 6 sentence so far https://t.co/Yc5670wlCB #SmartNews",1554207759650136064,MSU_Corey_UNC,116875452
😆 https://t.co/iOI8DQLixZ,1554173122999459843,MSU_Corey_UNC,116875452
This battle of the brothers-in-law between @javy23baez and @JOLaMaKina was WILD. 🤣 https://t.co/7eG7IOBi0W,1554166683949989888,MSU_Corey_UNC,116875452
"My prediction is Padres, seems like Soto's personality fits there better. https://t.co/KsWgyfBs3j",1554158259002556418,MSU_Corey_UNC,116875452
LOL it would take a team to give up way too much to acquire him https://t.co/FNqL5VcXwb,1554157699578974208,MSU_Corey_UNC,116875452
Happy Daggum Birthday Coach https://t.co/VDgEYnBNUh,1554156758083452932,MSU_Corey_UNC,116875452
@MattPowers31 He deserves that $125-$130 too,1554154452994637827,MSU_Corey_UNC,116875452
@pudge4man https://t.co/vkVym6bXBL,1554153984520249346,MSU_Corey_UNC,116875452
Robinson Cano experiment in Atlanta is over,1554144580743864322,MSU_Corey_UNC,116875452
@sweetlilashley @TwoPintsJP @RileysRakes @Braves Need Brandon Drury,1554144399621234690,MSU_Corey_UNC,116875452
"Fresh off making All-NBA second team, Chicago Bulls star DeMar DeRozan is signing a new four-year deal with Nike that keeps him as the featured face of Kobe Bryant’s iconic line, sources tell @TheAthletic @Stadium.",1554137581763313666,MSU_Corey_UNC,116875452
"If anyone says ""Free Mystikal"" after his third time being charged with sexual assault, they need to do whatever time he gets this time in a cell with him.",1554128270429458433,MSU_Corey_UNC,116875452
If you see mystikal fighting again definitely help the bear https://t.co/ROnnSXwmMR,1554128220437577733,MSU_Corey_UNC,116875452
“I came here with my dick in my hand” was some shit mystikal really said on a song. The signs were all there lmao,1554128165546737664,MSU_Corey_UNC,116875452
"So when Mystikal was shouting “DANGER”, the brudda was really talking about himself smh. https://t.co/s237pNV7QE",1554127824205774851,MSU_Corey_UNC,116875452
One of Chip's better calls https://t.co/a5Foi3o9Z0,1554103467651768321,MSU_Corey_UNC,116875452
Was not real at all https://t.co/J4jo8LRRqm,1553910323219939328,MSU_Corey_UNC,116875452
Filthy https://t.co/b6tusXoOz9,1553907743198699525,MSU_Corey_UNC,116875452
@PitchingNinja Exquisite,1553907563606982656,MSU_Corey_UNC,116875452
Extremely happy I witnessed this walkoff in person https://t.co/32odfHpfbD,1553874968131342336,MSU_Corey_UNC,116875452
"Break out the brooms! 

@truistnews | #ForTheA https://t.co/PYoQR878Nz",1553848395177115649,MSU_Corey_UNC,116875452
"WALK. IT. OFF!

#ForTheA | @austinriley1308 https://t.co/20pnCp4IQE",1553840991899193350,MSU_Corey_UNC,116875452
".@MaxFried32 was lights out! ⚡️

#ForTheA https://t.co/UVnDQBDBMN",1553832288047271937,MSU_Corey_UNC,116875452
R.I.H Legend https://t.co/DAfEzTc3en,1553794735424299009,MSU_Corey_UNC,116875452
@BravesOnBally Legendary,1553794535712591874,MSU_Corey_UNC,116875452
@hbomax https://t.co/Vme5W5CBCQ,1553791187835830274,MSU_Corey_UNC,116875452
😈 https://t.co/iVq1cHCaRC,1553716792031432704,MSU_Corey_UNC,116875452
"Put a W in the books!

@TruistNews | #ForTheA https://t.co/ccAu390R0J",1553578649575534594,MSU_Corey_UNC,116875452
".@ian_anderson15 got it done tonight. 🔥 

#ForTheA https://t.co/QBjzc1BOwi",1553556360566288384,MSU_Corey_UNC,116875452
"Play the trumpets! 💣

#ForTheA | @Wcontreras42 https://t.co/GfFIWCff9V",1553541264573857793,MSU_Corey_UNC,116875452
I'm in the building #TruistPark #Braves https://t.co/WYUCZY6rbh,1553541173205147649,MSU_Corey_UNC,116875452
"WILD BILL 🤠

#ForTheA | @Wcontreras42 https://t.co/tdINQPmfMW",1553532712350277637,MSU_Corey_UNC,116875452
Which group was ACTUALLY disrespecting our vets? https://t.co/gOpv07jN7D,1553505291605622785,MSU_Corey_UNC,116875452
That's 4⃣ knocks for @GrissomVaughn tonight! His first 4-hit game at the Double-A level. https://t.co/c2wsOn0MM5,1553206412427370496,MSU_Corey_UNC,116875452
"Starting off the series strong!

@TruistNews | #ForTheA https://t.co/Vhm3eV3AG6",1553200184309518337,MSU_Corey_UNC,116875452
Hotter than Mississippi heat https://t.co/MAxcfDRzYw,1553183104092803074,MSU_Corey_UNC,116875452
"Hi, it's @austinriley1308 again!

#ForTheA https://t.co/1kVAzFHsH1",1553177059685552130,MSU_Corey_UNC,116875452
".@austinriley1308 gets us started early! 💪

#ForTheA https://t.co/2DVOTEBeRY",1553167670278750208,MSU_Corey_UNC,116875452
Pass https://t.co/otyva5UZxs,1553161991602282502,MSU_Corey_UNC,116875452
'Americans deserve to be safe': House passes assault weapons ban that has little chance in Senate https://t.co/Hm5IgL2Cse #SmartNews,1553157875744522241,MSU_Corey_UNC,116875452
This is just idiotic https://t.co/ckkEsA99KF,1553132299067297793,MSU_Corey_UNC,116875452
"Guy next to me on plane: “Why are you wearing a mask? You don’t need to anymore.”

Me: “It helps me mind my own business.”",1553092848475688964,MSU_Corey_UNC,116875452
"Friday Night Wright.

#ForTheA https://t.co/UtyPAJqF9B",1553092061716529153,MSU_Corey_UNC,116875452
When Pam called Martin Arsenio Smalls I lost it 🤣,1553091945353945089,MSU_Corey_UNC,116875452
North Carolina town's entire police department quits after town hires Black city manager https://t.co/CiDte5NAIJ #SmartNews,1553026029777985536,MSU_Corey_UNC,116875452
"WHAT A CATCH!! 😱😱😱#SCTop10 

@jhenmalloy with the diving grab!! https://t.co/c8vZcVeTAh",1552876164326490112,MSU_Corey_UNC,116875452
"Miami man pleads guilty to mailing $10,000 to have ex-girlfriend’s new lover killed https://t.co/urZCoS5Mt2 #SmartNews",1552827473695764480,MSU_Corey_UNC,116875452
Blue Cross &amp; Blue Shield of Mississippi sue UMMC employees for defamation https://t.co/ir6DCmaLWR #SmartNews,1552814698994991104,MSU_Corey_UNC,116875452
"Female inmates sue after guard allegedly takes $1,000 to let male prisoners in their cells https://t.co/8UC826ufFU #SmartNews",1552803900511911937,MSU_Corey_UNC,116875452
"@gvedak It's just like when Acuña cut his dreads off, the strength is in the hair.",1552763138205958145,MSU_Corey_UNC,116875452
"gonna break this tweet down as an example of monkeypox misinfo, how to spot it, why it’s harmful, etc https://t.co/NEUEkuOEH3",1552720885584433152,MSU_Corey_UNC,116875452
So punishing educators for failing to stop a school shooter instead of the cops who sat around heavily armed doing nothing. Great precedent. https://t.co/sttpr0xI0r,1552720294716100608,MSU_Corey_UNC,116875452
Why TF would we be interested in a struggling bat 😐 https://t.co/GsSmBChsFy,1552697310311862273,MSU_Corey_UNC,116875452
"There is always that one! 😂😂

https://t.co/5RCJHyI5oL",1552664275424092162,MSU_Corey_UNC,116875452
DOJ: Buffett company discriminated against Black homebuyers https://t.co/bibDewJWKF #SmartNews,1552434593269133313,MSU_Corey_UNC,116875452
leaving the house in 2022 with 2 pandemics on the loose https://t.co/YBRwmJbuyh,1552346400247398400,MSU_Corey_UNC,116875452
@lhancock_13 One last ride to glory,1552346024424914944,MSU_Corey_UNC,116875452
"Ex-cops Kueng, Thao sentenced for violating Floyd's right https://t.co/VOuMTgvluX #SmartNews",1552344569156472832,MSU_Corey_UNC,116875452
"All Uvalde Cops Involved in School Shooting Response Will Be Investigated and Held Accountable, Council Says https://t.co/moPt0WqUYX #SmartNews",1552338856774868992,MSU_Corey_UNC,116875452
"⚠️ 𝐌𝐋𝐁-𝐛𝐞𝐬𝐭 𝟏.𝟑𝟕𝟐 𝐎𝐏𝐒 𝐢𝐧 𝐉𝐮𝐥𝐲 ⚠️

Austin Riley is the most dangerous hitter in baseball this month. https://t.co/cGRUCORpgs",1552287634336239616,MSU_Corey_UNC,116875452
"Happy Birthday to Young Dolph, he would’ve been 37 years old today 🎈 Long Live Young Dolph 🙏 https://t.co/qJ6HiSOIoD",1552287218835902466,MSU_Corey_UNC,116875452
For starters  https://t.co/1wy0lgFuqj https://t.co/Kerc6L5xCw,1552286353035067393,MSU_Corey_UNC,116875452
Charter hit with $7.3 billion verdict in lawsuit over murder of 83-year-old Texas woman https://t.co/iADzHzgJ4j #SmartNews,1552284872638865408,MSU_Corey_UNC,116875452
"Braves WIN!

@truistnews | #ForTheA https://t.co/synlX1UuVd",1552121841459806209,MSU_Corey_UNC,116875452
"Congratulations to manager Brian Snitker on his 500th career win!

#ForTheA https://t.co/plN7B5LJb9",1552121813215363073,MSU_Corey_UNC,116875452
Lmfao https://t.co/STWx2R8NP8,1552108808637407232,MSU_Corey_UNC,116875452
Buxton scary good when healthy https://t.co/Ho4dTep7Gm,1552108345275858947,MSU_Corey_UNC,116875452
"Mighty Matt! 🥶

#ForTheA | @mattolson21 https://t.co/acxTXxsKcb",1552106113688027136,MSU_Corey_UNC,116875452
".@SpencerSTRIDer had his stuff tonight. 🔥

#ForTheA https://t.co/p4p2HrXVHI",1552105979340156929,MSU_Corey_UNC,116875452
MVP https://t.co/9krEUWHZ1j,1552082738567647237,MSU_Corey_UNC,116875452
0-2 pitch https://t.co/Ngjciw19L0,1552082652118884354,MSU_Corey_UNC,116875452
Walmart is cutting prices of clothes and general merchandise to appeal to inflation-hit shoppers https://t.co/NPzGXN9xhp #SmartNews,1551984667242688512,MSU_Corey_UNC,116875452
"Uvalde, Texas, elementary school principal suspended 2 months after mass shooting https://t.co/W8mUxOnGOj #SmartNews",1551974413201207296,MSU_Corey_UNC,116875452
Impressive https://t.co/9H9wHbTG3a,1551969646605225985,MSU_Corey_UNC,116875452
@KevinMcAlpin Austin Riley's agent https://t.co/kWLArT9hbb,1551920685815152642,MSU_Corey_UNC,116875452
"No lie, I told a friend of mines that Acuña was a different hitter when he had the dreads....might be on to something. https://t.co/BYpdNWSY7k",1551918999180521472,MSU_Corey_UNC,116875452
@baldheaded1der He's the one I want badly.,1551918147330084866,MSU_Corey_UNC,116875452
"The work starts NOW!

#dirtybirds || #riseup https://t.co/47ZuLBTF76",1551917994808426497,MSU_Corey_UNC,116875452
https://t.co/dzxEKh2Vy2,1551908950873980928,MSU_Corey_UNC,116875452
