full_text,tweet_id,screen_name,user_ID
The universe is inviting you to a party -- as long as you can ... More for Aries https://t.co/8JjWJIf961,1552247483387895808,Ar_RIHANNA,117320127
You might be biting off more than you're able to chew today. T... More for Aries https://t.co/8JjWJIf961,1551885094402473984,Ar_RIHANNA,117320127
Jumping to conclusions is all too possible now. You may be ver... More for Aries https://t.co/8JjWJIf961,1551522705345654784,Ar_RIHANNA,117320127
Insecurities could linger in your mind at this time. You may s... More for Aries https://t.co/8JjWJIf961,1551160318692245504,Ar_RIHANNA,117320127
A lot can happen very quickly right now. The day may feel like... More for Aries https://t.co/8JjWJIf961,1550797928855248897,Ar_RIHANNA,117320127
You are currently entering into a time focused on self-express... More for Aries https://t.co/8JjWJIf961,1550435544307363842,Ar_RIHANNA,117320127
Your self-worth is unlikely to be shaken today. You can see al... More for Aries https://t.co/8JjWJIf961,1550073155783299074,Ar_RIHANNA,117320127
There's a chance you're about to make a rash decision that doe... More for Aries https://t.co/8JjWJIf961,1549710768232226816,Ar_RIHANNA,117320127
Starting again may currently require some bravery. You might b... More for Aries https://t.co/8JjWJIf961,1549348377455779845,Ar_RIHANNA,117320127
You may not be interested in following directions today. Someo... More for Aries https://t.co/8JjWJIf961,1548985993155358725,Ar_RIHANNA,117320127
Following your heart can guide you throughout the day. You may... More for Aries https://t.co/8JjWJIf961,1548623602051719168,Ar_RIHANNA,117320127
You might sense a new urge to shy away from showing your feeli... More for Aries https://t.co/8JjWJIf961,1548261218766299136,Ar_RIHANNA,117320127
A lucrative-sounding decision probably needs more examination ... More for Aries https://t.co/8JjWJIf961,1547898828279361537,Ar_RIHANNA,117320127
You might have to choose between holding on tighter or letting... More for Aries https://t.co/8JjWJIf961,1547536449343352832,Ar_RIHANNA,117320127
It could be time for an impromptu summer cleaning. Family memb... More for Aries https://t.co/8JjWJIf961,1547174051654774784,Ar_RIHANNA,117320127
Rushing could result in missteps today. You will likely have m... More for Aries https://t.co/8JjWJIf961,1546811665894690818,Ar_RIHANNA,117320127
Trying to impress someone who's unwilling to see what you're b... More for Aries https://t.co/8JjWJIf961,1546449276418396160,Ar_RIHANNA,117320127
A boost of self-confidence can give you the peace of mind to e... More for Aries https://t.co/8JjWJIf961,1546086889362321408,Ar_RIHANNA,117320127
You might be ready to leap before you look right now. There ma... More for Aries https://t.co/8JjWJIf961,1545724499940691968,Ar_RIHANNA,117320127
"Emotions might be felt more deeply than normal, and you could ... More for Aries https://t.co/8JjWJIf961",1545362112192450561,Ar_RIHANNA,117320127
Those with authority over you might put a damper on fun at thi... More for Aries https://t.co/8JjWJIf961,1544999728986742784,Ar_RIHANNA,117320127
The risk of being set apart might induce you to tone yourself ... More for Aries https://t.co/8JjWJIf961,1544637339728633857,Ar_RIHANNA,117320127
Jumpstarts for abundance could be coming in hot! With a focuse... More for Aries https://t.co/8JjWJIf961,1544274952852889601,Ar_RIHANNA,117320127
You might be a little hard on yourself today. You may say some... More for Aries https://t.co/8JjWJIf961,1543912562164568065,Ar_RIHANNA,117320127
Your sense of justice may be stronger than ever today. The pla... More for Aries https://t.co/8JjWJIf961,1543550175041318912,Ar_RIHANNA,117320127
Stability might be difficult to come by today. Your thoughts c... More for Aries https://t.co/8JjWJIf961,1543187784961122304,Ar_RIHANNA,117320127
Today is all about being present and enjoying what life is cur... More for Aries https://t.co/8JjWJIf961,1542825397112295424,Ar_RIHANNA,117320127
You might be speeding so fast that you're in danger of trippin... More for Aries https://t.co/8JjWJIf961,1542463009712267266,Ar_RIHANNA,117320127
Your current emotional well-being might unexpectedly hinge on ... More for Aries https://t.co/8JjWJIf961,1542100624723963905,Ar_RIHANNA,117320127
Today may feel like you're being wrapped in a comfortable blan... More for Aries https://t.co/8JjWJIf961,1541738234631188480,Ar_RIHANNA,117320127
Reaching for the stars doesn't have to be a one-person act tod... More for Aries https://t.co/8JjWJIf961,1541375844592955392,Ar_RIHANNA,117320127
Lovely opportunities await you in your neighborhood! The Moon ... More for Aries https://t.co/8JjWJIf961,1541013459961139200,Ar_RIHANNA,117320127
Ambition can carry you far today. The Moon in your 2nd House o... More for Aries https://t.co/8JjWJIf961,1540651070082322433,Ar_RIHANNA,117320127
The way you handle your finances is currently under the cosmic... More for Aries https://t.co/8JjWJIf961,1540288683718242304,Ar_RIHANNA,117320127
A comforting security blanket is being offered to you by the u... More for Aries https://t.co/8JjWJIf961,1539926292325249024,Ar_RIHANNA,117320127
Entertaining yourself could seem as easy as breathing right ab... More for Aries https://t.co/8JjWJIf961,1539563907173322757,Ar_RIHANNA,117320127
"Security can be found under your own roof, Aries. Self-care an... More for Aries https://t.co/8JjWJIf961",1539201517852368896,Ar_RIHANNA,117320127
You can get your message across loud and clear today! Mercury ... More for Aries https://t.co/8JjWJIf961,1538839133304434689,Ar_RIHANNA,117320127
Whimsy can lend the day a sparkling flair. Pleasure-loving Ven... More for Aries https://t.co/8JjWJIf961,1538476745489145856,Ar_RIHANNA,117320127
Someone might put a damper on your exuberance at the moment. M... More for Aries https://t.co/8JjWJHXyet,1538114369632014336,Ar_RIHANNA,117320127
"You get to be the leader of the pack today, Aries! The Moon is... More for Aries https://t.co/8JjWJIf961",1537751965639184385,Ar_RIHANNA,117320127
It's a great day to deepen your friendships. The Sun in your s... More for Aries https://t.co/8JjWJIf961,1537389580290142208,Ar_RIHANNA,117320127
It's a day for radical healing. Fierce Mars is coming into a r... More for Aries https://t.co/8JjWJIf961,1537027190469971968,Ar_RIHANNA,117320127
"Something is beckoning to you from far away, Aries. Today's Fu... More for Aries https://t.co/8JjWJIf961",1536664805297119232,Ar_RIHANNA,117320127
Today has the potential to be a real adventure if you open you... More for Aries https://t.co/8JjWJIf961,1536302414449369090,Ar_RIHANNA,117320127
"You can give a lot and be very caring right now, but it should... More for Aries https://t.co/8JjWJIf961",1535940026155954176,Ar_RIHANNA,117320127
Your relationship to money and all the luxuries it can buy cou... More for Aries https://t.co/8JjWJHY641,1535577640526295040,Ar_RIHANNA,117320127
Conversations around work and how much you earn are likely to ... More for Aries https://t.co/8JjWJIf961,1535215255319588865,Ar_RIHANNA,117320127
"People could have important information for you today, so keep... More for Aries https://t.co/8JjWJIf961",1534852862827630592,Ar_RIHANNA,117320127
"It's a good time for some introspection, Aries. The Moon in yo... More for Aries https://t.co/8JjWJIf961",1534490478539726848,Ar_RIHANNA,117320127
Matters of money and work are popping up for closer inspection... More for Aries https://t.co/8JjWJIf961,1534128089310998528,Ar_RIHANNA,117320127
"Conversations could feel heavier than usual today, weighing yo... More for Aries https://t.co/8JjWJIf961",1533765701986504705,Ar_RIHANNA,117320127
"Finding your own joy and sharing it with others sounds lovely,... More for Aries https://t.co/8JjWJIf961",1533403313563049984,Ar_RIHANNA,117320127
"Your social groups are highlighted today, as an important phas... More for Aries https://t.co/8JjWJIf961",1533040926192328704,Ar_RIHANNA,117320127
"Money matters might have been complicated recently, but that c... More for Aries https://t.co/8JjWJIf961",1532678536913293312,Ar_RIHANNA,117320127
Matters of money or security might be sparking fierce feelings... More for Aries https://t.co/8JjWJIf961,1532316152495370240,Ar_RIHANNA,117320127
It's easy to let your feelings get the better of you today. Th... More for Aries https://t.co/8JjWJIf961,1531953766064193536,Ar_RIHANNA,117320127
"Saying what's on your mind could be fraught today, as you migh... More for Aries https://t.co/8JjWJIf961",1531591375883423744,Ar_RIHANNA,117320127
The people around you could get on your nerves today. They may... More for Aries https://t.co/8JjWJIf961,1531228984209420288,Ar_RIHANNA,117320127
"Your confidence is likely to be high today, and you might be i... More for Aries https://t.co/8JjWJIf961",1530866599187468288,Ar_RIHANNA,117320127
You might be about to experience a sense of financial abundanc... More for Aries https://t.co/8JjWJIf961,1530504212441837569,Ar_RIHANNA,117320127
"Impressing someone powerful may be important to you today, per... More for Aries https://t.co/8JjWJIf961",1530141824261554177,Ar_RIHANNA,117320127
Your personal magnetism may be at a high point today. As the e... More for Aries https://t.co/8JjWJIf961,1529779440250630145,Ar_RIHANNA,117320127
You may feel like you deserve to be paid more for your work. A... More for Aries https://t.co/8JjWJIf961,1529417047980929030,Ar_RIHANNA,117320127
The most frustrating part of being angry today might be not ev... More for Aries https://t.co/8JjWJIf961,1529054660937428992,Ar_RIHANNA,117320127
"Talking a big game might be your name today, Aries. Fortunatel... More for Aries https://t.co/8JjWJIf961",1528692271863869442,Ar_RIHANNA,117320127
You may need to be careful to avoid passive aggression when yo... More for Aries https://t.co/8JjWJIf961,1528329885281710081,Ar_RIHANNA,117320127
Telling people what they want to hear could be easy for you no... More for Aries https://t.co/8JjWJIf961,1527967495109283840,Ar_RIHANNA,117320127
Speaking your mind could get easier for you now. As the beamin... More for Aries https://t.co/8JjWJIf961,1527605107633754112,Ar_RIHANNA,117320127
Paying attention to the subtle dynamics in your professional l... More for Aries https://t.co/8JjWJIf961,1527242718430126080,Ar_RIHANNA,117320127
Discussing your goals with others could be difficult today. Th... More for Aries https://t.co/8JjWJIf961,1526880334029066245,Ar_RIHANNA,117320127
You may now have the confidence to try a trip or learning expe... More for Aries https://t.co/8JjWJIf961,1526517941994332165,Ar_RIHANNA,117320127
"You may be focused on your financial resources, but that might... More for Aries https://t.co/8JjWJIf961",1526155556725018624,Ar_RIHANNA,117320127
You may feel threatened by how others seem to view your socioe... More for Aries https://t.co/8JjWJIf961,1525793169593409536,Ar_RIHANNA,117320127
"You may be very good at thinking, talking, and even journaling... More for Aries https://t.co/8JjWJIf961",1525430780922449920,Ar_RIHANNA,117320127
"You may not be aware of how much you've been changing lately, ... More for Aries https://t.co/8JjWJIf961",1525068394940116992,Ar_RIHANNA,117320127
Relationships are probably pleasant for you at this time -- be... More for Aries https://t.co/8JjWJIf961,1524706002641186818,Ar_RIHANNA,117320127
Taking practical action to bring a dream of yours to life shou... More for Aries https://t.co/8JjWJIf961,1524343619527737344,Ar_RIHANNA,117320127
You might feel far more confident than usual today. As expansi... More for Aries https://t.co/8JjWJIf961,1523981231230119937,Ar_RIHANNA,117320127
Your community may be holding you to high standards at the mom... More for Aries https://t.co/8JjWJIf961,1523618841422532608,Ar_RIHANNA,117320127
Taking a crazy risk with money to shore up your self-worth cou... More for Aries https://t.co/8JjWJIf961,1523256452848095233,Ar_RIHANNA,117320127
"Making money might be a goal of yours at the moment, but impul... More for Aries https://t.co/8JjWJIf961",1522894064806338560,Ar_RIHANNA,117320127
You can make a convincing argument for what you want at this t... More for Aries https://t.co/8JjWJIf961,1522531682263310336,Ar_RIHANNA,117320127
A weird idea for making money could turn out to be surprisingl... More for Aries https://t.co/8JjWJIf961,1522169290840895488,Ar_RIHANNA,117320127
"Pursuing a fresh way to make money might be exciting, but talk... More for Aries https://t.co/8JjWJIf961",1521806903210250241,Ar_RIHANNA,117320127
Your personal wounds surrounding authority issues may be easil... More for Aries https://t.co/8JjWJIf961,1521444516049211393,Ar_RIHANNA,117320127
You could feel like being quite chatty with the people around ... More for Aries https://t.co/8JjWJIf961,1521082126531133440,Ar_RIHANNA,117320127
Exploring the different sides of yourself could be a useful ex... More for Aries https://t.co/8JjWJIf961,1520719739164631041,Ar_RIHANNA,117320127
An opportunity to create a stronger foundation can come when y... More for Aries https://t.co/8JjWJIf961,1520357350003027969,Ar_RIHANNA,117320127
Tweaking your image to try and please someone else might sound... More for Aries https://t.co/8JjWJIf961,1519994967053062144,Ar_RIHANNA,117320127
Your heart might try to overwhelm your head today. Emotions co... More for Aries https://t.co/8JjWJIf961,1519632572803735553,Ar_RIHANNA,117320127
Good things from the past could find their way back to you at ... More for Aries https://t.co/8JjWJIf961,1519270186657869824,Ar_RIHANNA,117320127
Creative financial inspiration could strike you today. You may... More for Aries https://t.co/8JjWJIf961,1518907798884548608,Ar_RIHANNA,117320127
Your intuition can guide you out of a mental maze today. You m... More for Aries https://t.co/8JjWJIf961,1518545417809453057,Ar_RIHANNA,117320127
You could run into some red tape today. Someone may block you ... More for Aries https://t.co/8JjWJIf961,1518183021546930176,Ar_RIHANNA,117320127
"No matter how much you want to help others, your actual abilit... More for Aries https://t.co/8JjWJIf961",1517820633580589059,Ar_RIHANNA,117320127
You may be blocking yourself before others have the chance to ... More for Aries https://t.co/8JjWJIf961,1517458247384326145,Ar_RIHANNA,117320127
"Staying calm might not be easy right now, but it will be usefu... More for Aries https://t.co/8JjWJIf961",1517095862815535104,Ar_RIHANNA,117320127
Your fantasies may not line up with your budget at this time. ... More for Aries https://t.co/8JjWJIf961,1516733470512336901,Ar_RIHANNA,117320127
The need to look within may be particularly strong today. Ther... More for Aries https://t.co/8JjWJIf961,1516371081753288708,Ar_RIHANNA,117320127
