full_text,tweet_id,screen_name,user_ID
I use and recommend SiteGround web hosting: https://t.co/5SNRJaczRZ,1554285378554691584,GraficusDesign,119172060
5 Ways Modern Encryption Works https://t.co/UDyGINrZte,1548086284245094402,GraficusDesign,119172060
Revenue Watcher - Discover revenue data of 2000+ startups and indie projects https://t.co/Nrnn2LbrUt,1548086275881676802,GraficusDesign,119172060
Choosing a Product Champion https://t.co/EtGC3kWfxO,1548086269837582339,GraficusDesign,119172060
Build your own type-safe version of Tailwind CSS with Sprinkles https://t.co/jAGjHxfP1c,1548041000626466819,GraficusDesign,119172060
Dokio - Free open source CRM for small businesses https://t.co/vN637n3yZ9,1548040991587766272,GraficusDesign,119172060
PlusIdentity Browser Extension - Auto-login into websites right from Slack https://t.co/Jm0dVw45QA,1548040985594060809,GraficusDesign,119172060
Using Nothing But Docker For Projects https://t.co/SP0wPnBTLa,1548040979680071684,GraficusDesign,119172060
Collective Nouns for the Web https://t.co/cd2ipugWBc,1548040971765440519,GraficusDesign,119172060
UX Principles for AI Art Tools like DALL·E https://t.co/6vLe8mZlds,1547995419736567808,GraficusDesign,119172060
Tiny Grid Layout Animation [Video] https://t.co/ZqUm3GjQr1,1547769434651054080,GraficusDesign,119172060
React Hooks: The Deep Cuts https://t.co/cYqqUdgTDH,1547723537489600514,GraficusDesign,119172060
37 Epic Memes For Graphic Designers https://t.co/7XgzBKNJPt,1547723529335934976,GraficusDesign,119172060
Node-Red 3.0 Released https://t.co/omkDWeKXlq,1547723521018589184,GraficusDesign,119172060
Why Community Is Essential for Freelance Web Designers https://t.co/8thH7tOSY8,1547723513724747779,GraficusDesign,119172060
In Praise of Shadows https://t.co/kIsx2uWisv,1547723506493710336,GraficusDesign,119172060
Figma Component Library - Find and copy free Figma components in one place https://t.co/zQ6KoZdQBl,1547723500525273089,GraficusDesign,119172060
How to Upgrade jQuery to Latest Version in WordPress https://t.co/Q1U4sxEj8T,1547678240772304905,GraficusDesign,119172060
Unflow - The Next Generation Mobile CMS https://t.co/2BnzPrywWN,1547678233474187265,GraficusDesign,119172060
37 Easy Ways to Spice Up Your UI Designs https://t.co/0V4TDi7bIm,1547678223906922497,GraficusDesign,119172060
HubSpot Free CMS - Build and scale your business website for free on HubSpot https://t.co/mL6NwRF2qb,1547678215426039808,GraficusDesign,119172060
Twitter is Fully Down in Huge Outage - you’re not alone https://t.co/jDHIEhx5dW,1547678207012327424,GraficusDesign,119172060
Little-Known WordPress Shortcuts and Tricks https://t.co/rw0yDp7yNv,1547632796771815425,GraficusDesign,119172060
To rebrand Everton F.C. DixonBaxi overcomes the responsibility of doing the fans justice https://t.co/mjogynvRjr,1547632787758338050,GraficusDesign,119172060
Announcing Portals for React Native https://t.co/ZHx94xZBO3,1547632780409942018,GraficusDesign,119172060
A Guide to Basic WordPress Debugging With Local https://t.co/5f9qJ8oSIA,1547406288367153152,GraficusDesign,119172060
Statements Vs. Expressions https://t.co/K0ILrbGBzl,1547360878307135489,GraficusDesign,119172060
Serve - Generate API endpoints with SQL queries and spreadsheets https://t.co/ELsamkGTLI,1547360869960634374,GraficusDesign,119172060
Lost Geometry - 91 Abstract 3D Shapes for Modern Interface Designs https://t.co/zSgMvKmM7l,1547360863920611329,GraficusDesign,119172060
"Shortcut 2.0 - Document, Plan, Build, Ship https://t.co/XI4sWUL4jM",1547315328949952512,GraficusDesign,119172060
"See what a Gucci, KFC and Colgate ad looks like through the eyes of an AI https://t.co/a5Yin4yyMM",1547315321492582401,GraficusDesign,119172060
Godlike - Framer component library https://t.co/7NGgW5ZGdT,1547315312898387969,GraficusDesign,119172060
How UI Kits Develop Design Languages https://t.co/Fiuia2G4l2,1547270162511847426,GraficusDesign,119172060
"QRay app - Save, find, show and create your QR codes https://t.co/0WhShEeUdb",1547270154521681920,GraficusDesign,119172060
How to Get Started with Node.js – Beginner's Guide to Node https://t.co/08I1DFqVyq,1547270148616204290,GraficusDesign,119172060
You Wouldn't Download a Back End https://t.co/M1r07Ixxmw,1547270142635061248,GraficusDesign,119172060
The CSS behind Figma https://t.co/4R6H4udpYU,1547224605873491975,GraficusDesign,119172060
Building your Website using Jigsaw https://t.co/MTi76s2m16,1547224595849023489,GraficusDesign,119172060
The Many Faces of Themeable Design Systems https://t.co/jWzBXWnXn3,1547043147938553856,GraficusDesign,119172060
Exploring the Mastermind: Movie Fonts Extravaganza by Quentin Tarantino https://t.co/MFriVrWPDP,1546998113088331777,GraficusDesign,119172060
Avoiding layout shifts: aspect-ratio vs width &amp; height attributes https://t.co/h1ouy8m8L7,1546998104532013056,GraficusDesign,119172060
Oi devs! Here’s why your next career move should be in sustainability https://t.co/MWJowRLzY4,1546998097200308224,GraficusDesign,119172060
A Look At Remix And The Differences With Next.js https://t.co/XYpxvrA1QC,1546952566277214208,GraficusDesign,119172060
Beginner’s Guide to WordPress Image Sizes (+ Best Practices) https://t.co/UrfGvKrFK8,1546952558601637888,GraficusDesign,119172060
Where’s the Button? Designing for Mode Confusion https://t.co/NFrAJvCvNJ,1546952550955360256,GraficusDesign,119172060
5 UX Improvements That Could Save Lives https://t.co/m0LvtaoGyu,1546906912418963456,GraficusDesign,119172060
Funnel Easy - Create beautiful funnel charts in seconds https://t.co/ojAAbeNYSK,1546906904227508224,GraficusDesign,119172060
6 Strong Reasons To Start Learning C# Language In 2022 https://t.co/f4FfFk6UFM,1546906898313539584,GraficusDesign,119172060
A Designer’s 70 eCommerce Tips with Real Examples https://t.co/Gq3zR1AGfL,1546906892378640384,GraficusDesign,119172060
Kreya - Calling APIs made easy https://t.co/oLllOGn1Z2,1546906882828161024,GraficusDesign,119172060
15 Steps to Understand &amp; Influence User Behavior: A Deep Dive https://t.co/HukX4Q8tUw,1546906875349741569,GraficusDesign,119172060
CSS Complexity: it’s Complicated https://t.co/9uABayIqT6,1546543916677140480,GraficusDesign,119172060
Baseblock - Start Building Design Systems block by block https://t.co/9SqYB4s7xj,1546543910666661888,GraficusDesign,119172060
"After Internet Explorer, Who Will Be the Web’s Next Nemesis? https://t.co/pWMM3xesOM",1546543902420717569,GraficusDesign,119172060
Aircrate - Find your Next Design Tools &amp; Software Easily https://t.co/rn3LSwPiub,1546543895202254848,GraficusDesign,119172060
Openillux - Find Awesome Free Illustrations across the Internet https://t.co/HdjafJnF0o,1546543887350521858,GraficusDesign,119172060
The 12 Best IDEs for Programming https://t.co/K4lH14oaw6,1546543881432416256,GraficusDesign,119172060
7 Mind-blowing Websites that you as a Developer will not Hate https://t.co/Ub2q8WeL8y,1546543872745955329,GraficusDesign,119172060
The Case for null in Design Systems https://t.co/XSa7FY4b0p,1546543866735579138,GraficusDesign,119172060
Detect object changes with JavaScript Proxy https://t.co/EqpxZHFPvo,1546543859190026240,GraficusDesign,119172060
GitHub Copilot and Open Source: A Love Story That Won't End Well? https://t.co/Dp0IcIAkKa,1546543850696544256,GraficusDesign,119172060
Body Margin 8px https://t.co/u044NV1A06,1546543677576605697,GraficusDesign,119172060
The Beginner’s Guide to Setting Up Visual Studio Code on Your Windows PC https://t.co/4dqqc7MCEY,1546543669456486400,GraficusDesign,119172060
The Public APIs List - A Curated List for the Public Web APIs https://t.co/BnsSs8Z1gP,1546543661218811905,GraficusDesign,119172060
Visualizing SF Font Variations https://t.co/TpW39Wrniu,1546543652238897153,GraficusDesign,119172060
Amplify UI - Build UI fast with Amplify on React https://t.co/x6RsAnCAnd,1546543644571602945,GraficusDesign,119172060
Feedbag - Provide lighting-fast website feedback directly to your PMS https://t.co/oE6h2RU21H,1546543636279463936,GraficusDesign,119172060
Golden Ratio in UX Design – Why it Matters for Brands? https://t.co/NiiKfOGRKy,1546543629220491264,GraficusDesign,119172060
ICONZ 2 - Massive Library of 3D Icons https://t.co/udrQysT6to,1546543621125521409,GraficusDesign,119172060
Google Sheets API v4 Integration Guide https://t.co/1lHuSayi6S,1546543612929814528,GraficusDesign,119172060
A Five-Step Approach To The Metaverse https://t.co/DfS65twru0,1546543604973182976,GraficusDesign,119172060
"Flywheel by Digger - Build for scale, fast https://t.co/h680KnDV8R",1537487814572396545,GraficusDesign,119172060
API Integrations using Saloon in Laravel https://t.co/aB8IJLKlo1,1537487808629116928,GraficusDesign,119172060
How UX &amp; UI Designers Are Shaping the Future https://t.co/8wzRkraIgY,1537441899979497472,GraficusDesign,119172060
UI Bakery 2.0 - Internal tools and workflow automation at a fair price https://t.co/8P2hVfPntn,1537441893797154820,GraficusDesign,119172060
Why Zero Experience Designers Need A Chance https://t.co/Sgbns1EJkJ,1537441885043585024,GraficusDesign,119172060
Random Emoji Generator - Have fun with emojis https://t.co/I6NvKwAz3Z,1537260683498094592,GraficusDesign,119172060
12 Inspiring Social Media Campaign Examples https://t.co/dHf1GdQvHy,1537215407756480512,GraficusDesign,119172060
Adobe plans to make Photoshop on the web free to everyone https://t.co/ynMB415vnE,1537215399543984128,GraficusDesign,119172060
Tango 2.0 - Automatically generate step-by-step guides for your team https://t.co/PH3Ne6QIJo,1537215391910334464,GraficusDesign,119172060
Make Smooth Transitions with Easing in Figma and After Effects https://t.co/ucbZbK3Ev7,1537169856633589760,GraficusDesign,119172060
Internet Explorer ends 26-year run as top browser for installing other browsers https://t.co/dKYgXrZQ4n,1537169850694414336,GraficusDesign,119172060
Firefox rolls out Total Cookie Protection by default to all users worldwide https://t.co/ryCtuVK6U3,1537169841664143360,GraficusDesign,119172060
The Folly of Design System “Foundations” https://t.co/9LPFScHSVT,1537124320849195011,GraficusDesign,119172060
De-Mystifying IndieWeb on a WordPress Site https://t.co/dUG93WQYDA,1537124313395888128,GraficusDesign,119172060
Accelerating GitHub theme creation with color tooling https://t.co/LSYq85klG2,1537124305280020480,GraficusDesign,119172060
https://t.co/I1jrxMAqnZ - Freeze Tweets into static and customizable HTML https://t.co/meRrq7MQLK,1537124294815141888,GraficusDesign,119172060
GitBot - A comprehensive set of developer tools for Discord https://t.co/1GOc61qARJ,1537078995614699520,GraficusDesign,119172060
Get inspired: Retro branding with a modern twist https://t.co/Kuqago25g3,1537078989671452672,GraficusDesign,119172060
Go-weather-cli - Weather Forecasts In Your Terminal https://t.co/V5xXKPVSBC,1536851782583783424,GraficusDesign,119172060
How to Create an Enterprise App Design https://t.co/68BA471gU4,1536851774593638400,GraficusDesign,119172060
Zoom UX Review: 8 Ways To Make The App Better https://t.co/eQxm0Cf8R4,1536851768667086848,GraficusDesign,119172060
Discover the emotive work of illustrator Karlotta Freier https://t.co/4m5Ry10udt,1536851759640940544,GraficusDesign,119172060
Ingradients: Hand-picked mesh gradients for your next design project https://t.co/yyGX9TYWIj,1536851750761529344,GraficusDesign,119172060
Discovery Search: When Recommendations Ruin the Search Bar https://t.co/E4EI32yBF6,1536851740963745792,GraficusDesign,119172060
Design system collaboration: 5 tips for designers &amp; developers https://t.co/XQsWqr6L0W,1536805228674027525,GraficusDesign,119172060
Google Search Console vs Google Analytics: What's the Difference? https://t.co/mspO8Hu28U,1536805220230889472,GraficusDesign,119172060
Useful Tools for Visualizing Databases on a Budget https://t.co/7N6496vHKL,1536805212790267904,GraficusDesign,119172060
Fresh – Next-gen web framework https://t.co/kXY5mgJPHP,1536805204649136130,GraficusDesign,119172060
Notion Resources List - A curated list of 150+ Notion tools and resources https://t.co/voLoSl4u5C,1536805197229412352,GraficusDesign,119172060
