full_text,tweet_id,screen_name,user_ID
"Ight Fashion Nova, THAT’S ENOUGH❗️❗️❗️ https://t.co/fvnrCMUPvc",1554604360843378692,ASVPXALMIGHTY,121543460
https://t.co/JC15iVP9yk,1554596656317857793,ASVPXALMIGHTY,121543460
Put that shit on❗️❗️❗️ https://t.co/WZXbNhXIdJ,1554595695872581632,ASVPXALMIGHTY,121543460
put that shit On https://t.co/uam7pZK1dt,1554595582878121986,ASVPXALMIGHTY,121543460
Irv was in the crib going through it and peep Dell Curry 😂😂😂😂😂😂😂😂 https://t.co/BYaXD80Phs,1554586199125381121,ASVPXALMIGHTY,121543460
@RisaxO You peep Dell Curry in the mix? 😂😂😂😂,1554584274166226944,ASVPXALMIGHTY,121543460
Nah you not finna do all of us like this at all I’m not having it 😤 https://t.co/rkJem0iqa4,1554574241084866561,ASVPXALMIGHTY,121543460
This gotta be on break because what?! 🤣🤣🤣🤣🤣 https://t.co/7mBJg2gV1W,1554549162221379590,ASVPXALMIGHTY,121543460
"California just declared a state of emergency for monkeypox, SHUT THIS SHIT THE FUCK DOWN❗️❗️❗️",1554542373232844806,ASVPXALMIGHTY,121543460
Dejounte Murray with a message to other hoopers https://t.co/i2e3oXjqyq,1554540234100064262,ASVPXALMIGHTY,121543460
Nah she would have to catch a hot 3 piece for this bullshit https://t.co/kOwEBfkJJb,1554538271962701825,ASVPXALMIGHTY,121543460
Do ya dance AB 🤘🏾🤘🏾🤘🏾 https://t.co/oKdwoVHmJt,1554519916665085953,ASVPXALMIGHTY,121543460
@RisaxO I’m sick of it lmaoo why our generation got to go through this? Black Jesus send the flood,1554510319984205824,ASVPXALMIGHTY,121543460
@RisaxO Girl yes in NY their health department is urging folks to get vaccinated against polio if they are not already due to confirmed cases smh.,1554507944745750528,ASVPXALMIGHTY,121543460
"Between polio, monkeypox, covid, everything expensive, student loans still here, BLACK JESUS SEND THE FLOOD❗️❗️❗️",1554489864556535808,ASVPXALMIGHTY,121543460
Y’all got to stop arguing with folks who’s DMs you slid in 😂😂😂😂 https://t.co/TmlwmMlSUM,1554487377325948928,ASVPXALMIGHTY,121543460
Niggas acting like these weren’t hot and ion like that https://t.co/qSea1ISxKu,1554306205455196166,ASVPXALMIGHTY,121543460
SHUT ALL THIS SHIT THE FUCK DOWN❗️❗️❗️ https://t.co/2cunUbfVun,1554305656081055744,ASVPXALMIGHTY,121543460
Y’all know Solange don’t fuck around either 😂😂😂😂😂 https://t.co/rRG1PryOBm,1554279163166588928,ASVPXALMIGHTY,121543460
It’s time I tap in to that Leo energy and get focused. I want the glo and it’s time I turned it up. I’m a fuckin Lion 🦁♌️♌️♌️,1554279004919791621,ASVPXALMIGHTY,121543460
Shorty who bent over sent this pic straight to an ex or baby daddy 😂😂😂😂😂😂 https://t.co/WHYv1tWYVI,1554278049906049024,ASVPXALMIGHTY,121543460
Niggas really don’t be runnin shit 😂😂😂😂😂😂😂😂 https://t.co/5yVo5YosaO,1554277805948604421,ASVPXALMIGHTY,121543460
"Lost, loss, lose and loose be really kicking y’all asses 😂😂😂",1554222637399826442,ASVPXALMIGHTY,121543460
I lost it when the nigga started dancing 😂😂😂😂 https://t.co/Fik4QOE0Ez,1554200674761678848,ASVPXALMIGHTY,121543460
No he can stay wherever he at https://t.co/YnA1fF6uw2,1554174427847352325,ASVPXALMIGHTY,121543460
Ladies imagine going through ya man dms and he just telling Drake nem happy birthday 😂😂😂😂,1554169758131830784,ASVPXALMIGHTY,121543460
Nah really though you can save it 😂😂😂😂 https://t.co/VpZLQvlGHk,1554159435567734786,ASVPXALMIGHTY,121543460
"Need to tap in to that Leo energy and start going hard, it’s time for a change ♌️♌️♌️",1554158486237364224,ASVPXALMIGHTY,121543460
National girlfriend day? I swear y’all made that shit up 😂😂😂,1554150602829094914,ASVPXALMIGHTY,121543460
Again?! What the fuck is wrong with this nigga? https://t.co/z45IWvP7ja,1554138281650044930,ASVPXALMIGHTY,121543460
"@RisaxO The toots, is killing me 😂😂😂😂😂😂",1554108567132815364,ASVPXALMIGHTY,121543460
"I’m just tired. My 20s being consumed by COVID, monkeypox, inflation, a recession really, and who knows what else to come. I’m tired of having to suppress all of this to push forward. You try to make the best out of it but can only do so much",1553930024159518720,ASVPXALMIGHTY,121543460
"Tomorrow is Aug 1st and we are in the heart of Leo season, I have to pull it together❗️❗️❗️",1553916778614513664,ASVPXALMIGHTY,121543460
Druski be cooking y’all niggas man 😂😂😂 https://t.co/QeYaxLVsfA,1553905389795680257,ASVPXALMIGHTY,121543460
Nah nigga he wild wild ☠️😂😂😂😂 https://t.co/Lx8rIRriLH,1553904894339334144,ASVPXALMIGHTY,121543460
Y’all don’t take shit serious at all https://t.co/9GWc5CNvuH,1553900505314770946,ASVPXALMIGHTY,121543460
I’m mad me and this nigga have the same hair color and he doing this dumb shit https://t.co/x73Ttg0EAp,1553890448086810624,ASVPXALMIGHTY,121543460
"PLEASE RETWEET‼️ On July 30 at Chuck E Cheese in Wayne, NJ, my 2yo was racially discriminated against. As you can see, he gives all of the yt kids hi-5s &amp; PURPOSELY ignored my black baby. When confronted, he ignored me as well. The manager, Angie Valasquez, made excuses for him.. https://t.co/QMmE3wmti1",1553890256772005888,ASVPXALMIGHTY,121543460
Neyo wife acting like she just found out what kinda man he is,1553846601575239680,ASVPXALMIGHTY,121543460
Nigga didn’t give a fuck 😂😂😂😂 https://t.co/HrrisAPwNj,1553823512976150533,ASVPXALMIGHTY,121543460
We need to shut this bitch down Joe like yesterday❗️❗️❗️,1553798738992418816,ASVPXALMIGHTY,121543460
Rest up legend 🙏🏾 https://t.co/bYTQVvpWvU,1553797456101523456,ASVPXALMIGHTY,121543460
Tomorrow is really Aug 1st,1553788481222098953,ASVPXALMIGHTY,121543460
I already do this now and folks think I’m crazy for it 🤣🤣🤣 https://t.co/nRnOEEjGKv,1553788109531353088,ASVPXALMIGHTY,121543460
Nigga what the fuck is going on? https://t.co/ltFh6X9kD3,1553584120848171008,ASVPXALMIGHTY,121543460
Who is eating those?! https://t.co/cAoISpFMkG,1553583783059791872,ASVPXALMIGHTY,121543460
I need a back story but I would have to get my lick back https://t.co/iRChPtgKNT,1553580596798132224,ASVPXALMIGHTY,121543460
Literally renting out slave quarters. And white  people are staying in it as a fun getaway. I hate it here. I’m so infuriated. https://t.co/N6IXmrjPJY,1553541068251070466,ASVPXALMIGHTY,121543460
Mannnnnn start going to HR and fuck these crackas https://t.co/qdM75JQ4v8,1553532303367966723,ASVPXALMIGHTY,121543460
We’re never going back to any part of normal living again at this rate 😤😤😤 https://t.co/8uJ496W6dX,1553525065479774208,ASVPXALMIGHTY,121543460
They not finna wanna hear this and I’m here for it 😂😂😂 https://t.co/rrr7FileRv,1553517133145014272,ASVPXALMIGHTY,121543460
My dawg was different and elite https://t.co/ApzVIcSvHS,1553214896279588864,ASVPXALMIGHTY,121543460
@Dillards Y’all better do something about this 😤😤😤 https://t.co/YXxZ7OVEQw,1553168265974792192,ASVPXALMIGHTY,121543460
Imma always respect someone that can be honest with me no matter how uncomfortable it is. Can’t stand mfs that just tell you what you wanna hear.,1553158070846586880,ASVPXALMIGHTY,121543460
@LilWhoady_ We need y’all insurance and it might get better round this bitch 😂😂😂,1553157517936574470,ASVPXALMIGHTY,121543460
Tyler Herro and Jimmy Butler 2022 https://t.co/o7lxiN0Esk,1553156309025001473,ASVPXALMIGHTY,121543460
Lemme win that money and it’s over today 😂😂😂,1553154438495440896,ASVPXALMIGHTY,121543460
The boy gone be a dawg 🐕🐕🐕 https://t.co/PoI1EQBwWy,1553153958578905089,ASVPXALMIGHTY,121543460
How come I always miss you getting grilled? What do you be doing? 😂😂😂😂😂😂 https://t.co/c230JaSFOR,1553153283962703875,ASVPXALMIGHTY,121543460
@luluweezzy Look I need it at this point 😂😂😂😂,1553152845897146373,ASVPXALMIGHTY,121543460
Ain’t no way in hell my black ass ever taking chicken as a payment ☠️☠️ https://t.co/2wWO6oQMrk,1553143534865321986,ASVPXALMIGHTY,121543460
This nigga is an impastor 😂😂😂😂 https://t.co/t6kLVSP7yM,1553139778308153345,ASVPXALMIGHTY,121543460
Coming soon to an elections office near you. https://t.co/FockoTH6cJ,1553139473390702592,ASVPXALMIGHTY,121543460
It does and I need to try beef bacon https://t.co/XOIpttofXN,1553134647659429891,ASVPXALMIGHTY,121543460
2022 moving like she got somewhere to be 😂😂😂,1553133171675365381,ASVPXALMIGHTY,121543460
@AbSatin Let’s see it lmaoo,1553132838060539906,ASVPXALMIGHTY,121543460
"Our insurance systems needs an overhaul, working at Anthem and having to explain how this shit works to people is a damn nightmare 😤😤😤",1553123159754375169,ASVPXALMIGHTY,121543460
"She moving like she in DragonBall Z or something, gone beat the brakes off a mf at school 😂😂😂😂 https://t.co/1vJpO19psf",1553120550444220417,ASVPXALMIGHTY,121543460
Nigga shut up https://t.co/6NJ10d8Xae,1553105827128565762,ASVPXALMIGHTY,121543460
Mannnnn 😂😂😂😂 https://t.co/bfkKYtKv3e,1553104936178696193,ASVPXALMIGHTY,121543460
They took the sheets off his mattress that’s just foul https://t.co/vUWJYLwMvI,1553102984900657153,ASVPXALMIGHTY,121543460
"This is exactly what we said the @HouseDemocrats need to do — when it comes to the way forward for policing in America, the decision should be a no brainer. Invest in evidence based, high impact, community safety and violence prevention programs. https://t.co/mohpZzMxCv",1553076929712062472,ASVPXALMIGHTY,121543460
"2/2 Thank you to our partners for fighting together to demand legislation that genuinely reflects the needs of our communities. 

Read more.➡️https://t.co/W1KUdlYe4E",1553076865442652160,ASVPXALMIGHTY,121543460
P you already rich dawg save us some 😭😭😭 https://t.co/rylg7Hk842,1553072291231170565,ASVPXALMIGHTY,121543460
Y’all gotta leave folks alone man https://t.co/24Jc3GMOhH,1553068760726110208,ASVPXALMIGHTY,121543460
Too many ladies talkin bout “imma just take it” 🤢🤢🤢 https://t.co/Myapq67ws1,1553063944666980352,ASVPXALMIGHTY,121543460
I’ve seen some ladies say that it is fire 😂😂😂 https://t.co/WgiK3HZKb6,1553057521648238592,ASVPXALMIGHTY,121543460
I know there’s a reason they added it but dawg they could’ve kept it under tuck https://t.co/Dkfwd0vzOD,1552846005569200129,ASVPXALMIGHTY,121543460
"This is embarrassing why would y’all leak this shit, y’all doing the same lame shit Arizona nem did with Kyler smh https://t.co/xRswzb3wvD",1552839701769461760,ASVPXALMIGHTY,121543460
Bow Wow need to run Orlando that fade man 😂😂😂,1552765481009954816,ASVPXALMIGHTY,121543460
This is foul as hell man ☠️☠️☠️ https://t.co/5nw74OWpbp,1552765403230765058,ASVPXALMIGHTY,121543460
Mannnnn if Julio can just stay healthy dawg https://t.co/Zx1UkBIb9W,1552746680675717121,ASVPXALMIGHTY,121543460
Now y’all heffas debating about dating the “group leader”. Hoe we are not the power rangers 😂😂😂😂😂,1552704427093626880,ASVPXALMIGHTY,121543460
Mannnn lemme get on it https://t.co/LlgEnvCAqw,1552700893455433730,ASVPXALMIGHTY,121543460
Craziest shit I ever saw 😂😂😂 https://t.co/tc1npvQijc,1552677829661364225,ASVPXALMIGHTY,121543460
Wypipo really be trying it 😤 https://t.co/eBy0nCfz19,1552666661307686913,ASVPXALMIGHTY,121543460
Two week notice?! https://t.co/xC5pIuY5gA https://t.co/MMoSuesVK8,1552507067612729344,ASVPXALMIGHTY,121543460
"@RisaxO I walk in the store and see that I’m filing a complaint, shit look too grown up 😂😂😂",1552489631115280384,ASVPXALMIGHTY,121543460
Mannnnnnn we had it so good as kids https://t.co/UOGlmRMVUd,1552487749860687872,ASVPXALMIGHTY,121543460
@RisaxO That caprisun on the last box look too unfamiliar 😂😂😂😂,1552487641295343617,ASVPXALMIGHTY,121543460
Family Guy having Bonnie going all the way to France to try and cheat on Joe is another reason why you hoes can’t be trusted❗️❗️❗️,1552483614159523840,ASVPXALMIGHTY,121543460
This old mf not seeing Heaven at all https://t.co/qu1tUQFvqK,1552481854179217410,ASVPXALMIGHTY,121543460
Y’all dead wrong man 🤣🤣🤣🤣 https://t.co/nH8fssChK1,1552473765514285056,ASVPXALMIGHTY,121543460
@callherdiana Happy Birthday Leo Gang 🤘🏾♌️🥳🥳🥳,1552473612199813123,ASVPXALMIGHTY,121543460
Jimmy Butler dead wrong man idc 😂😂😂😂😂,1552473085365960705,ASVPXALMIGHTY,121543460
Lemme win that mega millions and I swear I don’t know anybodyyyyyy. If you thought you knew me you don’t 😂😂😂😂😂😂😂😂,1552435733465804801,ASVPXALMIGHTY,121543460
🙏🏾🙏🏾🙏🏾 https://t.co/SijCvGJUwQ,1552433797593026560,ASVPXALMIGHTY,121543460
Of all the thots he really picked the wrong one to let kiss him 😂😂😂😂 https://t.co/LFPFrC7BgC,1552432559560478720,ASVPXALMIGHTY,121543460
Mannnnnnn 😂😂😂😂 https://t.co/X1F3rQVxN1,1552432272460095488,ASVPXALMIGHTY,121543460
That is so disrespectful dawg I would’ve had to get some licks in https://t.co/WlXuR2v5rs,1552409554109009921,ASVPXALMIGHTY,121543460
