full_text,tweet_id,screen_name,user_ID
"https://t.co/AK1khdW56u
Well I just watched this... interesting stuff.",1554598590466600961,MarleyRose0725,1264994900
"Honestly... I wish Shadow the Hedgehog was released with it's original T rating, without all the censorship they made...
So the Sonic franchise could be recognized as not just a kids series.",1554598521671536640,MarleyRose0725,1264994900
No Batgirl? I'm sad. #Batgirl,1554598427580780544,MarleyRose0725,1264994900
"But in all seriousness I feel bad for Leslie Grace, cast, and crew of Batgirl",1554598353932980224,MarleyRose0725,1264994900
"the way the media just blatantly twists demi lovato's words for headline clicks is SO weird because demi has NEVER said they stopped being non binary or dropped they/them pronouns, they just said that they added she/her again because they are a fluid person, what's not clicking",1554598321255174144,MarleyRose0725,1264994900
@Killingeveandme My favorite duo,1554598241714327552,MarleyRose0725,1264994900
Jodie Comer and Sandra Oh,1554598204947083265,MarleyRose0725,1264994900
I can’t wait for killing eve to start filming season 5,1554598120834551808,MarleyRose0725,1264994900
"Not gonna lie, feeling a little sad cuz my discord server has erupted into the debate of ""Is Sally Acorn even that good or interesting of a character at all?""
Sigh...",1554597864302473216,MarleyRose0725,1264994900
"Trying my best to use the right pronouns and respect @ddlovato Lovato so that way as a fan, I don't piss off Lovato",1554594488697249792,MarleyRose0725,1264994900
live-streaming here in 1 minute: https://t.co/oEAhvkHosE,1554593715657641985,MarleyRose0725,1264994900
@people We love and respect Lovato no matter what pronouns Lovato uses #DemiLovato #DemiLovatoIsLoved #HOLYFVCK #WeLoveYouDemi #nonbinary #genderfluid #pride,1554569717012041728,MarleyRose0725,1264994900
Demi Lovato Says She's Using 'She/Her' Pronouns Again: 'I'm Such a Fluid Person'  https://t.co/4iWuQzFWWB,1554569354540244992,MarleyRose0725,1264994900
halsey is a fairy confirmed https://t.co/AxkNSMVzvI,1554569236118323200,MarleyRose0725,1264994900
@DevonnesMuse Good for them,1554569171504996352,MarleyRose0725,1264994900
Demi holds the Guiness World Record for being the youngest judge on X-Factor.,1554569120774963205,MarleyRose0725,1264994900
"In this interview, Demi said that they don’t plan on doing Pop and R’n’B music ever again. https://t.co/34QjwsHr6x",1554569110821818368,MarleyRose0725,1264994900
"“We had so much fun, I was shooting a tv show with my best friend [Selena Gomez] we all really got along,had a really great time, some of the fun times were just homeschooling together, just like good, innocent childhood memories.” ~ Demi talking about working on Barney &amp; Friends https://t.co/w6sqZfvQHI",1554569082787078144,MarleyRose0725,1264994900
“I have a song called “Heaven” that’s based off of a bible verse but it’s actually about masturbation.”  ~ Demi https://t.co/w6sqZfvQHI,1554569046359564289,MarleyRose0725,1264994900
YASS MY TIME FINALLY HAS COME https://t.co/6IfY9MPotA,1554569022934372353,MarleyRose0725,1264994900
"“I’m such a fluid person, when it comes to my gender, my sexuality, my music, my creativity, it’s like, I don’t know, where things are gonna take me, but I do know, that what the future holds for me, is not my pop music.” ~ Demi",1554568965296230400,MarleyRose0725,1264994900
"“I never shut the door on any genre of music, I’m just focussing om a different one. The genre of music, that I did in the past, a lot of pop, like r’n’b pop, is not something, I plan on going back to. ~ Demi",1554568956949647361,MarleyRose0725,1264994900
"“There’s a lot of songs, that are sexually empowered, on this album.” ~ Demi",1554568909562396672,MarleyRose0725,1264994900
"“I was grateful to be alive and to have survived the overdose, that I went through, but things got more difficult for me, when I had to deal with the aftermath.” ~ Demi talking about the meaning of the lyric “I survived but it got harder to breathe” from “SKIN OF MY TEETH”",1554568898866921472,MarleyRose0725,1264994900
@DevonnesMuse Damn their old team #WeLoveYouDemi #DemiLovatoDeservesBetter #HOLYFVCK,1554568833616080896,MarleyRose0725,1264994900
My bulimia got really bad and I asked for help and I didn’t recieve the help that I needed.” ~ Demi talking about their old team,1554568590367477762,MarleyRose0725,1264994900
"“So I was stuck in this unhappy position, and here I am sober and I’m thinking to myself ‘I’m 6 years sober, but I’m miserable, I’m even more miserable, than I was, when I was drinking, why am I sober?’” ~ Demi talking about how it came to their overdose",1554568569022660610,MarleyRose0725,1264994900
"“I reached out to my [old] team and they were like ‘You’re being really selfish. This would rue in things not just for you, but for us as well.’ […]. ~ Demi talking about how their old team treated them with them wanting to relapse",1554568505583759360,MarleyRose0725,1264994900
"“When they [my old team] left, they totally played on that fear [Demi being abandoned by their birth father as a child]. I felt completely abandoned, so I drank.” ~ Demi",1554568462369861632,MarleyRose0725,1264994900
“My actions put me in the position that I’m in.” ~ Demi,1554568431868919808,MarleyRose0725,1264994900
"“I think it’s important that I sit here on this stage and tell you at home or you in the audience or you right here, that if you do go through this, you yourself can get through it.” ~ Demi",1554568420120621056,MarleyRose0725,1264994900
"“You can get to the other side. It may be bumpy, but you are a 10 out of 10, like don’t forget it. And as long as you take the responsibility, you can get past it and learn to love yourself the way that you deserve to be loved.” ~ Demi",1554568353896751104,MarleyRose0725,1264994900
"“And I’m so proud of it [the new album]. To look back at a body of work and think ‘Wow, I was clear headed for all of that.’ It makes me so grateful and so proud of it.” ~ Demi",1554568335617953793,MarleyRose0725,1264994900
"“I’ve actually adapted the pronouns of ‘she/her’ again. […] I’m such a fluid person, […] I felt like, especially last year, my [masculine and feminine] energy was balanced.“ ~ Demi",1554568283042394112,MarleyRose0725,1264994900
"“When I was faced with the choice of walking into a bathroom […]. I didn’t felt like there was a bathroom for me, because I didn’t feel necessarily like a woman. I didn’t feel like a man, I just felt like a human.” ~ Demi explaining, what the pronouns ‘they/them’ mean to them",1554568209835036672,MarleyRose0725,1264994900
"“Recently I’ve been feeling more feminine, so I adapted ‘she/her’ again.” ~ Demi",1554568188804755456,MarleyRose0725,1264994900
"""There are a lot of sexually empowered songs and also songs with religious overtones, so lying on a bed shaped like a cross is something that suits the title and songs on this album."" ~ Demi on the meaning behind the cover of ""HOLY FVCK"".",1554568138624143360,MarleyRose0725,1264994900
"“It’s the most reminiscent to me of what I used to listen to, when I grew up. And it’s also just like a really great summer song. […] It’s a very fun song to sing.” ~ Demi on why “SUBSTANCE” is their favorite song from their new album ‘HOLY FVCK’",1554568109708742659,MarleyRose0725,1264994900
"“There’s nobody in particular, that comes to my mind. As I’m getting older, I realised, I can look at somebody’s carreer and think ‘Wow, that’s inspiring to me.’, but i don’t know, what’s going on in their personal life.” ~ Demi,when asked,if there’s a musician,that inspires them",1554568092151296001,MarleyRose0725,1264994900
"“The people, that inspire me the most, are the people, that are around me and are closest to me and I know, have their sh#t together […]. And people, that are heroes to me are like people, like my mom […] She’s gone through a lot of loss and she’s overcome so much. ~ Demi",1554568070349238272,MarleyRose0725,1264994900
"“Yes, there are carreers, that are inspiring to me, but it’s more about the personal aspect of life.” ~ Demi",1554568052775170048,MarleyRose0725,1264994900
"“You can expect a lot of rock music, but if I would give you any more details, I would just give it away.” ~ Demi talking about their upcoming ‘HOLY FVCK’ Tour",1554568032176840704,MarleyRose0725,1264994900
From Sonic the Hedgehog issue 183 art by Tracy Yardley https://t.co/SFSzQ3uk2A,1554568010467196928,MarleyRose0725,1264994900
Super Shredder is ready for the @MOTUdrawing challenge. Hope https://t.co/JISQYlSlvn.the design.enough to retweet. #tmnt #TeenageMutantNinjaTurtles #art #characterdesign https://t.co/3P7zHoBTAz,1554567966292774913,MarleyRose0725,1264994900
"why can’t pop demi stans just be glad that we are about to hear real music in the charts again, let us emo stans have fun for once",1554567939004645376,MarleyRose0725,1264994900
"pop demi stans tend to forget that demi is a origin rock singer and that they always wanted to do rock, they just had a trash team, that didn’t let them live out their true self in music, because it was uncool to be emo",1554567916149809152,MarleyRose0725,1264994900
From Sonic the Hedgehog issue 23 art by Dave Manak and Jon D'Agostino https://t.co/FYYTBm6npB,1554567894247174144,MarleyRose0725,1264994900
From Sonic the Hedgehog issue 3 art by Scott Shaw https://t.co/PlqMIpoV9A,1554567861552656384,MarleyRose0725,1264994900
THE CUFFED OVERALLS and that stance oh my god living her best life truly 😭😩❤️❤️🫶 https://t.co/xeflOCM4Zk,1554567797471997952,MarleyRose0725,1264994900
"📸 | phlegmilylynne: When Aunt Kate &amp; Aunt Emmy come to visit, everyone goes fucking insane. Love you @/talcanaugh https://t.co/3CecD21dr2",1554567723685793792,MarleyRose0725,1264994900
Ain't nobody watching this https://t.co/xaKTJugomz,1554567483754815488,MarleyRose0725,1264994900
love you to the moon and to saturn,1554567453128028160,MarleyRose0725,1264994900
https://t.co/ej7G9I2kMf,1554567430210433024,MarleyRose0725,1264994900
@SonicComicsHour Still a beautiful artwork,1554567325914783745,MarleyRose0725,1264994900
aged like milk (but it’s still winning for my emo self) https://t.co/7DzNlnavuu,1554567240636256256,MarleyRose0725,1264994900
"mandy moore, 2001 https://t.co/X5StcDtBOa",1554567132133724160,MarleyRose0725,1264994900
@AtlantaFX @hulu Not ready to say goodbye to this amazing show,1554566949136244736,MarleyRose0725,1264994900
We be in the city. OFFICIAL TRAILER for #AtlantaFX: The Final Season. September 15 on FX. Stream on @Hulu. https://t.co/LdxidH63oI,1554566862179971072,MarleyRose0725,1264994900
The Netflix Daredevil fandom is the Snyder cult of MCU Twitter https://t.co/qMv2itEmAf,1554566819863674880,MarleyRose0725,1264994900
From Sonic the Hedgehog issue 179 art by Tracy Yardley https://t.co/hJsj78vTso,1554566767250313217,MarleyRose0725,1264994900
"I’m on clubhouse and black men are crying because shuri is about to become black panther.
“Liberals are taking away black masculinity even in comics”

A. Fictional. Character???!??! Created by white men??",1554566734589206528,MarleyRose0725,1264994900
Imma act a fool when Wakanda Forever spends 2 hours making Shuri an interesting character and make me connect to her only for them to give M'Baku the Black Panther mantle...like if this happens I wouldn't want a Black Panther 3,1554566710924955649,MarleyRose0725,1264994900
If y'all actually think Batgirl shelved...,1554566649587544065,MarleyRose0725,1264994900
Demi Lovato does NOT only use she/her pronouns from now on. They also still adapt they/them. They clarified this in the interview. The media is wrong.,1554566622580334592,MarleyRose0725,1264994900
"demi lovato is a bully victim, but the worst thing is that it’s the whole world that bullies them",1554566580742238208,MarleyRose0725,1264994900
whenever i think about lorraine keeping ed’s pill in her locket i shed a tear,1554566574815657985,MarleyRose0725,1264994900
I think the show totally JUMPED THE SHARK when they started the whole superpowers/rivervale/alternate universe crap. And that weird zombie deer thing in season 2. #Riverdale #Rivervale #FixRiverdale,1554566436735004672,MarleyRose0725,1264994900
Will Cheryl and Toni ever end up together? #Choni #CherylBlossom #ToniTopaz #Riverdale #Rivervale,1554566089618558976,MarleyRose0725,1264994900
"Riverdale is so weird now. Almost nothing like the source material comic books. I mean, why can't the writers just make up their minds before the show ends? #Riverdale #Rivervale",1554565830557331456,MarleyRose0725,1264994900
am not scared of 🦁&amp; 🐯&amp; 🐻 but i’m scared of sarah paulson driving https://t.co/OfT3wrtkXu,1554546029961158656,MarleyRose0725,1264994900
red light https://t.co/k1je7gOapK,1554421593069084672,MarleyRose0725,1264994900
"‘The Flash’ set to end with Season 9 in 2023. 

The abbreviated final season will have 13 episodes. https://t.co/XEmYnyuYHH",1554339587811463169,MarleyRose0725,1264994900
Katy Perry throwing pizza to fans in a nightclub in Las Vegas. https://t.co/y7oxGItb0c,1554339532182458368,MarleyRose0725,1264994900
"Kenan Thompson set to be honored with a star on the Hollywood Walk of Fame on August 11, @Variety reports. https://t.co/t2r4rWgw4z",1554339511819063297,MarleyRose0725,1264994900
Which actors would you like to see star in Jordan Peele’s next horror film? https://t.co/wzZwDWvW2m,1554339483910164480,MarleyRose0725,1264994900
"The Marilyn Monroe Estate defends Ana de Armas following outrage over de Armas’ Cuban accent being present in the upcoming biopic, ‘Blonde’:

“Based on the trailer alone, it looks like Ana was a great casting choice as she captures Marilyn’s glamour, humanity and vulnerability.“ https://t.co/dizdRJxtFR",1554339429073838080,MarleyRose0725,1264994900
Diane Warren apologizes for questioning the writing credits on Beyoncé’s #RENAISSANCE. https://t.co/b6gbGwSRXS,1554339390318530560,MarleyRose0725,1264994900
"8 years ago today, @Beyonce released the ""Flawless"" remix featuring @NickiMinaj on her website.

The remix was met with praise from critics and peaked at #41 on the Billboard Hot 100. https://t.co/vkaDFmeYl8",1554339346076950528,MarleyRose0725,1264994900
"Olivia Rodrigo, Billie Eilish and Iris Apatow in new portrait from Selena Gomez’s 30th birthday party last month. https://t.co/PuWxtH0hQ3",1554339310182154241,MarleyRose0725,1264994900
@ea_murr @FPWellman Elvira is much prettier and classier https://t.co/2CLZNesJYp,1554317823895166976,MarleyRose0725,1264994900
it's time to admit that Elvira is the real it girl,1554317806526611456,MarleyRose0725,1264994900
Lmao 🤣 @TheRealElvira describing the movie 🎥🎞🍿🖤🦇 https://t.co/KyxU8uWt4j,1554317705095761921,MarleyRose0725,1264994900
Happy #DOGust 1st! 🥳 🐶 Today’s the day we celebrate the birthday days of all the shelter animals whose real birth dates we’ll never know. Here’s MY rescue dog Vinny chillin’ at the beach. #Rescuedog #ShelterAnimals https://t.co/GI0Yv6wkzf,1554317666227068928,MarleyRose0725,1264994900
@TheRealElvira That hairstyle looks a little familiar hehe https://t.co/S7B7GD3STX,1554317598744928256,MarleyRose0725,1264994900
Elvira’s Steering Wheel. https://t.co/r2xTuhvf41,1554317568172650499,MarleyRose0725,1264994900
"@2000sthetic Whenever I hear the song Hello Kitty by Avril Lavigne, I imagine this crazy emo scene punk pop alternate sleepover slumber party / house party with monster energy drinks",1554317423611850752,MarleyRose0725,1264994900
"this song did not deserve the slander it got back in the day, this is camp 
https://t.co/HULgg8uHES",1554317152164843521,MarleyRose0725,1264994900
"This shit is fucking annoying, Michelle Rodriguez did not say she was glad Justin Lin left... https://t.co/wJk7T41Br2",1554317048712310784,MarleyRose0725,1264994900
"#SonicMovie2 Bar dance part 2 lmao

#SonicMovie #SonicTheHedeghog #Sega https://t.co/ezGic0NYD4",1554298493140733952,MarleyRose0725,1264994900
"This thing is a beauty! 

#Sonicmovie2 
#Sonic 
#SonicTheHedeghog https://t.co/L8WxfBa0rZ",1554298473775632386,MarleyRose0725,1264994900
found these super rough sketches of the snowboarding slow-mo scene in #SonicMovie2 https://t.co/8Ftkh11LBt,1554298444243615747,MarleyRose0725,1264994900
Tails get back #SonicMovie2 https://t.co/dGCvDCSsC6,1554298418041720833,MarleyRose0725,1264994900
"We're painting the town red with Knuckles ❤️‍🔥 Stream #SonicMovie2 anywhere, anytime on #ParamountPlus. https://t.co/8xIhE4L1VA",1554298387050090496,MarleyRose0725,1264994900
"Someday We'll Get This...
Someday

#SonicMovie #SonicMovie2 #SonicMovie3 #SonicTheHedgehog #MilesTailsPrower #knucklestheechidna #TeenageMutantNinjaTurtles #TMNTShreddersRevenge #TMNTCowabungaCollection #TMNT2007 #ParamountPlus https://t.co/PqavWD1ptJ",1554298339025309696,MarleyRose0725,1264994900
"#ShadowTheHedgehog VS #SonicTheHedeghog  
Still Cant believe we're gonna see this on the big screen 🔥
#SonicMovie2 #sonicmovie3 https://t.co/fOyFLsovpJ",1554298140559175680,MarleyRose0725,1264994900
Love Nina Dobrev from the vampire diaries https://t.co/yXulLtvFPb,1554297779404435457,MarleyRose0725,1264994900
Some of my fav outfits of Katy Perry from her early years https://t.co/0enhPiivcF,1554297703013617664,MarleyRose0725,1264994900
Katy Perry (2010) https://t.co/i6Ah69ytmY,1554297531344961536,MarleyRose0725,1264994900
"Britney Spears, early 2000's photoshoot 📸 https://t.co/s19hIs05qV",1554297397634670592,MarleyRose0725,1264994900
Britney Spears preforming Breathe on Me is just 😮‍💨😮‍💨😮‍💨😮‍💨 https://t.co/a9e9NxBtjP,1554297315652841472,MarleyRose0725,1264994900
