full_text,tweet_id,screen_name,user_ID
"@BarthAdebayo @jaytatum0 Do not lay a single FINGER on him, Bartholomew!",1554576097785815042,Im_that_dude22,1466155601407488000
@LustSierra https://t.co/tsQgvY8HZP,1554547604872216581,Im_that_dude22,1466155601407488000
@BolWrld white man better than the black man? https://t.co/RISu8EQl50,1554547247974649858,Im_that_dude22,1466155601407488000
@CslnFour No evidence of you also getting bitches either,1554468842134437894,Im_that_dude22,1466155601407488000
@CslnFour Don’t care + god is still real,1554466641576136706,Im_that_dude22,1466155601407488000
Bill Russell died because y’all won the fucking championship.. Fuck is u on about? https://t.co/mLQD0wUGID,1554460900823810056,Im_that_dude22,1466155601407488000
@PullupshootJT I hate the fanbase but not the team itself 🤷‍♂️🤷‍♂️,1554377054057013249,Im_that_dude22,1466155601407488000
@BarthAdebayo @CslnFour,1554349705185959936,Im_that_dude22,1466155601407488000
"@ReturnOfTheBooz They are good basketball clubs Booz, that’s why!",1554346592836149248,Im_that_dude22,1466155601407488000
@CelticsOG That horrid ass tweet had me dying 🤽,1554345109319307265,Im_that_dude22,1466155601407488000
@CelticsOG mental illness,1554344832956612614,Im_that_dude22,1466155601407488000
@BammyBurner You guys aren’t good lmao,1554342505218457600,Im_that_dude22,1466155601407488000
If I wasn’t a Celtics fan I’d def be a sixers or timberwolves fan,1554342257406394369,Im_that_dude22,1466155601407488000
a dyke tweeted this 😭😭😭😭 https://t.co/LKPtyeSoZ0,1554319167431622657,Im_that_dude22,1466155601407488000
Path B the only right answer https://t.co/45Lod8usCe,1554310754748301312,Im_that_dude22,1466155601407488000
@CslnFour https://t.co/KFjS4nZ1qZ,1554305047370006529,Im_that_dude22,1466155601407488000
"Raise your sons to be like @BarthAdebayo, not @CslnFour!",1554304221922709505,Im_that_dude22,1466155601407488000
"@buzz_clarkson @CslnFour No, this is many of his common L’s.",1554302847902437376,Im_that_dude22,1466155601407488000
@BarthAdebayo Me after d0ccing u https://t.co/DwOik9mw8b,1554302223756267521,Im_that_dude22,1466155601407488000
@BarthAdebayo Job.,1554301973696069633,Im_that_dude22,1466155601407488000
Never wanted to be a wife beater so bad https://t.co/dqqIgG393b,1554301838291263488,Im_that_dude22,1466155601407488000
@namep4_ @0nMy15thAccount @CslnFour Don’t care,1554301244562456576,Im_that_dude22,1466155601407488000
@namep4_ @0nMy15thAccount @CslnFour You don’t have a Bugatti lil bro,1554299749402124288,Im_that_dude22,1466155601407488000
@Kiradontmiss TW// PLEASE STOP USING SHE/HER or He/Him or They/Them I PROMISE you we don’t care,1554297389917376512,Im_that_dude22,1466155601407488000
Current gen players if they load in #NBA2K23 and see pie charts https://t.co/E0xLVNTIg1,1554296908629381122,Im_that_dude22,1466155601407488000
"AINT NO WAY BRO 😭
(via josiahferguson01/TT) https://t.co/oPU6ArWNny",1554268805094084608,Im_that_dude22,1466155601407488000
@Leak31 @Celticsfan494 Bro thinks he’s flightreacts 😭😭,1554268671069097984,Im_that_dude22,1466155601407488000
"@CslnFour I forgot about idubs and guys like that, they were actually bad lmao",1554166451908628481,Im_that_dude22,1466155601407488000
@CslnFour Hot take: all of these guys aren’t bad but the problem is is that people are taking them too seriously or copying them.,1554165805193039873,Im_that_dude22,1466155601407488000
@J3YSONTATUM Sheck Wes better but g herbo solid,1554002975093309441,Im_that_dude22,1466155601407488000
@zootiiez yo how I work this shit,1553996058216333317,Im_that_dude22,1466155601407488000
@Jon_KyleMusic @Dubs4LifeCrew @PrimeTimeRURS You don’t see NBA players having CTE and getting underpaid for their sport,1553993921285558273,Im_that_dude22,1466155601407488000
I can hear my dad snoring from downstairs how does my mom deal with this Lmaoo,1553993179577196544,Im_that_dude22,1466155601407488000
Bro looks like he’ll light up a school at any time of the day https://t.co/CGKEizFeID,1553992373398638594,Im_that_dude22,1466155601407488000
@FearDeuce Well u can add extra beef with that $1 with the chandler one 🤷‍♂️,1553992144700018688,Im_that_dude22,1466155601407488000
@FearDeuce Me personally I’d just get the chandler burger and put fries on that to save money,1553991340115083264,Im_that_dude22,1466155601407488000
@FearDeuce Like 8/10 it’s the one with the fries in it,1553990625028079617,Im_that_dude22,1466155601407488000
@FearDeuce I’ve tried beast style and chris style,1553990316482600961,Im_that_dude22,1466155601407488000
@FearDeuce It’s really good,1553987360378994688,Im_that_dude22,1466155601407488000
@FearDeuce Also get Chris style he clears,1553985424783298566,Im_that_dude22,1466155601407488000
@FearDeuce why don’t u order beast fries with the bacon and burger,1553985379061174273,Im_that_dude22,1466155601407488000
@Kobadelphia @zootiiez Why bro spit on itttt,1553983528991428610,Im_that_dude22,1466155601407488000
@1002wnotyeP @FearDeuce Yes,1553977329264852992,Im_that_dude22,1466155601407488000
@FearDeuce But I’m like 6ft or taller,1553974013076054016,Im_that_dude22,1466155601407488000
@FearDeuce I’m literally ur same player build wtf,1553973947108134912,Im_that_dude22,1466155601407488000
They child about to be a 5 star athlete https://t.co/Ed9Cs33hox,1553960409933221891,Im_that_dude22,1466155601407488000
@traerodgersog HoodGotNext,1553949816119500801,Im_that_dude22,1466155601407488000
when i tell u i was fucking ASTONISHED @Kehlani https://t.co/iexqF35VYT,1553947297393901570,Im_that_dude22,1466155601407488000
Realistically what’s stopping the Celtics from having a 74-8 record next season?,1553936053710487552,Im_that_dude22,1466155601407488000
@BammyBurner @Heat4life01 Tyreek Hill after playing with tua as his qb: https://t.co/vrTLxsSc5R,1553916023815946241,Im_that_dude22,1466155601407488000
@Heat4life01 @BammyBurner Beating the patriots is the dolphins biggest accomplishment this century 💀💀,1553915243490861056,Im_that_dude22,1466155601407488000
@Heat4life01 @BammyBurner Ironic you’re a dolphins fan lmao,1553915022790868993,Im_that_dude22,1466155601407488000
@BammyBurner @Heat4life01 No way you think your team will be good next season 😭😭 this isn’t the 2020 patriots lil bro,1553914947238854661,Im_that_dude22,1466155601407488000
@BammyBurner @Heat4life01 Maybe 11-6 at worst,1553914690853543937,Im_that_dude22,1466155601407488000
@Heat4life01 @BammyBurner All of this talk just to be a 10-7 team lol,1553914433939849218,Im_that_dude22,1466155601407488000
@Klay4Redemption @currgoat no,1553912067115057155,Im_that_dude22,1466155601407488000
@Klay4Redemption @currgoat He said best not worst lil bro,1553909703679295488,Im_that_dude22,1466155601407488000
SwimThick 2022 was a MF big Vibe https://t.co/QH4PsRadxz,1553895078242000899,Im_that_dude22,1466155601407488000
Why Tatum is better than Paul George (a thread): https://t.co/99m7su84tF,1553879612026982400,Im_that_dude22,1466155601407488000
Kickers by week 82: https://t.co/aaInlyOZRn https://t.co/A16OoYrsVp,1553853518154551300,Im_that_dude22,1466155601407488000
send the flood actually https://t.co/wZl1tfLovC,1553803659074469892,Im_that_dude22,1466155601407488000
The NFL needs a 82 game season man,1553797399394525185,Im_that_dude22,1466155601407488000
Rest In Peace 🕊thank you for paving the way and inspiring so many Today is a sad day but also great day to celebrate his legacy and what he stood for 💚 https://t.co/kvDaIsjpGG,1553796558633713664,Im_that_dude22,1466155601407488000
Niggas brains after game 30 https://t.co/8E5apKP1Fh https://t.co/XhWQ56wdL6,1553794582651052034,Im_that_dude22,1466155601407488000
Thank you for everything! R.I.P Legend 🙏🏽 https://t.co/tn2iGsArav,1553792927935119361,Im_that_dude22,1466155601407488000
@jaytatum0 Shit is heartbreaking to see man,1553792882145910787,Im_that_dude22,1466155601407488000
An announcement… https://t.co/KMJ7pG4R5Z,1553792786473930757,Im_that_dude22,1466155601407488000
NBA legend Bill Russell has passed away peacefully at the age of 88. RIP.,1553792188332515329,Im_that_dude22,1466155601407488000
@animalcutedaily post g0r3,1553789175165603843,Im_that_dude22,1466155601407488000
"only 10,000 Mickey Mouse monkeypox cases but y’all another lockdown is coming!! 💀💀 https://t.co/WCzWv5CHDx",1553786104339484674,Im_that_dude22,1466155601407488000
@Embiid_prodzz me as a gm: https://t.co/IIRt02a14l,1553539534381617152,Im_that_dude22,1466155601407488000
"The heartbeat of Boston 💙

@NHLBruins | @celtics https://t.co/re5vuCEdvz",1553530456221564928,Im_that_dude22,1466155601407488000
Ain’t no way 33 niggas touched that https://t.co/WPuykWbmK5,1553512749145247744,Im_that_dude22,1466155601407488000
"@hakymaqua @ballruminations @LouAye_ @NBAMemes They added Anderson, gobert, and paschall so they didn’t really lose anything lol",1553402116277927936,Im_that_dude22,1466155601407488000
@theord92 yes 🔥🔥,1553392900192477186,Im_that_dude22,1466155601407488000
Northeast mass cool 👍,1553390781876027392,Im_that_dude22,1466155601407488000
Leaving 4 water country inna bit 😈😈,1553373555743768580,Im_that_dude22,1466155601407488000
https://t.co/v16ZW7ETrz https://t.co/92tELpPbsT,1553268863940403206,Im_that_dude22,1466155601407488000
Still can’t believe Danny Green posted this https://t.co/yB9lTA0Aic,1553259750065946625,Im_that_dude22,1466155601407488000
Trypophobia isn’t real. https://t.co/n0a3RRwP7U,1553257869725802496,Im_that_dude22,1466155601407488000
@RichShan__ @NTFxGreg They’re compatible I don’t see the issue 🤷‍♂️🤷‍♂️,1553254680871968770,Im_that_dude22,1466155601407488000
THE HARDEST WALKOUT! https://t.co/qZJxo71a4m,1553252248687443968,Im_that_dude22,1466155601407488000
@Boness305 @CelticsOG @mevvybear @FearDeuce get a job.,1553211676337528832,Im_that_dude22,1466155601407488000
@HoopsEmpire_ Praying that he’s severely underrated next season 🙏🙏,1553209914910277637,Im_that_dude22,1466155601407488000
@RipKoreem_ @whotookyastackz @therechigoes He’s right,1553205286483156992,Im_that_dude22,1466155601407488000
@CelticsOG Report that racist and get him sussed,1553202960884170752,Im_that_dude22,1466155601407488000
@GoatJamesss @Jay_0367 Recency bias 💀💀,1553201104279801856,Im_that_dude22,1466155601407488000
@J3YSONTATUM She boutta eliminate the black genes from her family 😭😭,1553195181226295298,Im_that_dude22,1466155601407488000
@therechigoes @whotookyastackz I’d put him above harden. He’s top 20.,1553194739746349061,Im_that_dude22,1466155601407488000
"@therechigoes @whotookyastackz Blud isn’t available, isn’t a good defender, and has been a quiet playoff choker.",1553193727723978753,Im_that_dude22,1466155601407488000
@therechigoes @whotookyastackz Honestly Kyrie Irving is overrated.,1553192515217620992,Im_that_dude22,1466155601407488000
@therechigoes @whotookyastackz Name them.,1553190325900001281,Im_that_dude22,1466155601407488000
I will NOT be getting hoe’d on mm2 from this day forward.,1553186243416133634,Im_that_dude22,1466155601407488000
End of thread https://t.co/i5BsOoaMvV,1553172082808193024,Im_that_dude22,1466155601407488000
"Payton Pritchard:

9/3/3 https://t.co/P8BFMKzxYt",1553171601436311557,Im_that_dude22,1466155601407488000
"Danilo Gallinari:

10/4/2 https://t.co/pLXmrE179C",1553171335395905536,Im_that_dude22,1466155601407488000
"Grant Williams:

11/5/2 https://t.co/upqLrz6yXU",1553171080017285120,Im_that_dude22,1466155601407488000
"Malcom Brogdon

17/5/5
6MOTY https://t.co/1ko3X17SHA",1553170555565707264,Im_that_dude22,1466155601407488000
(2.4 spg),1553169843758764034,Im_that_dude22,1466155601407488000
"Derrick White:

13/4/4
Sportsmanship Reward https://t.co/0z9NDufkxW",1553169725064101888,Im_that_dude22,1466155601407488000
