full_text,tweet_id,screen_name,user_ID
"EV charging stations can be implemented in all types of sectors. Businesses, MUDs, municipalities and more can all see benefits from having EV charging stations available to public use. Click the link to learn more!
https://t.co/WsOS8XKzAk
#Electric #EVChargingStations https://t.co/vSrcda6d3m",1554437033468248064,apogeecharging,1508506549265780736
"EV charging stations is becoming a necessity rather than an amenity. Businesses of all kinds can integrate EV charging stations in their strategies. Click the link to learn more about the ways businesses benefit from EV charging stations.
https://t.co/kQtBMg3JuU
#Businesses https://t.co/OufRsfm4d8",1554165180258459648,apogeecharging,1508506549265780736
"You can charge smarter with Noodoe EV OS. Click the link below to learn about all of the advantages you can get from our operating system!
https://t.co/IwFJAPNPwC
#OperatingSystem #EVChargingStations https://t.co/q7p1VPlN4b",1552730645289394176,apogeecharging,1508506549265780736
"All different business types can benefit from having EV charging stations on site. They provide a resource to attract clients and employees, plus a new stream of revenue. Click the link to learn more!
https://t.co/xZEQ7Jn05v https://t.co/BJjWfhfSJS",1552307904962826240,apogeecharging,1508506549265780736
"Commercial organizations and businesses are choosing fast charging to offer to EV drivers. Click the link to learn how level 3 chargers benefit drivers and charging station managers.
https://t.co/U4T5s6YBdz
#EVChagringStations #Electric https://t.co/BG3R05uDXU",1551927826575769602,apogeecharging,1508506549265780736
"Level 2 AC chargers are completely adaptable for any of your charging needs. Click the link l=to learn more about how an AC charger can work for you.
https://t.co/ks6BqYVvDe
#EVChargingStations #Electric https://t.co/NdDE03hvxX",1551628394852392961,apogeecharging,1508506549265780736
"The place EV drivers stop to charge their vehicles the most is their home. We have customizable solutions for you to have optimum charging for your electric vehicle.
https://t.co/NRyNnDe07b
#Electric #ElectricCars #EVCharging https://t.co/VitCb4SlQZ",1551235805640904704,apogeecharging,1508506549265780736
"Schools and universities can benefit from installing EV chargers on their campus. Click the link to learn more about how schools can install EV chargers.
https://t.co/BCtjCXiJbk
#School #Univeristy #EVCharging https://t.co/GGFByjLiLI",1550918694016016384,apogeecharging,1508506549265780736
"Electric vehicle trend is continuing to rise and more drivers are trying to navigate how to charge their new vehicles. Read our latest blog to help you figure out the best charging options for you!
https://t.co/bQjAzJSxkL
#EVChargers #ElectricCars https://t.co/ja4qpw4y8g",1550578988736778240,apogeecharging,1508506549265780736
"Businesses of all sizes can move forward by electrifying their fleets. Electric fleets can benefit their finances as well as helping the environment. Click the link to read our eBook Moving Forward with Fleet Electrification.
https://t.co/RxIssvycRC
#Electric #Fleets https://t.co/Q3k3VDQWU6",1550193940472774658,apogeecharging,1508506549265780736
"The EV evolution is here! More businesses are switching to electric vehicles for fleets and school districts are starting to do the same. Learn more about school districts and electric school buses in our new blog.
https://t.co/KxniFwJGDx
#Electric #ElectricVehicles https://t.co/bwlCFGt8te",1549846722997780481,apogeecharging,1508506549265780736
"the need for public EV charging stations is higher than ever now that electric car market is rising. Local towns and municipalities are trying to find new ways to help with electric charging. Click the link below learn more!
https://t.co/dj5PHr5AdN
#Electric #EVCharging https://t.co/dmlyPihSNf",1549490522775240704,apogeecharging,1508506549265780736
"Businesses of all sizes can benefit from fleet electrification. Our operating system and load balancing capabilities make it easy to convert to electric fleets. Click the link to learn more!
https://t.co/Eg5plsVXLo
#fleets #Electric #EVCharging https://t.co/FulTUdVnk4",1549115588286431238,apogeecharging,1508506549265780736
"The most popular place EV drivers stop to fill up their battery is at home but people living in condos or apartments don't have ways get that luxury. Click the link to learn more about charging at MUDs
https://t.co/QGCoBYhBvp
#Electric #EVCharging https://t.co/QokBzbGyKE",1548750675194118145,apogeecharging,1508506549265780736
"We have EV charging solutions for our individual clients needs! We have customized turn-key solution to fit any organization. Click the link to find your solution.
https://t.co/xlGzdOMGZm
#Electric #EVCharging #Solutions https://t.co/kZOZfb1eVY",1548388269624201217,apogeecharging,1508506549265780736
"Keep your building up to code with Action Services Group. We provide on demand services for emergency services, fire marshal, exit and lighting violations. lick the link to schedule a call to talk to one of our specialists!
https://t.co/n1OM6gp7Eq
#ElectricalServices https://t.co/7LZzcwGXgH",1548305217191440384,apogeecharging,1508506549265780736
"EV chargers can bring a variety of benefits to schools. Click the link to learn how EV chargers can increase revenue for schools and universities.
https://t.co/MI0HAeDHgB
#School #EVChagingStations https://t.co/ZaEadsvzYg",1547999476400267271,apogeecharging,1508506549265780736
"More and more businesses are adding EV charging to their locations to attract customers and boost employee amenities. Check out how you can incorporate EV charging stations into your business!
https://t.co/Jy9klGoqBD
#Businesses #EVCharging #Electric https://t.co/DIaFgaJjVE",1547662260151078912,apogeecharging,1508506549265780736
"EV charging operating systems for be quick for drivers to navigate and easy for charging station managers to oversee. Learn about the Noodoe EV OS and all the benefits it comes with!
https://t.co/5WsjCEdx6O
#OperatingSystem #EVChargingStations https://t.co/JjXb8DibgD",1546951297986961416,apogeecharging,1508506549265780736
"The monthly Electric Vehicle Newsletter provides you with the latest industry news and intel on electric cars and charging stations. Click the link below to sign up!
https://t.co/IJ2IA9amQ4
#Newsletter #EVChargingStations #ElectricCars https://t.co/8rHeLBAQnI",1546587638769111040,apogeecharging,1508506549265780736
"Noodoe's DC Fast charging is one of the fastest charging stations on the market with 20% faster charging than its competitors. Check out the benefits to Level 3 fast charging with Apogee Charging Solutions
https://t.co/QgYrE8RIuI
#EVChargingStations https://t.co/GJSE0qI808",1546221490227609600,apogeecharging,1508506549265780736
"Level 2 AC chargers are reliable chargers that can be adapted for any business models or needs. Check out our AC charging models to see what one is bets for you.
https://t.co/xK4Ma1ebyU
#ACChargers #EVChargers https://t.co/w31x7CPq7l",1545857825871642624,apogeecharging,1508506549265780736
"At home is the spot EV drivers charge their vehicles the most. Make sure you have reliable charging in your driveway or garage. Click the link to schedule a call with our Apogee specialists to learn more!
https://t.co/l06t7aNP5f
#Electric #ElectricCars https://t.co/C2A8xWc5TI",1545492941514342406,apogeecharging,1508506549265780736
"Your EV has more power than you think. Check out our latest blog to see how you can make money off your electric vehicles power and turn it into a virtual power grid!
https://t.co/7jG8giivdf
#Electric #ElectricVehicles https://t.co/WLQcTDJMr1",1545057560964714496,apogeecharging,1508506549265780736
"EV charging at schools, colleges or universities can bring a lot of benefits like improving employee benefits to becoming a more energy-efficient institution. Click the link below to schedule a call with one of our EV charger experts.
https://t.co/QAI4VvFMpx
#EVChargingStations https://t.co/KsVy8xbpbJ",1544740469665562624,apogeecharging,1508506549265780736
"If you're considering installing EV charging stations on your facility or property, there's a few questions you should ask first. Check out our eBook to know the steps of having EV chargers.
https://t.co/6AE0IWXydJ
#EVCharging #Electric https://t.co/VayTT6sk0g",1544344104217104384,apogeecharging,1508506549265780736
We hope everybody has a happy and safe holiday! https://t.co/Ja7HPkpCeF,1543970400039747586,apogeecharging,1508506549265780736
"The need for EV charging in municipalities grows as the market for electric vehicles is increasing in recent years. Learn how EV chargers can be installed int your town and how it can benefit you.
https://t.co/yakJjKUodQ
#Electric #EVCharging #ElectricCars https://t.co/Q5ei8tk7Ut",1543623113723740168,apogeecharging,1508506549265780736
"Businesses of all sizes are electrifying their fleets. Fleet electrification can help businesses save money while being energy efficient.
https://t.co/V7cc6OCN9O
#Electric #EVChagring #Fleets https://t.co/0pl5zh4cgo",1543278409891168257,apogeecharging,1508506549265780736
"AC charging is commonly used for businesses, living spaces and workplaces. Now there's an even faster AC charging option for your vehicle.
https://t.co/2M4dKW9zJk
#EVChargingStations #Electric https://t.co/0bI9iOXVV6",1542898330912653312,apogeecharging,1508506549265780736
"Level 2 AC charging stations are perfect for residential lots, parking garages and commercial plazas. Check out the benefits they can bring for the drivers and the charging stations managers.
https://t.co/fLTa9qcret
#ELectric #EVCharging https://t.co/IpML8jnhwg",1542518326953291779,apogeecharging,1508506549265780736
"The EV market is rising which means more businesses and facilities are installing charging stations on their properties. Is it time for schools and universities to pick up on this trend as well?
https://t.co/Qlio1XPDa1
#EVCharging #Electric #ElectricCars https://t.co/Gqm1UQwQc5",1542236547893821442,apogeecharging,1508506549265780736
"EV chargers can be used for a variety of business models. Check out our EV charger solutions to find the right fit for your business model.
https://t.co/5pTjuA5Y7V
#EVChargers #Electric https://t.co/PBx1e31hkA",1541791056253124608,apogeecharging,1508506549265780736
"More businesses are installing EV charging stations to attract customers and provide charging availability for their employees. Apogee Charging Solutions offers charging options for every business type!
https://t.co/wR51y8LUNb
#Electric #EVCharging https://t.co/ou4S555CVt",1541482753086078976,apogeecharging,1508506549265780736
"Noodoe EV OS provides smart charging advantages for drivers and charging station managers. Learn more about what our operating system can do for you!
https://t.co/bK9x2lcxON
#Noodoe #Electric #EVChargingStations https://t.co/wkWV0ILXlE",1541117851851005952,apogeecharging,1508506549265780736
"Commercial organizations across the country are choosing Level 3 DC fast chargers to install at their facilities over other types. Check out the benefits of DC fast chargers.
https://t.co/cEFmSlHCER
#EVChargers https://t.co/dsDgCDpCCD",1540706423843201029,apogeecharging,1508506549265780736
"Companies are all catching on to the EV evolution by converting electrifying their fleets. Is it time for school districts to begin the process of using electric school buses?
https://t.co/CZesVriRnP
#Electric #EV #Fleets https://t.co/nh4CV6eC5N",1540341513053405184,apogeecharging,1508506549265780736
"AC chargers have versatile options that provides great charging for drivers and easy to operate for charging station managers. Check out the different models that you can choose from!
https://t.co/t88B6qpwco
#Electric #EVCharging https://t.co/XUElI2aGpx",1540032033292193792,apogeecharging,1508506549265780736
"Our nations highways require more public access charging for long distance EV drivers. Click the link to learn about the National Electric Vehicle Infrastructure Formula Program that is helping provide more public EV chargers.
https://t.co/XHKfemkcjx
#Electric #EVCharging https://t.co/PuMRoEVG8i",1539654613531508736,apogeecharging,1508506549265780736
"Catch up on the latest #Electric #Vehicle #news. Here is what is happening in the industry: battery shortages halting vehicle production, superchargers along the highway and hybrid #firetrucks!

📰 Subscribe to EV radar in your email inbox.
https://t.co/v7KWx3Mz3L https://t.co/XsUhIuNBPx",1539630959192150016,apogeecharging,1508506549265780736
"Workplace charging has become a necessity with more drivers switching to electric vehicles. Check out our ebook about why and how your workplace can accommodate EV charging stations.
https://t.co/fVM4QtISo2
#Electric #EVCharging https://t.co/nKUrlXByZp",1539307243736543232,apogeecharging,1508506549265780736
"Most of the time drivers are charging their electric vehicles, its at home. Apogee Charging Solutions offers a wide range of options for your at home charging. 
https://t.co/yZTSkUZiQ8
#EVCharging #ElectricCars #Electric https://t.co/BdfsNccZo4",1538944878620573696,apogeecharging,1508506549265780736
"Adding EV charging stations to your academic campus helps promote sustainability and energy-efficiency within the school. Click the link below to learn about the other benefits of charging stations where you learn!
https://t.co/7le2k1DhRR
#Electric #Energy #ElectricVehicles https://t.co/NLwsMdIubC",1538581145490804737,apogeecharging,1508506549265780736
"Municipalities adding EV chargers around their towns can have huge benefits to their community. Click the link below to learn how you can implement EV charging stations in your area.
https://t.co/4axkXHfnb1
#EVChargingStation #Electric https://t.co/Pos0I6wdnD",1538217507760250881,apogeecharging,1508506549265780736
"The rise of electric vehicles means the EV charging network across the country is growing but there are a lot of misconceptions about EVs and EV chargers. Read our latest blog to learn whats true and false.
https://t.co/ENTzJL3a54
#Electric #EVCharging #ElectricCars https://t.co/GpxaRg9NRt",1537872836945133568,apogeecharging,1508506549265780736
"Apogee Charging Solutions can help you take control of your fleets EV charging needs. Learn what benefits you could gain with fleet electrification.
https://t.co/2lzD3Fnbfc
#Fleets #Electric #EVCharging https://t.co/yOFeg0R6KH",1537492715457368072,apogeecharging,1508506549265780736
"The EV revolution is here! How did this revolution start and why? Click the link to learn more about what is fueling the rise in the EV market.
https://t.co/zUJsVsUlOe
#Electric #EVCharging #ElectricCars https://t.co/gTMsWxm6Em",1537163216475803650,apogeecharging,1508506549265780736
"EV charging stations are in more demand than ever with the rise of electric vehicles. Lots of campuses have been installing them for students and staff, but what are the benefits to them?
https://t.co/h5wKcGoBQU
#School #Electric #EVChargers https://t.co/KtM8QfTlcW",1536770766355763200,apogeecharging,1508506549265780736
"Single family homeowners are able to install EV charging stations right onto their properties, but what do EV drivers do who live in an apartment or condominium? Click the link below to find the solution for multi-family dwellings and EV charging.
https://t.co/mTrIuvVYcw https://t.co/ol63uYSU9V",1536429460811038720,apogeecharging,1508506549265780736
"Our EV charging solutions are customized to your needs to help find success in all types of organizations. Learn how we can help your organization by clicking the link below.
https://t.co/Jy9klGG20d
#EVCharging #EVChargingStations https://t.co/6FpV2Ukp2H",1536065816617271299,apogeecharging,1508506549265780736
"No matter what type of business you own let Apogee help you find the EV charging solution that fits your needs. Check out how EV charging can help your business.
https://t.co/Jy9klGG20d
#Electric #EVCharging https://t.co/gd7LgughBL",1535703425152851969,apogeecharging,1508506549265780736
"When choosing an operating system for your EV charging stations, you want one that's simple to use as a manager and for drivers. Learn about the benefits of Noodoe EV OS and how it can help you with the link below.
https://t.co/E8YVBBEMVg
#Electric #EVChargingStations https://t.co/4kMvwG7ter",1535339768174759937,apogeecharging,1508506549265780736
"Discount codes are implemented in purchases all over the internet, including EV charger payments. Click the link to learn more about charging station payment options and their discounts!
https://t.co/PVPk5uW59I
#Electric #Discounts #EVChargingStations https://t.co/e9bYXF0chX",1534958786116476929,apogeecharging,1508506549265780736
"A Pennsylvania college installs new EV charging stations. The first publicly accessible charging stations in their city. Learn more about Albright College wit the link below.
https://t.co/aqdSgY23e5
#College #Electric #GreenEnergy https://t.co/0EhGqti9IH",1534596631672266752,apogeecharging,1508506549265780736
"The state of Missouri received almost $1 billion in federal grants to expand their EV charging infrastructure and provide more public charging accessibility. 
https://t.co/hrdOA9w7OD
#PublicEVCharging #Electric #ElectricCars https://t.co/VRSaie850Q",1534249006548787202,apogeecharging,1508506549265780736
"A non-profit in Colorado is spreading awareness of the necessary places that EV charging stations are needed. Click the link to learn more.
https://t.co/8UZosc56A0
#EVChargingStations #EV #Electric https://t.co/1WCNTXkkUL",1533890224924856324,apogeecharging,1508506549265780736
"Multi-family dwellings is parts of New Jersey are receiving new EV charging stations thanks to an over $1 million grant. Click the link to read the full story.
https://t.co/LWjMiGxJFD
#EVChargingStations #Electric https://t.co/h8sPKZ9LpX",1533527837193420804,apogeecharging,1508506549265780736
"Our monthly newsletter provides recent news and intel on the EV charging industry. Click the link to sign up and see our latest blogs and news posts.
https://t.co/Vfre0RWmcC
#EVMarket #Electric #ElectricVehicles https://t.co/u8SrY9sqRI",1533086248381865987,apogeecharging,1508506549265780736
"Employees are attracted to companies that providing sustainable amenities. Check out our latest blog for why employees want their workplaces to have green energy.
https://t.co/xIQJY81fRI
#GreenEnergy https://t.co/ZC2kKDACnF",1532784433249628162,apogeecharging,1508506549265780736
"Level 3 DC Chargers provide fast charging to drivers on the go. Click the link to find out how Level 3 charging can help you.
https://t.co/Ytq4UqrZXl
#Electric #EVChargingStations https://t.co/rPZHfVp4zQ",1532422053239869443,apogeecharging,1508506549265780736
"Installing EV charging stations to your property can be a stressful process. The first question that comes to some ones head when considering it; How many do I need? Let us help you find the answer.
https://t.co/UPIxYbu4FP
#Electric #EVCharging https://t.co/xySZgGKTkg",1532089656443027457,apogeecharging,1508506549265780736
"Level 2 AC chargers have a versatile software and infrastructure to make managing easy for owners and charging process simple for drivers. See what charging station is best for you!
https://t.co/NvYgaSFY21
#Electric #EVCharging https://t.co/1LH2sTegGm",1531697147686567938,apogeecharging,1508506549265780736
We hope everyone has a happy and safe Memorial Day from Apogee Charging Solutions! https://t.co/Q6pMMBAcNh,1531334898140823554,apogeecharging,1508506549265780736
"When drivers purchase an electric car, the place they will spend the most time charging is at home. Be sure you have the best charging option for your house. Learn more about how to set up your home for EV charging.
https://t.co/05IKvMJYN4
#Electric  #ElectricCar https://t.co/AwVWw4MNEM",1530911954004582400,apogeecharging,1508506549265780736
"Attract new talent to your campus with EV charging stations. Learn about the benefits schools of all academic levels can get from installing EV charging stations.
https://t.co/VIxj3ygrnB
#Electric #EVChargingStations https://t.co/l038OvQM6a",1530549568764526593,apogeecharging,1508506549265780736
"College students are starting to go green and universities need to evolve to become more environmentally friendly. Read our latest blog to learn why EV chargers are needed on campus.
https://t.co/XLzrJWWZr8
#Electric #EVChargerd #ElectricCars https://t.co/zPjU2FthKf",1530202331681284097,apogeecharging,1508506549265780736
"Municipalities installing EV charging stations can have lots of positive outcomes for the community. Attract new residents or businesses to your town or city with EV charging! Click the link to learn more.
https://t.co/wWWeOb0Xmp
#Electric #EVCharging https://t.co/RMfjxIrMn7",1529885343968808960,apogeecharging,1508506549265780736
"EV charging stations are able to boost the reputation of a college or university. They can help attract new talent, save money and help the environment. Check out our new blog to see how your campus can benefit.
https://t.co/zZtPgc3VGC
#Electric #EVChargers #University https://t.co/G0nyTqcZQQ",1529522933655388161,apogeecharging,1508506549265780736
"Now that EV sales are rising, having charging options for apartments and condos are a necessity. Legislation is being put forth to ensure EV charging barriers for MUDs are being broken down. Click the link to learn about it in our latest eBook
https://t.co/trldwKdtQX
#Electric https://t.co/WOJc1Wzihw",1529175477377810432,apogeecharging,1508506549265780736
"Fleets of all sizes have the ability to be electric. Fleet electrification can help promote energy-efficiency and save money. See how you can electrify your fleets today.
https://t.co/x857LO5zCt
#Fleets #Electric https://t.co/lUqgiT0gtI",1528767873107238912,apogeecharging,1508506549265780736
"The rise in EV chargers means more people will need access to charging stations in their homes. For residents of apartments or condos, it can be a challenge. Let us find your solution! 
https://t.co/VxR7BWeNdz
#EVCharging https://t.co/6wBljbHEmI",1528383936530944004,apogeecharging,1508506549265780736
"Apogee Charging Solutions offers EV charging options that are customized to your needs for a variety of organizations. Click the link below to learn more!
https://t.co/t6Gvt6avWQ
#Electric #EVCharging https://t.co/wQJDOx0KYD",1528020324117250049,apogeecharging,1508506549265780736
"Retail stores can attract customers to their stores and help encourage purchases to be made while they wait for their vehicle to charge.
https://t.co/zhY2yhRhUD
#Electric #EVChargingStations https://t.co/M1VpONrhnL",1527650622329303041,apogeecharging,1508506549265780736
"Apogee Charging Solutions can customize the charging needs to any business model. Improve customer and employee experience with EV charging stations at your business.
https://t.co/M8rmFggpdc
#Electric #EVCharging https://t.co/AUP6UJjJxA",1527348537360470021,apogeecharging,1508506549265780736
"The two places EV drivers charge up is at home and at work. With EV sales rising in current markets, the need for charging stations at places of employment is a bigger necessity than before.
https://t.co/H8HXCaKahE
#EVCharging #Electric https://t.co/Lt54etNKBn",1526986054347411457,apogeecharging,1508506549265780736
"The Noodoe operating system makes EV charging simple to use for drivers and easy to manage for charging station managers with its seamless payment options and funds transfers. See what the Noodoe EV OS can do for you!
https://t.co/MYwo8iZClh
#EVCharging #Electric https://t.co/PcwGeo5wQe",1526638700851077125,apogeecharging,1508506549265780736
"Noodoe level 3 DC chargers allow for  some of the fastest charging speeds on the market that is simple to use for managers and drivers. Click the link to schedule a call to speak with our representatives about DC charging.
https://t.co/PGhfpm1TDI
#Electric #EV #EVChargingStations https://t.co/lLd6Eo5XJz",1526231111751417858,apogeecharging,1508506549265780736
"Our level 2 AC chargers can be used for a variety of business models for reliable charging that benefits the charging station managers and drivers. Click the link to view our level 2 AC charging products!
https://t.co/awXCAmy3SM
#Electric #ElectricCars #EVChargers https://t.co/dz8FgkJn1U",1525838496392421382,apogeecharging,1508506549265780736
"Homes are one of the most common places for EV drivers to charge up their vehicle. Apogee Charging Solutions can complete your home with commercial charging speeds right in your driveway. Click the link to learn more.
https://t.co/iUiWkUZSm0
#ElectricCars #Electric #EV https://t.co/QLWUTOvfsU",1525476083822473217,apogeecharging,1508506549265780736
"Electrifying your fleet, no matter how big or small, has financial benefits for your company and promotes energy-efficiency. Check out our latest blog post to see why you should electrify your fleets!
https://t.co/eWcillhwUa
#Electric #Fleets #ElectricVehicles https://t.co/UuwOlphMXv",1525174345705873410,apogeecharging,1508506549265780736
"The initial installation cost of EV chargers for parking lots can be steep. Check out our latest blog with industry tips on how to lower the installation costs.
https://t.co/679s6Eeoj2
#ElectricCars #Electric https://t.co/UFHjUW08w8",1524811873656389635,apogeecharging,1508506549265780736
"EV chargers have huge educational benefits for schools of all grade levels.  Click the link to see how EV chargers impact students, admin and educators. 
https://t.co/12mpYrHZNs
#Electric #ElectricCars https://t.co/kJHSaQMxGr",1524404048207794177,apogeecharging,1508506549265780736
"While the public EV charging station infrastructure catches up to drivers demand, Automakers are improving their EV range so drivers have less stops. Click the link to read more.
https://t.co/bBf4f2LlLx
#ElectricCars #EVRange https://t.co/kyr1zGpgHP",1524102149474553858,apogeecharging,1508506549265780736
"The demand for electric cars is on the rise and automakers are rolling out new and improved electric models. See what is coming out this year!
https://t.co/NIuapm25fk
#ElectricCars https://t.co/0lN6yYIdeM",1523694633938731008,apogeecharging,1508506549265780736
"Electric cars have been around for a while, but what is drawing consumers in now? Click the link to find out what's changed in the car market.
https://t.co/xxoA9Aq7NF
#electriccar #ev https://t.co/mvPwAzQdkn",1523302009494917120,apogeecharging,1508506549265780736
"Public EV charging stations aren't always easy to find. Electric car drivers have a variety of apps and websites to help them plan where to stop during trips.
https://t.co/dukZP60h6Z
#electric #electricvehicle https://t.co/ygXkrFPs2E",1522939458479587328,apogeecharging,1508506549265780736
"Businesses of all sizes can electrify their fleets. Check out our latest blog to check out how you can start the process!
https://t.co/4iC5bTI9om https://t.co/bAiaA9T0xx",1522637527718506501,apogeecharging,1508506549265780736
"Apogee Charging Solutions offers a full line of EV chargers for the Education Sector, with national turn-key solutions customized for you.
https://t.co/6fbLj7XUJ6
#ElectricCar #Education https://t.co/IV6qT1caCM",1522287546830667777,apogeecharging,1508506549265780736
"The electric vehicle range is being improved by automakers to make driving long distances easier for newer models. Click the link to learn more about EV range.
https://t.co/kmbSrRu6wT
#EV #Electriccars https://t.co/TAppqubyZg",1521867429911138304,apogeecharging,1508506549265780736
"Municipalities installing EV chargers helps the town attract and retain residents and visitors. Click the link to see what solutions we have for municipalities looking to have public EV chargers.
https://t.co/eVJcvcRbaZ
#EV #ElectricCar #electric https://t.co/P1VH4s4QgC",1521520099726929922,apogeecharging,1508506549265780736
"Switching to a new fuel source can raise lots of challenges. Luckily, we have solutions for you. Click the link to read our latest blog answering all of those lingering questions about EV chargers for drivers.
https://t.co/aftFD3UVGt
#Electric #ElectricCar #EV https://t.co/D7V0B5vXX5",1521157912542040064,apogeecharging,1508506549265780736
"Companies all over the country are converting their delivery vehicles over to electric fleets. Apogee Charging Solutions can help you with that transition by finding a charging solution tailored to your needs.
https://t.co/almr3tWGDt
#EV #Electric #ElectricVehicles https://t.co/g7GOjSyNX7",1520790195771260929,apogeecharging,1508506549265780736
"With the number of #ElectricCars on the rise, EV charging in apartments and condos are becoming more of a necessity for residents. Click the link to learn how Apogee Charging Solutions can tailor charging needs to your facility.
https://t.co/won7Oq5RLN
#Electric #EV https://t.co/wVkXQdwUTH",1520402693445013506,apogeecharging,1508506549265780736
"Find your EV charging solution with Apogee Charging Solutions! We customize solutions to fit your needs with a fully turn-key EV charging experience. Click the link to learn what we can do for you.
https://t.co/Y1zPzFfVeR 
#Electric #EV #ElectricCar https://t.co/VVaiZ2PHZs",1520061627340673030,apogeecharging,1508506549265780736
"Apogee Charging Solutions can adapt EV charging needs to any business type that can benefit the business, customers and employees. Schedule a call to uncover your charging solutions for your business.
https://t.co/HWpPQo62vd
#electric #EV #ElectricCar https://t.co/IZp2vWdaPP",1519738367499452417,apogeecharging,1508506549265780736
"Apogee Charging Solutions can help install EV chargers for various business models. Read our latest blog to learn how EV charging can be adapted to an educational campus.
https://t.co/nBECDKUv32
#electric #electricvehicle #college https://t.co/OHvMXWtcCK",1519339344649236480,apogeecharging,1508506549265780736
"Our latest ebook tackles myths and sets the record straight about how multifamily dwellings can benefit from ev chargers.
https://t.co/gfGmDsundE
#electric #ev https://t.co/OmBzx2qJKZ",1518953223754858500,apogeecharging,1508506549265780736
"Apogee Charging Solutions offers the most advanced EV Charger Operating System on the market today. Check out everything it can do for you!
https://t.co/lxwzUkOCkh
#electric #electricvehicle #ev https://t.co/SFeMhXybi2",1518622131898232834,apogeecharging,1508506549265780736
"If you're on the market for a fast charger for your electric vehicle. Apogee Charging Solutions has a level 3 DC chargers that offers 20% faster charging than any other chargers.
https://t.co/N2SA8xul6t
#evchargers #electricvehicles https://t.co/afynVDpzZl",1518244669821526017,apogeecharging,1508506549265780736
"Our level 2 AC chargers use the most advanced cloud-based operating system. Click the link below to learn about how an AC charger can benefit you.
https://t.co/LmgeFuWxTX
#evchargers #electriccars https://t.co/osz98wjV15",1517875992752234506,apogeecharging,1508506549265780736
