full_text,tweet_id,screen_name,user_ID
"Even Harvard, Notorious For Being a Dem University, Study Destroys January 6th Committee: By it's Correct Definition, Does Not Believe Trump Started an Insurrection...
https://t.co/5ZOGNrkK3J",1554562618798460928,rapture3169,15088605
"The Most Romantic Small Towns in the U.S.
https://t.co/7gNI9RBm4v",1554559761202368513,rapture3169,15088605
"Our Lollapalooza Guide From ’92 Was A Tribute To An Age Of Grunge Innocence
https://t.co/Au0rjZnt3b",1554559303305965568,rapture3169,15088605
"Loch Ness Monster Existence 'Plausible' After Incredible Discovery
https://t.co/U2H2kgcBqM",1554558684490977281,rapture3169,15088605
"presidents now (29%), he's so easily duped by dark tares to do everything wrong! With the worst being coming up w/ more &amp; more ridiculous BS trying to start WW3! https://t.co/cDUR1wsXbP",1554556463363698688,rapture3169,15088605
"prince, &amp; whitney houston. Dem early released criminals also killed a part of Jennifer Hudson's family, burned the inside of Oprah Winfrey's $10M mansion in montecito, CA, &amp; started many other CA fires!

That's the real reason Biden has the lowest approval rating ever of all US",1554556325702410240,rapture3169,15088605
"covid! Since they knew it would eventually get to the US, obamacare was started. Unfortunately it used dem lawyers pretending to be doctors that got tons of pills given to dem early released criminals that got greedy, oversold the pills &amp; caused the OD deaths of: michael jackson,",1554556283939917829,rapture3169,15088605
"aka covid. 

So they knew it started in Africa since the Obama admin! Most covid infected, deaths, &amp; mutations also proved it. 2nd blacks in NY. 3rd latinos in NY. that's contact tracing. The ones jinx taught to blaspheme against me the most, got infected &amp; died the most due to",1554556238922272769,rapture3169,15088605
"3rd anti-christ when it was Obama's plan &amp; it was al quida Jinx that badly influenced him to start most wars even most wars in Africa that cursed Africa w/ covid &amp; that's why $3.7M was given to the wuhan lab in China to find cures for Africa's worst diseases: AIDS, Ebola, &amp; SARS",1554556195167358976,rapture3169,15088605
to instead give funds to muslims that got to palestinian terrorists hands that used it to get arms to attack Jews in Israel! Worse Biden wants to restart Obama's Iran Nuke Deal that would allow Iran to make nuke weapons that may be used to attack Israel making Jews think he's the,1554556149281632256,rapture3169,15088605
"dark tare arsonists claiming it was for slavery when no living black is a slave &amp; blacks now get overpaid in: music, sports, TV, movies, military, government, business, illegal drug trafficking, sports scholarships, &amp; even black credit cards!

Biden was also duped by dark tares",1554556102099886082,rapture3169,15088605
"Warriors are gay when they are not. They are a native american indian organization that take great offense to being called gay. Biden was also duped by dark tares to instead of given reparation funds to the native american indian victims, blacks tricked him to give funds to the",1554556058651136000,rapture3169,15088605
"to get guns. That's why the event was to feature almost all female DJ's as charlie's intelligent angels (5 from the ukraine) &amp; I would close (not open as dark tares lied about) as DJ charlie of charlie's intelligent angels. 

But instead dark tare duped Biden to believe Rainbow",1554556013742764032,rapture3169,15088605
"fresno police to deter dark tare illegal drug trafficking, thefts of all kinds, &amp; jumping, mugging, &amp; raping of women they were synonymous with. In fact, that was another part of reparation plans for Rature: reparation for dark tares jumping a record number of women causing them",1554555970478452736,rapture3169,15088605
"command) but instead blacks duped biden to believe it was to be a rave when it was not because they knew biden was behind the anti-rave legislation. The real reason they did so is I chose fresno mayor jerry dyer, a former fresno police chief, to oversee funds &amp; security plans w/",1554555922382434304,rapture3169,15088605
"California. Only difference, whites used blacks to burn indian land to steal indian land! 

Rapture was to be reparation for blacks repeatedly burning CA indian land since 2003 (when i started west coast homeland security &amp; went from northern command to central california central",1554555878249967616,rapture3169,15088605
&amp; then migrated south to be native american indians! This would make whites &amp; blacks the illegal immigrants that used the white lie claiming indians are savages to justify genocide of the indians pushing indians further &amp; further west. It doesn't get any further west than,1554555813422702592,rapture3169,15088605
"did CA pool parties since 1989 when my family moved from OH to CA although I've got relatives here since the 1800's that built America up since the railroads in the 1800's! 

But really asians crossed the land bridge over 4000 years (over 2000 years before christ) became eskimos",1554555771026677761,rapture3169,15088605
"farce so Biden, Newsome, or Obama can steal the funds like they did last time when over over $400M jackpot was taken w/ no winner? Ironically, the one that got 5 numbers right at Vonns in north fresno, CA is right by where my parents lived (before retiring &amp; moving to Vegas) &amp; we",1554555711778000896,rapture3169,15088605
"The official draw results show nobody got all numbers &amp; mega right to win $1.28B jackpot. But recently a report claimed someone in IL (where Obama used to be senator for) won. If that's right, why hasn't this been updated on the official site? Is is a 
https://t.co/5jNPIMGPpN",1554555667414781952,rapture3169,15088605
Buenas tardes 🤍 https://t.co/FPUPZPydpy,1554555457611526144,rapture3169,15088605
"Uplifting Trance Radio · 24/7 Live Stream
https://t.co/sxZzhaGVVS",1554186945311301632,rapture3169,15088605
"Sunrise Festival 2022 - Paul Kalkbrenner
https://t.co/GvG7JI26Ge",1554186300814532704,rapture3169,15088605
"Super8 &amp; Tab (3 Hour Anjunabeats Classics) - Live from the Luminosity Beach Festival 2022 #LBF22
https://t.co/hkaSuecX02",1554184224143720448,rapture3169,15088605
"Did I Dream (DJ Tiesto Remix)
https://t.co/Z1z3q9UBpB",1554182721483599872,rapture3169,15088605
"Today is the first day of the rest of your life. Live each day as if it were your last

❤️🧡💛🧡❤️ https://t.co/hpaNurk0T7",1554181032202555392,rapture3169,15088605
Girl : 145 https://t.co/8CQmzhJTjG,1554181021632909313,rapture3169,15088605
Later ❤ https://t.co/XcU7MWZpYm,1554181008647282688,rapture3169,15088605
Summer 🌞🌊💦🏖 https://t.co/LtZExMFrr6,1554180995108065281,rapture3169,15088605
Girl : 142 https://t.co/H9icOvtLUk,1554180978003755008,rapture3169,15088605
® https://t.co/UaAvnHkRd5,1554180962182782976,rapture3169,15088605
"🌞🌊💦🌊💦🌊💦
           Beautiful day 🌞🌈 Summer https://t.co/ehSzLaOELW",1554180949058805761,rapture3169,15088605
🇵🇦 Jordana Brewster (2011) 🔥 https://t.co/UPaGzCHr6J,1554180934001315840,rapture3169,15088605
🖤💯🖤 https://t.co/JszLucVjX9,1554180913214345216,rapture3169,15088605
🇮🇱 Natalie Portman (2010) 🔥 https://t.co/cse7yVJ18c,1554180895996669952,rapture3169,15088605
🍑🍑🍑 https://t.co/osbYJXUDS4,1554180874106654720,rapture3169,15088605
Summer 🌞🌼🌞  Enjoy 💚🌴💚 https://t.co/HbmW8STzpC,1554180856901537792,rapture3169,15088605
"It’s MONDAY !!

One day that lasts 50% Longer than any other and requires 100% more Coffee ☺️☕️☕️☕️☕️☕️☕️☕️ https://t.co/KhrWzJkOiw",1554180838283128832,rapture3169,15088605
Girl : 139 https://t.co/MQzWIoJu8H,1554180826476056583,rapture3169,15088605
LUCY LIU https://t.co/9BQgGL0Yj8,1554180816208400385,rapture3169,15088605
💚💜💙🌿  Good afternoon 🌼💕 https://t.co/0my0ewhWcq,1554180799829725185,rapture3169,15088605
https://t.co/NxJhEYEoz0 https://t.co/1xzWyb2Nla,1554180783195037698,rapture3169,15088605
JESSICA SIMPSON https://t.co/nKxVnfKr0I,1554180769123147777,rapture3169,15088605
😈 https://t.co/MJUGR23xel,1554180756200558593,rapture3169,15088605
Happy new week sweet-tweets 💖💖 https://t.co/LMjKS3LsoB,1554180743684771841,rapture3169,15088605
"Good morning sweethearts 
☕☕.                          ♥️♥️ https://t.co/gVm0qPQWxn",1554180723765981184,rapture3169,15088605
Enjoy your day sweet hearts 💙 https://t.co/gKh1mDWJsn,1554180704908374016,rapture3169,15088605
"Good Morning gorgeous friends ☀️

Make Today Another Wonderful Day 💋 https://t.co/C2YX3dm93j",1554180692182913024,rapture3169,15088605
® https://t.co/NvgVMD0kBl,1554180677016334336,rapture3169,15088605
"💞
❤️❤️❤️ https://t.co/84la1z2xw9",1554180658871672832,rapture3169,15088605
"#TwitterFriends
#BeHappy https://t.co/izDTiwtlJv",1554180644913131520,rapture3169,15088605
Good monday 💐🤍🤍 https://t.co/qHx0OnR05M,1554180622821732352,rapture3169,15088605
💞 https://t.co/MSiYUwvzl0,1554180605247516672,rapture3169,15088605
MELISSA RAUCH https://t.co/EVPW4vjnQF,1554180586649972736,rapture3169,15088605
Happiness comes in waves...    #beauty #beach https://t.co/99fu1bLH2P,1554180572095791104,rapture3169,15088605
💞 https://t.co/0Jw8Iq7ugu,1554180555540815872,rapture3169,15088605
All Good You Do Comes Back 2 U 💐🌈🎉 https://t.co/2kl2ett3Rs,1554180538411298817,rapture3169,15088605
"╲ \ ╭ ┓
╭ ®️╯Hello everyone 
   #VikiStern 🖤 https://t.co/W7h9Qht6St",1554180513748766722,rapture3169,15088605
Witam 💕 https://t.co/2rkZYU9N9n,1554180501132304384,rapture3169,15088605
Happy. New month famz 🥰😍🥰 https://t.co/dMxQjznRCm,1554180483809886208,rapture3169,15088605
"╲ \ ╭ ┓
╭ ®️╯Hello everyone 
   #VikiStern 🖤 https://t.co/dSIr7x1cqE",1553872750304845824,rapture3169,15088605
JENNIFER LOVE HEWITT https://t.co/J08ia2V6Rm,1553872733049462784,rapture3169,15088605
Happy Relaxing Sunday 🥰♥️💋 https://t.co/1o6YNziQLn,1553872719006994432,rapture3169,15088605
💕 https://t.co/HdQcNPRw2Z,1553872698542944256,rapture3169,15088605
Buenos días ☕ https://t.co/OViG8OoqxS,1553872686782111745,rapture3169,15088605
🖤💯🖤 https://t.co/Qw7lmANhVn,1553872669623197696,rapture3169,15088605
"The World’s 50 Best Restaurants 2022: The Full List of Winners
Copenhagen’s Geranium takes the No. 1 spot, with Virgilio Martínez Véliz’s Central in Lima No. 2
https://t.co/x9N9KNl9QY",1553867122790449153,rapture3169,15088605
"200 Greatest Dance Songs (according to RollingStone):
https://t.co/qST5fRV86T",1553866536498081792,rapture3169,15088605
"The freedom of the open road can be intoxicating, but when the options are as endless as the horizon, we could all use a little direction. Rerouting is about following whims down unbeaten paths, whether you’re looking to stop short for roadside attractions
https://t.co/Q3PIbWzau8",1553864594417823744,rapture3169,15088605
seemed more like a planned demolition than a terrorist attack especially when it was discovered Silverstein (the owner of the WTC's) said to 'pull'' WTC 7! That's a demolition term to begin explosive demolition of a building! https://t.co/HPU0lsOOC6,1553847327298703361,rapture3169,15088605
"kamikaze attack to frame Japan for it when in reality the WTC was designed by a japanese american Minori Yamasaki! 

Then they framed Bin Laden for it w/ a video that was severely mistranslated! The ones who were there on 9/11 in NYC &amp; witnessed the buildings go down said it",1553847265437294592,rapture3169,15088605
when dark tares went from car jacking cars to plane jacking planes! Saudi's are so rich they own mostly luxury cars &amp; have no need to car jack any cars &amp; most saudis do not come to the US! The taliban were afghan terrorists not saudis. Also dark tares 1st claimed it was a,1553847223875559424,rapture3169,15088605
"hip hop aside from my getting jumped after a hip hop event in 89 so that if i hear too much crap rap, it makes me puke). And blacks aka jinx's dark tares protested violently against globalization aka world trade also right before 9/11! 

So yes most people in NY know 9/11 was",1553847175175540736,rapture3169,15088605
"live in NY know al quida jinx &amp; his dark tares were behind 9/11 (another reason why there's a $250B US fed bounty on his head). 

They advertised they were going to do it showing the WTC getting blown up on a hip hop album cover right before 9/11 (another reason why I can't stand",1553847097010425856,rapture3169,15088605
"Saudi's wrongly blamed for 9/11 during Golf Event. Former FBI director Mueller testified the saudis were set up, they turned out to be still alive, they had been set up, they were jumped by dark tares &amp; their ID stolen &amp; planted at ground zero! Most who
https://t.co/ZQDOhd3lE2",1553847031050805248,rapture3169,15088605
black teens were black supremist like al quida jinx &amp; the waukesha parade killer who rapped about hating whites &amp; wanting to kill whites before doing it w/ the WI parade tragedy that killed 6 &amp; injured 20! https://t.co/jMmihylGWh,1553842345690275840,rapture3169,15088605
"Black Teens Charged w/ Hate Crime Over Attacks on Elderly. At least they toned down attacks on white kids using the backpack BS to steal backpacks! They also used the opium &amp; backpack BS to steal mail items &amp; break into cars to steal all in the car! The 
https://t.co/8KInvS5QYR",1553842264559849472,rapture3169,15088605
"&amp; over 21M infected globally! That's why despite Biden wearing mask often, getting all his booster &amp; vaccine shots didn't stop it! https://t.co/6Wn3Uddzzq",1553840089628676096,rapture3169,15088605
"suffering Americans!
Biden consistently did everything wrong since he's badly influenced by Obama who is badly influenced by al quida jinx aka the 3rd anti-christ aka the father of lies whose blasphemies &amp; lies about me caused over 1M to die of covid in US alone, over 6M globally",1553839996733247488,rapture3169,15088605
"globally, &amp; over 21M infected globally! That's why despite Biden wearing mask often, getting all his booster &amp; vaccine shots didn't stop it! https://t.co/F4Lp3mjobF",1553829788824920064,rapture3169,15088605
"suffering Americans!

Biden consistently did everything wrong since he's badly influenced by Obama who is badly influenced by al quida jinx aka the 3rd anti-christ aka the father of lies whose blasphemies &amp; lies about me caused over 1M to die of covid in US alone, over 6M",1553829586365870080,rapture3169,15088605
"will kill more ukranians! Unfortunately, recently Biden has sent out more money for Ukraine than suffering americans! And recently his Fed Reserve head raised the interest rate that will raise the interest rate for everything else causing even more financial problems for",1553829449602191360,rapture3169,15088605
"due to so much problems during the holiday season but not w/ Ukraine situation because #1 russians have faster fighter jets giving them an advantage #2 either US or russian fighter jet gets shot down, it will most likely hit a ukraine building that may have ukranians in it that",1553829384556974080,rapture3169,15088605
"national emergency, but Biden has failed each &amp; every time! More recently w/ dark tare fire attacks upon: AZ, NM, HI, &amp; 2 big CA fires! He also failed during TX black-out, mass shootings, &amp; recent floods! I issued one code red for USAF to assist w/ the commercial flight industry",1553829326788784128,rapture3169,15088605
"the opium BS to steal record number of mail items &amp; used the backpack BS to break into cars to steal backpacks &amp; everything in the car claiming they found opium or the dark tare's weed in purses &amp; bags! 

It's actually the US president's #1 job to issue code reds in times of",1553829257457020928,rapture3169,15088605
"traitor to his own people, women, &amp; children since liberal TV idiots pushed the backpack BS that got record number of kids (mostly white) jumped for their backpacks by black kids! black kids even bullied sinead o'conner's son so badly he committed suicide! Dark tares also used",1553825060577611777,rapture3169,15088605
"ones who attacked so many whites) when no single living black is a slave &amp; now blacks get overpaid in: music, sports, TV, movies, military, government, illegal drug trafficking, sports scholarships, &amp; even black credit cards! As a result most white americans view Biden as a",1553824979799576577,rapture3169,15088605
"use helicopters to pull people out of the fires, more would've died! 

Most of the victims of the fire attacks, lootings, thefts, jumpings, &amp; muggings were white! But instead of doing anything for the white victims, Biden decides to give reparation to blacks for slavery (the",1553824893698859008,rapture3169,15088605
"burned stores, churches, temples, jew student ctr, police HQ, MN, IL, NY, DC, WA, OR, UT, GA, &amp; especially CA causing over $1T property damage, most in US history, 1 fire as big as NYC, burned 3650 homes, &amp; killed over 150. If I hadn't issued code red for CA air national guard to",1553824803127042049,rapture3169,15088605
"ones that did are al quida jinx &amp; his dark tares that taught BLM &amp; antifa to attack 500 cities across the US in 2020 physically attacking preachers, christians, jews, asian americans, mexicans, &amp; women (mostly white causing record number of women to get guns)! They also looted &amp;",1553824698038792192,rapture3169,15088605
"robo-kill w/ drones utilizing cell phone GPS trackin technology!.

The #1 job for the US president is to protect americans. Russia, China, Korea, Vietnam, Iraq, Iran, Afghanistan, the Arabs, Mexico, &amp; Africa have not harmed american soil or killed americans on US soil. The only",1553824612558913538,rapture3169,15088605
"board referred to active duty as dogs &amp; used a lot of anti-asian slurs since he was a part of a black gang that targeted asian americans &amp; asian made cars! As a result, the CIA has assisted tracking dark tares that refer to active duty as dogs &amp; use a lot of anti-asian slurs to",1553824427095142402,rapture3169,15088605
"This makes the dark tares #1 threat to other asian american VIP's like: the rock, keanu reeves, nicole scherzinger, roman reigns, lilly singh, &amp; myself! 

Ironically, one of the dark tare culprits busted for tampering w/ US military copters causing them to crash killing all on",1553824319108657153,rapture3169,15088605
"tares target foreign cars for car thefts, stealing carburators, cutting brakes when unable due to car alarm resulting in deaths of paul walker, driver friend, NFL star, &amp; almost killed Tiger Woods after calling him chigger since his mom's asian &amp; dad was black former US military",1553824253929144322,rapture3169,15088605
"Biden tests positive for Covid again, will restart isolation. May be good allowing Kamala to step up. She knows dark tares had targeted her people: asian american indians that dark tares often confuse as arabs since some indians still wear turbins. Dark

https://t.co/C5FDdnwfwD",1553818511369125889,rapture3169,15088605
"The mega jackpot was at $1.28B, but now it's at $20M when nobody got all numbers right to win it ! So all are wondering who stole the over $1B in lottery funds? Was it Biden? Was it CA Gov Newsome? This happened before when the jackpot was over $400M!
https://t.co/B65sw2mMMm",1553530931163516929,rapture3169,15088605
Life’s a Beach. Enjoy the Waves 💛 https://t.co/qHzNQKAYFg,1553528687852539904,rapture3169,15088605
"These Trump Accusers Have A Very Elaborate Support System For Turning On Trump
https://t.co/6J7yPlYjU5",1553481320034025472,rapture3169,15088605
"officials from hunting them down for attacking 500 cities across the US in 2020 &amp; committing so much domestic terrorism. Luckily, there are real americans active duty, veterans, CIA, cops, &amp; bounty hunters that recall what they had done &amp; will not fall for their BS distractions! https://t.co/dJa8uxYGLO",1553478250600415232,rapture3169,15088605
"cut by the evil dark tares!

Since Russia, China, Germany, Japan, Vietnam, Mexico, Africa, Iraq, Iran, Saudi Arabia, Afghanistan, etc. have not attacked American soil or killed Americans, this is higher priority than trying to start WW3 that only evil dark tares want to distract",1553478202894401536,rapture3169,15088605
