full_text,tweet_id,screen_name,user_ID
cat in a seelve#shorts #catlover #cat #petlovers #littlecat #catbehavior #babycat &gt;&gt; READ MORE https://t.co/afpGn90DHI &lt;&lt; #cat #cats #kitty #catlover #kitten #meow #cute #pet #pets #kittens #catlovers #animals #animal #catlife #kittycat https://t.co/Yylx10iMLN,1554605147896090624,best_catz,1510401076838772736
Warrior Cat Facts 2! &gt;&gt; READ MORE https://t.co/oPaLLbLdvZ &lt;&lt; #cat #cats #kitty #catlover #kitten #meow #cute #pet #pets #kittens #catlovers #animals #animal #catlife #kittycat https://t.co/AGSXCdcciy,1554605127042011138,best_catz,1510401076838772736
cute cat funny moments #viral #shorts #shanta &gt;&gt; READ MORE https://t.co/1lkc3LC4v3 &lt;&lt; #cat #cats #kitty #catlover #kitten #meow #cute #pet #pets #kittens #catlovers #animals #animal #catlife #kittycat https://t.co/ofO7ZkM51u,1554605103226802178,best_catz,1510401076838772736
"This eyeless, hairless cat is the cutest little skeleton l GMA Digital &gt;&gt; READ MORE https://t.co/D4bHvPSE1P &lt;&lt; #cat #cats #kitty #catlover #kitten #meow #cute #pet #pets #kittens #catlovers #animals #animal #catlife #kittycat https://t.co/SzZBrJ4tJ1",1554575027252731905,best_catz,1510401076838772736
Everything you need to know to train your cat &gt;&gt; READ MORE https://t.co/AjOqJuSe3e &lt;&lt; #cat #cats #kitty #catlover #kitten #meow #cute #pet #pets #kittens #catlovers #animals #animal #catlife #kittycat https://t.co/CscdZCMXpE,1554518558763356162,best_catz,1510401076838772736
Cat Facts no 7 #shorts #subscribe #cute #sleeping  #cat &gt;&gt; READ MORE https://t.co/BF5gmPxLxi &lt;&lt; #cat #cats #kitty #catlover #kitten #meow #cute #pet #pets #kittens #catlovers #animals #animal #catlife #kittycat https://t.co/3dlbc0c2xr,1554518538609721344,best_catz,1510401076838772736
cute cat funny moments ️#viral #shorts #shanta &gt;&gt; READ MORE https://t.co/UJvBOVKM7Q &lt;&lt; #cat #cats #kitty #catlover #kitten #meow #cute #pet #pets #kittens #catlovers #animals #animal #catlife #kittycat https://t.co/9xfCRJuUER,1554518513712234504,best_catz,1510401076838772736
30w EL34 JTM45/Hot Cat Inspired Amp – High gain demo &gt;&gt; READ MORE https://t.co/xxkMBbk8Hj &lt;&lt; #cat #cats #kitty #catlover #kitten #meow #cute #pet #pets #kittens #catlovers #animals #animal #catlife #kittycat https://t.co/z4ISNUHp1S,1554518491973263361,best_catz,1510401076838772736
Hurricane Hits Big Cat Rescue &gt;&gt; READ MORE https://t.co/gInWfJv6Gy &lt;&lt; #cat #cats #kitty #catlover #kitten #meow #cute #pet #pets #kittens #catlovers #animals #animal #catlife #kittycat https://t.co/KkqC7V5TAV,1554488259245494275,best_catz,1510401076838772736
What does it smell like?#catfood #catreation #shorts #catbehavior #cutecat #meow #catlover #petlover &gt;&gt; READ MORE https://t.co/WeZZwSg9se &lt;&lt; #cat #cats #kitty #catlover #kitten #meow #cute #pet #pets #kittens #catlovers #animals #animal #catlife #kittycat https://t.co/LnCG3CJMxR,1554456675926540296,best_catz,1510401076838772736
15 Warrior Cat Facts &gt;&gt; READ MORE https://t.co/AyqXklWbd8 &lt;&lt; #cat #cats #kitty #catlover #kitten #meow #cute #pet #pets #kittens #catlovers #animals #animal #catlife #kittycat https://t.co/ZuUIyofWGF,1554456653914849280,best_catz,1510401076838772736
Norwegian Forest Cats Breed – Norsk Skogkatt in Norway &gt;&gt; READ MORE https://t.co/fTmOROq4Lz &lt;&lt; #cat #cats #kitty #catlover #kitten #meow #cute #pet #pets #kittens #catlovers #animals #animal #catlife #kittycat https://t.co/Ccng1juAi7,1554456638278467584,best_catz,1510401076838772736
physics wallah motivational video inspiring video for #iit#neet#jee#shorts#cat#upsc#ssc#nimcet#nda &gt;&gt; READ MORE https://t.co/M9Xs8B5A0m &lt;&lt; #cat #cats #kitty #catlover #kitten #meow #cute #pet #pets #kittens #catlovers #animals #animal #catlife #kittycat https://t.co/9lrpUU6k1g,1554416407030407168,best_catz,1510401076838772736
Cat’s Mortal Enemy is His Frog Toy | The Dodo &gt;&gt; READ MORE https://t.co/B4XnHyf4KH &lt;&lt; #cat #cats #kitty #catlover #kitten #meow #cute #pet #pets #kittens #catlovers #animals #animal #catlife #kittycat https://t.co/utkB20NkBA,1554416388877451264,best_catz,1510401076838772736
More Interesting Facts About Cats #catlover #petlovers #cat #cutecat #catbehavior #catfacts &gt;&gt; READ MORE https://t.co/mnb70hihak &lt;&lt; #cat #cats #kitty #catlover #kitten #meow #cute #pet #pets #kittens #catlovers #animals #animal #catlife #kittycat https://t.co/eGYbgn6aca,1554369876122374150,best_catz,1510401076838772736
10 MOST BIZARRE CATS IN THE WORLD | Furry Feline Facts &gt;&gt; READ MORE https://t.co/yK0k9pvjut &lt;&lt; #cat #cats #kitty #catlover #kitten #meow #cute #pet #pets #kittens #catlovers #animals #animal #catlife #kittycat https://t.co/uVy8bRl3qv,1554369853347315712,best_catz,1510401076838772736
The 10 Most Popular Cat Breeds in the World 2022 &gt;&gt; READ MORE https://t.co/mPxP1AP6I0 &lt;&lt; #cat #cats #kitty #catlover #kitten #meow #cute #pet #pets #kittens #catlovers #animals #animal #catlife #kittycat https://t.co/zql6ALgy1c,1554369828844175361,best_catz,1510401076838772736
Angry Cat (inspired by Cutie Kitty) #shorts | Cloudy Kitty &gt;&gt; READ MORE https://t.co/QVn8uxzy87 &lt;&lt; #cat #cats #kitty #catlover #kitten #meow #cute #pet #pets #kittens #catlovers #animals #animal #catlife #kittycat https://t.co/CbYmtmcpEN,1554304429855309829,best_catz,1510401076838772736
"Watch This Scrawny, Injured Kitten Turn Into The Fluffiest Cat | The Dodo Cat Crazy &gt;&gt; READ MORE https://t.co/fC4Lx926Re &lt;&lt; #cat #cats #kitty #catlover #kitten #meow #cute #pet #pets #kittens #catlovers #animals #animal #catlife #kittycat https://t.co/x8KwXBye9F",1554304401099182080,best_catz,1510401076838772736
#shorts #shortvideo #cute #catlover #catbehavior #cats #catshorts #tuxedocat #like #follow #sub &gt;&gt; READ MORE https://t.co/YuAP9bl5DT &lt;&lt; #cat #cats #kitty #catlover #kitten #meow #cute #pet #pets #kittens #catlovers #animals #animal #catlife #kittycat https://t.co/AbIlRa8tdN,1554288059889467392,best_catz,1510401076838772736
Crazy facts about Animals  | amazing facts | rondom facts | top 5 cats facts in Hindi #shorts &gt;&gt; READ MORE https://t.co/sZi3UVvmrW &lt;&lt; #cat #cats #kitty #catlover #kitten #meow #cute #pet #pets #kittens #catlovers #animals #animal #catlife #kittycat https://t.co/0l56OaFOVn,1554288030936096770,best_catz,1510401076838772736
Top 5 Cat Breeds &gt;&gt; READ MORE https://t.co/sFlXYx5zDb &lt;&lt; #cat #cats #kitty #catlover #kitten #meow #cute #pet #pets #kittens #catlovers #animals #animal #catlife #kittycat https://t.co/kt4rZ5d5UH,1554288006118400001,best_catz,1510401076838772736
How nice can a kitten take a bath | confusing behavior #500subs #shorts #cat #cute &gt;&gt; READ MORE https://t.co/VCksLJ4q3R &lt;&lt; #cat #cats #kitty #catlover #kitten #meow #cute #pet #pets #kittens #catlovers #animals #animal #catlife #kittycat https://t.co/Iih2PzI5m6,1554220266791763969,best_catz,1510401076838772736
Cool cat facts with red &gt;&gt; READ MORE https://t.co/iDFi1ThDp7 &lt;&lt; #cat #cats #kitty #catlover #kitten #meow #cute #pet #pets #kittens #catlovers #animals #animal #catlife #kittycat https://t.co/mNgsyxMOxh,1554220246625550336,best_catz,1510401076838772736
My fav cat breeds ll pt. 1?? &gt;&gt; READ MORE https://t.co/F60iRRwMMt &lt;&lt; #cat #cats #kitty #catlover #kitten #meow #cute #pet #pets #kittens #catlovers #animals #animal #catlife #kittycat https://t.co/BsMRdNz8vV,1554220227826679812,best_catz,1510401076838772736
Stella’s Cat Kibble :15 &gt;&gt; READ MORE https://t.co/GdI7uiTtNc &lt;&lt; #cat #cats #kitty #catlover #kitten #meow #cute #pet #pets #kittens #catlovers #animals #animal #catlife #kittycat https://t.co/SnC0jR3LZW,1554211379023941632,best_catz,1510401076838772736
The Witch’s Cat by Kirstie Watson I Read Aloud I Children’s books about magic &gt;&gt; READ MORE https://t.co/Kg0whIB0n8 &lt;&lt; #cat #cats #kitty #catlover #kitten #meow #cute #pet #pets #kittens #catlovers #animals #animal #catlife #kittycat https://t.co/0LgXlq4beN,1554199855702151173,best_catz,1510401076838772736
Funny Cute Cat Video #shorts #cat #fyp #tiktok  #viral #2022 MOGGY &gt;&gt; READ MORE https://t.co/mBbDVz0bpO &lt;&lt; #cat #cats #kitty #catlover #kitten #meow #cute #pet #pets #kittens #catlovers #animals #animal #catlife #kittycat https://t.co/ZP7TYq18gn,1554138005421654016,best_catz,1510401076838772736
Funny Cat Facts #funny #cats #shorts &gt;&gt; READ MORE https://t.co/wSoaMWJOWM &lt;&lt; #cat #cats #kitty #catlover #kitten #meow #cute #pet #pets #kittens #catlovers #animals #animal #catlife #kittycat https://t.co/AUxuCWYyvS,1554137983288332290,best_catz,1510401076838772736
The  7 best kid  friendly cat breeds part 2 &gt;&gt; READ MORE https://t.co/b8dainySJd &lt;&lt; #cat #cats #kitty #catlover #kitten #meow #cute #pet #pets #kittens #catlovers #animals #animal #catlife #kittycat https://t.co/k3OzQuFk3b,1554137961171746817,best_catz,1510401076838772736
CAT ATTACK! &gt;&gt; READ MORE https://t.co/CZn0kCcRGl &lt;&lt; #cat #cats #kitty #catlover #kitten #meow #cute #pet #pets #kittens #catlovers #animals #animal #catlife #kittycat https://t.co/X71bkZr3is,1554129569640316934,best_catz,1510401076838772736
Daily Cat Inspiration: Cat Speed by https://t.co/p8BxdGLaRB #Shorts &gt;&gt; READ MORE https://t.co/OKDyMBSqRU &lt;&lt; #cat #cats #kitty #catlover #kitten #meow #cute #pet #pets #kittens #catlovers #animals #animal #catlife #kittycat https://t.co/bib2K4FaKE,1554098080450068481,best_catz,1510401076838772736
Funny Cute Cat Video #shorts #cat #fyp #tiktok  #viral #2022 MOGGY &gt;&gt; READ MORE https://t.co/XYfENsS6AN &lt;&lt; #cat #cats #kitty #catlover #kitten #meow #cute #pet #pets #kittens #catlovers #animals #animal #catlife #kittycat https://t.co/THpkhuDPth,1554075448061358080,best_catz,1510401076838772736
Interesting facts about fisher cat by weird square &gt;&gt; READ MORE https://t.co/rhKLO6dFkF &lt;&lt; #cat #cats #kitty #catlover #kitten #meow #cute #pet #pets #kittens #catlovers #animals #animal #catlife #kittycat https://t.co/F2q2f23vnO,1554075428876337152,best_catz,1510401076838772736
What Is The Cutest Cat In The World? Purr-fect Cat Breeds Facts Revealed! &gt;&gt; READ MORE https://t.co/Ujxq0YU2fw &lt;&lt; #cat #cats #kitty #catlover #kitten #meow #cute #pet #pets #kittens #catlovers #animals #animal #catlife #kittycat https://t.co/d94GSnYBVb,1554075402364194816,best_catz,1510401076838772736
Blind Cat Demands A Shower Every Day | The Dodo &gt;&gt; READ MORE https://t.co/2K7CMBAepk &lt;&lt; #cat #cats #kitty #catlover #kitten #meow #cute #pet #pets #kittens #catlovers #animals #animal #catlife #kittycat https://t.co/ccyM4sQc16,1554035012990865408,best_catz,1510401076838772736
"Behavior of cat,when she feels sooo HOT &gt;&gt; READ MORE https://t.co/wvF0YgZmf4 &lt;&lt; #cat #cats #kitty #catlover #kitten #meow #cute #pet #pets #kittens #catlovers #animals #animal #catlife #kittycat https://t.co/PCW7vZeMJg",1553988536830935041,best_catz,1510401076838772736
How to Choose and Adopting a Cat | Furry Feline Facts &gt;&gt; READ MORE https://t.co/6bSHdvjS0B &lt;&lt; #cat #cats #kitty #catlover #kitten #meow #cute #pet #pets #kittens #catlovers #animals #animal #catlife #kittycat https://t.co/7EPEkZsSct,1553988520301236226,best_catz,1510401076838772736
The  7 best kid  friendly cat breeds part 1 &gt;&gt; READ MORE https://t.co/1evJcdvjRI &lt;&lt; #cat #cats #kitty #catlover #kitten #meow #cute #pet #pets #kittens #catlovers #animals #animal #catlife #kittycat https://t.co/ehendU0ar3,1553988502685208578,best_catz,1510401076838772736
MIRACULOUS |  LADYBUG – Akumatized  | Tales of Ladybug and Cat Noir &gt;&gt; READ MORE https://t.co/xBUhVzddKM &lt;&lt; #cat #cats #kitty #catlover #kitten #meow #cute #pet #pets #kittens #catlovers #animals #animal #catlife #kittycat https://t.co/4r2ZRIVLyU,1553988477959737344,best_catz,1510401076838772736
Vlad and Nikita Lost our cat &gt;&gt; READ MORE https://t.co/KJeO3agheC &lt;&lt; #cat #cats #kitty #catlover #kitten #meow #cute #pet #pets #kittens #catlovers #animals #animal #catlife #kittycat https://t.co/57cVpiaSot,1553938266784669696,best_catz,1510401076838772736
Cat health | Understand Your Cat | Cat Nutrition &gt;&gt; READ MORE https://t.co/HQ1IgJuikl &lt;&lt; #cat #cats #kitty #catlover #kitten #meow #cute #pet #pets #kittens #catlovers #animals #animal #catlife #kittycat https://t.co/zGVEmeRZVl,1553921902871191555,best_catz,1510401076838772736
Cat facts of the day ! #shorts &gt;&gt; READ MORE https://t.co/mgMKc3kSwJ &lt;&lt; #cat #cats #kitty #catlover #kitten #meow #cute #pet #pets #kittens #catlovers #animals #animal #catlife #kittycat https://t.co/k8OJrwa8ar,1553921887507472390,best_catz,1510401076838772736
Making Realistic Cat Breeds In WCUE #2 | Mekong Bobtail |  Inspo:  @The cøtton Tigress ​ &gt;&gt; READ MORE https://t.co/I1zxmQT4n8 &lt;&lt; #cat #cats #kitty #catlover #kitten #meow #cute #pet #pets #kittens #catlovers #animals #animal #catlife #kittycat https://t.co/XSAsIjOHOJ,1553921864543633408,best_catz,1510401076838772736
MIRACULOUS |  WISHMAKER – Viperion knows ️ | Tales of Ladybug and Cat Noir &gt;&gt; READ MORE https://t.co/7MHeQZSDUS &lt;&lt; #cat #cats #kitty #catlover #kitten #meow #cute #pet #pets #kittens #catlovers #animals #animal #catlife #kittycat https://t.co/Ik5E3OJSPc,1553879213203128321,best_catz,1510401076838772736
Every Cat Parent… | The Dodo Cat Crazy &gt;&gt; READ MORE https://t.co/6JTcpuQGyR &lt;&lt; #cat #cats #kitty #catlover #kitten #meow #cute #pet #pets #kittens #catlovers #animals #animal #catlife #kittycat https://t.co/IInsNyASFC,1553847540600213505,best_catz,1510401076838772736
This cat is surprised to see his master’s ridiculous behavior &gt;&gt; READ MORE https://t.co/n6Seudl3gm &lt;&lt; #cat #cats #kitty #catlover #kitten #meow #cute #pet #pets #kittens #catlovers #animals #animal #catlife #kittycat https://t.co/oJ4PnVPKX5,1553843830658670592,best_catz,1510401076838772736
Cats reality in islam || Cat facts in life || کیا بلی ناپاک ہے  || بلی کے ساتھ برا سلوک کیسا &gt;&gt; READ MORE https://t.co/rxPogA5jFE &lt;&lt; #cat #cats #kitty #catlover #kitten #meow #cute #pet #pets #kittens #catlovers #animals #animal #catlife #kittycat https://t.co/IKhPQWadR0,1553843811117420545,best_catz,1510401076838772736
Cat Breeds Part 4 | Types Of Cats Part 4 &gt;&gt; READ MORE https://t.co/QqBhL3utzT &lt;&lt; #cat #cats #kitty #catlover #kitten #meow #cute #pet #pets #kittens #catlovers #animals #animal #catlife #kittycat https://t.co/z8P7xyhbMS,1553843789575372801,best_catz,1510401076838772736
Poor Street Cat Asked Us For Food And We Feeded Them/ Animal Rescue Video &gt;&gt; READ MORE https://t.co/35FKj94OFv &lt;&lt; #cat #cats #kitty #catlover #kitten #meow #cute #pet #pets #kittens #catlovers #animals #animal #catlife #kittycat https://t.co/MhPDhWyNCs,1553779740514852864,best_catz,1510401076838772736
Training a cat to a new environment | Training a cat to do tricks &gt;&gt; READ MORE https://t.co/Rvj9vy8HCO &lt;&lt; #cat #cats #kitty #catlover #kitten #meow #cute #pet #pets #kittens #catlovers #animals #animal #catlife #kittycat https://t.co/Kf5tXYno3e,1553762259826098182,best_catz,1510401076838772736
Cat facts about my cat LOL &gt;&gt; READ MORE https://t.co/i5Wobg9uKv &lt;&lt; #cat #cats #kitty #catlover #kitten #meow #cute #pet #pets #kittens #catlovers #animals #animal #catlife #kittycat https://t.co/1PnHOaGP62,1553762224346464257,best_catz,1510401076838772736
mainecoon boy | silver mainecoon cat kitten | cat breed | #cats #shorts #mainecooncat #zamipets &gt;&gt; READ MORE https://t.co/CTRLFc97SF &lt;&lt; #cat #cats #kitty #catlover #kitten #meow #cute #pet #pets #kittens #catlovers #animals #animal #catlife #kittycat https://t.co/dNNjM23zez,1553762196857016322,best_catz,1510401076838772736
Cat Amigurumi Crochet Tutorial &gt;&gt; READ MORE https://t.co/a8qgioOoU6 &lt;&lt; #cat #cats #kitty #catlover #kitten #meow #cute #pet #pets #kittens #catlovers #animals #animal #catlife #kittycat https://t.co/fzR4gCbba2,1553762167932977154,best_catz,1510401076838772736
Cat Training Tips | Cat door training | Cat training for sever weather | Cat training collar &gt;&gt; READ MORE https://t.co/JyKfFrxkMS &lt;&lt; #cat #cats #kitty #catlover #kitten #meow #cute #pet #pets #kittens #catlovers #animals #animal #catlife #kittycat https://t.co/DOlrl4xesn,1553681601929875457,best_catz,1510401076838772736
Cat version  #enjoyment #subscribe #cats #facts #trending #growth #funny#kitty &gt;&gt; READ MORE https://t.co/4twRY9uIj5 &lt;&lt; #cat #cats #kitty #catlover #kitten #meow #cute #pet #pets #kittens #catlovers #animals #animal #catlife #kittycat https://t.co/stwIvLooOn,1553681581650362369,best_catz,1510401076838772736
Most Loving Cat Breeds In The World: 10 of the most affectionate and cute cat breeds in 2022 &gt;&gt; READ MORE https://t.co/IykEh3D5bx &lt;&lt; #cat #cats #kitty #catlover #kitten #meow #cute #pet #pets #kittens #catlovers #animals #animal #catlife #kittycat https://t.co/OPnlB9zB2Z,1553681555914211331,best_catz,1510401076838772736
Rachel Platten – Fight Song (Official Video) &gt;&gt; READ MORE https://t.co/khRgn4VKRt &lt;&lt; #cat #cats #kitty #catlover #kitten #meow #cute #pet #pets #kittens #catlovers #animals #animal #catlife #kittycat https://t.co/ILmZWmiWfW,1553676530143956994,best_catz,1510401076838772736
Shelter Cat Just Wants To Be Cuddled | The Dodo &gt;&gt; READ MORE https://t.co/B7RZSzVMRX &lt;&lt; #cat #cats #kitty #catlover #kitten #meow #cute #pet #pets #kittens #catlovers #animals #animal #catlife #kittycat https://t.co/M8HnFv8PY2,1553663944350392321,best_catz,1510401076838772736
Everything you need to know to train your cat | Cat Naming &gt;&gt; READ MORE https://t.co/v68MhE9Iz1 &lt;&lt; #cat #cats #kitty #catlover #kitten #meow #cute #pet #pets #kittens #catlovers #animals #animal #catlife #kittycat https://t.co/gFtC4hJWeN,1553613742189019136,best_catz,1510401076838772736
14 Interesting British Shorthair Cat Facts &gt;&gt; READ MORE https://t.co/UZYCc4Zzh6 &lt;&lt; #cat #cats #kitty #catlover #kitten #meow #cute #pet #pets #kittens #catlovers #animals #animal #catlife #kittycat https://t.co/DYhkTsS315,1553613705518227456,best_catz,1510401076838772736
Persian cat breed  #shorts &gt;&gt; READ MORE https://t.co/eovWrkLGVR &lt;&lt; #cat #cats #kitty #catlover #kitten #meow #cute #pet #pets #kittens #catlovers #animals #animal #catlife #kittycat https://t.co/f5jcpt6OeR,1553613677785497600,best_catz,1510401076838772736
Cat Will Not Begin His Day If His Mom Doesn’t Make Him His Own Cat-uccino First | The Dodo &gt;&gt; READ MORE https://t.co/GazzB2BpnO &lt;&lt; #cat #cats #kitty #catlover #kitten #meow #cute #pet #pets #kittens #catlovers #animals #animal #catlife #kittycat https://t.co/JgLI52BcWO,1553571950961860608,best_catz,1510401076838772736
Splat the cat read aloud || Kids story by Rob Scotton | Read aloud Book for Kids &gt;&gt; READ MORE https://t.co/W1HjZCfKP7 &lt;&lt; #cat #cats #kitty #catlover #kitten #meow #cute #pet #pets #kittens #catlovers #animals #animal #catlife #kittycat https://t.co/90g63ngYem,1553560752165896192,best_catz,1510401076838772736
when u are scared with no reason##catlover #shorts #cat #catbehavior #littlecat #scaredcat &gt;&gt; READ MORE https://t.co/bLpeHosfcC &lt;&lt; #cat #cats #kitty #catlover #kitten #meow #cute #pet #pets #kittens #catlovers #animals #animal #catlife #kittycat https://t.co/hwTTctC1nT,1553538250085732352,best_catz,1510401076838772736
Cats Enjoy Birdwatching | Cat Facts | #shorts #petlovers #shortsfeed #catfacts &gt;&gt; READ MORE https://t.co/clV0iYhJRs &lt;&lt; #cat #cats #kitty #catlover #kitten #meow #cute #pet #pets #kittens #catlovers #animals #animal #catlife #kittycat https://t.co/rwivwnQZ6G,1553538224584364038,best_catz,1510401076838772736
5 RARE CAT BREEDS #shorts  #cats #catvideos &gt;&gt; READ MORE https://t.co/pzgL9BvuPZ &lt;&lt; #cat #cats #kitty #catlover #kitten #meow #cute #pet #pets #kittens #catlovers #animals #animal #catlife #kittycat https://t.co/PfnaqaTJcR,1553538193047408640,best_catz,1510401076838772736
Mama cat takes in kitten and loves her like her own &gt;&gt; READ MORE https://t.co/1E1K9lWhV5 &lt;&lt; #cat #cats #kitty #catlover #kitten #meow #cute #pet #pets #kittens #catlovers #animals #animal #catlife #kittycat https://t.co/dDYtsf4Vxt,1553483940928913408,best_catz,1510401076838772736
Julien finally got a cat | Stray pt. 1 &gt;&gt; READ MORE https://t.co/4UjuUyHpSj &lt;&lt; #cat #cats #kitty #catlover #kitten #meow #cute #pet #pets #kittens #catlovers #animals #animal #catlife #kittycat https://t.co/N5QLGVqczM,1553460065956495360,best_catz,1510401076838772736
Warrior Cats Facts #22 &gt;&gt; READ MORE https://t.co/lMpArMKAFw &lt;&lt; #cat #cats #kitty #catlover #kitten #meow #cute #pet #pets #kittens #catlovers #animals #animal #catlife #kittycat https://t.co/TmLrhsFyAG,1553460043483435010,best_catz,1510401076838772736
9 Types of Rex Cat Breeds / Types of Rex Cat &gt;&gt; READ MORE https://t.co/LXEc35GsdZ &lt;&lt; #cat #cats #kitty #catlover #kitten #meow #cute #pet #pets #kittens #catlovers #animals #animal #catlife #kittycat https://t.co/VSPnsDlvv0,1553460028321013766,best_catz,1510401076838772736
The Cat and the Mouse Kids Story | #MoralStory | Stories For Kids | Moral Animated Story In English &gt;&gt; READ MORE https://t.co/keIK46tzTH &lt;&lt; #cat #cats #kitty #catlover #kitten #meow #cute #pet #pets #kittens #catlovers #animals #animal #catlife #kittycat https://t.co/iw2UjKTWUJ,1553452398185775106,best_catz,1510401076838772736
my pusy cat &gt;&gt; READ MORE https://t.co/piJBdMcEHZ &lt;&lt; #cat #cats #kitty #catlover #kitten #meow #cute #pet #pets #kittens #catlovers #animals #animal #catlife #kittycat https://t.co/qdJF0dRyMk,1553390985983545344,best_catz,1510401076838772736
Cat/ Dog Behavior Change After Spaying Surgery / Cat Sterilization &gt;&gt; READ MORE https://t.co/2KemkXXI10 &lt;&lt; #cat #cats #kitty #catlover #kitten #meow #cute #pet #pets #kittens #catlovers #animals #animal #catlife #kittycat https://t.co/1fcKmJ9YJa,1553390961312636928,best_catz,1510401076838772736
Cat Facts: What Cats Think Of Comedy &gt;&gt; READ MORE https://t.co/L4JHJOnbIx &lt;&lt; #cat #cats #kitty #catlover #kitten #meow #cute #pet #pets #kittens #catlovers #animals #animal #catlife #kittycat https://t.co/HGrAQPCx6z,1553390941142241281,best_catz,1510401076838772736
so cute cat || funny cat video || cat breeds || cat noir #cat #shorts &gt;&gt; READ MORE https://t.co/WAMwkg54Ip &lt;&lt; #cat #cats #kitty #catlover #kitten #meow #cute #pet #pets #kittens #catlovers #animals #animal #catlife #kittycat https://t.co/B1wlfd12jL,1553390922389389312,best_catz,1510401076838772736
CAT Aspirants Success Stories: IIM Ahmedabad Student Shares Message for CAT 2021 Aspirants &gt;&gt; READ MORE https://t.co/huuLmeCdeD &lt;&lt; #cat #cats #kitty #catlover #kitten #meow #cute #pet #pets #kittens #catlovers #animals #animal #catlife #kittycat https://t.co/UGtCE6HTdL,1553353201222668288,best_catz,1510401076838772736
he is always ready for adventure#shorts #catlover #petlovers #cutecat #funnyvideo #catbehavior &gt;&gt; READ MORE https://t.co/vKWZurT3ox &lt;&lt; #cat #cats #kitty #catlover #kitten #meow #cute #pet #pets #kittens #catlovers #animals #animal #catlife #kittycat https://t.co/BdNtRmeRv1,1553319251347492864,best_catz,1510401076838772736
Why Are Calico Cats So Awesome &gt;&gt; READ MORE https://t.co/ba7GNvD0Yu &lt;&lt; #cat #cats #kitty #catlover #kitten #meow #cute #pet #pets #kittens #catlovers #animals #animal #catlife #kittycat https://t.co/CvmnsppurL,1553319229830594561,best_catz,1510401076838772736
so cute cat video || romantic cat video || funny cat video || cat breeds  #cat #shorts &gt;&gt; READ MORE https://t.co/aDBdRxkp2L &lt;&lt; #cat #cats #kitty #catlover #kitten #meow #cute #pet #pets #kittens #catlovers #animals #animal #catlife #kittycat https://t.co/ds0vxkXDI8,1553319212038471683,best_catz,1510401076838772736
Can Grumpy Cat Smile? I PEOPLE Pets | People &gt;&gt; READ MORE https://t.co/PyIgDFZn9G &lt;&lt; #cat #cats #kitty #catlover #kitten #meow #cute #pet #pets #kittens #catlovers #animals #animal #catlife #kittycat https://t.co/kvYj1Z0KiG,1553319185685614592,best_catz,1510401076838772736
Poor Stray Cat That Happily Found A New Home  The Most Inspiring Animal Rescues &gt;&gt; READ MORE https://t.co/HlWXKD0SQD &lt;&lt; #cat #cats #kitty #catlover #kitten #meow #cute #pet #pets #kittens #catlovers #animals #animal #catlife #kittycat https://t.co/uy14MBFCWq,1553243861392269312,best_catz,1510401076838772736
Explain Situation #shorts #catlover #petlovers #cat #cutecat  #cutecat #catbehavior #naughtycat &gt;&gt; READ MORE https://t.co/TVS5RHhbd3 &lt;&lt; #cat #cats #kitty #catlover #kitten #meow #cute #pet #pets #kittens #catlovers #animals #animal #catlife #kittycat https://t.co/wTzYoZSp4H,1553243830308192257,best_catz,1510401076838772736
Cat Facts no 2 #shorts #subscribe #cute #facts #kitten #cat &gt;&gt; READ MORE https://t.co/68TMo6NlCg &lt;&lt; #cat #cats #kitty #catlover #kitten #meow #cute #pet #pets #kittens #catlovers #animals #animal #catlife #kittycat https://t.co/DK5p8klDDU,1553243808216801280,best_catz,1510401076838772736
What breed of cats suits your horoscope. #cats #shorts &gt;&gt; READ MORE https://t.co/nKb2O2cD8o &lt;&lt; #cat #cats #kitty #catlover #kitten #meow #cute #pet #pets #kittens #catlovers #animals #animal #catlife #kittycat https://t.co/nEFhTDbI2E,1553243793687810048,best_catz,1510401076838772736
Why Cat Owners Can’t Decorate For Christmas &gt;&gt; READ MORE https://t.co/GoDCK9WHvo &lt;&lt; #cat #cats #kitty #catlover #kitten #meow #cute #pet #pets #kittens #catlovers #animals #animal #catlife #kittycat https://t.co/xuZbzSsZU3,1553208441061122049,best_catz,1510401076838772736
Cat Naming | Selecting Your Cat |  Aggressive Behavior &gt;&gt; READ MORE https://t.co/aXFeI2itQs &lt;&lt; #cat #cats #kitty #catlover #kitten #meow #cute #pet #pets #kittens #catlovers #animals #animal #catlife #kittycat https://t.co/MgVh0yOCjU,1553153180539691008,best_catz,1510401076838772736
Cat Facts – Humans &gt;&gt; READ MORE https://t.co/1YircfuFt7 &lt;&lt; #cat #cats #kitty #catlover #kitten #meow #cute #pet #pets #kittens #catlovers #animals #animal #catlife #kittycat https://t.co/oYeV8yam5r,1553153160398635011,best_catz,1510401076838772736
Cat Breeds Part 2 | Types Of Cats Part 2 &gt;&gt; READ MORE https://t.co/u4W5thnYyj &lt;&lt; #cat #cats #kitty #catlover #kitten #meow #cute #pet #pets #kittens #catlovers #animals #animal #catlife #kittycat https://t.co/dXeOrouXYE,1553153140383518720,best_catz,1510401076838772736
Non-Stop Fun and Games! ⭐ Talking Tom &amp; Friends Trailers | Fun Cartoon Collection &gt;&gt; READ MORE https://t.co/xAmF2aCDLz &lt;&lt; #cat #cats #kitty #catlover #kitten #meow #cute #pet #pets #kittens #catlovers #animals #animal #catlife #kittycat https://t.co/eyyZlYHWVX,1553137966352154630,best_catz,1510401076838772736
This is a Cat &gt;&gt; READ MORE https://t.co/MGosH31mLa &lt;&lt; #cat #cats #kitty #catlover #kitten #meow #cute #pet #pets #kittens #catlovers #animals #animal #catlife #kittycat https://t.co/oClKzxy0rB,1553117852563132420,best_catz,1510401076838772736
Funny Cute Cat Video #shorts #cat #fyp #tiktok  #viral #2022 Meowzzle cats &gt;&gt; READ MORE https://t.co/ScmmbDhJDi &lt;&lt; #cat #cats #kitty #catlover #kitten #meow #cute #pet #pets #kittens #catlovers #animals #animal #catlife #kittycat https://t.co/AbQ9TaaxBO,1553075108511621121,best_catz,1510401076838772736
Amazing about cats – #cat#facts#bio &gt;&gt; READ MORE https://t.co/eKN135pjxh &lt;&lt; #cat #cats #kitty #catlover #kitten #meow #cute #pet #pets #kittens #catlovers #animals #animal #catlife #kittycat https://t.co/xzESivjEar,1553075083563900928,best_catz,1510401076838772736
Paws of Fury: The Legend of Hank Featurette – Are These Cat Breeds Fur Real (2022) &gt;&gt; READ MORE https://t.co/8CJ8HMGgjV &lt;&lt; #cat #cats #kitty #catlover #kitten #meow #cute #pet #pets #kittens #catlovers #animals #animal #catlife #kittycat https://t.co/QlJsj0Reyu,1553075065666895873,best_catz,1510401076838772736
I Am Moana (Song of the Ancestors) (From “Moana”/Sing-Along) &gt;&gt; READ MORE https://t.co/eCyNWbwMzI &lt;&lt; #cat #cats #kitty #catlover #kitten #meow #cute #pet #pets #kittens #catlovers #animals #animal #catlife #kittycat https://t.co/qrh9FPQ7vq,1553036177342697473,best_catz,1510401076838772736
Cat Room &amp; Laundry Room Makeover &gt;&gt; READ MORE https://t.co/N1XWIfV0HX &lt;&lt; #cat #cats #kitty #catlover #kitten #meow #cute #pet #pets #kittens #catlovers #animals #animal #catlife #kittycat https://t.co/BM73FzfTKX,1553036149815377925,best_catz,1510401076838772736
Strange cat behaviour &gt;&gt; READ MORE https://t.co/NeSOpWg1Rf &lt;&lt; #cat #cats #kitty #catlover #kitten #meow #cute #pet #pets #kittens #catlovers #animals #animal #catlife #kittycat https://t.co/Vbk22VK4uz,1553003511041892352,best_catz,1510401076838772736
Top 10 Facts about Maine Coon Cats | Furry Feline Facts &gt;&gt; READ MORE https://t.co/8pb7MWIZTX &lt;&lt; #cat #cats #kitty #catlover #kitten #meow #cute #pet #pets #kittens #catlovers #animals #animal #catlife #kittycat https://t.co/80IvFPjxCC,1553003489349013504,best_catz,1510401076838772736
Cat Breeds Part 3 | Types Of Cats Part 3 &gt;&gt; READ MORE https://t.co/RHpEWFojyi &lt;&lt; #cat #cats #kitty #catlover #kitten #meow #cute #pet #pets #kittens #catlovers #animals #animal #catlife #kittycat https://t.co/PD5P9aQzqF,1553003467177852932,best_catz,1510401076838772736
What’s wrong with my cat? &gt;&gt; READ MORE https://t.co/7kFAph70kZ &lt;&lt; #cat #cats #kitty #catlover #kitten #meow #cute #pet #pets #kittens #catlovers #animals #animal #catlife #kittycat https://t.co/h3GjRwqbew,1552936708479516674,best_catz,1510401076838772736
