full_text,tweet_id,screen_name,user_ID
@SatehAbdul_ Baby!!!!,1554602881076043782,Simply_Jarell,157597183
"The way we STILL need a video for #LucidDreams @4everBrandy is really serious! Just film a video on a Carnival Cruise Line and give us that. I just need a video with some water, sand and vibrant colors 😆 https://t.co/LM6H0c0svb",1554593352502444032,Simply_Jarell,157597183
@Absolutely_Demi I love the entire look friend,1554583552980881410,Simply_Jarell,157597183
Say it again friend! https://t.co/ux2IvTDW5n https://t.co/Os7ayn97wh,1554583443849285632,Simply_Jarell,157597183
@TheNewEVOOT69 Same,1554564229759369217,Simply_Jarell,157597183
@IntentionalScot Oooppss,1554564199182991360,Simply_Jarell,157597183
@_brilliantbeeh Thank you ❤️,1554564161761415178,Simply_Jarell,157597183
@IntentionalScot 6.,1554556692620361730,Simply_Jarell,157597183
Hurry up and get me off this damn interpreter call. 20 mins for a 4 minute conversation. Ridiculous mane.,1554543490968784897,Simply_Jarell,157597183
@IMIME24 @sirnotlyh Yes gawd,1554538735089422336,Simply_Jarell,157597183
@_brilliantbeeh Is there a missionary dog position? https://t.co/bNkU8cMjLX,1554536656438530048,Simply_Jarell,157597183
@sirnotlyh Do you hear me!!!!!!!!,1554536376598728706,Simply_Jarell,157597183
The people are coming for beyonce! #ActivateSolange https://t.co/VDQ62fNvq7,1554532818394529792,Simply_Jarell,157597183
"Good afternoon everyone. #TuesdayTeaTime will resume 8-9-2022. Thank you all for allowing me to rest, grieve and heal during this time. I have a few topics I want to introduce over the next few months that will be fun. Be ready to have some fun! See you all next week. ❤️",1554526586795335681,Simply_Jarell,157597183
@willforwins Didn't I tell y'all ass...... https://t.co/mwzfQn0zUU,1554521362437382145,Simply_Jarell,157597183
Pudding time!,1554517166233370624,Simply_Jarell,157597183
@Absolutely_Demi Boff lol,1554517135166246913,Simply_Jarell,157597183
@TyshonDaTailor @GreeneJarrell Facts!! We love chelle over here,1554517023278993411,Simply_Jarell,157597183
@eddies_cornertv That's gone be everything!!,1554516868525948935,Simply_Jarell,157597183
@SatehAbdul_ Let's pray!,1554502269038727168,Simply_Jarell,157597183
@GreeneJarrell Say it again friend!!!,1554502204144451585,Simply_Jarell,157597183
@willforwins Yes gawd friend!,1554502115145523200,Simply_Jarell,157597183
I want 1 more Destiny's Child album so bad!,1554500378422661120,Simply_Jarell,157597183
No one can be you. You can't be anyone else. Perfect you and kill it every time you step out dammit!,1554496029692764160,Simply_Jarell,157597183
@FineUncleKai I live this!,1554495826659053569,Simply_Jarell,157597183
@FineUncleKai Say it louder friend!!!,1554493622925541377,Simply_Jarell,157597183
@FineUncleKai Facts. I am so funny with certain styles tho. I prefer up do's rather than the straight hanging down look. My hair gets in the way at times lol,1554491261490536451,Simply_Jarell,157597183
@FineUncleKai Okkkkkk!!!!!!!!!,1554490767313338369,Simply_Jarell,157597183
@FineUncleKai Do you hear me!!!! My hair would be down to my knees I'm sure 😆,1554490198066507778,Simply_Jarell,157597183
"@FineUncleKai Yeah the unlocking process I hear is a booger bear. I'm not unlocking mine tho, just unraveling the two strand locs.",1554489449114992641,Simply_Jarell,157597183
Me shoes are arriving today!!! I literally forgot!!!! https://t.co/LunF7NPK2A,1554488450988089344,Simply_Jarell,157597183
I think I wanna jam to Roxbury Drive today by my girl @KatGraham,1554481180887728128,Simply_Jarell,157597183
@ForeverkingLaw Okkkkk!!!,1554480926809329665,Simply_Jarell,157597183
@___Tony8 You better know it!,1554480887538106370,Simply_Jarell,157597183
@___Tony8 I sure do. They've been in since may,1554478139711143944,Simply_Jarell,157597183
I'm so ready to take my loc strands down. It's gonna be giving.....my hair probably is below my waist! https://t.co/sPowZEvlu5,1554477393796005891,Simply_Jarell,157597183
@IntentionalScot @DemonHenny @chrisbrown Not delilah!!+,1554475537472569344,Simply_Jarell,157597183
@dominickonline Cmon ramona! All gone!,1554475428756307970,Simply_Jarell,157597183
@DemonHenny @chrisbrown https://t.co/wplsK1ldnq,1554475232420941824,Simply_Jarell,157597183
@TheeMaineEvent No problem 😊,1554469918921334784,Simply_Jarell,157597183
@DemonHenny @chrisbrown I won't have any on! https://t.co/FIoYgdgL3S,1554468880784965636,Simply_Jarell,157597183
@dominickonline Whatchu looking at then? https://t.co/r8YPH2fd13,1554468768188882944,Simply_Jarell,157597183
Lemme tell y'all something about good skin and bone structure!!!! Chew us up!!!! I love it!!! https://t.co/xFu7N0XkKM,1554466848879550467,Simply_Jarell,157597183
I dead ass will see @chrisbrown in 11 days. I hope security don't escort me up outta there. Y'all know I love me some breezy! This fit gotta be breezy appropriate too. He has a nasty show game so I gotta come with it! https://t.co/UAJYe7xMzw,1554466624249466882,Simply_Jarell,157597183
@_Rockz_ You know I got you friend. Kill this day!,1554465448565030914,Simply_Jarell,157597183
Why do they call it toe jam? It doesn't smell sweet. They should call it toe cheese or toe poot! https://t.co/2sxNMBaYig,1554464350806712325,Simply_Jarell,157597183
@ADropOfGroove You already know it!,1554463979983994883,Simply_Jarell,157597183
@ADropOfGroove Go awf friend,1554463385529499652,Simply_Jarell,157597183
@deetheevirgin Always ❤️,1554461748513611778,Simply_Jarell,157597183
#NewProfilePic https://t.co/xZBZYnstlv,1554460594597658625,Simply_Jarell,157597183
Do not allow any negative thoughts or energies to touch your mind or leave your mouth this morning. Good vibes and positive energy all around. Good morning everyone ❤️,1554457787597570048,Simply_Jarell,157597183
Remember to keep your promises...Goodnight everyone ❤️,1554349444346388480,Simply_Jarell,157597183
Screaming 😆 https://t.co/AnJQGbJrJf,1554345849441947648,Simply_Jarell,157597183
@iisaidwhatisaid Too late https://t.co/xuAaIwOaIV,1554341378590707719,Simply_Jarell,157597183
@iisaidwhatisaid Hell naw! That's nursing home dessert.,1554338880656183296,Simply_Jarell,157597183
@_IAMeveryWoman You're welcome,1554338771331579904,Simply_Jarell,157597183
This pudding so dayum good! https://t.co/YS2rnvp2rS,1554334940635987968,Simply_Jarell,157597183
"@_IAMeveryWoman You sure can. It'd called ""making it your own."" Do ya thang!",1554333225585180672,Simply_Jarell,157597183
@iamonlycortez It's always up in the air with B 😆,1554321004490629120,Simply_Jarell,157597183
@ImJustRakiem No problem 💙,1554300176428404739,Simply_Jarell,157597183
@mndspeak And was!!!,1554296066719334401,Simply_Jarell,157597183
@Tori73736182 Yesssss!!!,1554285102665981953,Simply_Jarell,157597183
@ImJustRakiem thank you for the follow 🙏🏾,1554285046206533632,Simply_Jarell,157597183
@justdomyshit Well you give LOOKS so it's mandatory,1554267634526552064,Simply_Jarell,157597183
@Natalia05484633 Yessss,1554267529341698048,Simply_Jarell,157597183
@G_woods90 Ayyeeee!!!,1554222158951452680,Simply_Jarell,157597183
@G_woods90 Got enough for me friend?,1554220778744385542,Simply_Jarell,157597183
@MrHandsome87 She need to drop that bih at midnight new years eve. Crack the year in tough baby!,1554220681784705025,Simply_Jarell,157597183
"@Queeriosity_ Maybe that's an opportunity for you to express what ""safe"" means for you. Some people equate being ""kept"" as being safe when others may equate safe with being protected, cherished or a priority. Age is just a number. Everyone isn't experienced in all areas. Just my observation.",1554220442256302086,Simply_Jarell,157597183
"I hope Brandy is in the studio cooking up another album since she's signed to Motown now. I want an ERA from her. More than 2 singles and 2 videos. I don't wanna hear nothing about acting with this album. Give me music, performances and a tour dammit. Give me NSN Era!!!",1554206131483992066,Simply_Jarell,157597183
@_Rockz_ It's the tick in a hoe for me lol lol. Yes gawd!,1554204809418375171,Simply_Jarell,157597183
I hope P ready to work on this secret handshake. It gotta be tight tho. https://t.co/5pIOD0EfDf,1554203805734129676,Simply_Jarell,157597183
@4EverLawayne Exactly!!!!!!,1554202995210027012,Simply_Jarell,157597183
@_Rockz_ Just let me know where the bail money is so I can get you out. I'll have the lemon pepper wings and fries waiting. Drums or flats?,1554202934166126592,Simply_Jarell,157597183
@4EverLawayne cmon model!!@!! Hey new friend!,1554202686916001795,Simply_Jarell,157597183
@_Rockz_ I'm done with you lol lol byeeee,1554201460879106049,Simply_Jarell,157597183
@4EverLawayne Thank you,1554197773850910720,Simply_Jarell,157597183
I still blast this album faithfully!!!!! Imma see if i can get this on the spin class playlist! https://t.co/a124NnII3S,1554197708080021506,Simply_Jarell,157597183
@_Rockz_ This is how you win a battle when someone tries to push you into a corner. https://t.co/kvEYzuPT3I,1554194941722624003,Simply_Jarell,157597183
@Brandynofficial thank you for the follow back ❤️,1554194481859248128,Simply_Jarell,157597183
"This man told me last week ""I used to be a body builder and I stopped working out. Now I'm shaped like a big block. I wish I never body builded. I would've just stayed lean and ate better.""
Me: trying not to laugh cause he said he shaped like a block. Hold it jarell. https://t.co/nFnQRrYyAV",1554194378008182784,Simply_Jarell,157597183
@OochieLally You smell it too huh lol https://t.co/BDR5dj75WH,1554190490865745921,Simply_Jarell,157597183
"Throwing shade ain't got shit on a person spilling the truth, with receipts to back it up! Make sure you can do both!!!",1554180798449963008,Simply_Jarell,157597183
@_brilliantbeeh Stop that!!!! Be kind to yourself. Keep going!!,1554179701920485376,Simply_Jarell,157597183
@presscanady It sure does!!!,1554179547628699656,Simply_Jarell,157597183
@KymaniCurtis94 @ADropOfGroove Looks like we're triplets! We're all @DawnRichard fans!!!!,1554179468113203200,Simply_Jarell,157597183
"I'm starting to believe @ADropOfGroove is my musical twin!!!!! Dawn and Kelly Rowland! I just know if we ever met, the chemistry would be too dope friend! https://t.co/2USBqAqgWq",1554177779096223744,Simply_Jarell,157597183
@iamKeithan Can we talk about it????? My favorite song by her!!,1554176575666618369,Simply_Jarell,157597183
This tweet stanky as hell. https://t.co/yytMeBFqD5,1554175729847377922,Simply_Jarell,157597183
That zuppa tuscona soup from olive garden be bussing so hard!!! Y'all can have Ms. Chicken and Gnocchi.,1554174501423816705,Simply_Jarell,157597183
@_Rockz_ Ha!!!! That last sentence tho! https://t.co/QJB8QHev3f,1554174192429551619,Simply_Jarell,157597183
@ADropOfGroove Just help me,1554167566695899137,Simply_Jarell,157597183
@_Rockz_ That's the worst type of unnecessary stress and irritation on earth. How do people operate in confusion like that????,1554164708277723137,Simply_Jarell,157597183
@_Rockz_ Go off friend!,1554164219964280837,Simply_Jarell,157597183
@DONNIEduRIGHT Awwwww lil feet. Lemme use my shoes to stuff things in. Learned a new trick!,1554164101026398208,Simply_Jarell,157597183
@ADropOfGroove I stay with a checked bag. Damn near 10 outfits for a 3 day trip 😆,1554161946076782594,Simply_Jarell,157597183
@DONNIEduRIGHT 6???????? What are you packing? Old navy flip flops? https://t.co/Y70DhfYO68,1554161759279321089,Simply_Jarell,157597183
@ADropOfGroove Teach me friend,1554160784850227201,Simply_Jarell,157597183
How do people travel out of town with only 2 pair of shoes? I travel with bout 4. I have to do better. My suitcase be FULL. https://t.co/2UyT427rc3,1554157008902885378,Simply_Jarell,157597183
@Natalia05484633 Thank you ❤️,1554146822620430345,Simply_Jarell,157597183
