full_text,tweet_id,screen_name,user_ID
As a #Cubs fan I empathize with #Nationals fan. The parallels are similar. Both win Championship only to see thier beloved core Baez/Bryant/Rizzo/Schwarber/ soon to be Contreras and Happ. Harper/Rendon/Turner/Scherzer/ now Soto all leave the club. Banners fly forever I guess.,1554501374632611840,RobbieRob23_,189734489
Losing a Top 5 player who is only 23 is tough but all things considering the return on Soto is quite a haul. https://t.co/TvDw2bxikq,1554496975285862401,RobbieRob23_,189734489
THANK THE BASEBALL GODS SOTO IS NOT A RED BIRD.,1554493396172939264,RobbieRob23_,189734489
Super Mario Bros. Cmon easy. https://t.co/OmzmkMkLkA,1554154524587073538,RobbieRob23_,189734489
#IStandWithGordon https://t.co/KglteK79CC https://t.co/0F2y5U8wsC,1554131397178114048,RobbieRob23_,189734489
"The revolution won't be televised on the 'net. So if you're comin', you best be comin' with respect. I gotta go to work.",1554057323387113472,RobbieRob23_,189734489
My NZXT PC FELL into the ocean BRO are u trolling https://t.co/sStuHLNcZP,1553826346333118469,RobbieRob23_,189734489
This one of those Volk/Ortega fights where everybody praises Pena for being a dog but she got absolutely mauled.,1553602369962749953,RobbieRob23_,189734489
"the boys, season 3 episode 1 #theboys https://t.co/NhSOJhFI4y",1553596451841662976,RobbieRob23_,189734489
Moreno/Figgy going to fight for the rest of time.,1553590355827650560,RobbieRob23_,189734489
Moreno a star.,1553588559965171712,RobbieRob23_,189734489
LMAOOOOOOO https://t.co/wD2D8NZE6z,1553583895957803009,RobbieRob23_,189734489
Crowd is hot lol,1553579647312412672,RobbieRob23_,189734489
Someone going to sleep in this HW fight,1553576616583868417,RobbieRob23_,189734489
Pantoja deserves a title shot. He fought Askarov and Figuereido to hard fights and has a win over Moreno.,1553575364772868096,RobbieRob23_,189734489
"@illest_thriller Las Vegas, New Mexico Bud",1553223810991546370,RobbieRob23_,189734489
Lowkey had the same conversation with someone. https://t.co/gifr6LFmHO,1553072155650207744,RobbieRob23_,189734489
Ill personally pick up each one from their respective minir league affiliates and drive them to LA myself. https://t.co/TPGEedGAsL,1552845996714893312,RobbieRob23_,189734489
"Woodson, Reed, Sanders, Revis. https://t.co/rNw59rmlTB",1552845737125298177,RobbieRob23_,189734489
@MelanieIglesias Chillin.,1552845515276005378,RobbieRob23_,189734489
https://t.co/0hhed6MtZe https://t.co/cWh99EHwSh,1552808397099057152,RobbieRob23_,189734489
AMZN earnings 🤘🤘🤘,1552755389376053248,RobbieRob23_,189734489
Obi-Wan’s block when fighting Darth Maul 🤌 https://t.co/M8AZ2PgGL1,1552746944153276416,RobbieRob23_,189734489
Thats what Im saying They should be taking all of Corbins contracts to make it happened too if that helps then land him. https://t.co/bvFrTEjALx,1552689375959400448,RobbieRob23_,189734489
Its 2am and I just paid not 1 but 2 HOA dues. Im sick.,1552580637575352326,RobbieRob23_,189734489
Im buying half the company. https://t.co/lqYK1skSai,1552397694395592704,RobbieRob23_,189734489
"Shorty coming home to beat her wife some more and we trading the God of War for her. 

Putin is inevitable.",1552375502106636288,RobbieRob23_,189734489
If the Cards land Soto Ill personally take the Arch out.,1552321854001467393,RobbieRob23_,189734489
he’s speaking the truth https://t.co/TxqUYXMONR,1552306296996503553,RobbieRob23_,189734489
BLACKED OUT MLB GAMES IN THE YEAR 2022 IS STUPID,1552063582417760256,RobbieRob23_,189734489
https://t.co/OIbP4I2vrq,1552023169057247232,RobbieRob23_,189734489
My Hood… https://t.co/SeJF4PQ2yc,1552010610178543616,RobbieRob23_,189734489
MAKE YOURSELF USEFUL @JoeBiden https://t.co/0dYVi1BUYg,1551741610035073024,RobbieRob23_,189734489
Rip Paul Sorvino💔 https://t.co/M7z9O942eA,1551661784456499200,RobbieRob23_,189734489
"Say what you want about Jerry West and plumbers and firemen but West got more points than Harden, Barkely, Ewing, and Ray Allen. With less games played than all 4.",1551647204883832833,RobbieRob23_,189734489
Damn 2 main events in a row ends early with injury sucks,1550963543985381377,RobbieRob23_,189734489
Hype train still continues,1550950172883947520,RobbieRob23_,189734489
The arena either going to go crazy with a Paddy win or youre going to hear a pin drop when he loses.,1550944525383860233,RobbieRob23_,189734489
Paddy catching the L,1550942741621641216,RobbieRob23_,189734489
"Krylov been a killer, Gus is in the twilight of his career.",1550941592105603072,RobbieRob23_,189734489
Fell over like a limp sack of rocks.,1550938120291434496,RobbieRob23_,189734489
Goldy jacked for no reason,1550938025856679942,RobbieRob23_,189734489
I’m ending this https://t.co/rsiQeiolIj,1550933027387088897,RobbieRob23_,189734489
https://t.co/VGSth1vT32,1550932695789604864,RobbieRob23_,189734489
I think Volk takes it. Tough fight to score.,1550932649220325376,RobbieRob23_,189734489
https://t.co/jw1qTY5P4t,1550931139413434368,RobbieRob23_,189734489
Blue Jays put up how much????,1550690370438082565,RobbieRob23_,189734489
Fuck Smash Bros dawg LeBron just dunked on Shaggy. 😭 😭 https://t.co/9kcXA16LxN,1550565021142241280,RobbieRob23_,189734489
"Start Simmons, Bench Lowry, Cut Russ. https://t.co/XM1w74Xxtp",1550534086548025344,RobbieRob23_,189734489
"Trae, Green, Luka, Mobley, JJJ. https://t.co/6RVdxofRr5",1550533782004207616,RobbieRob23_,189734489
Lamar getting the docks and those corners Avon wanted in his deal with the ravens,1550177260564426752,RobbieRob23_,189734489
We know Bron wanna play with Bronny but what are the chances Bron is still in the league at 42 to play with Bryce?,1550167939289976832,RobbieRob23_,189734489
Handing out Money and NDAs. https://t.co/GKsFr1uHhr,1550142377053982720,RobbieRob23_,189734489
https://t.co/crDh7IHJYL,1550123932023341057,RobbieRob23_,189734489
https://t.co/8EpuQQZNZc https://t.co/dfNbOJkUz4,1550123903019675649,RobbieRob23_,189734489
Banger https://t.co/kREN192naB,1549838321966141440,RobbieRob23_,189734489
Make sure you guys have episodes queued up! It’s a double-release day today. https://t.co/1OVh7xo8ev,1549427823051345926,RobbieRob23_,189734489
Pete Alonso gonna have to go on 60 day IL with a bruised ego after that one.,1549241261101527041,RobbieRob23_,189734489
Dawg said he doubled back 7 times 😭😭😭😭😭 https://t.co/I4cuCYbNWW,1549089990373584896,RobbieRob23_,189734489
"I'm the author of the book, yeah, a genius wrote it. There's a message in my words, you gotta decode it. I gotta go to work.",1548973557157208064,RobbieRob23_,189734489
Hope this guy proves me wrong but having pick 7 and taking a guy the scouts have 24th is underwhelming.,1548819527441362945,RobbieRob23_,189734489
I was hoping Greene fell to Chi but oh well. Happy with Lee or Collier.,1548816701273227264,RobbieRob23_,189734489
Wow did not think Rocker was getting pick top 10 let alone 3rd. Leiter and Rocker back together tho.,1548812234935046144,RobbieRob23_,189734489
Nothing like watching 2 guys get drafted who fathers you grew up watching in the big league lol,1548811198262521856,RobbieRob23_,189734489
Bro going thru hell tryna guard LeBron 😭😭😭😭 https://t.co/BdwYRvkAuL,1548715053955702784,RobbieRob23_,189734489
Getting off your shift at Best Buy and having to guard Lebron at the drew league is crazy,1548714167602798592,RobbieRob23_,189734489
"I’ve watched 29 MCU movies. 

I’ve never seen a shot as ridiculous and incredible as this truck/animal shot in RRR (on Netflix) https://t.co/JTheyZIYB7",1548713645168766976,RobbieRob23_,189734489
Barca buying Raphina and Lewandowski for 100 mil when everyone thought they were broke. https://t.co/jB0lzyyvRr,1548344532567093249,RobbieRob23_,189734489
As a Cub fan. I want Juan Soto. Chances of that happening slim to none.,1548343757761720323,RobbieRob23_,189734489
"League gon be sick of the Warriors again next year. They could put a dunk lineup out with Wise, Wigs, Kuminga and watch them try to catch bodies or throw out a 
Poole/Klay/Curry and watch then take 35 footers and shimmy on folks.",1548113468355620864,RobbieRob23_,189734489
Ready start drinking,1548111943864442885,RobbieRob23_,189734489
"According to @betway, here is the likeability of NFL teams using @linkfluence. #Bears lead the way, which means, according to the methodology, their fans had the most positive posts this offseason. https://t.co/3dfabjl2PO",1548039365380620292,RobbieRob23_,189734489
I approve this message 👍🏾 https://t.co/9TFpL1cTV6,1547705099782238209,RobbieRob23_,189734489
this video is still so insane to me. if i pulled this off and a bystander caught it on tape i would flex this achievement to my grave. https://t.co/jcG553mBfQ,1547704813307039746,RobbieRob23_,189734489
one of the best fights the mcu has ever seen https://t.co/cYJ6AcGzDz,1547703603699130370,RobbieRob23_,189734489
The best thing you’ll see today https://t.co/3yaUOgdh8q,1547657123282137091,RobbieRob23_,189734489
I put degen hours into Madden 17. https://t.co/J7rPJDt9v3,1547589630475677696,RobbieRob23_,189734489
https://t.co/dI77rkzMR8,1547401634786840576,RobbieRob23_,189734489
Can we all agree The Batman is still the best comic book movie to come out of 2022 https://t.co/sbElxtVffs,1547401412069314560,RobbieRob23_,189734489
“You Say Run”,1547331110157225984,RobbieRob23_,189734489
all those galaxies with trillions of planets inside and we ended up on the one with a 40 hour work week,1547239379852152834,RobbieRob23_,189734489
PFF going to grade this as a negative cause he didnt beat his man 🤣🤣🤣 https://t.co/T41XRnV6Rw,1546963803534811136,RobbieRob23_,189734489
$2.99 for a Big Mac meal. This country used to mean something. https://t.co/nUgBLAz8gP,1546913353502687232,RobbieRob23_,189734489
such a beautiful scene https://t.co/kPrEpCDyzL,1546874763074670593,RobbieRob23_,189734489
"Good morning, drink some water &amp; work smarter not harder today",1546863878071472129,RobbieRob23_,189734489
"Forever I'm immortal, you can't kill my spirit. Why they always hating on your name? Because they fear it. I gotta go to work.",1546798027267944448,RobbieRob23_,189734489
"“My son really loved that last batch you whipped up for him. Thanks again, Jazzy” https://t.co/5yz5huffi7",1546555359669600256,RobbieRob23_,189734489
😂😂 Ay I still remember you calling yourself Chamilli Tony man in high scool 😂😂 https://t.co/DA8GYl9Siv,1546554207288696833,RobbieRob23_,189734489
And they said there were no more great modern philosophers. https://t.co/YwA8uZP6pL,1546357474311032832,RobbieRob23_,189734489
This effort from team USA… https://t.co/ENOVxqJGQA,1546357216600412160,RobbieRob23_,189734489
😂😂😂😂😂😂😂😂😂😂😂😂 I never saw nun like this in my life https://t.co/AcSrkGsdmn,1546263735026606080,RobbieRob23_,189734489
That face he made bruh 🤣 https://t.co/30FVwn4ECx,1546263667766730752,RobbieRob23_,189734489
If dick riding was a sport give this nigga a gold medal https://t.co/rm1DYpiNSV,1546243854554124288,RobbieRob23_,189734489
"You confusing me with them, dawg? Must be a mix-up. A lot to celebrate, yeah, pour me up a big cup. I gotta go to work.",1546078448023588865,RobbieRob23_,189734489
https://t.co/h8MYI8DYY9,1546059286677073920,RobbieRob23_,189734489
"This edit is amazing 🤣

 https://t.co/ne8G3Rug3B",1546045091478835200,RobbieRob23_,189734489
"Fiziev, Gamrot, Tsarukyan next up.",1545986118339858432,RobbieRob23_,189734489
Wow what a KO. I thought it was a early stoppage but watching the replay it was fine.,1545985921190744064,RobbieRob23_,189734489
I think Fiziev is gassed. RDA tied it up It hink 2-2 going into the 5th,1545985533729394688,RobbieRob23_,189734489
"Paolo Banchero vs. Carmelo Anthony

Face Up Spinning Midrange Fadeaway https://t.co/0HtAJmOSeK",1545983896264749058,RobbieRob23_,189734489
