full_text,tweet_id,screen_name,user_ID
All 3 of my agents about to get their offer letters 🤭🤌🏾,1554556405608321026,jayy_taughtya,2316323557
My besties place 🤌🏾 omg 😍🫶🏾,1554519839657574400,jayy_taughtya,2316323557
Storm think we supposed to go on this walk everyday and I do it everytime 😅,1554519134217637890,jayy_taughtya,2316323557
@_skinnyy12 Pull the hell up,1554518877618454528,jayy_taughtya,2316323557
I slept wrong 🥺😔,1554432384283582466,jayy_taughtya,2316323557
Grateful to see another day 🤲🏾,1554432092888596488,jayy_taughtya,2316323557
Sis need to pull up like now lmao,1554322157294977024,jayy_taughtya,2316323557
@_skinnyy12 Sisterrrrr,1554322099556212736,jayy_taughtya,2316323557
Silks calling you,1554314238553890816,jayy_taughtya,2316323557
I love yo city baby,1554305502963802114,jayy_taughtya,2316323557
I wanna restart euphoria just because I miss it 🥹,1554287079407984640,jayy_taughtya,2316323557
"Hot girl summer is over, let’s get SPOOKY https://t.co/5VEmoJgggA",1554286966119735296,jayy_taughtya,2316323557
"August, please show us how good it gets.🥂",1554285496062328832,jayy_taughtya,2316323557
Once I get back to my normal routine 🙏🏾,1554283184229171201,jayy_taughtya,2316323557
I miss my boy he was supposed to be back today,1554264779249811456,jayy_taughtya,2316323557
so proud of my sis P!,1554235689591619584,jayy_taughtya,2316323557
@ItsPrecie Love you for liiifeeeeeeeee 🫶🏾😩 you did itttttt 👏🏾,1554229694274441219,jayy_taughtya,2316323557
Y’all I’m literally about to cry for my bestfriend because she did that 😭😭🫶🏾😍 I’m so proud of you 🎉😇 it’s here !!! @ItsPrecie,1554226529999228928,jayy_taughtya,2316323557
No two days are the same,1554187301252653056,jayy_taughtya,2316323557
He’s sick fr 😂,1554177889918226437,jayy_taughtya,2316323557
Rodney gotta be stoppeeddddd lmao,1554177762637783046,jayy_taughtya,2316323557
@alongcame_ron happy birthday 🎉,1554177056845479937,jayy_taughtya,2316323557
@noway_HOSEA 💃🏾,1553846302508826624,jayy_taughtya,2316323557
I’m always in the mood for long car rides with good music,1553586181509726208,jayy_taughtya,2316323557
My aunt be like you’re so pretty and I look just like her 🤣 literally,1553523458579075073,jayy_taughtya,2316323557
I miss my baby soo much 🏎 shoulda drove er 😩🫶🏾,1553436324077641729,jayy_taughtya,2316323557
Cartoon Cartoon Fridays Lineup (1999) https://t.co/M0vjmwAB3U,1553385700204093441,jayy_taughtya,2316323557
I need some water but don’t want to move,1553251486985031680,jayy_taughtya,2316323557
Tighten up 🤣,1553249465687052290,jayy_taughtya,2316323557
It feels sooo good every time,1553228840117440513,jayy_taughtya,2316323557
The way I’ve learned to crack my back while laying in this position is amazing 😩,1553228792377888768,jayy_taughtya,2316323557
Made up 😂😭 this nigga said this mf deep,1553196939046535168,jayy_taughtya,2316323557
That mf said we’ve tussled and fought 🤣,1553196730425942017,jayy_taughtya,2316323557
This nigga done got her a card that say so glad we’re sisters 😂,1553196421075140609,jayy_taughtya,2316323557
We like hella late going to my grandma house so we stop to get her a card,1553196197996892160,jayy_taughtya,2316323557
This got to be the funniest mf I know 😂,1553195799294664705,jayy_taughtya,2316323557
U really gotta turn yourself up…create yo own motion don’t wait for nobody.🐐,1553179308038004738,jayy_taughtya,2316323557
See she can go wherever the wind blow,1553175955849486338,jayy_taughtya,2316323557
My baby she don’t like nobody . I gotta keep her right beside me .,1553175877529346048,jayy_taughtya,2316323557
Tonight I’m on go,1553173022663753728,jayy_taughtya,2316323557
Breezy gets played with no skips every day 🫶🏾,1553172807026151424,jayy_taughtya,2316323557
I can’t believe I just lost my earrings for 2 hours wtf 😅,1553138954693758982,jayy_taughtya,2316323557
Took storm out to use the bathroom and got bit by a mosquito on my face 😑,1552966671652065280,jayy_taughtya,2316323557
Didn’t wanna get up 😩,1552965638188040193,jayy_taughtya,2316323557
This the only way he listen and just do it 🤦🏾‍♀️,1552823198965702656,jayy_taughtya,2316323557
I will buy the fuse now 😂,1552822813479821316,jayy_taughtya,2316323557
Lmfao so my brother radio been out and we riding I’m so sick of it I said man stop at auto zone,1552822676544159744,jayy_taughtya,2316323557
"Nobody :
Me : my husband gotta have a truck . Ima co sign for that Silverado 🤣",1552814490391117829,jayy_taughtya,2316323557
Today was a day,1552767276142698496,jayy_taughtya,2316323557
the only people who actually belong in my life rn are people who do not trigger me into responding like the old me- the parts of me i have worked hard to heal &amp; have tucked away,1552767082462339072,jayy_taughtya,2316323557
I don’t wanna hear this nigga yelling at the game all night 🫠,1552488658745311232,jayy_taughtya,2316323557
Like crying hysterically like girl it’s a necklace lol it can be fixed,1552488562238554112,jayy_taughtya,2316323557
Not Micah calling me because london was crying that she broke one of necklaces over there again 🤦🏾‍♀️,1552488436686364672,jayy_taughtya,2316323557
If ain’t nobody else proud of you then YOU be proud of you!,1552455113461354496,jayy_taughtya,2316323557
Gotta watch AHS today I’m excited !,1552371564133367810,jayy_taughtya,2316323557
I miss her though 🫶🏾🥺,1552362494257152000,jayy_taughtya,2316323557
My mom gone call me talking about your car hasn’t moved 😂 she do not want my daddy driving it,1552362344931639305,jayy_taughtya,2316323557
It’s 9:00 already,1552275714388492288,jayy_taughtya,2316323557
@arriplease 🤦🏾‍♀️,1552275532213018626,jayy_taughtya,2316323557
Today is going to be productive!,1552275137432526848,jayy_taughtya,2316323557
"Happy Birthday to Young Dolph, he would’ve been 37 years old today 🎈 Long Live Young Dolph 🙏 https://t.co/qJ6HiSOIoD",1552273722106576899,jayy_taughtya,2316323557
Not I walked to the gym this morning and it’s pouring now lmao,1552242688589701121,jayy_taughtya,2316323557
I made a promise to your body ima stand on,1552130882596732929,jayy_taughtya,2316323557
We gotta grow up man 😂,1552124694727430144,jayy_taughtya,2316323557
I’ve been hangry for a week bro,1552109112997068801,jayy_taughtya,2316323557
My cheek got caught a few times but 👏🏾 whole mood has changed,1552109045552758785,jayy_taughtya,2316323557
Nah I just smashed 🫶🏾🥺,1552108768707723264,jayy_taughtya,2316323557
Love performing in fly sh*t🔥 https://t.co/uX0WIZpiJd,1552087132537233410,jayy_taughtya,2316323557
What to eat cause I can kinda eat now 😈,1552085093619044352,jayy_taughtya,2316323557
Desssssssss,1552083300042391552,jayy_taughtya,2316323557
🫶🏾 https://t.co/oDmVbR5now,1552083272712294400,jayy_taughtya,2316323557
Starvingggggg,1552079417119326208,jayy_taughtya,2316323557
Instagram in 2012 https://t.co/Y3mWPsY4C8,1552049087029075974,jayy_taughtya,2316323557
Love my boss lady 🫶🏾,1552040405293752322,jayy_taughtya,2316323557
Work worked today 🫠,1552039432005586946,jayy_taughtya,2316323557
Lots of interview prep for a few of my agents . I’m super excited for them 😇,1551921915970854914,jayy_taughtya,2316323557
Today should be productive,1551919979158806528,jayy_taughtya,2316323557
Good music 🤌🏾 love love love,1551771552538132481,jayy_taughtya,2316323557
Like I can do it but I need like a full boy,1551764320199098368,jayy_taughtya,2316323557
I need my back cracked badly like I know would feel sooo good,1551764263173226496,jayy_taughtya,2316323557
When I play my music on the sound bar 😊🔥,1551759348686266368,jayy_taughtya,2316323557
https://t.co/l6w4JA1PVn,1551758793062682624,jayy_taughtya,2316323557
That’s life shit ight shit I can call you right quick,1551754485680193543,jayy_taughtya,2316323557
She hate me when I leave cause when I leave I never call her,1551754406860922880,jayy_taughtya,2316323557
I want spinach dip,1551727317826805760,jayy_taughtya,2316323557
I done had nephew sitting on the potty for like 30 mins now and watch he get up and pee 🫠,1551726253996220417,jayy_taughtya,2316323557
I took half a nap and it was 🔥,1551726124308336641,jayy_taughtya,2316323557
Tryna run this shit thru the roof,1551717134677540864,jayy_taughtya,2316323557
@_skinnyy12 Fck it,1551662125722001409,jayy_taughtya,2316323557
@_skinnyy12 Let’s go,1551659170394406912,jayy_taughtya,2316323557
Got a vase for my flowers to go on my desk 🥺 love love love,1551576313273765888,jayy_taughtya,2316323557
@JustLee_BHBW Lmao,1551575841225818112,jayy_taughtya,2316323557
Me and stormi’s walk this morning &gt;,1551556333027184640,jayy_taughtya,2316323557
😂🫶🏾 https://t.co/emwEMZgiYS,1551538314284601344,jayy_taughtya,2316323557
Bitch you thinking small . When you need to be thinking big bitch 🤣🫶🏾 good morning,1551536911046656000,jayy_taughtya,2316323557
Gets me everytime how beautiful she is 😍,1551422858554998784,jayy_taughtya,2316323557
Tems is just a beautiful chocolate woman 🫶🏾,1551422785330757633,jayy_taughtya,2316323557
One thing about my nephew he gone come cuddle up on him tete,1551342055749832704,jayy_taughtya,2316323557
In the pitch black lovin my baby ❤️‍🔥,1551276849162076160,jayy_taughtya,2316323557
@ItsPrecie Pray for me 🥺😂 it’s got me so agitated,1551234660209942528,jayy_taughtya,2316323557
