full_text,tweet_id,screen_name,user_ID
Insurers paid $9․8 billion in Louisiana after Ida https://t.co/F5WUBayOuS,1554587995092705283,EINInsurance,325489535
‘Archaic’ lenders mortgage insurance rules hurt borrowers https://t.co/lA5dGHwUua,1554557865876230144,EINInsurance,325489535
Missouri Insurance Department to Assist Residents After St․ Louis Flooding https://t.co/qxmehlmMSc,1554527607894560773,EINInsurance,325489535
"Rehab Riviera: Insurer wins big racketeering, fraud verdict against defunct Sovereign Health https://t.co/cWhwWNcz2P",1554497421908082690,EINInsurance,325489535
How to save hundreds of pounds on your car insurance https://t.co/1jsvxJE60q,1554467246822539264,EINInsurance,325489535
Pa․'s health insurers seek average 7․1% premium hike https://t.co/d9iXfzsLz7,1554437028045012993,EINInsurance,325489535
UK Motor Insurer Direct Line to Raise Premiums After H1 Profit Hit https://t.co/nqSqHyuHVM,1554406803320049664,EINInsurance,325489535
World Insurance Acquires New Jersey’s Coverage Specialists https://t.co/FMpBWIZGP4,1554376611025354752,EINInsurance,325489535
Great Eastern Q2 profit up 22% to $282․9m as insurance business gets boost https://t.co/OqjUIY5eiq,1554346388695154688,EINInsurance,325489535
Can my life insurance help to pay off my debt? https://t.co/E88SRD7ybR,1554316198770245633,EINInsurance,325489535
"Orlando Sentinel: Florida insurance firms, not homeowners, reap benefit of $2 billion taxpayer-financed fund https://t.co/X9feEMfahU",1554285992256933888,EINInsurance,325489535
California Insurance Commissioner: Mercury Steered ‘Good Drivers’ Toward Higher-Priced Policies https://t.co/0Ecw5PUMj0,1554255814285721601,EINInsurance,325489535
Thriving In The Online World: Why Digitally Empowered Agents Are The Future Of Insurance https://t.co/ghzhBCZnHh,1554225600403062784,EINInsurance,325489535
Insurance dept: $13․1B Ida-related claims committed through June https://t.co/7tCgQ41AgX,1554195469643005952,EINInsurance,325489535
Kentucky Agents Report Few Properties Have Flood Insurance in Widespread Devastation https://t.co/c2hH7ThaMA,1554165213708095488,EINInsurance,325489535
Insurance: Digitalising motor claims - trends and insights https://t.co/E0qJA7m4VX,1554135070851665920,EINInsurance,325489535
Ondo InsurTech Shares Rise on New LeakBot Deal With Danish Insurer https://t.co/hWM7oGzezO,1554104806989602819,EINInsurance,325489535
"Global Commercial Insurance Rates Rise 9%, Continuing Moderating Trend: Marsh https://t.co/qPFnrfxZqo",1554074613885419520,EINInsurance,325489535
Liberty Mutual Insurance Acquires Malaysian Insurer AmGeneral https://t.co/rBgoygQkUN,1554044397431431169,EINInsurance,325489535
Car insurance premiums not rising at same speed as in UK https://t.co/5ppetDRLkX,1554014213236039680,EINInsurance,325489535
Plano Group Health Insurance Insurers See Profit Boom Under ACA In 2022 https://t.co/MEpgXq8vYQ,1553984001127456771,EINInsurance,325489535
Things you should consider while buying insurance https://t.co/4AwTr8c3GM,1553953813761081344,EINInsurance,325489535
"PUNCHman wins Africa’s insurance award, Ogunshola honoured https://t.co/FTJeB1EnLJ",1553923628353392640,EINInsurance,325489535
HC asks insurer to pay school ₹6․2L towards accident liability https://t.co/IndcEvGCUT,1553893412717330433,EINInsurance,325489535
Net worth of life insurers halved in first 6 months https://t.co/lGGyoyxvwa,1553863216035397632,EINInsurance,325489535
"Local residents sentenced on drug, assault, insurance fraud charges https://t.co/rVPCqlazy4",1553833027901558785,EINInsurance,325489535
"Safety Insurance Group, Inc․ (NASDAQ:SAFT) Shares Sold by State of New Jersey Common Pension Fund D https://t.co/ye0tPqkkTw",1553802830263222272,EINInsurance,325489535
Al Nisr Al Arabi Insurance : Board Of Directors-(AAIN)-2022-07-31 https://t.co/jG8TifQSSN,1553772623389147136,EINInsurance,325489535
How Much Does Car Insurance Cost in August 2022?     - CNET https://t.co/X8HcQBCpHk,1553742427462172674,EINInsurance,325489535
"Insurers may not need prior Irdai nod to raise capital via pref shares, subordinate debt https://t.co/sjshHjmdyF",1553712204536586242,EINInsurance,325489535
Summer holidays: The really simple change that could save you to hundreds on travel insurance https://t.co/i8GCbN803E,1553682036006821888,EINInsurance,325489535
A glimpse into National Disability Insurance Scheme (NDIS) https://t.co/hcA0pxHd0l,1553651805254467586,EINInsurance,325489535
Govt queried over delayed insurance claims payment https://t.co/tedjLHUfhV,1553621627199447041,EINInsurance,325489535
$200m in insurance payouts for weather events https://t.co/rAg4ryFV8f,1553591415355080705,EINInsurance,325489535
US Says Insurers Must Still Cover Birth Control After Supreme Court Abortion Ruling https://t.co/M2LuG9muPn,1553561225220558849,EINInsurance,325489535
Aiteo Cup will prepare us for NPFL campaign – Insurance FC coach https://t.co/70ClTJVPcc,1553531022364532736,EINInsurance,325489535
$200m insurance payouts for extreme weather events damage in 12 months to June https://t.co/53t9BdQJQ3,1553500833211453443,EINInsurance,325489535
Allstate Car Insurance Review for August 2022     - CNET https://t.co/IDKnn4inWu,1553470619345379328,EINInsurance,325489535
How prepared are emerging market insurers for IFRS 17? https://t.co/6mWJ5Hrbm6,1553440446180782080,EINInsurance,325489535
"Cheap, ‘milk cow’ action that gains from high Selic: meet the insurance company that can distribute up to 90% of profits this year and fill shareholders’ pockets with dividends https://t.co/rbMkw99gUc",1553410239076106247,EINInsurance,325489535
Massachusetts should require gun liability insurance https://t.co/v624HHVqSi,1553380039483424768,EINInsurance,325489535
"Edelweiss General Insurance Launches Switch ‘Pay as you Drive’ Add-on, Strengthening its Usage-based Motor Insurance Suite https://t.co/rEFK4AfNmL",1553349839471218689,EINInsurance,325489535
R&amp;Q Insurance (LON:RQIH) Stock Crosses Below 200-Day Moving Average of $136․34 https://t.co/lpW1eY57H4,1553319665937616896,EINInsurance,325489535
"Households typically have £800 worth of goods in their gardens, says insurer Aviva https://t.co/knxqyMXYi4",1553289442718269440,EINInsurance,325489535
Scots fraudster hid BMW in dead sister-in-law's garage after claiming it was stolen in bid to scam insurer https://t.co/nmH3bWNbRD,1553259274201096194,EINInsurance,325489535
Flashy NYC bishop robbed of $1M in jewels during live-stream says heist wasn’t staged for insurance https://t.co/prUJ9LBcjc,1553229035408326656,EINInsurance,325489535
CAA Loses COVID-19 Insurance Suit https://t.co/ogFIQa7ITQ,1553198849195376640,EINInsurance,325489535
Biden administration to US businesses and insurance providers: limiting contraceptive coverage violates federal law https://t.co/QrdDdJz3ZU,1553168638496194562,EINInsurance,325489535
"Lawsuit of the week: Ahead of lengthy trial over alleged construction defects, companies behind downtown Vancouver’s Shangri-La tower haggle with insurer in court over defence costs https://t.co/ME4lEW3dBA",1553138463771353088,EINInsurance,325489535
"FAIR plan: CA’s insurance rates haven’t kept pace with risks, costs https://t.co/GfnWwOtf0P",1553108252442984455,EINInsurance,325489535
Florida plans to back up insurance companies facing downgrade https://t.co/c6oHO8umFC,1553078087100907521,EINInsurance,325489535
People Moves: Hilb Namef CEO at Choice Financial; Crum &amp; Forster Appoints Kovalsky to Credit Team; Cross Insurance Welcomes Randlett as Counsel https://t.co/NCKJhvDxTx,1553047892499243008,EINInsurance,325489535
"Business News | Edelweiss General Insurance Launches Switch 'Pay as You Drive' Add On, Strengthening Its Usage-based Motor Insurance Suite https://t.co/zEgXwtV56h",1553017651441582082,EINInsurance,325489535
Couple with premature baby born on honeymoon say insurers won't pay to bring him home https://t.co/nOpe322RWv,1552987466566696960,EINInsurance,325489535
Foodpanda Hong Kong urged to improve insurance coverage after man who died on way to work gets no pay-out https://t.co/DcC9YA9gak,1552957284032122883,EINInsurance,325489535
"Jail for woman who made fake travel insurance claims of more than S$14,000 https://t.co/Lbdm20WWAS",1552927048108331010,EINInsurance,325489535
India: Regulator considers several changes to insurance operations https://t.co/OUGqjoSCAO,1552896881482764288,EINInsurance,325489535
"Florida plan to back up insurance companies facing downgrade is risky, expert says https://t.co/z1eGYx0nLt",1552866646100000768,EINInsurance,325489535
SBI Life Insurance First-Quarter Profit Rose on Higher Premium Income https://t.co/Wgy1jeZ2JZ,1552836456053342212,EINInsurance,325489535
US regulators order Voyager Digital to stop 'false and misleading' deposit insurance claims https://t.co/DuCQ6oxCzp,1552806239813386240,EINInsurance,325489535
Bankrupt Crypto Brokerage Voyager Ordered to Cease False Promises About U․S․ Banking Insurance https://t.co/KinhxJlTPI,1552776063062872064,EINInsurance,325489535
Florida plans to backup property insurance companies facing downgrade https://t.co/YkQMnUY90I,1552745853076520960,EINInsurance,325489535
Lemonade Closes Deal for Auto Insurer Metromile https://t.co/054yWS0EfB,1552715737202130951,EINInsurance,325489535
"As cybersecurity insurance premiums rise, what can businesses do to cope? https://t.co/hLL7br4ShF",1552685524225347586,EINInsurance,325489535
'Good news!’ Big National Insurance change will save millions of people £330 a year https://t.co/fA5iyH8Q14,1552655281338793988,EINInsurance,325489535
Thai Life Insurance (TLI) ends IPO debut slightly below offer price https://t.co/8fpBQntpaH,1552625050288902144,EINInsurance,325489535
Global Natural Disasters Cost Insurers $34 Billion in H1 2022: Munich Re https://t.co/2XzdaoX0QQ,1552594879787794433,EINInsurance,325489535
Gov․ DeSantis announces temporary fix for Florida property insurance crisis https://t.co/sNxTLA4ZB8,1552564668052475910,EINInsurance,325489535
"Insureds Can’t Block Repairs Then Sue Insurer, Florida Appeals Court Agrees https://t.co/hO2sGYwNgZ",1552534466500894720,EINInsurance,325489535
Cambodia: Insurance market grows by 20% per year on average in last 5 years https://t.co/EOSEwMOBOA,1552504261883355138,EINInsurance,325489535
Toronto widow shocked to find insurance premiums increased after husband's death https://t.co/935aQdFSVz,1552474069060259841,EINInsurance,325489535
Digital Insurance: The Necessity Of Building Trust https://t.co/2VBgxUBUfd,1552443846692413441,EINInsurance,325489535
National Insurance threshold: State pensioners warned rule change could lower payments https://t.co/ccZEw4qymz,1552413700325253120,EINInsurance,325489535
Opinion: Cincinnati Children's no longer takes my insurance https://t.co/vnF0mrURAf,1552383482697060359,EINInsurance,325489535
Crist Slams DeSantis for Florida Insurance Crisis; Fried Blames Crist https://t.co/dNEfZmes6z,1552353279744557060,EINInsurance,325489535
Lloyd’s Insurers Preparing to Cover Ukraine Grain https://t.co/vgExPY6oV8,1552323104256532486,EINInsurance,325489535
Slump in Auto Sales Leads to Outlook Downgrade for Discovery Insurance in Carolina https://t.co/UMPGaTgBY4,1552292876649996295,EINInsurance,325489535
"Natural Disasters Cost Insurers $39B During H1 2022, 18% More Than Average: Aon https://t.co/BDbucjiIU4",1552262676960657414,EINInsurance,325489535
Natural disasters are intensifying․ Is your insurance policy sufficient? https://t.co/ZunpGrC9NS,1552232480295583744,EINInsurance,325489535
Brown &amp; Brown’s GRP Acquires Insurance Portfolio of WM Brokers Ltd․ https://t.co/fQaH3u7F4D,1552202262126247937,EINInsurance,325489535
How can young drivers reduce their car insurance premiums? https://t.co/Ktp18krHF3,1552172079499382789,EINInsurance,325489535
"Crist slams DeSantis on property insurance crisis, says he'd fire insurance commissioner https://t.co/nhb6hawPxN",1552141871589347328,EINInsurance,325489535
Pros and cons of tech job cuts for the insurance industry https://t.co/QmtiWvv1Ou,1552111696617132032,EINInsurance,325489535
Chubb Q2 Net Income Drops $1 Billion; Books Record Insurance Results https://t.co/CIkmlTtwWH,1552081485745848320,EINInsurance,325489535
"Market concentration in auto insurance increases; GEICO, Progressive projected to pass State Farm in 2023 https://t.co/CXVw6j8qod",1552051348291653634,EINInsurance,325489535
"Demotech delays Florida insurer rating revisions, responds to ‘factually inaccurate’ reports https://t.co/xovYnDC34c",1552021142319382531,EINInsurance,325489535
National Insurance threshold has changed - how to check if you're going to be better off https://t.co/jLhScubDiP,1551990971826569222,EINInsurance,325489535
ADVERTORIAL: What travel insurance covers - 4 checks to make when booking a holiday right now https://t.co/q3sRGym3hq,1551960738142486530,EINInsurance,325489535
Australia: Mortgage insurance sector assessed to be of low risk https://t.co/0GdZzD1wQ1,1551930533508161539,EINInsurance,325489535
Japanese Insurers Sell Heatstroke Coverage as Temperatures Soar to Record Levels https://t.co/ZxxC5xyySD,1551900308229455872,EINInsurance,325489535
Taiwan cancels mandatory COVID insurance for incoming migrant workers https://t.co/MlhzjEu0kz,1551870128203112448,EINInsurance,325489535
Sabre Insurance 1H Pretax Profit Fell on Worsened Combined Operating Ratio https://t.co/SSei9XE5oX,1551839906166603776,EINInsurance,325489535
Court Agrees With Insurer: Amazon Can Be Sued Under New Jersey Product Liability Law https://t.co/4baPryeO4S,1551809685551988736,EINInsurance,325489535
Ratings agency plans to downgrade 27 Florida-based property insurance companies https://t.co/d2qcm7Iuen,1551779475343523840,EINInsurance,325489535
ICNZ Flood And Storm Insurance Claims Advice https://t.co/q7aW1Hjxb8,1551749311452553216,EINInsurance,325489535
Rise in numbers being put on insurance fraud register as living costs bite https://t.co/Jj1aT5qh9o,1551719083225350145,EINInsurance,325489535
California Insurance Commissioner Acts To Protect Abortion Coverage https://t.co/tkKqfCMpaU,1551688932722704386,EINInsurance,325489535
Wildfire risk pushes up N․M․ home insurance rates https://t.co/16t47lWLUU,1551659083526283264,EINInsurance,325489535
Agents Expects Big Jump in Online Commercial Insurance Shopping: Survey https://t.co/d6pIDWo1Nc,1551628525354057728,EINInsurance,325489535
Centene To Sell Some European Assets As Health Insurer Focuses On U․S․ https://t.co/5mvMShyrBi,1551598426885963776,EINInsurance,325489535
