full_text,tweet_id,screen_name,user_ID
"Freshmen Orientation, August 12th at 9:00 am. WHS James McIlvaine Performing Arts Center. Members of the Class of 2026 only.  See you there, and Welcome to WHS!",1553747942573576194,WadsworthHS,3297820903
"Last Friday in July Grizzlies!  You know what that means......August baby!  First day of official practices, first day of school, and we are back in business!  See you on August 18th.",1552971158903033859,WadsworthHS,3297820903
Team giving back to the community this morning after lifting! Then some donuts after some hard work! https://t.co/RcbzFTSk3J,1552412922172903424,WadsworthHS,3297820903
"Mrs. Sieber reminded me that we are 23 days away from the start of school.  Class of '23, are you ready for the official start of your senior year?  Class of '24, '25, and the newest class to WHS, 2026, are you ready to make this a great year as well? See you soon Grizzlies!",1551995595123982337,WadsworthHS,3297820903
WHS Students and Parents!  This year we are going to move to a different platform for attendance.  We will be partnering with VisitU in an effort to make your experience with school attendance a more smooth and efficient process.  More information to follow! https://t.co/Mkk7siMnUq,1551931400638660608,WadsworthHS,3297820903
"Anthony Walker, #5 for the @Browns , speaking to the crowd at the Wadsworth Youth Football Scholarship Dinner.  Thank you for your great words of encouragement. https://t.co/fajv93kKaL",1551726715747049479,WadsworthHS,3297820903
Cailey Piekarski and Mason Brugh were honored by the Wadsworth Youth Football Scholarship dinner.  Congratulations to you both and every person honored this evening. https://t.co/NX5tALhBcM,1551722793947078656,WadsworthHS,3297820903
"Some of the football players from WHS who are enjoying the Wadsworth Youth Football Annual Scholarship Dinner.   Congratulations to Cailey Piekarski and Mason Brugh tonight’s scholarship winners.  Finalists were Anthony Cirino, Brayden Griffin, and Conner Frisby and Ryan Polak. https://t.co/O2gBOPWZz6",1551722250210009089,WadsworthHS,3297820903
"Being recognized by former Wadsworth superintendent, Dr. Dale Fortner at the Wadsworth Youth Football Scholarship dinner.  Recipients were Conner Frisby, Brayden Griffin and Ryan Polak.  Anthony Cirino was not able to attend but was recognized as well. https://t.co/XlSCKktEWO",1551721736583913473,WadsworthHS,3297820903
Great job by the WHS Grizzly Marching Band and their band camp show this past Friday.  Here are some pictures.  Football season and being able to see the best band ever on Friday nights is just around the corner. https://t.co/aWVBWa4j5F,1551594966601834501,WadsworthHS,3297820903
@dinwiddiejack42 Well done Jack!,1551576668254388226,WadsworthHS,3297820903
Welcome to nErDcampOH!,1551516377764208641,WadsworthHS,3297820903
Going to Cedar Point with Mr. Sieber. https://t.co/UC2EMEHdTc,1550114495485263874,WadsworthHS,3297820903
https://t.co/5crMmkbW4a,1549766112719560704,WadsworthHS,3297820903
https://t.co/Qg0fstpp99,1549763742207975424,WadsworthHS,3297820903
7th in the country so proud of you Jaxon! https://t.co/rv9AHPIcwX,1549646100986040327,WadsworthHS,3297820903
Jaxon Joy becomes an ALL-AMERICAN! Will compete again this evening!! Proud of you Jax! https://t.co/J9NUBLIamU,1549518664952602624,WadsworthHS,3297820903
Jaxon Joy seals the deal with a 10-0 tech fall to finish 7th in the COUNTRY! https://t.co/miE0wlVVZj,1549518641393274880,WadsworthHS,3297820903
"Wadsworth wrestler Aaron Ries earns Grizzlies first national title in 13 years!
#wadsworthgrizzlies #wadsworthohio @wadsworthwrestl @USAWrestling @whsgrizzlies @WadsworthHS @WHSgrizzliesFB 
https://t.co/JigefhftWv via @beaconjournal",1549518607314558983,WadsworthHS,3297820903
https://t.co/LV2Ufw8LG2,1549202965264736258,WadsworthHS,3297820903
Way to go Aaron Ries!  National champ for freestyle! https://t.co/jlaq7UBPGB,1549200714236313600,WadsworthHS,3297820903
"Grizzly Alumni News - Hopeful for a speedy recovery Mitch!!

https://t.co/JRH0h10r99",1548967031533355009,WadsworthHS,3297820903
"Very proud of all our guys competing at a high level and growing on and off the mat! 

Freestyle Nationals Day 1 Results for U16:
Jack Dinwiddie was eliminated. 
Kolt Mellon was 1-2 then eliminated. 
Hunter Buckland was 2-2 then eliminated.",1548967001552556033,WadsworthHS,3297820903
Aaron Ries advances to the national quarterfinals tomorrow with a 3-1 win over Wisconsin! https://t.co/Si58sx4in9,1548570089502683137,WadsworthHS,3297820903
Information from the WHS Guidance Dept.   Click the link:  https://t.co/EzdKgqTdfH,1548363866307866625,WadsworthHS,3297820903
"WHS Students, this year we are continuing with changing our format for entering the building.  Please stay tuned to your school email for instructions regarding how to use VisitU!",1548358623813726209,WadsworthHS,3297820903
"The boys arrived in Fargo! They are training today! Wrestling kicks off tomorrow for Dinwiddie, Kolt Mellon, Buckland, and Ries!",1548213722379800576,WadsworthHS,3297820903
"Your 2022 Fargo wrestlers from WHS.  Hunter Buckland, Kolt Mellon, Kade Mellon, Jaxon Joy, Jack Dinwiddie, Coen Grimm, and Aaron Ries.  Good luck Grizzlies!  You can watch the wrestling on FloWrestling! https://t.co/tJZsZMGyj4",1547921546122973184,WadsworthHS,3297820903
Watching the British Open today while working.  150 year anniversary of this magnificent tournament.  Makes me think that just around the corner is the start of the Fall season for our sports teams!  Go Grizzlies!,1547643974499717120,WadsworthHS,3297820903
"Big man Sully Chadbourne making an impact knocking down the jumper, running the floor, and making the hustle play to extend the possession.  Excited to see you continue to progress your game this winter.   @SullyChadbourne @AauNextLevel https://t.co/s4UdXO2IEw",1547506669382402048,WadsworthHS,3297820903
"Congratulations Debbi. You have done so much for Wadsworth wrestling, Ohio wrestling and beyond. Well deserved recognition. Thank you for all you still do to the advancement of our great sport. https://t.co/R4rtPJbTBu",1547506641100324864,WadsworthHS,3297820903
https://t.co/0JPtZLikgQ,1547506578219311104,WadsworthHS,3297820903
"Mrs. Davis and some of our choir kids, along with alumnus Lauren Claxton, Class of 2021, working hard at camp!  Lauren is serving as a camp instructor! https://t.co/QTVxSuHb6j",1547419744193728517,WadsworthHS,3297820903
"Welcome the Class of 2026. Please check your school emails for an important survey to fill out.  Have a great summer and see you at orientation on 8/12/22, 9:00 am in the WHS PAC!",1546494932092964868,WadsworthHS,3297820903
"Some of the WHS Choir students at their choir camp in Tiffin, Ohio.  Have fun this week everyone. https://t.co/fI9bVfJdX2",1546473416122716160,WadsworthHS,3297820903
Congrats to Grizzly Baseball https://t.co/6U46Ls2TVz,1545198869532839936,WadsworthHS,3297820903
Happy 4th of July! https://t.co/DGNHXY6OQM,1543938420526956545,WadsworthHS,3297820903
Yep. We have copies of all the books assigned for Wadsworth High School summer reading. Check them out today and mark this task off your summer to-do list. #wadsworthhighschool #librarytwitter #SummerReading https://t.co/e8LnqCMUSY,1543267304691081222,WadsworthHS,3297820903
"Congratulations to Maddy Schnelzer, your 2022 Medina County MVP for swimming and diving, as well as first team all county!! https://t.co/iNgCuxnFZZ",1542956876530343937,WadsworthHS,3297820903
"M.S. Camp was a HUGE success, 80+ Grizzlies ready to take the field for their school this fall!  The class of 27 &amp; 28 will accomplish something special for this town.  Impressed with their Effort, Attitude &amp; Toughness…looking forward to watching this group compete in the fall! https://t.co/tk7CEFlV5R",1542869458179457025,WadsworthHS,3297820903
"The Library will be closed Sunday and Monday for Independence Day. Stop in today or tomorrow to pick up some books, get your Summer Reading Club prizes, or use the public computers. https://t.co/b43HMllhNO",1542869439410053120,WadsworthHS,3297820903
"Sometimes in this world one has to travel on their own to find the right direction to go.  Even in vast body of water like the ocean, a tiny light on the horizon shows a ship traveling to find its home port. https://t.co/qiMOtwVKhA",1542673778773204994,WadsworthHS,3297820903
Been in eduction for 26 years.   One of the best kids I’ve ever known. https://t.co/YR2QIrSa74,1542672993557659649,WadsworthHS,3297820903
"The man, the myth, the legend from Mount Union himself.  Philly had Dr. J, WHS has Dr. Suber! https://t.co/eGVz5uiezg",1542597692051935233,WadsworthHS,3297820903
"Another beautiful sunrise today Grizzlies.  Your life is like a sunrise each day.  Always full of potential, and the ability to make another person’s day bright.  Don’t ever forget that each day is a new opportunity. https://t.co/xx8plUYcF3",1542451268332945408,WadsworthHS,3297820903
"We are popping up at Valley View Park this morning from 10am-12pm. Join us to check out materials, pick up summer reading prizes and stay for story time at 10:30am. #popuplibrary #librarytwitter #summerreadingclub #adatwist https://t.co/fgqEGzr5V2",1542123047393574912,WadsworthHS,3297820903
WHS Boy's Lacrosse holding a camp!  Here is information from Coach Milano!  Go Grizzlies! https://t.co/0MENWc5Mk9,1542120601673940992,WadsworthHS,3297820903
Pictures from last night's auction of the Senior Carpentry House!  Job well done Mr. Kallai and your carpentry students!! https://t.co/oLPSfHPJ8e,1542118485681225729,WadsworthHS,3297820903
Congratulations on the sale of the Senior House tonight.  Mr. Kallai’s Senior Carpentry class once again did an outstanding job!!,1541948286935994369,WadsworthHS,3297820903
Thinking of Mr. Jurey and all of his AP Environmental Science students.   What are Kemp Ridley turtles? https://t.co/0KiJre4pGE,1541586416546758656,WadsworthHS,3297820903
Makes those January and February days seem so distant. https://t.co/a8vrh43uVz,1541372712525959168,WadsworthHS,3297820903
@bbournival Always fun to do!,1541371760913924097,WadsworthHS,3297820903
Congratulations to Class of 2022 Alum Anthony Ripplinger for finishing  2nd in the Alpha Win Hudson Valley Triathlon.  An amazing job! https://t.co/Hgt2vn467N,1541217476863746048,WadsworthHS,3297820903
Enjoy your summer break Grizzlies.  Each day is full of opportunity and be thankful for the opportunity to be better than the day before.  See you in 53 days.  Miss you all. https://t.co/2Tp1amOD1G,1541005334118113280,WadsworthHS,3297820903
"Dr. Hill served as the Blue Tip Parade’s Grand Marshall in last night’s parade.  Thank you Dr. Hill for all you do for our students, staff, and community. https://t.co/QhBIcaQApC",1539612980656185344,WadsworthHS,3297820903
Ladies there will be NO weight lifting tomorrow.  The school is closed to honor Juneteenth.,1538812133512716289,WadsworthHS,3297820903
Jaxon Joy was named All Tournament team at the Junior Duals going 9-0 and defeating the #4 wrestler in the country in the finals! https://t.co/4baQpUydu6,1538812092479950849,WadsworthHS,3297820903
Happy Father’s Day! https://t.co/9Jh2ExidRx,1538569313258463232,WadsworthHS,3297820903
Congratulations to Jackson Herbert for being named First Team All-Gazette in Track &amp; Field! @jacksonherber19 https://t.co/hWTO3xdb2O,1537188875008983040,WadsworthHS,3297820903
Congratulations to Aidan Gray for being named Honorable Mention All-Gazette in Track &amp; Field! https://t.co/1oiG4Qz2Vv,1537188856788930562,WadsworthHS,3297820903
"In the month of May, @playhousesquare presented their annual @dazzleawardsCLE.  Members from the cast of Joseph and the Amazing Technicolor Dreamcoat were  nominated for best musical. It was an incredible experience, and this was their red carpet entrance!  Congrats again to all! https://t.co/89y7qhz8sJ",1536421853136297989,WadsworthHS,3297820903
https://t.co/1kUeVzrgL6,1535249190753910784,WadsworthHS,3297820903
https://t.co/izXwQBqblG,1535249099947139073,WadsworthHS,3297820903
https://t.co/603OhxN3oz,1535249035522723840,WadsworthHS,3297820903
Congrats John!! https://t.co/gEaNIClKad,1534523094395658240,WadsworthHS,3297820903
Great job John!! https://t.co/ztN9ChWs40,1534523036568649729,WadsworthHS,3297820903
"The 4 X 400 Relay of Aidan Gray, Abe Watson, Luke Loveless, &amp; Jackson Herbert finishes 13th in Division I at the OHSAA State Track &amp; Field Championships! @jacksonherber19",1533817342953672704,WadsworthHS,3297820903
Adam Quinn finishes 15th in the 100 meter dash in Division I at the OHSAA Track &amp; Field State Championships!,1533817321076277248,WadsworthHS,3297820903
6th Place!!! Jackson Herbert finishes in 6th place in Division I at the OHSAA State Track &amp; Field Championship Meet! 🏅 https://t.co/0JlSpZBiXh,1533815975115620354,WadsworthHS,3297820903
"We're popping up at Kaleidoscope Playground tomorrow evening from 6-8pm! Come visit us to check out books, get a library card, sign up for Summer Reading Club, and enjoy Story Time at 6:30pm.  #librarytwitter #popup #popuplibrary https://t.co/oB2rSpU78E",1533815496566525954,WadsworthHS,3297820903
"Please support your Grizzly wrestlers while they prepare for USA Wrestling Nationals in Fargo, North Dakota!

https://t.co/fZbu0zrOKs",1533108428658429952,WadsworthHS,3297820903
"The Medina County Health Department will be hosting a vaccine clinic at the Library tomorrow from 12-3pm. Appointments are available and walk-ins are also welcome! To make an appointment please call 330-723-9688, option 2, or schedule through the ArmorVax app. https://t.co/dNXwQRMFKC",1532543501690355722,WadsworthHS,3297820903
"On Friday, June 3, contractors will be repairing the windows above our main entryway, in the children's area AV room. The exterior sliding doors will be temporarily shut down during repair work. Please enter and exit the building using the wheelchair accessible ramp and door. https://t.co/tgOrzUOo7z",1532543427769942027,WadsworthHS,3297820903
"Camp was absolutely incredible. Campers got better and relationships between high school guys, youth and coaches all grew. Not much else we could possibly ask for. It’s great to be a Grizzly!!! https://t.co/zTN23EEKhE",1532543341425999882,WadsworthHS,3297820903
Today's end of the year Spectrum picnic!  Great job this year! https://t.co/Wl9g7IuqDy,1532431997385199619,WadsworthHS,3297820903
Very proud of our team for representing Wadsworth very well this weekend at Freestyle State and Virginia Beach National Duals!,1531455507516600323,WadsworthHS,3297820903
"Final Stats for the Grizzlies 2022

Record: 18-7
Conference: 10-2
Team ERA: 1.07 (school record)

The Grizzlies won their 6th league title in the past 8 seasons, and advanced to the District Finals. https://t.co/TxG2iJdqew",1531419539493339138,WadsworthHS,3297820903
"Congratulations to Anthony Cirino, Max Mills, Will Stack, &amp; Adam Quinn for earning District Runner-Up in the 4 X 100 relay at the Brunswick District Meet. @maxm1lls @wstack20 @anthcirino https://t.co/Q33HjhNjqN",1531327756310614017,WadsworthHS,3297820903
"Today we honor those who made the ultimate sacrifice for our country! Have a safe Memorial Day! 🇺🇸🇺🇸

📷: Mandy Gailey

#CityofWadsworth #ACommunityUnmatched #MemorialDay #RememberAndHonor #WadsworthOhio https://t.co/gm4AdYgghr",1531327646986117120,WadsworthHS,3297820903
State Qualifier! Adam Quinn finishes 4th in the 100 meters at the Findlay D1 Regional to qualify for the State Championship Meet. @_aq____________    #JourneyToJesseO https://t.co/4hTPlucFLq,1531327596977430528,WadsworthHS,3297820903
"Proud of our guys in Virginia!
VA Beach Day 2 Update: 
Jaxon Joy 7-0
Coen Grimm 3-1
Jake Keirn 3-3
Kolt Mellon 4-2
Blake Frantz 1-5",1531327549569126401,WadsworthHS,3297820903
David is the first seated athlete at Wadsworth to qualify for the State Meet.,1531327475082461187,WadsworthHS,3297820903
State Qualifier! David Rutherford has qualified for the State Championship Meet in the 100 meters. #JourneyToJesseO https://t.co/tDVyrlj7H1,1531327445659443207,WadsworthHS,3297820903
Congratulations to Adam Quinn for earning District Champion in the 100 meters at the Brunswick District Meet. https://t.co/UtXUM6QlrM,1531327406165966849,WadsworthHS,3297820903
Congratulations to Jackson Herbert for earning District Champion and Aidan Gray for finishing 3rd in the 400 meters at the Brunswick District Meet. https://t.co/bc3rliYOpH,1531327389510279171,WadsworthHS,3297820903
"Very proud of all our guys!! Go Grizzlies!!
Ohio Freestyle State Results:
Hunter Buckland 16U State Champ
Jack Dinwiddie 16U 3rd Place 
Troy Meyers 16U 5th Place 
Chris Earnest Junior 3rd Place
Kaden Mellon Junior 3rd Place",1531327350939459584,WadsworthHS,3297820903
Thank you to the countless men and women who have served our great nation both past and present.  We honor those who paid the ultimate sacrifice allowing us to live our lives.  May we never take our freedoms for granted. https://t.co/6MajQmOGfB,1531265710084833281,WadsworthHS,3297820903
"Congratulations to two of our seniors for being Honorable Mention All-Suburban League:

Kaden Geiger (D)
Billy Hreha (G) https://t.co/b8LT80QbYx",1530046206554013697,WadsworthHS,3297820903
"Congratulations to our FOUR 1st Team All-Suburban League student-athletes:

Kyle Yurchiak (A)
Dawson Yoder (LSM)
Jared Pasco (G)
Josh Pasco (M) https://t.co/UU4YmxwTtd",1530046028669394944,WadsworthHS,3297820903
"Wadsworth is grateful to have an amazing teacher and person like Mrs. Smith. She goes above and beyond!

https://t.co/nuGhPMNT9f",1530045988441841671,WadsworthHS,3297820903
Varsity Baseball lost 7-1 to Strongsville in the OHSAA District Final at Strongsville HS to finish their season (18-7) overall.,1530045761005699072,WadsworthHS,3297820903
"Grizzlies giving back - volunteering with Wadsworth Community Radio to “Feed Medina County”. Served a record 120 vehicles and over 290 families.  Appreciate you men!
#IronSharpensIron @WadsworthHS @WCSGrizzlies https://t.co/LzHjDuAlfz",1530045692042944513,WadsworthHS,3297820903
"Baseball yesterday,  3-1 winners over the Shoremen of Avon Lake.  Next, Strongsville on Thursday. Good luck Grizzlies! https://t.co/KB7vAGp62r",1529518205613797376,WadsworthHS,3297820903
Here is the link to our schedule:  https://t.co/b5mdpTOP6S,1529462945339654146,WadsworthHS,3297820903
"Baccalaureate:  https://t.co/Ez81lRWsc6

Commencement:  https://t.co/QTlMq1vCyU

You may also view these programs, and all Wadsworth City Schools related programming, on WCTV Channel 16 (CityLink) and WCTV Channel 1025 (Spectrum).",1529462943678713856,WadsworthHS,3297820903
"Class of 2022! Here is some important information! The WHS end of the year events are now available for on-demand viewing and download on https://t.co/WJGhapmzTM.

Senior Recognition:  https://t.co/vpb2P1XCuE

Promenade:  https://t.co/8J4UzIhumY",1529462941816340480,WadsworthHS,3297820903
Students taking AP classes at WHS for science.  Please check out this page for your Google Classroom Information.....https://t.co/CHlBpyNohn,1529438794801373185,WadsworthHS,3297820903
Congratulations to our seniors who signed to play at the next level!  Best of luck! https://t.co/chLrmRFmFB,1529168154206822403,WadsworthHS,3297820903
Class of 2022 Graduation Photos courtesy of Mr. Glen Rutherford!  https://t.co/dkRduLef6X,1529167498934898689,WadsworthHS,3297820903
Going to miss this crew of Grizzly wrestlers.  @wadsworthwrestl has always been like a family and I’m thankful everyday for being able to be a part of such a great group. https://t.co/grOER8RnO2,1528571249517019138,WadsworthHS,3297820903
