full_text,tweet_id,screen_name,user_ID
Finally...Awesome!!!!! https://t.co/rBKd5MRrMY,1553594124997099525,ShyloNura,3408664234
"Bayley, Dakota Kai, Io Shirai all returned as a heel stable #SummerSlam https://t.co/XlifK8agep",1553589430186901504,ShyloNura,3408664234
@jessithebuckeye @WWE Yo 😭,1553587184128630784,ShyloNura,3408664234
"IS HE TRYNA CARRY THE RING WITH A TRACTOR WHAT THE FUCK ??? 

#SummerSlam",1553587097268805632,ShyloNura,3408664234
@RheaRipley_WWE More like Daddy 🥵,1553585798796165120,ShyloNura,3408664234
And Dakota Kai has debuted. Vince is definitely gone.,1553585496433070080,ShyloNura,3408664234
It's not worth it to hold both world titles Michael says #SummerSlam,1553585064935624705,ShyloNura,3408664234
Same basic bs 😒 cheating every damn match #SummerSlam,1553583802181713926,ShyloNura,3408664234
I thought Seth came out half naked in swim trunks 🤣😭 #SummerSlam,1553569570526756864,ShyloNura,3408664234
Seth's match? #SummerSlam,1553569191701118977,ShyloNura,3408664234
"Roman's defended his title like 3 times this year, can we stop hyping his reign already? #SummerSlam 🗑️",1553562515086475264,ShyloNura,3408664234
Rhea's back! #SummerSlam,1553550452830208003,ShyloNura,3408664234
Did anyone else skip the Miz's match? #SummerSlam,1553546632947535872,ShyloNura,3408664234
"@PierceMcGeough I'm not even sure why she's keeping the belt, she really isn't moving forward as a character or champ lol",1553541802266951681,ShyloNura,3408664234
@jessithebuckeye Dakota had to hike towards that moment 😂,1553539429100306432,ShyloNura,3408664234
"Bianca couldn't even drop the belt and pretend something was gonna happen 🙄 trash as always...
No reason those 3 should be scared of those two, post match especially
#SummerSlam
Even cool moments get made lame these days",1553539322892148738,ShyloNura,3408664234
HOLY FUCK IO FINALLY GOT ON THE ROSTER #SummerSlam,1553538694304366593,ShyloNura,3408664234
BAYLEY!!! #SummerSlam,1553538172449181696,ShyloNura,3408664234
Jericho's face 🤣 #AEWRampage,1553208212744200192,ShyloNura,3408664234
"I 🖤 Sonya Deville 
#SmackDown",1553184519213162501,ShyloNura,3408664234
@emilyjayepro So gorgeouss 🔥💖💖,1552903751417184257,ShyloNura,3408664234
Anna JAS 💋 https://t.co/2v4afJBun8,1552898524471300096,ShyloNura,3408664234
@Taeler_Hendrix No,1552895666497748993,ShyloNura,3408664234
@jessithebuckeye Before women's tag titles tho?,1552477992349204482,ShyloNura,3408664234
This rules #AEWDynamite https://t.co/FB4r7awVcO,1552477813009154058,ShyloNura,3408664234
#AEWDynamite https://t.co/BcFUR80fTb,1552477710680834051,ShyloNura,3408664234
https://t.co/2k3ilTUdpe,1552477536382246912,ShyloNura,3408664234
Great job tonight @annajay___ !!! Keep on improving 😁,1552477440198459392,ShyloNura,3408664234
"WOAHHH GARCIA BEAT DANIELSON WOWWWWW. Fucking crazy. Bryan putting over Danny is awesome. I love it. 

#AEWDynamite https://t.co/9Jp1Ki1qQi",1552477229443080193,ShyloNura,3408664234
Fight out Danielson 😣 #AEWDynamite,1552473919864569856,ShyloNura,3408664234
This is amazing!!!! #AEWDynamite,1552473530461261832,ShyloNura,3408664234
"In the ring
Daniel Garcia &gt;&gt;&gt;&gt;&gt; Roman Reigns
#AEWDynamite",1552473205209808896,ShyloNura,3408664234
Danielson better get Sammy Gavera next! #AEWDynamite,1552470619358461952,ShyloNura,3408664234
"Bryan Danielson &gt;&gt;&gt;&gt;&gt; Daniel Bryan
#AEWDynamite #BlackpoolCombatClub",1552470264553816065,ShyloNura,3408664234
Kick his head in Danielson!!! #AEWDynamite #BlackpoolCombatClub,1552469500750188545,ShyloNura,3408664234
Killer Queen 👋🏽👸🏽 https://t.co/8hjDNSSfaZ,1552320153290956807,ShyloNura,3408664234
Remember when Lio Rush had a story on #AEWDynamite ?,1552319676788756482,ShyloNura,3408664234
"In the next month or so, it is expected we will see returns from the following wrestlers for AEW All Out 2022:

Bryan Danielson
Kenny Omega
CM Punk
Adam Cole

Jesus! 

AEW television is about to be lit. LFG! https://t.co/FkICRwdfIt",1551576928850698240,ShyloNura,3408664234
@ClaudioCSRO please bring back the fancier #ROH title 🙏🏾 shine as world champ ✨🇨🇭,1551562555310723072,ShyloNura,3408664234
"BIG SWING from Claudio.

The crowd can not count together. 😂 #DeathBeforeDishonor #ROH #AEW https://t.co/hELgPXL01T",1551124912584232962,ShyloNura,3408664234
PICS THAT GO HARD AEW EDITION 🔥🔥🔥 https://t.co/fB3gsL7Ezr,1551124659302703104,ShyloNura,3408664234
@RheaRipley_WWE Rhea supremacy 🙇🏾‍♂️,1551100901795962881,ShyloNura,3408664234
VINCE MCMAHON RETIRING  https://t.co/GA9KWM2zr6,1551100616826650626,ShyloNura,3408664234
@NotJustFootball @RealBrittBaker DING DONG,1551099842268745729,ShyloNura,3408664234
@itsBayleyWWE @NotJustFootball @RealBrittBaker 😱,1551099823465668611,ShyloNura,3408664234
CLAUDIO CASTAGNOLI IS RING OF HONOR WORLD CHAMPION 🏆 https://t.co/dtYvuyogpL,1551045785629892608,ShyloNura,3408664234
💋 https://t.co/Woqq1Wi1op,1551045694764490753,ShyloNura,3408664234
@jessithebuckeye 😲 I missed it 😭,1551024888558780416,ShyloNura,3408664234
Amazing job @SerenaDeeb I love your work so much!! #DeathBeforeDishonor,1551021047037808640,ShyloNura,3408664234
I'm rooting for Serena!! #ROH #DeathBeforeDishonor #AEW,1551018998682329088,ShyloNura,3408664234
😱 every suplex on Serena looks like it's going wrong #DeathBeforeDishonor #ROH #AEW,1551018297415573505,ShyloNura,3408664234
We need an entire #AEW show of just rap battles #AEWRampage,1550740393620291587,ShyloNura,3408664234
Now it's time for the good wrestling 👏🏾 #AEWRampage,1550662070953283590,ShyloNura,3408664234
“Thank you Vince” chants #Smackdown  https://t.co/pXoGA6VSUH,1550651770405257216,ShyloNura,3408664234
#AEW https://t.co/WVRYhecILB,1550651648191746049,ShyloNura,3408664234
Sonya is a total baddie #SmackDown,1550650278038441989,ShyloNura,3408664234
@jessithebuckeye Pleaseee tell me he's outta there for good 😭,1550643268240670720,ShyloNura,3408664234
@Wrestle_buddy @WWERomanReigns @FreeWrestleMind @PBWrestling_ @JimmyBayBay @WrestlingWYTSI @WrestlingwytNIC @Timmy39536168 @1Stop_Wrestling @d42_no @CourtneySawicki https://t.co/UnObxLWSit,1550639467400204291,ShyloNura,3408664234
This is the greatest day in the history of WWE,1550639282112667653,ShyloNura,3408664234
"@JDfromNY206 Facts a chance for creativity, completed storylines, long term planning, and utilized talent 🙏🏾
Everything Vice is not about
#SmackDown",1550639249296334851,ShyloNura,3408664234
@FiteTV Belts,1550638746550288385,ShyloNura,3408664234
@ryansatin Hopefully someone who's actually creative!,1550638664207765504,ShyloNura,3408664234
With Vince retired hopefully creativity can come back into the product #WWERaw #SmackDown,1550587301180461059,ShyloNura,3408664234
@_denisesalcedo Looking forward to the ROH world title match!!,1550277279451942913,ShyloNura,3408664234
"🔥🔥🔥GIVEAWAY TIME!!!🔥🔥🔥

1 LUCKY PERSON will get to watch ROH DEATH BEFORE DISHONOR for FREE! (open to everyone) 

To Enter:

🔸RETWEET 
🔸FOLLOW ME 
🔸COMMENT which match your most looking forward to! 

Winner will be DM'd by EOD Friday. Good Luck! https://t.co/AuUC7lNV0M",1550277117983789061,ShyloNura,3408664234
Oh my god lmfao #AEWDynamite https://t.co/0wAqBHundm,1550276899494154240,ShyloNura,3408664234
Dance party with my boy 🥰 https://t.co/CNgUCFWS0J,1550276644945936384,ShyloNura,3408664234
@JordynneGrace 😮💗,1550275050552672257,ShyloNura,3408664234
@FightOwensFight 😂,1550019360860897280,ShyloNura,3408664234
This fucker rules lmfao #AEWDynamite https://t.co/xp1AQJIwXM,1549958622976909312,ShyloNura,3408664234
NOOOOOOOO #AEWDynamite https://t.co/qbbwl7pKhK,1549958535966085126,ShyloNura,3408664234
@annajay___ @GarciaWrestling You ditched the order 😲,1549958307867131905,ShyloNura,3408664234
@annajay___ Not how I expected you to show out 😳 but glad I saw you tonight!,1549958153802235905,ShyloNura,3408664234
@muzza_316 @IAmJericho https://t.co/wnZ7Rcvtit,1549957829200691200,ShyloNura,3408664234
Already missing @AdamColePro on #AEWDynamite,1549957611965104129,ShyloNura,3408664234
@WilliamRBR Long as they acknowledge Mix was always the leader,1549929918997401605,ShyloNura,3408664234
"Jim Ross - ""I'm the Bitch"" 💅 🤣💀
#AEWDynamite",1549929686683238402,ShyloNura,3408664234
This is phenomenal good lord #AEWDynamite https://t.co/rtB2qMN2Jh,1549928884778549250,ShyloNura,3408664234
"Too cocky, watch Jade FINALLY eat that L #AEWDynamite #FyterFest she is bad tho 🥵",1549928325350625280,ShyloNura,3408664234
LORD JESUS I THOUGHT JUNGLE BOY WAS HOLDING A RIFLE NOT A CHAIR WHEW #AEWDynamite,1549928167959416835,ShyloNura,3408664234
"@jessithebuckeye Ayo 🤣🤣🤣
When did JB join the BC? 👀
#BulletClub #AEWDynamite",1549928150683074561,ShyloNura,3408664234
🥵 https://t.co/O4PnZm6qhb,1549927841764179975,ShyloNura,3408664234
@SonyaDevilleWWE You're so 🔥🥺💗,1549927813867773953,ShyloNura,3408664234
@CoraJadeWWE Symbolically putting NXT in the trash 😂,1549926149740011527,ShyloNura,3408664234
"@jrios29 @JordynneGrace Tony is taking ROH to it's next level, trust in the process with patience 🙏🏾",1549925719064592384,ShyloNura,3408664234
"Ricky Starks is undefeated in clowning 🤣 ""myeh danhousen"" #AEWDynamite",1549925155614375938,ShyloNura,3408664234
Omg 😂 #AEWDynamite https://t.co/E19i2Ku1h8,1549924374194651137,ShyloNura,3408664234
When you finally catch that MF Thats been talking shit online… https://t.co/iBsHuk1M1Z,1549924255244197889,ShyloNura,3408664234
Cause we ALL care what this after thought boomer tag team has been has to say about new age gold right? #AEWDynamite #AEWRampage #FyterFest https://t.co/gcZ9ndtO3b,1549923612639072259,ShyloNura,3408664234
Bruh ain’t got one mirror in his house I just know it. https://t.co/EnqjRDPMpY,1549923112019546114,ShyloNura,3408664234
@jessithebuckeye @WWENXT @CoraJadeWWE She should throw the whole show in there 😂,1549922528105226247,ShyloNura,3408664234
Missing Kenny Omega : day 238 https://t.co/0rlovr4U0f,1549922414762639360,ShyloNura,3408664234
Now I'm curious what exactly Christian told Luchasaurus weeks ago #AEWDynamite,1549921851576664065,ShyloNura,3408664234
@jessithebuckeye 👀👀👀,1549921135839543301,ShyloNura,3408664234
Luchasaurus has old school Kane vibes in the best way #AEWDynamite,1549921054361096192,ShyloNura,3408664234
"Atlanta, Georgia! I’m home for AEW Dynamite. 😏",1549903670690697216,ShyloNura,3408664234
"Still wanna see the Usos vs the Briscoes vs the Tangas some day
#AEW #ROH #NJPW #WWE
#DeathBeforeDishonor #AEWRampage #AEWDynamite #WWERaw #SmackDown",1549567219943759876,ShyloNura,3408664234
"#AEW got me hype for #ringofhonor #ROH #DeathBeforeDishonor 
Haven't seen ROH in a few years
I wanna see every title match too!
#AEWDynamite #AEWRampage",1549566088542920704,ShyloNura,3408664234
Good! ⚖️ https://t.co/mdmF912HxX,1549341698949619712,ShyloNura,3408664234
AEW COMMERCIAL DURING #WWERaw https://t.co/S4NlbOBSgS,1549341668628992000,ShyloNura,3408664234
