full_text,tweet_id,screen_name,user_ID
@Saralily24 Yep!,1554335215568314369,Anne_Lovinglife,3700288274
@marielle922 Indeed! We struggle on this so badly!😑,1554263933912903680,Anne_Lovinglife,3700288274
@RGIII I don’t understand why he only got 6 game suspension. I feel like it’s not enough given the number of women that accused him of SV. 🤔🤷🏽‍♀️,1554140417632788481,Anne_Lovinglife,3700288274
@Didmariners_win 😂🤣😂😂,1553573833923125248,Anne_Lovinglife,3700288274
😮‍💨😀⚾️🙌🏽🔥 #SeaUsRise https://t.co/0q7VjE6owX,1553571574980128768,Anne_Lovinglife,3700288274
"And just like that, Mariners missed a lot of opportunities!🤦🏽‍♀️😬⚾️ Come On, M’s!!!",1553555724164218880,Anne_Lovinglife,3700288274
Our future looks bright with Kenneth Walker III!🙌🏽💙💚🏈 #Seahawks #GoHawks #myboy #myfantasyrb1 @jasong96 https://t.co/dSFWrt03LS,1553538205235810306,Anne_Lovinglife,3700288274
"@obeyjess925 I do! English, Tagalog and mild Spanish!😀",1553495571058397185,Anne_Lovinglife,3700288274
We’re #12s and we’re back!🙌🏽💙💚🏈 #Seahawks #2022TrainingCamp https://t.co/dFBKu50ogI,1553466282720129031,Anne_Lovinglife,3700288274
@RexChapman Nope!,1553436329999945728,Anne_Lovinglife,3700288274
#SeaUsRise ⚾️🙌🏽 https://t.co/Djl9UCV6qy https://t.co/gNsBEYSvik,1553216866591469568,Anne_Lovinglife,3700288274
I am still processing this!😳🤔⚾️ https://t.co/MTao9N7ElV,1553209952520392704,Anne_Lovinglife,3700288274
😤🤬😫🗑⚾️,1553191154266517504,Anne_Lovinglife,3700288274
@AdamSchefter @ESPNdirocco 👀😳😬,1553131125534384128,Anne_Lovinglife,3700288274
@GoldBlooded79 @El_Fuego_backup @Seahawks Thank you for the kind words!🫶🏽😃,1553120877629214720,Anne_Lovinglife,3700288274
@El_Fuego_backup @GoldBlooded79 @Seahawks I’m sure these rookies are all fired up and ready to show what they got!🏈🔥👏🏽,1553118409847496704,Anne_Lovinglife,3700288274
@GoldBlooded79 @El_Fuego_backup @Seahawks Oh you know it will!!😂🤣💙💚🏈#Seahawks https://t.co/XdqJcDfJEQ,1553115078093811712,Anne_Lovinglife,3700288274
@GoldBlooded79 @El_Fuego_backup @Seahawks Which makes it all worth it!😃,1553111625015603200,Anne_Lovinglife,3700288274
🤩🥳💙💚🏈 https://t.co/bCf4SbQMaM https://t.co/vgH7nhGDcv,1553102576412794880,Anne_Lovinglife,3700288274
It’s a great Friday in the PNW!!!🙌🏽👏🏽💙💚🏈 #Seahawks  #itsofficial https://t.co/wmdTneTcQ8,1553056501341687809,Anne_Lovinglife,3700288274
Happy Friday everyone!💕☺️ Have a great weekend! https://t.co/T12iXTNxG4,1553031090717134849,Anne_Lovinglife,3700288274
"Come on, M’s!!!!!⚾️🔥👏🏽",1552848074308956160,Anne_Lovinglife,3700288274
@GoldBlooded79 Shawshank Redemption FTW!🙌🏽🫶🏽💕,1552840585572016128,Anne_Lovinglife,3700288274
@jmegs33 Finally! We got it done!!!🙌🏽🔥💪🏽🏈 https://t.co/We5eZOnBp0,1552830258633928704,Anne_Lovinglife,3700288274
"Hey Hawks fans, this man isn't going anywhere. 🗣️

@dkm14 | @Seahawks https://t.co/j7DeNmwW6I",1552806491173769216,Anne_Lovinglife,3700288274
@NFL 😂😂😂,1552802005969616896,Anne_Lovinglife,3700288274
Congratulations @dkm14!!!💙💚🏈🙌🏽 #Seahawks  #GoHawks #finally https://t.co/VXkF9XrfZ7 https://t.co/cWPpMHJcgg,1552797691469778944,Anne_Lovinglife,3700288274
Can’t wait to see you play @Kenneth_Walker9 in front of the #12s!💙💚🏈🙌🏽👏🏽 I’m going to draft you on my fantasy too!💪🏽🤑 https://t.co/F4HltvugX9,1552795780754206720,Anne_Lovinglife,3700288274
@NFL @MikeGarafolo Finally!!!🙌🏽💙💚🏈 #GoHawks https://t.co/dRln0c2TED,1552794122167074816,Anne_Lovinglife,3700288274
"@Seahawks @LumenField @KJ_WRIGHT34 @12s Thank you, KJ!!!🙌🏽👏🏽🫶🏽💙💚🏈",1552736433080717312,Anne_Lovinglife,3700288274
@Seahawks @KJ_WRIGHT34 So happy to see this!!🥹💙💚🏈,1552723467715284993,Anne_Lovinglife,3700288274
@Mariners @JRODshow44 🫶🏽🙌🏽⚾️🔥,1552720164335919104,Anne_Lovinglife,3700288274
@gbellseattle @thenewstribune Ah! I forgot about Goodwin!,1552686581445566464,Anne_Lovinglife,3700288274
@ProFootballTalk 🥱🥱🥱,1552500954871709696,Anne_Lovinglife,3700288274
@Mariners @JRODshow44 What a freaking humble man!🥹🥰 We are so blessed to have Julio!🙏🏽🫶🏽💕,1552430509875412992,Anne_Lovinglife,3700288274
#SeaUsRise 🙌🏽👏🏽⚾️🔥 https://t.co/GO0J5KN00l,1552419410484142082,Anne_Lovinglife,3700288274
Find yourself  a friend that will celebrate with you the way @JRODshow44 does!!😂👏🏽🙌🏽🫶🏽⚾️ #SeaUsRise #GoMs https://t.co/rkYdyl4SFL,1552167654646984704,Anne_Lovinglife,3700288274
@SadSeaSobber Freaking too close again!😅 But a win is a win!🙌🏽⚾️😂🔥 #SeaUsRise,1552159229263241216,Anne_Lovinglife,3700288274
@cnnphilippines 🙏🏽🙏🏽🙏🏽,1552157229557485568,Anne_Lovinglife,3700288274
Julio's BACK!!! https://t.co/Z8A5fvlwlL,1552118434510516226,Anne_Lovinglife,3700288274
@Mariners Oh hey now!⚾️👏🏽🔥 https://t.co/vPGy4Dr3eT,1552118321566269440,Anne_Lovinglife,3700288274
@MelanieMMonks I liked your lineup! Pretty solid QBs and reliable RBs!🏈 I hope Goedert will stay healthy this season for you! Have fun and set all your reminders!😅😂,1552105904627015682,Anne_Lovinglife,3700288274
@MelanieMMonks @SagED_UP Awesome!👏🏽 Let’s get it!🏆🏈,1552102912393764864,Anne_Lovinglife,3700288274
"@MelanieMMonks @SagED_UP Thank you, Melanie!🫶🏽💕 I’m wondering what happened to your fantasy draft?!🤔🏈🙌🏽",1552101898626379778,Anne_Lovinglife,3700288274
"@Louisiana_Oil @GoldBlooded79 Yep! Great cast, great story/screenplay and one of Denzel’s best performance!🎥🙌🏽",1552100504041164800,Anne_Lovinglife,3700288274
@SagED_UP Always!🙏🏽,1552099359994482688,Anne_Lovinglife,3700288274
@GoldBlooded79 The Book of Eli!,1552078923504111616,Anne_Lovinglife,3700288274
@Mariners @ColeYoung23 Welcome to Seattle!!⚾️🔥🙌🏽,1552076615835783168,Anne_Lovinglife,3700288274
"Chris Carson was a punishing and underrated runner.

via @NFL 
https://t.co/b5iIInrv2v",1552057502748925952,Anne_Lovinglife,3700288274
He’s Back!!!🙌🏽🔥⚾️ 🗣JULIOOOOO🗣  #SeaUsRise  #GoMs https://t.co/pmUDp5ccq9,1552046916212363265,Anne_Lovinglife,3700288274
#SeaHawks made it official!🥹💙💚🏈 #bittersweet https://t.co/5gYBQxzQw6,1552030505469480960,Anne_Lovinglife,3700288274
"Against the Atlanta Falcons! 10/27/2019 💙💚🏈🔥 You will be missed, Chris Carson! #GoHawks https://t.co/Nq8OZ3hGaf",1552004081207545856,Anne_Lovinglife,3700288274
Here’s one of my favorite!!🙌🏽💙💚🏈  We wish you all the best Chris Carson! #32 #GoHawks #Seahawks https://t.co/bNt7czvqyR,1552001380847480833,Anne_Lovinglife,3700288274
@24TaylorMade Some Seahawks fans but not me!😀 We were in Vegas last April and so happy we picked KWIII! #GoHawks https://t.co/upJFSS9O79,1551997830197219329,Anne_Lovinglife,3700288274
"@RapSheet Kenneth Walker III, you’re up!🙌🏽💙💚🏈 #GoHawks https://t.co/qfyKtxDoXF",1551996998038867968,Anne_Lovinglife,3700288274
@RapSheet I’m glad he made a wise decision for himself and for his future. 💙💚🏈   #Seahawks,1551995996791459840,Anne_Lovinglife,3700288274
"Lockett locked in 🔒 

It was a pleasure having @TDLockett12 in the house. https://t.co/PAOeMZrpbO",1551325328559439872,Anne_Lovinglife,3700288274
All the Mariners fans right now!!😩🥺 #SeaUsRise https://t.co/6zDD1kJlWy,1551325009083174912,Anne_Lovinglife,3700288274
@BetterCallSaul This scene showed the subtle version of Gus but cut short when he realized he’s not going to sacrificed an innocent man again!👀,1551274591632314369,Anne_Lovinglife,3700288274
@AmberHolley10 @CaroBucks @MelanieMMonks @_BigMike27 @autlinebling @Alliepanda13 @execution84 @skorpiheaux @notporn_007 @TraceyMarieJame @bamagirl_4_eva @obeyjess925 @wanda_Robbins67 @EveryRightTo @suzanneg101 @julessbelll https://t.co/WJL7ffH1jj,1551264552708292611,Anne_Lovinglife,3700288274
Damn it!!!😩😡⚾️,1550972013304459264,Anne_Lovinglife,3700288274
Highest-rated rookie RB in @EAMaddenNFL: @Kenneth_Walker9 💪 https://t.co/PSAx2COSaq,1550911996962295809,Anne_Lovinglife,3700288274
😩😡🤬⚾️,1550685014026641408,Anne_Lovinglife,3700288274
"The @Mariners take their 14-game win-streak into tonight vs. the Astros 👀

Will they make it 1⃣5⃣? #SeaUsRise https://t.co/2NyqQ7YcKa",1550674451955560448,Anne_Lovinglife,3700288274
Beautiful summer baseball night!😎Let’s get this M’s!!!🙌🏽⚾️🔥 #SeaUsRise #GoMs #soldout https://t.co/LTwjqiGNcM,1550663744061001728,Anne_Lovinglife,3700288274
Oh it’s on!! Ready to cheer for the M’s!!!⚾️🙌🏽 #makeit15 #weekend #SeaUsRise https://t.co/2jTp3BzUzy,1550626976762773504,Anne_Lovinglife,3700288274
"Let’s go, Mariners!!!!🙌🏽⚾️🎉 #SeaUsRise https://t.co/sfre6ezrwU",1550618911984340992,Anne_Lovinglife,3700288274
"🛫 RT TO WIN 🛬 

It’s time for another @AlaskaAir Fly, Fly Away Friday! Just hit that retweet button for a chance to win 70,000 Alaska Air miles, ✌️ tickets for a game and some Mariners gear. https://t.co/Wsp8WyEeC5 https://t.co/n7xzLJ0EyC",1550563822364028928,Anne_Lovinglife,3700288274
@NFL @RapSheet @TomPelissero I👀😂🤣 https://t.co/zHtVnEMoNH,1550161908694560768,Anne_Lovinglife,3700288274
@ParsPhil 😂🤣 Hang in there! New season is just around the corner!😂🤣💙💚🏈🙌🏽,1550140342845837312,Anne_Lovinglife,3700288274
@AdamSchefter 👀👀👀,1549871706524639232,Anne_Lovinglife,3700288274
"@MelanieMMonks You’ll learn pretty quickly! Oh one more advice., don’t draft a lot of players from one team! Bye Week schedule will hit you! I know we all root for our favorite team but it’s best practice to pay attention to other talented players.",1549869551378055168,Anne_Lovinglife,3700288274
"@MelanieMMonks You got this, Melanie! I’m curious to see your line up later!😅",1549860814344990721,Anne_Lovinglife,3700288274
@MelanieMMonks Yass!! Fantasy Football is fun and frustrating at the same time👀😅. Waiver wire is important. Set a reminder Tuesday morning so you can select player(s) after MNF! Best of luck!🏈🙌🏽🎉,1549859937802604544,Anne_Lovinglife,3700288274
@SagED_UP Still need to go shopping for a new one!👀😀 #movingonfromRW3 https://t.co/41M6189Vsl,1549791956108054528,Anne_Lovinglife,3700288274
@mbshort2 @MtRainierWatch @IsMtRainierOut @visitmtrainier @KSeattleWeather @KIRO7Seattle @fox13seattle @KING5Seattle @NWSSeattle Indeed!,1549616477606535174,Anne_Lovinglife,3700288274
JULIOOOOOOOO🗣🗣🗣⚾️🔥 https://t.co/CQ4jQyHnLk,1549219115654557696,Anne_Lovinglife,3700288274
@briknucks https://t.co/aG5e8IV1B7,1549216267210412032,Anne_Lovinglife,3700288274
"Down goes the champ!!! 

@JRODshow44 advances to the finals after knocking out Pete Alonso! 😱 https://t.co/vlFbxQYeHI",1549213458243063808,Anne_Lovinglife,3700288274
So proud of him!!🥹🙌🏽⚾️🗣 https://t.co/UBX47HBlLj https://t.co/THULcYEgTt,1549211891393695745,Anne_Lovinglife,3700288274
@AlaskaAir I’m always ready!🧳✈️,1549174106876104704,Anne_Lovinglife,3700288274
"@SpoonOfZeke Math, Science &amp; Technology and History.",1549153352075792385,Anne_Lovinglife,3700288274
@Mariners See you all on Friday!!!🙌🏽⚾️ #SeaUsRise,1549147341046759424,Anne_Lovinglife,3700288274
@JRODshow44 @TMobile You were born to have this moment! Enjoy and have fun!!!🙌🏽🔥⚾️👏🏽,1549099371077087232,Anne_Lovinglife,3700288274
@MLB @hawkstalkers @JRODshow44 🙌🏽🔥👏🏽⚾️🥳,1548800435913338880,Anne_Lovinglife,3700288274
Damn straight!!!🙌🏽🔥⚾️ #SeaUsRise https://t.co/75b9JUWqEw,1548791006971117568,Anne_Lovinglife,3700288274
🧹🧹🧹🧹🔥🔥🔥🔥⚾️⚾️⚾️⚾️ https://t.co/Mnr7ydg7dE,1548790287337545728,Anne_Lovinglife,3700288274
JULIOOOOOO!!🙌🏽🔥⚾️🗣,1548774527940710400,Anne_Lovinglife,3700288274
Redemption for Ty France!!!🇫🇷🙌🏽⚾️ https://t.co/mNc3iIhb83,1548749600848154624,Anne_Lovinglife,3700288274
@dbloomy @jasong96 Season Ticket holders received an early access link to get their tickets early. Be sure to login a little early this coming Tuesday. Good luck!👍🏽🏈🇩🇪,1548524595589746689,Anne_Lovinglife,3700288274
"Secured the tickets for Allianz Arena, booked flights and hotel!🙌🏽💙💚🏈 See you 12s in Munich!🇩🇪 #GoHawks #Seahawks  #12s @jasong96  #week10 #SEAvsTB https://t.co/VbhYtgR1Yp",1548491789295767559,Anne_Lovinglife,3700288274
Lucky number 13 for the Mariners! https://t.co/0JfVEVSfxq,1548452707169476608,Anne_Lovinglife,3700288274
"That’s 13th, baby!!🔥🔥🔥⚾️🙌🏽🥹 #SeaUsRise",1548450294077407238,Anne_Lovinglife,3700288274
"🫣😂⚾️ Come on, Festa! #SeaUsRise https://t.co/N6LrmEgkKs",1548450012958375937,Anne_Lovinglife,3700288274
"Enjoying a post-hiking afternoon at a brand new pub! Come on, Mariners!🙌🏽⚾️ #SeaUsRise #GoMs https://t.co/p1ucTdJDKV",1548431798262149124,Anne_Lovinglife,3700288274
A dozen for the M's! https://t.co/l1x9kuq4xZ,1548148145690800130,Anne_Lovinglife,3700288274
1️⃣2️⃣ #SeaUsRise https://t.co/zlVvYP2G3X,1548145971090993152,Anne_Lovinglife,3700288274
🥹🙌🏽🤝⚾️🏈 https://t.co/8N8nUFlwhx,1548145816723812356,Anne_Lovinglife,3700288274
🔥🔥🔥⚾️🙌🏽  #SeaUsRise https://t.co/NKy7I7tMe9,1548138693143044098,Anne_Lovinglife,3700288274
Grand slam!!!🙌🏽🙌🏽🙌🏽⚾️⚾️⚾️ #SeaUsRise,1548137812905472002,Anne_Lovinglife,3700288274
