full_text,tweet_id,screen_name,user_ID
"@gordonzola he's got the intensity, I hope we can figure out a way to back him up out there",1554609199794925568,thefriscobay,391823054
@just_joe_57 you GET IT,1554609092445884416,thefriscobay,391823054
"many of you are uninspired, angry even. please feel the way you feel. I personally am EXHAUSTED and will be taking a nap as soon as I get home.",1554599323232440320,thefriscobay,391823054
no fire sale. let's win some gd baseball games. https://t.co/moXh5YvOsu,1554598881492488193,thefriscobay,391823054
it truly stings to lose clubhouse energy in darin and curt. I wish them long playoff runs with their new sick teams.,1554598104732536832,thefriscobay,391823054
@alli_oopsie @benlikesgiants we are doing OKAY out here,1554597800444248064,thefriscobay,391823054
@benlikesgiants @alli_oopsie I rly love u guys,1554595715187257345,thefriscobay,391823054
"@TheGiantsFan707 no I totally agree. which is why I think there's a marked difference between being sad and actively telling other people to stop being sad. kind of a rude coping mechanism imo. you don't get to do rude things and use the excuse of ""this is how I handle it"" in my book, is all.",1554591199536631808,thefriscobay,391823054
@rjoshi2301 was supposed to be a reply 😂 nothing new as far as I know,1554587644314521601,thefriscobay,391823054
@jdotold it really hurts,1554587467386195968,thefriscobay,391823054
@jdotold NOOO,1554586725707440128,thefriscobay,391823054
@elbee37 no exactly I'm sorry but I'm just here to cry if you're here with me you're gonna see that,1554586462825304064,thefriscobay,391823054
@natebannerman this may happen to me for the next 7 minutes lol,1554586252204093440,thefriscobay,391823054
"to be clear, if your way of being a fan doesn't involve emotionally attaching yourself to every single player on the roster that's sick. love the journey for you! I am unfortunately not made of that material and will never be!",1554586117290086401,thefriscobay,391823054
@elbee37 I'd love to be logical about baseball but unfortunately my heart is involved and I can't go back lol. like power to you! but I will be whining here on my page,1554584730892320769,thefriscobay,391823054
@BigBoiBennothy you have a place here. I too love those boys,1554584250464157696,thefriscobay,391823054
@TheGiantsFan707 I don't think it's the same haha. but sure!,1554584139210170368,thefriscobay,391823054
"@IKFtoprison insane season for the yanks and I only ever saw gallo talk, you're right",1554583799769444352,thefriscobay,391823054
giants fans who concern themselves over how other fans react to trade rumors and their favorite players leaving our team make no sense to me. good for you for not giving a shit! some of us do! let people feel emotions! it hurts literally no one!,1554583472773025793,thefriscobay,391823054
@david4giants retroactively get gallo back because I want all of their 6foot plus dudes LOL,1554581893198143488,thefriscobay,391823054
@david4giants I want their whole outfield if they're taking rodón,1554581507192172544,thefriscobay,391823054
I need to log off.,1554581198336274433,thefriscobay,391823054
no the yankees cannot have carlos please get AWAY,1554581032233422853,thefriscobay,391823054
@elbee37 oh the cubs. 30 min and counting.,1554580293364748288,thefriscobay,391823054
"@elbee37 so on a separate note, willson contreras when ?",1554578991574437888,thefriscobay,391823054
@RealSFDynasty I definitely think they're trying to save money haha this is such a conservative FO. whether that's to acquire a big contract or to prep for a rebuild I can't say though.,1554578711072030720,thefriscobay,391823054
@elbee37 what's next? joey bart to miami? I'll RIOT,1554578571766599682,thefriscobay,391823054
until we move big contracts this is not a fire sale and the season isn't being phoned in I just don't like that my stocky boys have been sent to the corners of the country and that is my right,1554577548259905538,thefriscobay,391823054
@pChongHerrera I'll let this horrible pun slide because I feel it,1554575176305496064,thefriscobay,391823054
@pChongHerrera lmfaooo no it's just a fact!,1554574934285774848,thefriscobay,391823054
@baseballndshit this last hour is going to be the death of me,1554573644239552512,thefriscobay,391823054
@elbee37 god I wish I could. enjoy it,1554573519849041920,thefriscobay,391823054
@pChongHerrera I'm so sorry,1554573386486915072,thefriscobay,391823054
@elbee37 I am sadness right now,1554572376783802368,thefriscobay,391823054
@elixacj in genuine fight or flight right now,1554571914839896064,thefriscobay,391823054
@templeofdeceit god I miss being good,1554571874264158208,thefriscobay,391823054
@raypadgett11 traded to seattle ! :(,1554571837119479808,thefriscobay,391823054
@shiftykate17 hahha I think as a young guy he's safe. he has time to get thicker too,1554571207143395329,thefriscobay,391823054
"I keep muttering ""oh my god"" under my breath and smacking myself in the head every 5-8 minutes and my coworkers, who I've known for over a year now ~virtually~ are absolutely concerned about me. when I said I wanted trade deadline drama I didn't mean like this.",1554570886996320256,thefriscobay,391823054
@IKFtoprison 😭😭😭,1554569921279180800,thefriscobay,391823054
I cannot believe it's my second day in the office and I have to have this meltdown publicly,1554568645686153218,thefriscobay,391823054
curt casali TOO why are we trading all of our THICK MEN,1554568583467900928,thefriscobay,391823054
@ExitStageLeft57 yes! big things!,1554568331763466240,thefriscobay,391823054
@templeofdeceit I simply refuse to hear about that suburb anymore and no one is listening to me,1554568230164844544,thefriscobay,391823054
@MarkoUkalovic and 59 games left in the season. you can say sell if you want! I don't personally believe in that strategy.,1554568107141713920,thefriscobay,391823054
@templeofdeceit farhan WHY,1554567614877159426,thefriscobay,391823054
@myohmizmai thank you!!,1554567552713367552,thefriscobay,391823054
@myohmizmai the loml,1554567532299726848,thefriscobay,391823054
dodgers fans better be nice to joey gallo and help him back to form with that california sunshine or so HELP ME,1554567360274567168,thefriscobay,391823054
@MarkoUkalovic prospects when we're in a wild card race is... not necessarily a winning bet,1554566849223802880,thefriscobay,391823054
the only man on the roster who can hit against the dodgers and we boot him to new york like okkkkkkkkk cool,1554566218035499008,thefriscobay,391823054
@pChongHerrera I cannot believe our answer to this was trade darin ruf what on earth,1554566059629240321,thefriscobay,391823054
@shiftykate17 @SFGiants exactly the emotion I was trying to convey haha,1554565968579350528,thefriscobay,391823054
not darin RUF what is goinG ON,1554565865261056000,thefriscobay,391823054
"@SFhotelman 😂😂😂 what a compliment, thank you!!! I am just here to scream into the void",1554547718847991810,thefriscobay,391823054
@imrahil327 why can't we have anything good,1554547598979084294,thefriscobay,391823054
I hate it here,1554533446831128576,thefriscobay,391823054
@jdotold lmfao the perfect comeback doesn't exist... or DOES IT?????,1554533378648510464,thefriscobay,391823054
@templeofdeceit GOOD GOD I AM ANGRY,1554533290790436864,thefriscobay,391823054
are you KIDDIN G ME https://t.co/ZyPbN9VPQY,1554533235110993920,thefriscobay,391823054
@formulafiftysix the city connects are WILD! I genuinely don't get it lol. I can't talk though ours are... a choice,1554532657089769472,thefriscobay,391823054
@jdotold no it absolutely makes sense idk why,1554532499446853639,thefriscobay,391823054
@sfgiantskate I just saw a mock and he really rocks it I just. want better for him. like a fun blue or even. ORANGe,1554532433323626496,thefriscobay,391823054
@TheGiantsFan707 he looks better in red idk,1554532094511964161,thefriscobay,391823054
it's not that deep I just don't like brown jerseys,1554532050316668929,thefriscobay,391823054
god it's really hitting me that soto has to wear brown now,1554531590738305024,thefriscobay,391823054
@madswee not even my yearly listening to ariana grande for one whole month for absolutely no reason is going to fix this year,1554524890668994560,thefriscobay,391823054
@madswee @jdotold I imagine this ALL the time!! and then I get sad!!!,1554522150874165248,thefriscobay,391823054
all I'm saying is if we clawed our way out of the west at this point without making ANY moves whatsoever no one could call that a mickey mouse chip,1554521438991724544,thefriscobay,391823054
hey haha @sfgiants what's up babe,1554521003585204224,thefriscobay,391823054
@CrystalPepsi it's my most toxic trait,1554520796504002561,thefriscobay,391823054
@madswee @jdotold ugh I do. funnily I've ALWAYS believed that pitchers should just all go 3-4 innings and be SP/middle relief/closers so that it elongates their careers and now that I'm actually seeing it I need... some time to get used to it in practice lol,1554520726824046592,thefriscobay,391823054
"@madswee I'm listening to a playlist I called ""sad"" which is just like. alt rock that's very very slow. I didn't even mean to! but wow. we did that",1554520344546816001,thefriscobay,391823054
@madswee @jdotold I think outside of experienced fielders who can hit and won't commit as many errors (lol) our biggest gap is relief pitching at this point. a starter who could go deep or a reliever who can be relied on for 3-4 innings would be IDEAL,1554519858473082880,thefriscobay,391823054
@templeofdeceit @farhan I just hope he succeeds soon! that's all! I think he's set up for it soon.,1554517670917156864,thefriscobay,391823054
@alli_oopsie vibes make a clubhouse! skill helps obviously,1554517420248731648,thefriscobay,391823054
@madswee oh interesting.... we have so much OF though I think we need infield with power. there's like. no one left though gosh DARN it,1554517339583836160,thefriscobay,391823054
"@GloveCast I hear you, what I wouldn't do for some of our guys back. I just hope whoever gets him takes care of him and is nice",1554516821797089281,thefriscobay,391823054
@madswee I'm WAITING to find out honestly,1554515091046875136,thefriscobay,391823054
@alli_oopsie I mainly operate on vibes lol,1554515040740315136,thefriscobay,391823054
@GloveCast no please. please let us have him he's so cute,1554514964265648128,thefriscobay,391823054
"@templeofdeceit okay nice, I WANT GALLO!!! @farhan pls",1554514899379691520,thefriscobay,391823054
@madswee emo in the club this morning,1554514047713783813,thefriscobay,391823054
@alli_oopsie haha to be clear I literally have no idea what his contract looks like nor do I find this realistic whatsoever. I just like his vibes and he seems like a good kid,1554513959553667072,thefriscobay,391823054
@jdotold yes!! home is so close joey buddy!!,1554513773775400961,thefriscobay,391823054
@giants_fan28 I don't know the details!! but that's good to learn haha,1554513597446770690,thefriscobay,391823054
I'm going to be honest I have no idea what his contract looks like I just like his smile,1554513500659019776,thefriscobay,391823054
I would not put it past farhan to make this kind of trade because we truly seem to spend 0 dollars on dudes down on their luck,1554513339497164800,thefriscobay,391823054
@madswee no unfortunately we won't be enjoying that for like 15 more years if soto is in our division for that long !!!! good for him sad for us!!!,1554513149356756992,thefriscobay,391823054
is there time for the giants to get joey gallo because I just feel like with some tlc and some salty bay air we could really turn that guy around,1554513001398423553,thefriscobay,391823054
@alli_oopsie poor guy. truly.,1554512880908652544,thefriscobay,391823054
@templeofdeceit like! LIKE!!!!!! I just cannot understand that team or their leadership.,1554512596736192512,thefriscobay,391823054
@templeofdeceit feels ick all around,1554512485402611712,thefriscobay,391823054
"@STEEZmartella like, players deserve basic human respect!!",1554512437075857408,thefriscobay,391823054
@madswee it's honestly all so .. it's so!,1554512368155078657,thefriscobay,391823054
"people going ""they got a ring!"" yeah and if they paid these dudes what they're worth they'd have SEVERAL and a franchise dynasty. spelled out in money? that's a multiple times return on investment. https://t.co/9hqYuId789",1554511660215259137,thefriscobay,391823054
"it's kind of wild that since the deal goes through regardless, the padres can just... toss hosmer or keep him. he put a clause in his contract and his team still tried to trade him there? no matter how I personally feel about him that's gotta feel shitty.",1554510970092867584,thefriscobay,391823054
"@ngtcollectibles yeah, a tough spot. unfortunately that's on the FO not him. I don't really have sympathy for fans who can't differentiate - contracts are super upfront these days for that exact reason!",1554509802927099904,thefriscobay,391823054
in all seriousness this is why you put those in there !!!,1554508618451496960,thefriscobay,391823054
"you're laughing? the padres included eric hosmer, with a no-trade clause for the nationals, in their juan soto trade and you're laughing?",1554508216523845637,thefriscobay,391823054
