full_text,tweet_id,screen_name,user_ID
Mullins with a lead off home run! Let’s go!,1554258240266960898,BmorePoz,540310324
Very rare to see that happen off Bautista,1553846433333248002,BmorePoz,540310324
Santander to tie the game!!! Let’s go,1553843108915331073,BmorePoz,540310324
#BUMASSCORBIN,1553557979223527425,BmorePoz,540310324
Starting off the weekend with a dub! https://t.co/ofJDUQHgvX,1553205314991931394,BmorePoz,540310324
2 RBI single for Mullins to take the lead in the 9th! Let’s go Os!!,1553195436223127553,BmorePoz,540310324
Jorge Mateo is so fast man. Jesus,1553183382317813761,BmorePoz,540310324
2 run homer by Santander! Let’s go!,1553173825428267008,BmorePoz,540310324
O’S WIN! #MoGabaDay 🧡 https://t.co/BMmFyu9fjy,1552738842389762057,BmorePoz,540310324
"Straight Magic!! 4-3 on the Homestand, 4-3 to start off the 2nd half of the season. 50-49 overall! https://t.co/0e5WjbEJAX",1552738817291026432,BmorePoz,540310324
BOOM BOOM!! https://t.co/kaZl9sDWlH,1552736912703725569,BmorePoz,540310324
TREY MANCINI!!! INSIDE THE PARK HOMERUN!,1552735892560904194,BmorePoz,540310324
THE COMEBACK KIDS DO IT AGAIN!! https://t.co/Ig1txt1weX,1552109255343366144,BmorePoz,540310324
Orioles win!! It’s a good night!! #OriolesMagic,1552109233545650176,BmorePoz,540310324
Urias has been on fire https://t.co/ctBwIUMG3B,1552103492646572035,BmorePoz,540310324
Home run Urias!!,1552102666452574208,BmorePoz,540310324
"@youFamousEnough Come on famous, you already know I’m all about the Big Brother and survivor! Lol",1550417449387950083,BmorePoz,540310324
"⚾️ We’re partnering with The @orioles to give one lucky winner a FREE Jimmy’s Famous Seafood gift box! 

📲 Just simply Retweet and Follow @JimmysSeafood for your chance to win!

🇺🇸 Winner must reside in the United States! May the odds be ever in your favor, #Birdland! https://t.co/FTbNR4MSJ5",1550131148491083780,BmorePoz,540310324
@CooksIverson Yessir brotha 💯. Shooters touch always 💯. I may not be as much in tune with the community anymore but i still try to keep track of all my guys 💯. Go crazy in the playoffs man,1548971938579636227,BmorePoz,540310324
@CooksIverson happy bday brotha 💯. Either you young or I’m just an old head lol. Keep pushing forward achieving everything that you want to do man 💯,1548952546710114304,BmorePoz,540310324
Time to take this series heading into the All star break https://t.co/frd4Mornvn,1548702087495794688,BmorePoz,540310324
"Welp, It was a good win streak Orioles, time to get another one going now starting tomorrow",1548129353841618950,BmorePoz,540310324
2 run HR for Urias! 2nd Hr of the game for him! Lego! Only down 1 now,1548124092049420292,BmorePoz,540310324
Home run Urias!! #LetsGoOs,1548099572144058370,BmorePoz,540310324
"@RomeoFrmATL Hopefully they get this W, we looking good so far",1548095111879282689,BmorePoz,540310324
Home run Mancini! Let’s go!,1548092792794099715,BmorePoz,540310324
Orioles going for 11 straight wins tonight! #LetsGoOs,1548067176438845440,BmorePoz,540310324
@CooksIverson @BucksGG Go crazy my dude! 💯💯,1548012864119590913,BmorePoz,540310324
"Ngl, i miss playing 2k competitively with everyone",1548012820226134017,BmorePoz,540310324
@CooksIverson @BucksGG Yes sir my guy!! Good shit!,1548007647932125186,BmorePoz,540310324
"10 Straight Wins, 3 Straight Sweeps! #Birdland https://t.co/co0O58eJtu",1547535225844285440,BmorePoz,540310324
Them Os tho!!! https://t.co/D6O3fuIB9x,1547520843403624450,BmorePoz,540310324
10 in a row baby!! https://t.co/VzTY8j5shH,1547514214452953093,BmorePoz,540310324
Throw from the pocket?! Not like he didn’t lead the league in Passing TDs from the pocket his MVP year. Oh that’s right he did 🤷🏻‍♂️ https://t.co/qZtmNt86fr,1547386983261028354,BmorePoz,540310324
"Rest In Peace, Bernard Pollard. https://t.co/BY3lb1A40g",1547384924050685958,BmorePoz,540310324
Lamar roasting the shit out of Bernard https://t.co/w4l0KP3z95,1547384815208497155,BmorePoz,540310324
Bruh Lamar going in on Bernard Pollard! That’s my QB!!,1547382545586724865,BmorePoz,540310324
Orioles starting off the game strong!! 2-0 top of the 1st 💯💯,1547374647485894657,BmorePoz,540310324
Orioles going for that Hot 10! Get this W https://t.co/7pzOKhZYFx,1547370103020339204,BmorePoz,540310324
"@LuxeDaDon @CooksIverson @CampOfProspects @Falloutx11 @Rlief_ @UBL2KLEAGUES @BenzoDaGod @iamDvpe @Yoodrake_ @ENG2k Lmao shit, that shit seems like a lifetime ago",1547143335562846208,BmorePoz,540310324
That’s a Hot 9 baby!!! And orioles are back to .500! https://t.co/GgdTku7a8q,1547130548929400832,BmorePoz,540310324
Going for that Hot 9 baby! https://t.co/9eoFBJa8jP,1546962009752748033,BmorePoz,540310324
They have Prescott Watson and Wilson over Lamar 🤣🤣 https://t.co/JQa7akkML0,1546474787584806912,BmorePoz,540310324
Retweet if your a fan of the hottest team in baseball. ONLY ORIOLES FANS CAN RETWEET https://t.co/lIx18aeXpV,1546222152352923650,BmorePoz,540310324
@SurgicalJit they are playing with alot of confidence for sure,1546221546687143936,BmorePoz,540310324
@SurgicalJit yes sir!,1546221002115407879,BmorePoz,540310324
The Orioles have won eight straight games https://t.co/no8vKJaFhf,1546212709166882823,BmorePoz,540310324
BRING OUT THE BROOM https://t.co/xK3a1gY3Tk,1546212642934738945,BmorePoz,540310324
Happy Days Are Here Again! https://t.co/AerEmXTdcn,1546209988082909184,BmorePoz,540310324
Can't. Stop. Winning. https://t.co/WbDtplHgEJ https://t.co/AwdoTUXBMB,1546209955069542401,BmorePoz,540310324
Birdland means business. https://t.co/UaMolAsmpN,1546209810282123265,BmorePoz,540310324
"Feeling good, feeling gr8 😏 https://t.co/0APLQDPb4C",1546207519110045699,BmorePoz,540310324
Orioles win!!! 8 in a row!! That’s a hot 8 baby! 🔥🔥🔥,1546207497672851457,BmorePoz,540310324
Let’s go Os! We going for that sweep and Hot number 8!,1546183033727893504,BmorePoz,540310324
Let’s go baby!! https://t.co/gbUZuWjdQW,1545907871564681216,BmorePoz,540310324
7 in a row for the Orioles!!! Let’s go!! #OriolesMagic,1545907804485165059,BmorePoz,540310324
THIS TEAM https://t.co/A7bPK4XCKb,1545600699387478016,BmorePoz,540310324
3rd walk off in 5 days!!! Let’s go! Comeback kids man https://t.co/ZujelpuxI0,1545599645665136641,BmorePoz,540310324
LETS FUCKING GO ORIOLES https://t.co/Bjevrd4MtY,1545597912645771266,BmorePoz,540310324
CEDRIC. MULLINS.,1545597019749642240,BmorePoz,540310324
Let’s Go Os!!,1545596991933136896,BmorePoz,540310324
That’s amazing 🤣. @PatMcAfeeShow reaction was priceless https://t.co/8MHMUGsJoZ,1544746769090764800,BmorePoz,540310324
Almost football season! Which means almost time for some fantasy football! 😈,1544091226122719232,BmorePoz,540310324
HURTS SO GOOD!! https://t.co/mVO2W4WiTP,1544090722692997123,BmorePoz,540310324
@fuswilson https://t.co/iUenC3kVgO,1543450211011411969,BmorePoz,540310324
@WWE @_Theory1 https://t.co/goB5MMMZwq,1543433212927610884,BmorePoz,540310324
@fuswilson @vince_033 @WWE @_Theory1 🤣🤣. That video is legendary,1543433026826391553,BmorePoz,540310324
That was a damn good #MITB PPV. Usos vs. Street Profits was definitely the match of the night,1543431848856100866,BmorePoz,540310324
@RealDukeMadison Once he lost the US title i knew this shit was gonna happen,1543431430503628802,BmorePoz,540310324
Called that shit man. They really giving Theory a huge ass push,1543431106745274370,BmorePoz,540310324
"Rumor going around Theory vs. Cena at Summerslam got delayed until wrestlemania, so once he lost tonight i had a feeling he would get added to this match smh",1543425228256251905,BmorePoz,540310324
"@Mavs_Ace Once he lost earlier i knew It was gonna happen. 
Him and Cena was suppose to fight at Summer slam, but i read It got delayed until wrestlemania",1543424726395240448,BmorePoz,540310324
I knew It. I called this shit. Once Theory lost the US Title i knew he was gonna somehow get added to this match.,1543424553120038912,BmorePoz,540310324
"Tonight, we LIV FOREVER.

@YaOnlyLivvOnce #MITB 
#AndNew https://t.co/Y28v3rFW4o",1543423524483784706,BmorePoz,540310324
Ronda Rousey heard Liv Morgan’s music hit and said “Shit” 🤣🤣 #MITB,1543422011078328325,BmorePoz,540310324
@WWE @YaOnlyLivvOnce https://t.co/EvsGXZkWyp,1543421600078434304,BmorePoz,540310324
"LIV MORGAN!!!!!!!!!!!!

@YaOnlyLivvOnce #MITB https://t.co/jo2YU74QNM",1543421501143240707,BmorePoz,540310324
"Liv Morgan, this is your night! ❤️

@YaOnlyLivvOnce #MITB",1543421468951908352,BmorePoz,540310324
Finally!! Let’s go! https://t.co/GoyNClNZQS,1543421140445630464,BmorePoz,540310324
LETS GO!!! https://t.co/hocYci0gYj,1543419459343458304,BmorePoz,540310324
LETS GO!!!! @YaOnlyLivvOnce new smackdown womens champion !,1543419205671862273,BmorePoz,540310324
👀👀👀 https://t.co/bjdbSShaXh,1543414671184625667,BmorePoz,540310324
That match between the Usos and the Street Profits was 🔥🔥🔥,1543412558010503168,BmorePoz,540310324
"We have a NEW #USChampion!

@fightbobby wins big at #MITB! https://t.co/flWtQq8sXR",1543398463676768257,BmorePoz,540310324
Say hello to Ms. #MITB @YaOnlyLivvOnce! https://t.co/lTs69rWbww,1543395637160513536,BmorePoz,540310324
How many ❤️ for Ms. #MITB @YaOnlyLivvOnce can we get?! https://t.co/cORjfrbTHy,1543395476590002176,BmorePoz,540310324
@RealDukeMadison 🤣🤣🤣,1543395447112450057,BmorePoz,540310324
Let’s go! https://t.co/BGkYxJuogr,1543394853446459393,BmorePoz,540310324
Guys consistently try to run on Hays and he keeps throwing them out! https://t.co/I1v1cMtY0D,1542087859414392834,BmorePoz,540310324
"Colton Cowser in his first AA game:

3/3, HR, 2 RBI, BB, HBP

Beautiful.",1542087423009734656,BmorePoz,540310324
@fuswilson https://t.co/UNsDU85YS3,1541573778924310528,BmorePoz,540310324
The goat! 🐐🐐🐐 https://t.co/f2zWUAsrcO,1541568189028524032,BmorePoz,540310324
@JoSkeezy23 No problem!!,1540836788150931456,BmorePoz,540310324
@Procis1on 🤣🤣,1540826318199296000,BmorePoz,540310324
Guaranteed series win 😏 https://t.co/gd8zVP0fro,1540824060023787524,BmorePoz,540310324
@Procis1on https://t.co/Khe4eOhJpO,1540824016071655430,BmorePoz,540310324
"Austin Hays man! That’s It, that’s the tweet",1540810300475203585,BmorePoz,540310324
@JoSkeezy23 happy birthday skeezy! 💯,1540808692198686720,BmorePoz,540310324
"@NMC_League @___Gotti_ @DaLabTv @FSGxMR2DOTO @russrebrands @GreenHuncho I would, but i have 0 time to do anything right now unfortunately",1540808584170274823,BmorePoz,540310324
"FOR THE CYCLE 🔄

Hays is the sixth player in franchise history to hit for the cycle! https://t.co/lYZewPPGFM",1539878385022812162,BmorePoz,540310324
