full_text,tweet_id,screen_name,user_ID
"This Don't Let your  Babies Grow Up To Be Cowboys 12M T Shirt  will not last 
Buy it now before we sell out!  https://t.co/vjzoaFmIOF https://t.co/3W93FpWW88",1554603781458886658,WeGotCharacter_,544366956
"👀Check out this Garfield Youth Flip Flops  👀
By We Got Character
Then find it here ⏩ https://t.co/m3wmwtIiI6 https://t.co/KlOq6LSYED",1554588247807983618,WeGotCharacter_,544366956
"😍 Loving this Touched By An Angel Holiday Edition VHS 😍 
by We Got Character
See it here 👉👉 https://t.co/5k1Zg8VFSd https://t.co/6ueGMTJfna",1554572862161387521,WeGotCharacter_,544366956
"✅out this American Greetings Valentine Stickers 
by We Got Character or Buy it here ⏩ https://t.co/L9RaqsVxa2
🚀 Last one so be quick! 🚀 https://t.co/hSmNQKtS9M",1554557703128743937,WeGotCharacter_,544366956
"Check out this Coca Cola Toothpick Holder Dispenser 
Buy it here ▶️ https://t.co/3On8M8MM09 https://t.co/YR7cUc0tLQ",1554544035934703631,WeGotCharacter_,544366956
"This Lego's Juniors Snake Down 10722  will not last 
Buy it now before we sell out!  https://t.co/QJopeYlaYs https://t.co/PUdMzzrzVh",1554528603429371907,WeGotCharacter_,544366956
"👀Check out this Garfield Mighty Cat Picture  👀
By We Got Character
Then find it here ⏩ https://t.co/Yeq90EuR7X https://t.co/BW6oJMWlNa",1554513064954941441,WeGotCharacter_,544366956
"😍 Loving this Garfield  Dear Diary  Plate Uncle Ed 😍 
by We Got Character
See it here 👉👉 https://t.co/ySySrYuRvS https://t.co/kwugBs0yGh",1554499424419778561,WeGotCharacter_,544366956
"✅out this Disney Beauty and The Beast Jacket 
by We Got Character or Buy it here ⏩ https://t.co/KWY79nFR61
🚀 Last one so be quick! 🚀 https://t.co/u8x56IFBDb",1554483386013696000,WeGotCharacter_,544366956
"Check out this Garfield Dear Diary Plate  I Composed Myself 
Buy it here ▶️ https://t.co/BqzqywviFC https://t.co/AZPDRjqgeZ",1554467731713527810,WeGotCharacter_,544366956
"This Garfield Dear Diary Plate What A Night  will not last 
Buy it now before we sell out!  https://t.co/A4ZwxcqPJO https://t.co/NlIRWPzMWz",1554437893590065153,WeGotCharacter_,544366956
"👀Check out this Snoopy Halloween Dracula Plush  👀
By We Got Character
Then find it here ⏩ https://t.co/aCc5IRNfuc https://t.co/Yw14XoPyGe",1554422663698849792,WeGotCharacter_,544366956
"😍 Loving this Garfield Halloween Treat Sacks Bags 😍 
by We Got Character
See it here 👉👉 https://t.co/K3EWqpY9mi https://t.co/T3WZYvBB44",1554407373619531776,WeGotCharacter_,544366956
"✅out this Snoopy Keychain Coat Clip Halloween Bat 
by We Got Character or Buy it here ⏩ https://t.co/OrrGc9Uxea
🚀 Last one so be quick! 🚀 https://t.co/1jy5DjVbvC",1554391999813484544,WeGotCharacter_,544366956
"Check out this Skylanders New Adventure Drape 
Buy it here ▶️ https://t.co/UELyZkn4Wt https://t.co/FT56Ijvw8V",1554377798902595584,WeGotCharacter_,544366956
"This Minnie Mouse Fall Wreath  will not last 
Buy it now before we sell out!  https://t.co/A8RdcsK9WR https://t.co/DFNoKSkkAj",1554362310231212033,WeGotCharacter_,544366956
"👀Check out this Donald's Surprising Gift Hallmark Ornament  👀
By We Got Character
Then find it here ⏩ https://t.co/jsim1nHSFD https://t.co/JNo2vkuCVu",1554346986849157125,WeGotCharacter_,544366956
"😍 Loving this Build a Bear Cookbook 😍 
by We Got Character
See it here 👉👉 https://t.co/ZA7rqchINM https://t.co/xpXBn4tm6f",1554331713991475201,WeGotCharacter_,544366956
"✅out this Garfield Pooky Pink Reversible Night Gown 
by We Got Character or Buy it here ⏩ https://t.co/sMTCOr4i4L
🚀 Last one so be quick! 🚀 https://t.co/YSvN0dWc19",1554317059730903040,WeGotCharacter_,544366956
"Check out this Garfield 2 Piece Pajama Set I'm More Bored 
Buy it here ▶️ https://t.co/N6nFRjh6XV https://t.co/x6RkZo7RyF",1554286477059710977,WeGotCharacter_,544366956
"This M&amp;M Holiday Tin Train Station  will not last 
Buy it now before we sell out!  https://t.co/P2li4ocRZt https://t.co/8j0hpczVel",1554271309495996416,WeGotCharacter_,544366956
"👀Check out this Snoopy Hallmark Santa Plush  👀
By We Got Character
Then find it here ⏩ https://t.co/BvSSInkMpg https://t.co/T9giY6YmwW",1554255952534294528,WeGotCharacter_,544366956
"😍 Loving this BABW Build A Bear Sparkle Horse 😍 
by We Got Character
See it here 👉👉 https://t.co/ePoGLnma2h https://t.co/QcGhG7zNtO",1554241951037284352,WeGotCharacter_,544366956
"✅out this Looney Tunes Sylvester Cup 
by We Got Character or Buy it here ⏩ https://t.co/vxBRfbFgIW
🚀 Last one so be quick! 🚀 https://t.co/2psj0YNnNU",1554226153208123393,WeGotCharacter_,544366956
"Check out this Tweety Bird Christmas Flag 
Buy it here ▶️ https://t.co/DmpcFq9QCw https://t.co/k9S0F5OwgF",1554210945949392896,WeGotCharacter_,544366956
"This Garfield Pop-Up Cat Bed  will not last 
Buy it now before we sell out!  https://t.co/96DYO5pHeX https://t.co/ETti4v9qx7",1554195586504613889,WeGotCharacter_,544366956
"👀Check out this Jake and the Never Land Pirates Canvas Print Wall Decoration  👀
By We Got Character
Then find it here ⏩ https://t.co/EbUykVa83w https://t.co/N9BsROxtcS",1554181537616232454,WeGotCharacter_,544366956
"😍 Loving this Corduroy's Easter Party 😍 
by We Got Character
See it here 👉👉 https://t.co/DL6MDHCbRi https://t.co/Rl3v4NHU2d",1554165832393031684,WeGotCharacter_,544366956
"✅out this 3 Minute Winnie The Pooh Stories Hardcover Book 
by We Got Character or Buy it here ⏩ https://t.co/CFeEsiDicS
🚀 Last one so be quick! 🚀 https://t.co/dKWZAVFRAr",1554150475427381249,WeGotCharacter_,544366956
"Check out this Drawing Basics with Thomas Kinkade Lifepac Alpha Omega Unit 1 
Buy it here ▶️ https://t.co/J9arcdPOrZ https://t.co/kAFJ9igfyk",1554135159791919104,WeGotCharacter_,544366956
"This 4 Joyce Meyer Books Power Thoughts, Be Anxious For Nothing, Life without...  will not last 
Buy it now before we sell out!  https://t.co/pR8N2yd2n0 https://t.co/GQT0AdSwIe",1554121044369235969,WeGotCharacter_,544366956
"👀Check out this Power Thoughts: 12 Strategies to Win the Battle of the Mind by Joyce Meyer  👀
By We Got Character
Then find it here ⏩ https://t.co/ENWoqZXDPJ https://t.co/sMsTedS0mK",1554105526576881672,WeGotCharacter_,544366956
"😍 Loving this Get Your Hopes Up By Joyce Meyer 😍 
by We Got Character
See it here 👉👉 https://t.co/tZBPxJhfFw https://t.co/3WjzkmxckT",1554089866329219072,WeGotCharacter_,544366956
"✅out this The Care Bears Help Santa 
by We Got Character or Buy it here ⏩ https://t.co/9W5MLBd9Ys
🚀 Last one so be quick! 🚀 https://t.co/m21tAnhITI",1554075558299983873,WeGotCharacter_,544366956
"Check out this Precious Moments Wall Cross Jesus Loves Me 
Buy it here ▶️ https://t.co/Xz33YjlLAJ https://t.co/lGFctO6qEI",1554060070207602694,WeGotCharacter_,544366956
"This Hello Kitty Picture Frame Wall Art  will not last 
Buy it now before we sell out!  https://t.co/YGOFsLtCHT https://t.co/UvTGJC3c2O",1554044659780952064,WeGotCharacter_,544366956
"👀Check out this Sylvester &amp; Tweety Bird Vase Candy Dish  👀
By We Got Character
Then find it here ⏩ https://t.co/3VBIjuP9ZU https://t.co/zc2Z0BjF17",1554029335375396870,WeGotCharacter_,544366956
"😍 Loving this Holly Hobbie Porcelain Egg 😍 
by We Got Character
See it here 👉👉 https://t.co/uztOlak52O https://t.co/HkXMHbfEPe",1554014214901080065,WeGotCharacter_,544366956
"✅out this Wembly and The Soggy Map (Fraggle Rock) By Louise Gikow 
by We Got Character or Buy it here ⏩ https://t.co/7n9vTVUpac
🚀 Last one so be quick! 🚀 https://t.co/MMqhmKbER2",1554000249026396161,WeGotCharacter_,544366956
"Check out this Little Miss Sunshine Talks &amp; Cheeks Lights Up 
Buy it here ▶️ https://t.co/mDFvv4eRN7 https://t.co/gJl8iukTey",1553984655006867456,WeGotCharacter_,544366956
"This Kohls Cares Paddington Bear  will not last 
Buy it now before we sell out!  https://t.co/Qol9EM1vj2 https://t.co/xVACnZv0kP",1553969429674921984,WeGotCharacter_,544366956
"👀Check out this Elsa Anna Olaf Frozen Cup  👀
By We Got Character
Then find it here ⏩ https://t.co/eIAb1FLZmV https://t.co/Y1beevDBBm",1553954164014825472,WeGotCharacter_,544366956
"😍 Loving this The Approval Fix By Joyce Meyer 😍 
by We Got Character
See it here 👉👉 https://t.co/axSBof7wuP https://t.co/ewI4vWVLui",1553939635784523777,WeGotCharacter_,544366956
"✅out this NIV The Little Kids Adventure Bible 
by We Got Character or Buy it here ⏩ https://t.co/UQ9F2xGs0q
🚀 Last one so be quick! 🚀 https://t.co/4GeTe9m5BD",1553924588245028868,WeGotCharacter_,544366956
"Check out this Disney The Lion Guard Kion's Toppling Rock Wall Figure Pack 
Buy it here ▶️ https://t.co/sIyoGxua0d https://t.co/FoGkWhTM4n",1553909315169406979,WeGotCharacter_,544366956
"This Barbie Doll Horse  will not last 
Buy it now before we sell out!  https://t.co/HqXNffVd8g https://t.co/0MGYRw9M38",1553893901341179906,WeGotCharacter_,544366956
"👀Check out this Disney Donald Duck Trinket Box  👀
By We Got Character
Then find it here ⏩ https://t.co/bB8rbhg1LQ https://t.co/9nlZnLWoNY",1553879772425494528,WeGotCharacter_,544366956
"😍 Loving this My Buddy Playskool Kid Sister 😍 
by We Got Character
See it here 👉👉 https://t.co/vUZcqASSRl https://t.co/iNC16QTC8m",1553863928601616387,WeGotCharacter_,544366956
"✅out this Mickey Mouse Blouse Shirt 
by We Got Character or Buy it here ⏩ https://t.co/ttmxrXa3XN
🚀 Last one so be quick! 🚀 https://t.co/GUdo0Sfinu",1553848570461257731,WeGotCharacter_,544366956
"Check out this Garfield Blue Looking Good Shirt Nightgown 
Buy it here ▶️ https://t.co/WlUaZ7gEA9 https://t.co/9NAIB38wp1",1553833209896607746,WeGotCharacter_,544366956
"This Nurses Call The Shots Ornament  will not last 
Buy it now before we sell out!  https://t.co/bAknVhTC7C https://t.co/LbYMtp9G1O",1553818035626168323,WeGotCharacter_,544366956
"👀Check out this Betty Boop Ornament  👀
By We Got Character
Then find it here ⏩ https://t.co/1YpXXH53kd https://t.co/olNzlcrpwv",1553803818923692035,WeGotCharacter_,544366956
"😍 Loving this Hallmark Thanksgiving Happy Pins 😍 
by We Got Character
See it here 👉👉 https://t.co/RUOql3R4AB https://t.co/8U5b8Anyex",1553788262728228869,WeGotCharacter_,544366956
"✅out this Mickey Mouse Figurine with Movie Reel 
by We Got Character or Buy it here ⏩ https://t.co/KdZ48eNUrl
🚀 Last one so be quick! 🚀 https://t.co/lp04hjtfP9",1553772840477941761,WeGotCharacter_,544366956
"Check out this Despicable Me 3pc Yellow Mealtime Set 
Buy it here ▶️ https://t.co/trXEs1bE6a https://t.co/mORFBB4Art",1553758618532696072,WeGotCharacter_,544366956
"This Polly Pocket Playtime Doll Pet Shop  will not last 
Buy it now before we sell out!  https://t.co/khAYZPAPzU https://t.co/FIvrDXazqU",1553743006267850755,WeGotCharacter_,544366956
"👀Check out this Snoopy Tee Time Golf Tees  👀
By We Got Character
Then find it here ⏩ https://t.co/bu1AVhCO7Y https://t.co/nnIHsLRZA2",1553727525855154178,WeGotCharacter_,544366956
"😍 Loving this Frozen The Essential Guide By DK 😍 
by We Got Character
See it here 👉👉 https://t.co/5Wc8uYf0RX https://t.co/IH0DZ4yvnM",1553712320160976898,WeGotCharacter_,544366956
"✅out this Care Bears Build A Bear Shirt 
by We Got Character or Buy it here ⏩ https://t.co/123BbOfK34
🚀 Last one so be quick! 🚀 https://t.co/lywMmdSS8U",1553698030167154690,WeGotCharacter_,544366956
"Check out this Many Happy Returns of The Day Winnie The Pooh Plate 
Buy it here ▶️ https://t.co/GsHscFQ9bD https://t.co/cfFQTek31c",1553682475259514881,WeGotCharacter_,544366956
"This Silly FunHouse Ace Fender Bender Mini Lalaloopsy  will not last 
Buy it now before we sell out!  https://t.co/aebtWUip1j https://t.co/6U7tNl506O",1553667222740107266,WeGotCharacter_,544366956
"👀Check out this Big Bird Bowl By Jim Henson Productions  👀
By We Got Character
Then find it here ⏩ https://t.co/gtZ3KFcTlV https://t.co/I2tRLJOUmO",1553651923059974145,WeGotCharacter_,544366956
"😍 Loving this Garfield Nightgown 😍 
by We Got Character
See it here 👉👉 https://t.co/DYb9BmNafO https://t.co/X5VPaamkID",1553637616892919810,WeGotCharacter_,544366956
"✅out this Garfield T Shirt Everything All Right 
by We Got Character or Buy it here ⏩ https://t.co/M0MzncUoYt
🚀 Last one so be quick! 🚀 https://t.co/yixtIcUShf",1553622217224851456,WeGotCharacter_,544366956
"Check out this Garfield Pink Blouse Nightshirt Nightgown 
Buy it here ▶️ https://t.co/dA3PmqxN2w https://t.co/m8lVbmpzcH",1553606871751299073,WeGotCharacter_,544366956
"This American Girl Fancy Flowers Wreath Craft Kit  will not last 
Buy it now before we sell out!  https://t.co/VIzZVTtz96 https://t.co/09ngEVucEY",1553591674781188098,WeGotCharacter_,544366956
"👀Check out this Winnie the Pooh Lighted Musical Plush  👀
By We Got Character
Then find it here ⏩ https://t.co/KpWztd0uas https://t.co/h4XgTDlDqK",1553576378657800192,WeGotCharacter_,544366956
"😍 Loving this Disney Tigger Hand Puppet 😍 
by We Got Character
See it here 👉👉 https://t.co/aRVEn7AXZb https://t.co/8vix27zdK8",1553546756801105921,WeGotCharacter_,544366956
"✅out this Lamb Chop Plush 
by We Got Character or Buy it here ⏩ https://t.co/IzbYys47rq
🚀 Last one so be quick! 🚀 https://t.co/M9g3GGy4Y0",1553531324719403010,WeGotCharacter_,544366956
"Check out this Happy Branch Trolls Plush 
Buy it here ▶️ https://t.co/hHu13wexXl https://t.co/mIhz8gnOeJ",1553516031695626240,WeGotCharacter_,544366956
"This Large Trolls Hug N Plush Doll Guy Diamond  will not last 
Buy it now before we sell out!  https://t.co/Z9jusWvCai https://t.co/ZRClhmOEYh",1553500892682493952,WeGotCharacter_,544366956
"👀Check out this Minnie Mouse Plush  👀
By We Got Character
Then find it here ⏩ https://t.co/ackxcNHKQs https://t.co/eOYmQjcWd5",1553486748159774723,WeGotCharacter_,544366956
"😍 Loving this Disney Princess Elena Of Avalor  Doll 😍 
by We Got Character
See it here 👉👉 https://t.co/DjLzaHpsWX https://t.co/zC8Eh2EQ84",1553471419161378818,WeGotCharacter_,544366956
"✅out this Disney Frozen Anna Elsa Thermos Lunch Bag Box Tote 
by We Got Character or Buy it here ⏩ https://t.co/Rov6rboEi0
🚀 Last one so be quick! 🚀 https://t.co/WBiQIljvNO",1553455982008848386,WeGotCharacter_,544366956
"Check out this Garfield T-Shirt 
Buy it here ▶️ https://t.co/GjwfVKVTra https://t.co/DB6FsEkvGU",1553441733580668934,WeGotCharacter_,544366956
"This Garfield T-Shirt Who Cares  will not last 
Buy it now before we sell out!  https://t.co/FbfKcIVcfX https://t.co/Nh9i8bSwZj",1553426216014823424,WeGotCharacter_,544366956
"👀Check out this Garfield Odie Pink T-Shirt  👀
By We Got Character
Then find it here ⏩ https://t.co/jwcMpTgjKW https://t.co/DtFAsfUlaI",1553410574050099200,WeGotCharacter_,544366956
"😍 Loving this Garfield White T-shirt Size M 😍 
by We Got Character
See it here 👉👉 https://t.co/ROtP0idWBr https://t.co/QEjggbDp1A",1553395182812516357,WeGotCharacter_,544366956
"✅out this Garfield I Just Can't T-shirt 
by We Got Character or Buy it here ⏩ https://t.co/b7ARhdf40o
🚀 Last one so be quick! 🚀 https://t.co/WkY2F04vx7",1553381124247805952,WeGotCharacter_,544366956
"Check out this Garfield &amp; Odie T-Shirt 
Buy it here ▶️ https://t.co/yuqeJXO6fI https://t.co/DM7WWBCst3",1553365555930972160,WeGotCharacter_,544366956
"This Garfield I Am Stuck On You Long Sleeve Top  will not last 
Buy it now before we sell out!  https://t.co/aHqdxNaQSw https://t.co/C6tBrZzC6J",1553349827903332354,WeGotCharacter_,544366956
"👀Check out this Post Golden Crisp Sugar Bear Watch  👀
By We Got Character
Then find it here ⏩ https://t.co/fMunODkbD2 https://t.co/ZBJ3y3VISW",1553334690039349248,WeGotCharacter_,544366956
"😍 Loving this Keebler Elf Watch 😍 
by We Got Character
See it here 👉👉 https://t.co/xT5HZFuN3W https://t.co/ULWRgrnPli",1553320305707421697,WeGotCharacter_,544366956
"✅out this Garfield Under Peace Sweatshirt Hoodie 
by We Got Character or Buy it here ⏩ https://t.co/VNzk99L7HS
🚀 Last one so be quick! 🚀 https://t.co/QeB0uX7LTj",1553304911013728256,WeGotCharacter_,544366956
"Check out this Minnie Mouse Soup Cup Bowl 
Buy it here ▶️ https://t.co/v2gkHJEoaw https://t.co/TklCIOyIKU",1553289681680433153,WeGotCharacter_,544366956
"This Precious Moments Figurine Wishing You A Basket Full of Blessings  will not last 
Buy it now before we sell out!  https://t.co/g9dJzg8SMs https://t.co/ZyxXyVzRov",1553274444071714816,WeGotCharacter_,544366956
"👀Check out this Garfield &amp; Odie Thimbles  👀
By We Got Character
Then find it here ⏩ https://t.co/jF9eXKvX4q https://t.co/BPZPD9ssro",1553260033806401536,WeGotCharacter_,544366956
"😍 Loving this Disney Babies Baby Aristocats Marie 10"" Plush 😍 
by We Got Character
See it here 👉👉 https://t.co/BEwttNEXFF https://t.co/PcXWX1aYAk",1553244559198621696,WeGotCharacter_,544366956
"✅out this Disney Stitch 7"" Plush 
by We Got Character or Buy it here ⏩ https://t.co/BDKqVXVnYR
🚀 Last one so be quick! 🚀 https://t.co/PpD1W9DUvO",1553229368532635650,WeGotCharacter_,544366956
"Check out this Monster Incorporated Sully Sullivan 7"" Disney Parks Plush 
Buy it here ▶️ https://t.co/hBxZQVW3VH https://t.co/dI44mAdAfV",1553214295126773760,WeGotCharacter_,544366956
"This Disney Babies Lion King Simba Baby Plush  will not last 
Buy it now before we sell out!  https://t.co/uYXTMgaOUS https://t.co/L95dPgW7pd",1553199008587415553,WeGotCharacter_,544366956
"👀Check out this CPK Cabbage Patch Kids Doll Carrier Seat  👀
By We Got Character
Then find it here ⏩ https://t.co/ftSw7yFyJi https://t.co/3iSaOmIA72",1553184675773939718,WeGotCharacter_,544366956
"😍 Loving this Disney Winnie The Pooh Wrapping Papper Birthday 😍 
by We Got Character
See it here 👉👉 https://t.co/ODfJgaU746 https://t.co/NO1svSLv3y",1553169237023277056,WeGotCharacter_,544366956
"✅out this Lot of 2 SpongeBob Curtain Valances 
by We Got Character or Buy it here ⏩ https://t.co/XeUQohDJ3U
🚀 Last one so be quick! 🚀 https://t.co/TPl1wndIFV",1553154014967128065,WeGotCharacter_,544366956
"Check out this Disney Minnie Mouse 5"" Bean Bag Plush 
Buy it here ▶️ https://t.co/kbeviCLLge https://t.co/Y4M7LtEeue",1553138584856793090,WeGotCharacter_,544366956
"This Minnie Mouse Girls' Thermal 2-Piece Underwear Set  will not last 
Buy it now before we sell out!  https://t.co/yJqaeyppYV https://t.co/RGDH80e7VY",1553124223845015557,WeGotCharacter_,544366956
"👀Check out this Minnie Mouse  Short Sleeve Gingham Tunic Top &amp; Leggings, 2pc Outfit Set (Baby...  👀
By We Got Character
Then find it here ⏩ https://t.co/yLOJiJR2gO https://t.co/bBjrwSrKBp",1553108860038258691,WeGotCharacter_,544366956
"😍 Loving this Winnie The Pooh Eeyore Picture Frame 😍 
by We Got Character
See it here 👉👉 https://t.co/ErEQjCNlH2 https://t.co/I9yNXofJFV",1553093743577792512,WeGotCharacter_,544366956
"✅out this Clear Garfield Plastic Glass with Lid &amp; Straw 
by We Got Character or Buy it here ⏩ https://t.co/WUzkvtxRW8
🚀 Last one so be quick! 🚀 https://t.co/riw2F7XMd3",1553078348938711042,WeGotCharacter_,544366956
"Check out this Black &amp; Gold Garfield Thermos 
Buy it here ▶️ https://t.co/NnG9sZPfHB https://t.co/2INZM2HwiO",1553063909418049542,WeGotCharacter_,544366956
