full_text,tweet_id,screen_name,user_ID
don’t make me cry again today https://t.co/48BgtnF5iZ,1554568639117918211,amandaaamck,74843854
i- 🥵 https://t.co/8UopHVCOLj,1554568371634671623,amandaaamck,74843854
"When Soto was informed by the Nationals he's moving, it was immediately clear some version of the deal will get done. The Padres knew that Eric Hosmer had Washington on his no-trade list and could invoke it. There are always different iterations.

The point: The deal will happen. https://t.co/TFH8vob1p4",1554512607515664387,amandaaamck,74843854
"There's a new big 3 in San Diego, sources tell @JeffPassan 👀 https://t.co/jxhmtRx7o4",1554503020456599552,amandaaamck,74843854
TATIS WAKE UP. SOTO IS YOUR TEAMMATE,1554501509840265216,amandaaamck,74843854
TRIFECTA https://t.co/sVVy1xXtxQ,1554496220072140800,amandaaamck,74843854
SCREAMINGGGGG https://t.co/Yarktng6HE,1554494556892282883,amandaaamck,74843854
yes i am a braves fan but i will be INSUFFERABLE when tatis jr comes back. i can root for both idccccc,1554467077368561664,amandaaamck,74843854
it’s a great day for juan soto to become a padre me thinks,1554419184590888962,amandaaamck,74843854
"The Houston Astros are acquiring LHP Will Smith from the Atlanta Braves in exchange for SP Jake Odorizzi, per @MarkBermanFox26. https://t.co/E57wqCIlg3",1554331217687969792,amandaaamck,74843854
@CassideeBaugh omg thank you 💖,1554289587392069633,amandaaamck,74843854
AUSTIN. RILEY. that’s the tweet. https://t.co/7gqy7RbGCt,1554257067103371264,amandaaamck,74843854
@efmcilwain happy matt = happy amanda &amp; emma,1554185172819517444,amandaaamck,74843854
@efmcilwain if i had to see it you did too hehe 💖,1554127783982518279,amandaaamck,74843854
@efmcilwain idkkkk. either way it’s not one of us and i’m depressed about it,1554126877266251778,amandaaamck,74843854
@MRBRAVESFAN82 thank ya thank ya 🤎,1554110943054946305,amandaaamck,74843854
@amandaaamck Happy Birthday ma’am. Hope your day is blessed and fantastic.,1554110866454355970,amandaaamck,74843854
@leeeahhhhh thank you 💖💖,1554105359836610560,amandaaamck,74843854
@Mr_Rutherford mmhm….by working 🫠,1554089350245277697,amandaaamck,74843854
the way tatis jr lives in my head rent free is truly unhealthy,1554088429503356930,amandaaamck,74843854
"Happy birthday to the queen herself @amandaaamck 🥳🥳🥳

Love you girlie❤️",1554087571096993793,amandaaamck,74843854
@Mr_Rutherford thank you 💖💖,1554087431254802432,amandaaamck,74843854
@defnottara that SENT me hahahaha,1554087296244252672,amandaaamck,74843854
"alexa, play that should be me by justin bieber https://t.co/XwCDZjBYq6",1554084539114323973,amandaaamck,74843854
@calebhunton ily thank you 💞💞💞,1554084287447695361,amandaaamck,74843854
MVP MVP MVP https://t.co/fvrSko5j8r,1553841566170718209,amandaaamck,74843854
@semiautumnmatic not the government name LMAO,1553555305618890756,amandaaamck,74843854
@semiautumnmatic LMAOOOO i’m dead,1553554618155687936,amandaaamck,74843854
@mattlantamayor truly my fave,1553183694055170053,amandaaamck,74843854
NOT TWINS 🥹🥹🥹🥹🥹 https://t.co/XEDM7Trq1v,1552803902550167552,amandaaamck,74843854
@defnottara i’m obsessed likeeeee,1552405587446697984,amandaaamck,74843854
😮‍💨😮‍💨😮‍💨😮‍💨 https://t.co/TgPYzmNpPD,1552404164487028738,amandaaamck,74843854
"@ashleypriyanka 1. succession
2. schitts creek
3. gossip girl",1552313107829096450,amandaaamck,74843854
what are the yanks doin,1552107639286468609,amandaaamck,74843854
"Mighty Matt! 🥶

#ForTheA | @mattolson21 https://t.co/acxTXxsKcb",1552107590829719552,amandaaamck,74843854
".@SpencerSTRIDer had his stuff tonight. 🔥

#ForTheA https://t.co/p4p2HrXVHI",1552107573603614721,amandaaamck,74843854
🥰🥰🥰🥰🥰 https://t.co/2QkrLcadHu,1552107127921156098,amandaaamck,74843854
@calebhunton @hayymorgshac 💚💚💚,1552102017224556544,amandaaamck,74843854
that’s my athlete babyyyy https://t.co/6pf8HdrTdO,1551753757825843200,amandaaamck,74843854
y’all not about to do max fried like this @ braves,1551716465262432257,amandaaamck,74843854
wow i haven’t even told y’all happy max fried day!!!! 🥰🥰🥰,1551714378847866886,amandaaamck,74843854
𝙃𝙖𝙥𝙥𝙮 𝙈𝙖𝙭 𝙁𝙧𝙞𝙚𝙙 𝘿𝙖𝙮 ✨ https://t.co/tCE3Dm6mPM,1551585132670230529,amandaaamck,74843854
@MLBONFAX @MaxFried32 @Braves 🥵,1551584484134424577,amandaaamck,74843854
"I’ve been a leading lady since I was 11 years old. I have over 100+ credits, and currently starring in an original screenplay that’s the number one film at the box office #NOPE. I’ve had a blessed career thus far, I couldn’t ask for more but God continues to surprise me.🥹🥳❤️🙏🏾",1551377347739353088,amandaaamck,74843854
"A great example of colorism is to believe I can be compared to anyone. I’m the youngest talk show host ever. The first Black woman to star in her own show on Nickelodeon, &amp; the youngest &amp; first Black Cinderella on broadway. I’m an incomparable talent. Baby, THIS, is Keke Palmer.",1551377317250928640,amandaaamck,74843854
pete alonzo can kiss my piss,1551376561781329920,amandaaamck,74843854
@ashleypriyanka max would never do us like this,1551353774735872001,amandaaamck,74843854
i won’t be watching anymore ian anderson starts i just can’t do it anymoreeeee,1551338035395981312,amandaaamck,74843854
@semiautumnmatic cholula or valentina for sureeee. depends on what i’m eating tho,1551337670873432064,amandaaamck,74843854
i cannnoootttt hahaha https://t.co/0oaXUduuZl,1551337386591805440,amandaaamck,74843854
@mattlantamayor this meme hahahahaha,1551314389067857922,amandaaamck,74843854
@Blake_Hickman94 🫠🫠🫠,1551314320058892293,amandaaamck,74843854
@JirehBethely those city connects are FIRE 🥵,1551314248030162945,amandaaamck,74843854
@2022Met well def not now lmao,1551314192220782599,amandaaamck,74843854
"@BravesNBroncos you get a jersey, you get a jersey, you get a jersey!! https://t.co/u0qawfxgVb",1551224627841699841,amandaaamck,74843854
@Blake_Hickman94 unfortunately the braves have burned me ONE TOO MANY TIMES to trust them 🤭,1551217243136180227,amandaaamck,74843854
if we are in first place after today i will buy my max fried jersey and a padres city connect and maybe even the olson jersey,1551215411634618368,amandaaamck,74843854
i need the padres to not break my heart today,1551214999158259712,amandaaamck,74843854
@ZeldaBravesGirl @MCU_Direct 😭😭😭😭😭😭😭,1551014335723540480,amandaaamck,74843854
@ZeldaBravesGirl so much happening idk where to look!,1551013422283821056,amandaaamck,74843854
my third baseman &gt; yours https://t.co/l5R8SWn0LP,1551012329499803648,amandaaamck,74843854
TOO. STUNNED. TO. SPEAK. https://t.co/Z3KS7ySPRN,1551012157063667713,amandaaamck,74843854
🤭 https://t.co/EJ4hw1fZOx,1550893333391609856,amandaaamck,74843854
"@sweat_blake sighhh, rub it in 😭😭 the replays don’t hit the same as seeing it live",1550893151984009216,amandaaamck,74843854
@3x5 because a lot of them they think we are dumb enough to believe them and don’t already know the truth.,1550845571660914688,amandaaamck,74843854
Alex Anthopoulos watching Matt Olson https://t.co/TfKHsLEFfL,1550696062217773056,amandaaamck,74843854
"W.

#ForTheA https://t.co/7nZriWsj7x",1550685240544329729,amandaaamck,74843854
@tmcgowa3 called it lmao,1550680058897088514,amandaaamck,74843854
MY PADRES https://t.co/ul57IHwZm3,1550680003393748992,amandaaamck,74843854
@ashleypriyanka @semiautumnmatic AS U SHOULD. that’s top tier tv,1550679642922749954,amandaaamck,74843854
@MissAbbyTaylor mood lmaooo.,1550672110720270336,amandaaamck,74843854
"if i was the red sox manager, id simply let my 1-9 pitch for fun lmaooo",1550671553179820032,amandaaamck,74843854
is anyone watching the blue jays red sox game? like are the red sox trying or have they given up?,1550671249336156160,amandaaamck,74843854
@jmarr386 @Braves whoever made that is like “fuck fuck delete delete”,1550670902450442245,amandaaamck,74843854
@himynameis_shay stop i can’t even look at it…where’s the mercy rule in baseball lmao,1550670424853422080,amandaaamck,74843854
being a braves fan is so fun omg https://t.co/xV4TW6QKTI,1550670289310302209,amandaaamck,74843854
@ashleypriyanka https://t.co/NJnxI3bLJP,1550670032493056000,amandaaamck,74843854
@Nicand28 that’s what i’m saying. DOG POUND lmaooo,1550669640476639236,amandaaamck,74843854
Matt Olson woke up the Braves dugout. https://t.co/aeFRsVrQWv,1550669575641092096,amandaaamck,74843854
so hot of MY first baseman https://t.co/1mtU9x6ysS,1550669249907200002,amandaaamck,74843854
@alimel_01 😭😭😭😭 cryin screaming throwing up,1550668537982844929,amandaaamck,74843854
I MISSED MATTS HOMER?!??! i was walking my dog!!!!,1550668370915299328,amandaaamck,74843854
loves of my life frfr https://t.co/cUbCqbszQq,1550646331454144512,amandaaamck,74843854
STOP hahahahaha https://t.co/HaKZvo5oCz,1550466522103123968,amandaaamck,74843854
@semiautumnmatic watermelon sugar-harry styles. has crack in it can’t skip it idkkkkk,1550466064861073409,amandaaamck,74843854
SHUT UP AND LOOK AT TAYLOR SWIFT https://t.co/G3upwUtZqM,1550310208206909440,amandaaamck,74843854
@dustitoff84 i support this decision,1550271004387196928,amandaaamck,74843854
@calebhunton UGH. unfortunately i will still be paying…because i’m a sucker for trashy reality tv lmao,1549937098970505221,amandaaamck,74843854
@calebhunton i just said this!!!!,1549936732820320256,amandaaamck,74843854
4 is the only option tbh https://t.co/7iymCO5q6D,1549936511738683393,amandaaamck,74843854
there is NO WAY people enjoy hot over cold weather. this air is THICCCCC,1549900142509178882,amandaaamck,74843854
max wearing red bottoms on the carpets yesterday is exactly what i needed this week https://t.co/6fxw9LpYXH,1549847676962979841,amandaaamck,74843854
"If you don’t like Ohtani, I don’t like you lol",1549721976511537153,amandaaamck,74843854
LMAOOOOOO but really https://t.co/288Alt3qFI,1549719327997415425,amandaaamck,74843854
best bro duo on the planet no argument https://t.co/v4roR1IbfH,1549719042402942978,amandaaamck,74843854
i know it’s early but i’m SWEATING https://t.co/STaJDFTVxx,1549716631676502018,amandaaamck,74843854
BYEEEEEE. https://t.co/tR6cSAa5qi,1549488808139300864,amandaaamck,74843854
@raelovely i would say i’m offended but….that means more for me so bittersweet 🤭,1549488604073836544,amandaaamck,74843854
MY OTP FOREVER https://t.co/mqPhq2RhRu,1549488340927483906,amandaaamck,74843854
IM- https://t.co/TGJrmAONrg,1549475298885910530,amandaaamck,74843854
