full_text,tweet_id,screen_name
Give me Aaron Donald over Russ Wilson all day. Dominant D linemen are harder to get than good QBs. https://t.co/yggqyDyNEd,1520913557688311810,jordan23atl
Definitely disagree. Bryce is miniature and doesn't run a lot. I don't think he's a can't miss prospect. I like CJ Stroud better but he has deficiencies too. I believe Will Anderson and Jalen Carter are can't miss prospects. I would rather have Aaron Donald than Russell Wilson. https://t.co/7aJtssDANM,1520913347633369088,jordan23atl
"🗣️Eys ON! #NFLDraft Fantasy Review: Round 2

🔥NOTE: Leave A Comment on the video if you want to enter the Aaron Donald Autographed Jersey Giveaway!

🎙️@NFL_DiMatteo &amp; @RonnieAEvans
 
#NFL #FantasyFootball #FFIDP
#NFLDraft2022 #NFLTwitter #IDP

📺HotLink: https://t.co/6Ibke8Gc1a https://t.co/qGtmBbGcuc",1520903375088402438,TheIDPTipster
"The ""Aaron Donald "" https://t.co/P0gCvgJv6P",1520896619172052992,CArmendariz73
Aaron Donald is so good man. His D is incredible. He has length. He has girth. He can penetrate. He can pound you on the field. He can shoot it all over the floor.,1520882376167018500,WeHateUCaleb
Aaron Rodgers would have 5 rings if he had Aaron Donald and jalen Ramsey on the packers https://t.co/Z8aoSZ7Q6q,1520879720568700928,Expushin
"@MikefromOC
AD99 New house
https://t.co/rT5xVerXs1",1520870022922440704,rgolucky
Brisker would have been nice. Holmes did pick Aaron Donald in the 2014 draft and if he was that ready for Paschal im curious to see what he can do #HardKnocks https://t.co/Gr2qEJ4Vu1,1520867690386186242,SPORTSMANMOE
Giannis literally has to Aaron Donald somebody to get a common foul called meanwhile we look at somebody and it’s a foul. Amazing we’re still in this game.,1520839103675215873,tommyworth5
Aaron donald is a SOY BITCH. Chiefs are unreal.,1520838769271836673,wasabiB0t
You not Aaron Donald lil bro,1520838761864650754,CelticsReilly
Giannis is basically what Aaron Donald would look like if he could ball #MILvsBOS,1520828991338434562,Cheetara1986
I know Pitt brought out Aaron Donald and Larry Fitzgerald to try to talk Jordan Addison out of leaving Pitt. They should’ve gotten Le’Veon Bell to talk to him.,1520826666284630017,klinger2069
2014 Topps Chrome Refractor Aar #sportscards https://t.co/idj0yuJDJj,1520813151155019776,cardwatch123
😳💰 (PICS) https://t.co/sucN2UncX4,1520804905195294721,EliteSportsTaIk
"This house is so sick!

https://t.co/VxeJC2eFv0",1520803856380276736,TotalProSports
"🚨Live! #NFLDraft Fantasy Review: Round 2

🔥NOTE: Comment on the video if you want to enter the Aaron Donald Autographed Jersey Giveaway!

🎙️ @NFL_DiMatteo And @RonnieAEvans 

#NFL #FantasyFootball #FFIDP
#NFLDraft2022 #NFLTwitter #IDP

📺HotLink: https://t.co/fH0vHBkQ8i https://t.co/eEYZThTerB",1520802698672713730,GridironRating
Aaron Donald meet your maker 🫡 https://t.co/VlVaEBNK9l,1520796572518428674,RiveraYeehaw
"Aaron Donald Purchases $17M 8-Bedroom, 9-Bathroom Mansion Just Minutes From Matt Stafford &amp; Sean McVay (PICS)
 https://t.co/6VjzRU3L7e",1520792817676668928,Alan_Nishihara
"I spoke to #MSUBobcatsFB’s Daniel Hardy last night about being drafted by the defending Super Bowl champion, a team with Aaron Donald and #BigSkyFB great Cooper Kupp. We also talked about Hardy making history with Troy Andersen and Hardy’s late father. https://t.co/fDWiNUS4Tb",1520788248443817984,VictorFlores406
"After watching that Perrion interview two things are true
1) I am ready to run through a wall
2) If he became the next aaron donald I would not be surrpised",1520783321722146817,browns_bugle
"Aaron Donald, meet DJ Davidson https://t.co/EaSoWodbcR",1520768122537525248,cbdcarts
"Which UDFA are we massively overhyping this year #RaiderNation? At this point it’s a tradition! 

Last year a guy some fans compared to Aaron Donald was cut in week 1 of training camp. 😂",1520757620830781442,Raider_Ryan1
what if he a big ass aaron donald???? https://t.co/druoZE4irA,1520739460006166528,__YounglG
AARON DONALD RAMS RARE 2019 PAN #whodoyoucollect https://t.co/OZAgZVEXuf,1520675829977600000,CardsPc
"@jpoe_ so now that the 49ers have acquired you, we're going to finally see you answer my question and find out how you deal with Aaron Donald twice a year! Good luck out there brother! Keep grinding!",1520674025818710016,9erMcGregor
2014 Topps Chrome Refractor Aar #sportscards https://t.co/9PhM8d9zD8,1520669745334439936,nothingbutcard
@samori_toure Congratulations. Donald Driver was a seventh round pick. So you are in good company. Make sure you study hard. Aaron appreciates that.,1520660936096641024,RonRome4
I JUST MET MY NIGGA AARON DONALD 🔥🔥,1520647965550923776,cweaverfilms
2014 Topps Chrome Refractor Aar #sportscardsforsale https://t.co/S7PMDfYVmJ,1520644770632241152,cardradar1
"Jordan Addison @Espn_Jordan is an absolute scumbag. Pitt matches the offer, pulls out all the stops, has Aaron Donald and Larry Fitz reach out to him and he still transfers. Doesn’t deserve to ever call himself a Panther. He’s an unloyal, money chasing, LOSER!!! #FixTheSystem",1520619580439334912,BJones2322
Aaron Donald when he sees a quarterback: https://t.co/vjCf9vgVoO,1520617668029689856,chonkyleclerc
"I love snipbits like this, but like is these dudes gonna dunk on Aaron Donald in the playoffs? I don’t get why their vertical matters https://t.co/9pRpLfExWh",1520579526660661248,AlfonsoFlores_
When a GM who found Aaron Donald doesn't draft a QB you take his word for it lmao I ain't questioning him at all https://t.co/U2wttyjkTx,1520577578356154369,PTP_99
Aaron Donald is amazing.  It's still sad it's come to this https://t.co/lBdrItMBW9,1520575739875184642,joeybagovdonuts
2014 Topps Chrome Refractor Aaron D #thehobby https://t.co/ksh3y18G2Y,1520569198568775680,CardboardFeed
Look like Aaron Donald running a 40 https://t.co/GHD3XakgaX,1520566400271765506,guschxvez
My source close to the Pitt Football program tells me that after Aaron Donald called Addison and Pitt matched USC’s offer to Addison. CMU graduate David Tepper also called Addison &amp; matched Pitt’s offer! The Carnegie Mellon Tartans are now in on the Jordan Addison sweepstakes,1520565480406331394,coach_cignetti
A dude on tiktok who couldn’t block me for one second thinks he could pass block against Aaron Donald for a second. We need to bring pros vs Joes,1520564101390475264,eyezaeyuhh
Aaron Donald about to save PITT. He’s a real one,1520561717792624642,DatComplexDude
This is Caleb Williams all over again where random people are acting like they have sources to fight against the inevitable lmao Aaron Donald prolly doesn’t even know this young man.. https://t.co/jtMHI80w9u,1520558747910877186,KenHeLive
"Just another Rams fan sayin what’s up! @Mathieu_Era come join BWagz, Aaron Donald, and Jalen Ramsey and help bring this franchise another ring 🙏🏼🙏🏼",1520558377511706624,FFootballFiend_
"Aaron Donald clear shots $3 pwe

@sports_sell @TheHobby247 https://t.co/qO6JKkDtl4",1520549752886239232,PlusCards
2014 Topps Chrome Refractor Aar #whodoyoucollect https://t.co/uTb44i37VB,1520549309258866688,sportscardcoder
Aaron Donald= Great Pitt Man! https://t.co/rXBRGKKP5m,1520537194296926209,FQPitt
"@Mathieu_Era I would love to see you playing alongside Aaron Donald, Jalen Ramsey and Bobby Wagner",1520535044225441794,dustin_wingler
aaron donald is saving college football https://t.co/6mVGWQqCGO,1520534250755436544,Mets2Hell
Aaron Donald had to pay buddy out his pocket 😂😂🤣 https://t.co/180fFEjCBg https://t.co/VrDA1zyoTh,1520531862346776576,DonV757_
Duke Deuce agile as hell for his size. He’s like Rap Aaron Donald,1520531764204167168,MLVNPRDY
Imagine if he does this to Aaron Donald in the playoffs https://t.co/lHGFwIkCKS,1520530561344937985,Geraltde1arivia
"Hardy will join a loaded defensive group in Los Angeles, led by three-time Defensive Player of the Year Aaron Donald, as they look to repeat as Super Bowl champions this season.

https://t.co/y9FpiAwwc8",1520529717517971456,SWXMontana
Aaron Donald and Chris Bickel should get whatever they want https://t.co/wn4PFYoald,1520527199153106944,RealMikeHancho
Look: Aaron Donald bought a $17.1M mansion near Matthew Stafford and Sean McVay https://t.co/3KggfkMwEH via @theramswire,1520527019292782592,lrbarrit
"Someone close to the situation at Pitt told me it’s tense and Aaron Donald talked to Jordan Addison at 2:30 today. Shortly after that, Pitt matched the offer. Addison has since turned off his phone and is mulling the decision privately. Pitt is back in this.",1520526787318534147,JuicyRed00
"@Mathieu_Era you gonna join this Ram team. The vibes, the championship pedigree, playing in the same defense as Aaron Donald.",1520515305285505025,Rambrero1
Niners drafting Aaron Donald. John Lynch is in his bag.,1520514756922073088,lakershowland1
Even the best of the best NFL players have had plenty of haters. Let's take a look back at some of the best tweets reacting to the Rams drafting Aaron Donald in 2014. #NFLdraft https://t.co/Ss4jZSPUAx,1520512773163167744,HarvesterSports
Word on the street is the Broncos drafted a JJ Watt/Aaron Donald hybrid WOW,1520508826465841158,xJTizzle_
@ridgeway_79 Maintain or get a freakishly strong core. That's how Aaron Donald accels. Look up that man and study core stuff. We need you to dominate. #CowboysNation #Core #LetsGoCowboys,1520504308021800960,ShillMeYaCoins
Someone check on Aaron Donald https://t.co/SFjP8YeQYO,1520496069422960643,wakeuplui3
aaron donald don’t exist? https://t.co/2VarnKjeXg,1520486327933829120,cruzzgallllegos
2014 Topps Chrome Refractor Aaron D #thehobby https://t.co/W5yDzr4k8g,1520486219536285697,CardCrawler
"Fun fact, Aaron Donald has 2 points in his career, the result of a sack of Mason Rudolph in the endzone in a 2019 Week 10 loss to the Steelers. https://t.co/7xRycm9TBR",1520480549982416896,BenSLASports
"Remember eight years ago, when I said that Aaron Donald had the best film in his draft class?",1520476988716331009,thedemariodavis
Wow. Raiders traded 165 for Aaron Donald,1520476334438322178,BannedCertified
How much help does Aaron Donald need????? https://t.co/IpU89oIiLM,1520473381463801856,YungTrey_23
Thomas Booker said he emulates players like Aaron Donald and Fletcher Cox and trying to add to his game from great players in the league,1520471869408911365,AaronWilson_NFL
"What team has Jalen Ramsey and Aaron Donald? @Mathieu_Era that’s the team I, personally, would want to play for. https://t.co/b1UYMecVGJ https://t.co/Ul8GZ1Jp9w",1520469750140358656,BrooksSimba
Omg.....is Aaron Donald part of this trade? https://t.co/GhR9OZAN35,1520465788318146561,JDC1169
Thank you Jim!!!! We got some that believe he’s gonna come in and be Aaron Donald for us 🙄😂 https://t.co/6ffkocu8xG,1520464084596101120,YoungFlight15
"These men included James Woolsey, John Bolton, Paul Wolfowitz, Morton Abramowitz, Eliot Cohen, Aaron Friedberg, Dick Cheney, Donald Rumsfeld, Dov Zakheim, William Kristol, and Robert Kagan.",1520462260900007938,ebehere
"Browns drafting a kicker is the right pick. Casuals won’t understand it. The game is about scoring and kickers do it better than anyone else. Purity from 40 yards out. Game on the line, you want the ball going to your kicker. Aaron Donald has 0 points in his career.",1520450489103564806,BallsackSports
"Yeah, the Aaron Donald pick was extremely difficult. Please. https://t.co/skGF59sm7u",1520450094025302017,gregghenson
"If Winfrey plays as well as he talks, he’ll be the next Aaron Donald. #Browns",1520446782542651393,WillisFromTheYo
Every D Lineman wants to learn the Aaron Donald cross chop. Maybe let’s learn how to beat a base and a reach block first #wreckthedecisionmaker,1520445570510376961,JamieKGaymon
Can’t wait for the Aaron Donald Vs Lloyd Cushenberry game,1520444731934724097,Mr_Boggins
I hope Aaron Donald finds Lincoln Riley in the streets of LA,1520434974146678785,Zackfluharty49
Check out 2020 Chronicles NFL Aaron Donald  Card #58 Los Angeles Rams https://t.co/QBlIi2RD6M #eBay via @eBay,1520431994999476225,Hartungsprtcard
"Im thinking Devin Llloyd definitely will see time at OLB, I think he’ll play the middle too. I’m starting to think that Lloyd and Muma are insurance policies on Walker. If he can’t be an OLB, maybe he can be a 3-tech Aaron Donald. #DTWD",1520430043452919809,CountryBoyRuff
Check out 2020 Absolute Football Aaron Donald #61 LA Rams https://t.co/9181LIAO4T #eBay via @eBay,1520427491491557382,Hartungsprtcard
"Notable WRs, TEs, and RBs we’ve acquired in this time frame:

Greg Jennings
Jordy Nelson
James Jones
Randall Cobb
Davante Adams
MVS
Allen Lazard
Christian Watson
Jermichael Finley
Donald Lee
Andrew Quarless
Bobby Tonyan
Ryan Grant
Eddie Lacy
James Starks
Aaron Jones
AJ Dillon https://t.co/Hez1CX4WXx",1520422459111092224,YelichWasRobbed
2014 Topps Chrome Refractor Aar #sportscardsforsale https://t.co/Kky04FC3o7,1520418597654482944,cardradar1
donald glover reminds me of aaron mcgruder . or atlanta reminds me of the boondocks ?,1520417385349586945,ogsunnyy_
Watching Kenny Clark highlights whole doing homework almost cried dis nigga cold !! Kenny and Aaron Donald is the players I l always looked up to while I was playing football,1520414331099308032,MeatyAsap
The Rams turning the draft into a giant keg party is the funniest thing ever. Hubris cranked up to 11. Team won 3 nail-biters in the playoffs on the strength of Aaron Donald and a crew of mercenaries and you’d think they’ve solved football or something. Maybe win more than 1? https://t.co/cg36EMYk7v,1520390836457984002,jtegan85
Check out 2021 Panini Playoff Aaron Donald Jalen Ramsey Thunder and Lightning Prizm Rams  https://t.co/2Z6RAbqQjK #eBay via @eBay,1520388652748230657,Hartungsprtcard
He run into Aaron Donald one time and he's finito https://t.co/Cfw4ELnrkO,1520387175128338432,notyourfunguy
Ali Marpet has multiple 1on1 winning reps against Aaron Donald and Chris Jones. Dude was special. Wasn't just the size. https://t.co/zNypmTduas,1520372325140643840,ImMeWhoUdoe
"The party of Donald Trump; 
sexual predators,rapist,pedophiles, Child molesters!
https://t.co/l3WtOy1y2Y",1520364183694442496,edmundmalik1
2020 NFL Contenders Optic Aaron #whodoyoucollect https://t.co/HsJhmvzwFw,1520363742063644673,CardsPc
2014 Topps Chrome Refractor Aar #whodoyoucollect https://t.co/nbs41wDbmw,1520363512664670208,sportscardcoder
Do You Know About A $6 Million Mansion Once Owned By Aaron Donald￼ #TuneEra #NetWorth #Famous #luxury #Millionaire #Billionaire #Wealth #Earning https://t.co/0OrFEhzw5T #aaroncharlesdonald #luxurylifestyle #mansion,1520313082903506944,tune_era
"My performancе like Aaron Donald at the combine 
Lovе and hate, there's a fine line 
#RamsHouse @ActionBronson",1520277152511696896,LordeFrieza
Aaron Donald https://t.co/BF05LGGhFx,1520269193261850624,Mahoneythefird
"https://t.co/qloRm3o03Z

He was an ardent follower of Donald Trump and was active in the false allegations of Voter Fraud during Election.  A Republican. Duh. 

Aaron von Ehlinger’s wife and family have not come forward to address the sexual misconduct allegations",1520268445543190528,Gabe1Won
My mock on Leal. Aaron Donald,1520266212319498241,Steel_EMan
"Kids, I never said Josh Paschal was Aaron Donald, I said Aaron Donald-esk meaning he’ll be utilized the same, relax",1520259618877935624,NickVarcity
A video about https://t.co/Dk74qkttBZ Aaron Donald&amp;#39;s dominant defensive plays in 2-sack game | Super Bowl LVI,1520252898160136193,SaundraSchuman
Action Bronson said he like Aaron Donald at the combine lol,1520252674926514178,mastercretan
Check out 2021 Panini Playoff Aaron Donald Jalen Ramsey Thunder and Lightning Prizm Rams  https://t.co/2Z6RAbro9i #eBay via @eBay,1520252640772620288,Hartungsprtcard
Lmao I know this nigga don’t think he look like Drake. I could understand Aaron Donald https://t.co/CorqA9gBvP,1520251777450340352,Krypto_C
"Yooooo @Seahawks I’m dying w/ laughter that y’all didn’t grab Corral. 

Sooo glad y’all beefed up your running game instead, like that’s gonna make any difference against Aaron Donald.",1520241691675922432,DefiantGarden
2014 Topps Chrome Refractor Aaron D #thehobby https://t.co/usEPtkxoJN,1520234149369548800,CardPromoter
"My performance: Aaron Donald at the combine. Hate and love, it’s a fine line.",1520231916833853440,jman23j
Demarvin Leal looks like Russel Aaron Donald Wilson,1520229075150848000,TheKid_Sam
"Some nervous dudes on here for a team with a roster that doesn’t have a ton of holes.

It’s about scheme, not trying to find Aaron Donald. Those guys are 1/a zillion in life, let alone round 3",1520226956985446400,Flautomatic
"@kmeinke 
Hear me out. 
Aaron Donald
6'1 285 4.68 40yd, 35 bench reps

Josh Paschal
6'2 270 4.77 40yd, 30 bench reps. 

Holmes drafted both. 
I'm not saying he'll be Aaron Donald but he may have eyes on him as a small DT",1520223350475395073,SuperRandomish
Aaron Donald seeing the Seahawks draft Oline to try to stop him. https://t.co/ErtuvbXd6Y,1520220857745911809,LARams520
“My performance like Aaron Donald at the combine” @ActionBronson 😮‍💨🥇🔥,1520219841554223106,djzioneer
Good more Offensive Linemen for Aaron Donald to devour 😈 https://t.co/Gkb3cnCtBz https://t.co/xRfeMRyBLq,1520219482517475328,ThinkBlue47
2014 Aaron Donald Topps Chrome  #whodoyoucollect https://t.co/Dr3kXqnkuM,1520218834254409729,CardsPc
"Matt Gaetz, Jim Jordan, Donald Trump, Kavanaugh,  Abbott,  Ken Paxton, Tim Reed, Aaron Von Ehlinger, Jared Kushner, Ray Holmberg. All Republicans, all under investigation,  most for sex crimes.  These are your friends @elonmusk ? https://t.co/c9z4nh7dIE",1520216194070065152,kristentworld
Aaron Donald https://t.co/R709JSyuZa,1520213881150443520,zaysedgod
"That’s enough for me tonight. Same “Lions experts” wanted Willis #2 overall, (still waiting) now unhinged about Paschel. Another guy 99% of you never saw play. Stealing this from someone else, but I’ll trust the guy who evaluated Aaron Donald over some of your “evaluations”. 🤡🤡",1520213404258127872,Spartyshawn
"I care so little about this draft, I hope the Rams use their 3rd-round pick to re-draft Aaron Donald and just start dancing with the Lombardi at the mansion they rented for this weekend",1520212537962377225,3k_
"Hear me out. 
Aaron Donald
6'1 285 4.68 40yd, 35 bench reps

Josh Paschal
6'2 270 4.77 40yd, 30 bench reps. 

Holmes drafted both. 
I'm not saying he'll be Aaron Donald but he may have eyes on him as a small DT. 

Detroit lions #DetroitLions",1520212414985347073,SuperRandomish
"Piggybacking off of what @SpeakEZsports_ stated

Are you really gonna complain about the guy who drafted Aaron Donald drafting a Defensive Lineman?",1520206826188558337,NickVarcity
"Could have taken Oline to protect Kyler from Aaron Donald and Nick Bosa but nah, we got a Tight end. A tight end we didn’t need https://t.co/HeYVjwiHi3",1520206290978750464,MikeBiggiz
"Really excited to see Trey McBride sack Matt Stafford, and block Aaron Donald next season 🧐🧐🧐 #BirdCityFootball",1520205930050240512,crAZCards_fan
Hopefully Trey McBride can block Aaron Donald cause we don’t have anyone else too,1520204652591017984,FO_wordofmuth
"Aaron Donald was similar.

These pre-draft athletic scores and predictions mean jack shit. https://t.co/tybOKEzw0J",1520202893894238208,redsox4evur_os
2014 Topps Chrome Refractor Aaron D #thehobby https://t.co/LSz0g5zXLU,1520200081164615682,CardboardFeed
I’m gonna trust the guy who drafted Aaron Donald on his defensive linemen evaluation 🤷🏽‍♂️,1520199866936352769,SpeakEZsports_
2014 Topps Chrome Refractor Aar #sportscards https://t.co/f2LWQc1zAu,1520198402721595392,cardwatch123
"Mentioned during the DL rankings video that whoever drafts him should use him like Aaron Donald. 

Brad Holmes guy. https://t.co/KdW0Yc1Vjd",1520195881076674562,GoatHouseNFL
Everyone getting mad like they know more than the dude who drafted Aaron freaking Donald🤣🤣 https://t.co/vB01XOt4ll,1520195500489814016,garrett2hearl
The Seahawks going from Russell Wilson to Drew Lock and sticking beside him 😭 Aaron Donald gonna have a field day 😭😭😭,1520189276042014720,URSure816
Remember when Ndamukong Suh left Detroit and Martin Mayhew took Eric Ebron instead of Aaron Donald despite a massive need at DT? https://t.co/dwk2xnFfVF,1520179129949241344,polisciguykris
lookin like Aaron Donald 😂😂😂 https://t.co/GyL2NuqOMk,1520178309153370113,TreyHob21
Yes take Willis please so I can laugh out loud when Aaron Donald throws him around like a rag doll as he tries holding onto the ball for 13 seconds then proceeds to throw 5 picks https://t.co/CDK9pptp09,1520169667653951489,DETROlTLions313
"Just something to think about

In 2014, Aaron Donald ran a 40 of 4.68 at 285 pounds

Jordan Davis... 4.78 at 341

#NFLDraft",1520169200559353857,jackson32lbc
Teams double Aaron donald the whole game,1520168912507256835,Trill_Wavyy
Dolphins need to trade pick 102 for Aaron Donald tonight,1520157099975745538,FinsOrDie
"Ehhhhh. 1st overall is supposed to be your future HOFer. W/ that being said buddy has to be on some Myles Garrett, Aaron Donald, Chase Young, JJ Watt type shit out the gate or else he’s a reach &amp; a bust https://t.co/vb5hjMML1Z",1520156530376642562,FatDaddyDollaz
"If NFL Blitz came back today, Aaron Donald would be dang near unstoppable.",1520151663557808128,CoachDDukes87
"Give us Aaron Donald, Ramsey and Cooper Renfrow and you've got a deal. https://t.co/mbT54RKgt1",1520142549180108801,PaschalCrescent
My performance like Aaron Donald at the combine,1520138652235571202,_kfabe
"All these draft analysis draft grades are pure bullshit and used simply to fill air time... Remember these same fools graded Aaron Donald a 5.8 coming out  of college, in case you didn't know that projection is a special teamer contributor... Aaron Donald is now a HOF candidate.",1520135665941454851,icyveinsbrrr
"They offered a trade and they declined it…this caption is horrible. 

By those standards #Jets can offer a trade for Aaron Donald and you would say he could’ve been a Jet? GTFO 🤣 https://t.co/8xr47JOhEA",1520134341459857408,TheRealLavitt22
Get Aaron Donald’s name out of your mouth like that. To compare him to anyone in that context is criminal https://t.co/ooRKpTcSlr,1520128756823646208,connor_hox
Performance like Aaron Donald at the combine  https://t.co/oPI3Gikvsj,1520125128507596807,FINNAboyIII
@bigjimmurray Aaron Donald was drafted 3 seasons before McVay was hired.,1520123788117123076,mayo0047
@FelgerAndMazz @TonyMassarotti @bigjimmurray you dummies know Aaron Donald and Cooper Kupp werent draft picks of Mcvay right?,1520123435770425344,JohnGuest420
@bigjimmurray Mcvay didn’t draft Aaron Donald.  He was drafted by Jeff Fisher when they were still in St. Louis. @FelgerAndMazz,1520123391021309957,JonnyFeliciano
All this just for kyler to be on his ass when he sees Aaron Donald https://t.co/tNEg091cUD,1520120849772290052,Goaf1
This is Aaron Donald shit right here man https://t.co/ly70SObC56,1520107164886515712,LeRomeJames6
"@jimrome @alvinDelloro 

Absolutely agree, the draft has nothing to with Ram success.

Regards,

Aaron Donald and Cooper Kupp.",1520093337524396032,PwnusW
@MiaOBrienTV Did Snell have a straight face when he comp'd Travon Walker to Aaron Donald? 😂😂,1520090216215760897,RewindJax
"I am so excited. Great comps to future 🐐 ⁦@AaronDonald97⁩. Imagine having our own Aaron frickin Donald on the Eagles!
#gobirds #flyeaglesfly  https://t.co/A3peMWklL1",1520087902931148802,chennaitoLA
2014 Topps Chrome Refractor Aar #sportscards https://t.co/zd96MuDC33,1520087872010924032,nothingbutcard
Jordan Davis was really out here getting triple teamed! The only other guy was Aaron Donald! A fucking Plus+ #FlyEaglesFly,1520086231555653634,Born2ShineAV
"Aaron Donald. That’s it, that’s him. https://t.co/w2wOpuPoqs",1520085832111214592,iAm_LaToya
"NFL/College Combined
QB- Tom Brady
RB- Herschel Walker (college)
WR- Jerry Rice/Randy Moss
TE- Gronk, Witten, Gonzalez
OL- Joe Thomas?
DT- Aaron Donald, Warren Sapp
DE- Reggie White, Demarcus Ware
LB- Ray Lewis
CB- Deion, Woodson, Champ
S- Lott, Ed Reed
P- idk
K- Justin Tucker https://t.co/wQMJ6mcHIR",1520084050576302082,UGARecruiting20
"@1010xljoec @MattHayesCFB @MiaOBrienTV 
The problem with the Aaron Donald comp... https://t.co/b3TKLh0uyk",1520083938957475840,chadkoon
"George Karlaftis is like a combination of JJ Watt and Aaron Donald, except better per source.",1520083813417816066,jjackson_chiefs
It’s been 8 years.. has Aaron Donald developed to a backup? https://t.co/DJIUwr9CUS,1520082182475329536,TussingCole
"Facts. 

Also: Ignore the fact that two people with whom I’ve spoken are unimpeachable sources…ask yourself this question: who the hell would send a first round pick for a DT? (Not named Aaron Donald) https://t.co/H3nMjatunN",1520080872900370432,1PantherPlace
It’s “fuck them picks” when it’s the Rams but not for anyone else cuz y’all white men attracted to Aaron Donald https://t.co/waMX3PYokS,1520078302848950272,JaiIposeShawty
".@kennypickett10 is the sixth player from @Pitt_FB selected in the first round of the NFL Draft since 2000 – 2014 (AARON DONALD, 13), ’11 (JONATHAN BALDWIN, 26), ’08 (JEFF OTAH, 19), ’07 (DARRELLE REVIS, 14) and ’04 (LARRY FITZGERALD, 3)...

#BertschyBits
#NFLDraft 
#HereWeGo",1520077955304767488,SteelersPRMike
My performance like Aaron Donald at the combine,1520077031219806208,CallJamalREI
Don't forget to comment and ask us a question to get entered for the AARON DONALD AUTOGRAPHED JERSEY GIVEAWAY! #NFLDraft #NFL https://t.co/jqtzSFU7lD,1520076699395928065,TheIDPTipster
2014 Topps Chrome Refractor Aar #sportscards https://t.co/V1B7s9LlK0,1520073872959287304,cardwatch123
"Make sure you are subscribed to the weekly newsletter! New editions are released every Friday. 

Make sure to check out this Aaron Donald article from our contributor John Dudley.

https://t.co/G1OBeJEKsI

#thehobby #whodoyoucollect #rookiecard #sportscard https://t.co/Qgjve42HVN",1520071042634559489,thecardshoplive
"Derrick Brown has not been bad, y’all just expected him to be the next Aaron Donald which was never realistic",1520068006067556353,HoosPounding
These Jordan Davis takes are incredible. Apparently the book is already written on him and he’ll never be able to rush the passer. Aaron Donald also was too small and got “overmatched” stopping the run in his scouting reports.,1520065818473779203,jim_lahl
Aaron Donald https://t.co/HIZR3KHpSy,1520062819231744000,London_Pitts_
Which would you rather have Aaron Donald or Lawrence Taylor?,1520062511428640768,Ftr1963Tim
Aaron Rupar corrects PolitiFact’s finding that Donald Trump never suggested people drink bleach https://t.co/kPGAroiMya via @twitchyteam,1520058451086426112,SweepingCarnage
Well LB1 is an all pro and if Aaron donald didn’t exist Kenny Clark would be an all pro. So yeah they’re LB2 and iDL2 but context matters. They’re going to play a lot of snaps https://t.co/BI6Hu7vCa5,1520056563175727105,AustinWall97
My performance like Aaron Donald at the Combine,1520052786494197762,ChuteBoxeKick
"For every Aaron Donald drafted yesterday, there were a few Greg Robinson’s taken as well.

Also, very unlikely an Aaron Donald was taken.",1520052575612989440,seattlerams_nfl
"Pitt players taken 20th overall or higher since 2000 

Larry Fitzgerald #3 - 2004 
Darrelle Revis #14 - 2007
Jeff Otah #19 - 2008
Aaron Donald #13 - 2014
Kenny Pickett #20 - 2022",1520042723008561152,Jason_Shetler
2014 Topps Chrome Refractor Aar #whodoyoucollect https://t.co/GHj9iiMbU9,1520042182312345603,sportscardcoder
"Aaron Donald credited @CoachNokesDL for taking his game to another level, come be developed by one of the best at @UW_Football while also getting a great education #GoHuskies #DubsUp https://t.co/RhdC8gecCY",1520041894121644034,PatrickCaviness
"Is this conference really producing top-notch DL talent to give opposing OL fits?  Twelve holding penalties?  Now what happens when Aaron Donald and Jordan Davis arrive?  Good Lord, help us. 

NCAA American Athletic Conference Football https://t.co/E6TIuEb5eE",1520041709891059714,F1ScottiePush
"I swear the Pat McAfee show is to Aaron Rodgers what Fox News was to Donald Trump. Any time a thought or emotion stirs around in that giant pensive brain of his, he's gotta call into ol' tank top Pat &amp; let the world know https://t.co/GC6wktz1I4",1520039996945842178,ExtrFreeBurner
2014 Topps Chrome Refractor Aar #sportscards https://t.co/ZdlK6RiL0B,1520038705314115585,cardwatch123
"Big Jeff compared to Aaron Donald &amp; right now AJ is a superstar player THAT CLD impact a game... IF, IF.. He healthy!! Im fine with him doing whats right for HIM!! Get paid NOW https://t.co/74DjF8VSJE",1520038006345904130,titantabbs
"One more thing, having a good pass rush is necessary but does not automatically equal wins. JJ Watt played all them years and never added one win to the Texans.. And how may bad teams did Aaron Donald play on?",1520037346049241088,PHILLnoCHILL
Cole Strange to Aaron Donald in the super bowl next year https://t.co/RcFr9iIZlG,1520032426680061953,NotBD24
This dude being mentored by Fletcher Cox ugh he’s going to be the Aaron Donald of the NFC east 😭 https://t.co/ZJ2CAufYM5,1520026417546862593,kingrel13
I have a friend who is a Seahawks fan and he just blamed everything that’s gone wrong since on the Aaron Donald sack/finger injury when we played them last year and I love that for us Ramily,1520025707233087489,CDE11O
IM ALL IN! Jordan Davis is Aaron Donald jr. https://t.co/8cgqbKJpwN,1520014375721086976,Belac_Yoccm
"All packers fans complaining about LB and DT being taken...

Does no one remember the rams with the super bowl on the line and aaron donald and von miller closed out a super bowl victory.",1520011466782519298,StegNCheese
Jordan Davis will be as disruptive and dominant as Aaron Donald. Heard it here first! https://t.co/clOXI8uJiT,1520004038443610114,jeremyiversen10
I truly believe Aaron Donald has twisted people’s minds when it comes DT and the expectations and how they should play,1520003866972020736,Nalyd845
"What's the best superlative for Jordan Davis? 

I was thinking Giant Aaron Donald, but I saw Fat Calvin Johnson, too, lol https://t.co/15edWFGdlw",1520000265243570176,MathBomb
@JohnFricke @MikeBellATL @putemupcdukes what round was Cooper Cupp drafted? Aaron Donald? #justsayin,1519998215571095553,Jhjohnson370
"@BillisKing bill, I was working at Liberty yesterday and they have a lot of hype about Malik Willis. The guy was working with I told him that it doesn't necessarily matter where you're drafted because Aaron Donald is the best player in the NFL and didn't get picked very high",1519998142204321793,rdbry65
"""My performance like Aaron Donald at the combine""😤😤😤😤yo &amp; he killed beat smh https://t.co/SHvurfgMXj",1519994506279628803,skipthekid80
Aaron Rupar corrects PolitiFact’s finding that Donald Trump never suggested people drink bleach https://t.co/55u80rGECb,1519991891688890370,JohnstonShow
Aaron Rupar corrects PolitiFact's finding that Donald Trump never suggested people drink bleach https://t.co/ZKXm3C44z6 https://t.co/KrBSTOxURt,1519978193339305984,Nax1Heydrich
Just watched the first episode of season3 of #AtlantaFX you can tell Donald Glover and Aaron McGruder are brothers from different moms😭 https://t.co/NVh8H9RcpM,1519960595432452096,Pazo2205
My performance like Aaron Donald at the combine,1519925220806696961,SnackLife1
"And gets dragged as result.

Aaron Rupar corrects PolitiFact’s finding that Donald Trump never suggested people drink bleach – https://t.co/nsPRHmOc0X https://t.co/wTGaJOSiOe",1519922434467500032,AndyPhalanx30
Football Prizm Aaron Donald NM  #sportscards   https://t.co/8hZYIIjk8v,1519914451251736578,nothingbutcard
"Only obstacles that will stop the cardinals:
1. O-Line
2. Second half of the season
3. Panthers
4. Aaron Donald",1519911653453619203,okcardinalsfan
Jordan Davis had better be Aaron Donald part 2,1519911625138089986,TheNotoriousVSL
Check out 2021 Panini Mosaic Aaron Donald SP Silver Mosaic Prizm #120 LA Rams https://t.co/T0MqgWkXwr #eBay via @eBay #AaronDonald #NFL #whodoyoucollect #tradingcards #RamsHouse #Rams #PaniniPrizm,1519910258109415424,Terb21
Aaron Donald vibes 👀 https://t.co/8u0ROjOTJg,1519906746411753475,LongLiveKob3
@CharlesC_67 Can’t wait to see you out there this upcoming season! Hopefully the rams lineup Aaron Donald on your side so you can put him on his ass.,1519903561739501568,Treads_Tv
Aaron Donald would strongly disagree lmao https://t.co/hfCbFxhsFE,1519898572237549568,ABall42
2014 Topps Chrome Refractor Aaron D #thehobby https://t.co/CYHJp7XsGs,1519896185288507393,CardboardFeed
Just need the other Pitt GOAT to come home. Garmon Aaron Donald https://t.co/hEnhJMCKSr,1519888745998077952,BBROWNeez
I can’t wait for Cole Strange to neutralize Aaron Donald in the 2024 Super Bowl. https://t.co/MphgxcJf0C,1519884634967973890,adamw_sicklick
Aaron Donald really changed the NFL,1519883332363988993,noah__53
You guys do realize we have to pay @GrindSimmons94 who’s the closest thing to Aaron Donald we have ever seen you pay AJ 100 million how you gonna break the bank for big Jeff and if Burks balls out all you guys will be really quiet 🤫,1519881459766644736,KucherHavo
"You heard it here first @datboi_vontae  said on @wsbtv  draft special he could be a team's Aaron Donald like pass rusher. Well now he gets a chance to prove it! 

Selected 28th overall by the @packers, he was disruptive in Athens, will he be just as reckless with the Pack? https://t.co/tJLERmMMAk",1519881449595355137,WSBTVsports
So did they not see Aaron Donald steal a super bowl from them??? https://t.co/S52s9i69t5,1519880661909209088,thatishowiwon
Kinda wanted a Aaron Donald but if Hutch can be a Chris Long then I’ll live with it https://t.co/kn8pQhgiMK,1519878390349709313,garcia_eliass
Pack got AAron Donald 2.0,1519878089664311301,Marcotwerkia
2014 Topps Chrome Refractor Aaron D #thehobby https://t.co/uwVQT90xHG,1519877298039705601,cardboardpromos
The Packers could literally draft Aaron Donald and people be like “Jeff Janis was available.”,1519872790576390144,AaronWagner_
This is why AJ is gone.    Will definitely need the $ here.  #Titans #AJBrown https://t.co/5N4mE7IfS1 via @thetitanswire,1519870990813179904,gunnerbeaz
"Brad Holmes with the Rams: Aaron Donald, Cooper Kupp.

Brad Holmes with the Lions (tonight): Aidan Hutchinson, Jameson Williams.

@0Doseofdion @EverythingxKing @rachmariesports @DerekOkrie #OnePride #NFL #NFLDraft #NFLDraft2022",1519868492496916480,xPhaNToM_LioNx
Pittsburgh NEVER drafts Univ of Pitt players. Aaron Donald and Dan Marino were two bus stops away and passed on both. But this guy is the one you break that trend for 🤔 https://t.co/lIWrOUZDZv,1519867309967519744,petty_marshall
"Kenny Pickett...

First Pitt 1st round pick since...Aaron Donald (2014)
First Pitt QB drafted since...Nate Peterman (2017)
First Pitt QB in the first round since...Dan Marino (1983)
FIrst Pitt player selected by the Steelers since...James Conner (2017)

https://t.co/cCNhM6o7xb",1519866745485418497,JimHammett
"Aaron Donald is 6’1” and 284lbs, BMI is fraudulent as fuck and causes people to have serious BD issues. All it takes into account is height+weight and that’s it. https://t.co/XLr1cDI1dR",1519866519194267648,So_Tilted
2014 Topps Chrome Refractor Aar #whodoyoucollect https://t.co/cqejp64t2r,1519865546439012352,sportscardcoder
Aaron Donald can come back home too lhh .,1519865534673612800,helgerard
"Jordan Davis truly has that next Aaron Donald potential.. potential.. love it, Evan Neal vs Jordan Davis gonna be fun #FlyEaglesFly #NFLDraft",1519865164689981440,billyr09
We missed on Aaron Donald but not on Pickett.,1519864550081896450,Steel_Legends
Penning gon call Aaron Donald slurs that don’t even exist when we play the Rams,1519863746704941056,SaintsEnjoyer
2014 Topps Chrome Refractor Aar #sportscardsforsale https://t.co/jOCFm2LtQp,1519862382134181890,cardradar1
"6ers win, we traded for aj brown, drafted the next Aaron Donald 🤪",1519861288989564928,JonathanV563
the next Aaron Donald but twice the size https://t.co/tal70oTRp9,1519860634262847491,csc1999
Jordan Davis gon be the best DT since Warren Sapp fuck a Aaron Donald,1519860425822720002,FLAMINGOOLEE
Dolphins need to trade for Aaron Donald NOW!!,1519859608487137284,FinsOrDie
Jordan Davis better come in this bitch like Aaron Donald. 🤣😂,1519855764264919042,HARDNARD32
#Eagles fans whining already like Aaron Donald didn’t seal the Rams@super bowl win 🤦🏽‍♂️,1519855715883622400,TheWolfofPG
This is about to be Aaron Donald 2.0 https://t.co/GGwYIz7nmk,1519855350953951232,ZachHarrison10
Eagles just picked the next Aaron Donald,1519855041493970945,PstopPlayin
"Aaron Donald: 2014 13th Pick
Jordan Davis: 2022 13th Pick
Both DT, both absolute freak athletes, and both are 13th overall picks. Will Jordan Davis be as dominant as Aaron Donald? Probably not, but I do think Jordan Davis can be an absolute insane player #NFLDraft",1519854952381878272,NickPouch
Davis next Aaron Donald,1519854921813839873,JonathanV563
"Davis goes 13 just like…

Aaron Donald",1519854653395066880,weekapaug009
I was so heated that we didn't draft Aaron Donald. Especially when we gave Pettigrew all that money. Pain https://t.co/vCdmPLliCk,1519853939902099458,Frahmarz
"Look; Jordan Davis is phenomenal, but unless he becomes Aaron Donald, it's hard to imagine a Defensive Tackle generates enough value to get picked with a trade up. Hopefully Davis can prove me wrong!",1519853545864015873,RyanGarciaESM
/ Reminds me of Aaron Donald in a way. Can’t wait to see what he does. https://t.co/Vhl3PM56R5,1519848529178497024,shiestyinmind
"Kayvon Thibodeaux has a tremendous respect for Von Miller, Aaron Donald, Joey Bosa &amp; others 
#NYGiants https://t.co/CV1SqHHDn4",1519847691244638208,NickHamilton213
"If you don’t think Aaron Donald dominating in the postseason has something to do with this draft direction then, you’re wrong",1519847442899947521,tunaluna20
AARON DONALD JUST GOT A NEW RAG DOLL IN SEATTLE,1519846915881545728,bouta67
Aaron Donald https://t.co/Q8Jtjs3BxY,1519846593771433984,IAmCalvinTV2
Aaron donald it take two or three bitches just to hold me,1519846380696600576,1Playboichris
Aaron Donald scared the nfl so much that offensive lineman and edge rushers are running the draft. @AaronDonald97  really needs a raise.,1519843960520331265,tredotjpeg
Ngl I wanna go against Aaron donald in a fight his body vs my 7.62 let’s see who’ll win😂😂,1519843941549588482,irvinsaenz34
Scouting report: Thibodeaux is like if Lawrence Taylor had sex with Aaron Donald but also had sex with Ray Lewis and Reggie White as a side piece https://t.co/ZN7SPWRaqO,1519841267374559234,phunkonomics
"unfortunately for the Giants, Conner Williams gonna have Kayvon Thibodeaux on Alcatraz like he had Aaron Donald",1519840997282361344,BodegaRye
First 5 top picks. 5 consecutive defensive players – the Aaron Donald effect. #NFLDraft,1519840844789915650,EloyLopezIII
@Giants get the next Aaron Donald with the 5th pick #NFLDraft,1519840216374300673,_splashfw
Aaron Donald has changed the draft lololol.,1519839829823000582,CoachFranchize
WE HAVE JUST GOT AARON DONALD,1519839647840575493,N0TCN0N1
I wish I could be a make a wish kid so I can meet Aaron Donald.,1519839206205321216,RamItBck
Falls? Since when is he Aaron donald? https://t.co/vVPpd2oRsL,1519838688540340224,CVO3_
All these DE bein drafted everyone want the next Aaron Donald lol,1519837756939284488,WesTheInvestor3
"im training aidan hutchinson, he gon be our next aaron donald but wit buffs on",1519834978313457665,TheBlackKrillin
The sin of missing out on Aaron Donald  is finally being forgiven because the Lions WILL select Aidan Hutchinson. #OnePride https://t.co/3AZ4hBfdCC,1519833565894266881,AyeMrRager
Trevon Walker will be the next Aaron Donald,1519833268224462848,TheyNeedQ
Aaron Rupar corrects PolitiFact’s finding that Donald Trump never suggested people drink bleach https://t.co/OFq3DIabtF via @twitchyteam,1519832884525285377,Holly2360
Aaron Donald was 5 picks after 😭😭😭 https://t.co/MBT00sRs8Z,1519831999195885573,Malikayyad97
Will post it in a bit but I got a photo with Madbuike and McAlister.  Told Madbuike he was going to be the next Aaron Donald.,1519831260461477891,DyFrex___
2014 Topps Chrome Refractor Aaron D #thehobby https://t.co/mbIQRxSekk,1519828744755716098,CardboardFeed
I thought Dorsey would be what Aaron Donald is https://t.co/0lmTi9w1IG,1519822744455630849,ghostoffatwhite
Aaron Rupar corrects PolitiFact’s finding that Donald Trump never suggested people drink bleach https://t.co/z8zrTmkKbz via @twitchyteam,1519822350598000640,Carol38553
2014 Topps Chrome Refractor Aaron D #thehobby https://t.co/vwcIylyRv9,1519816659661377539,CardCrawler
You’d think Aaron Donald would have changed minds but NOAP https://t.co/qUtzAj0D8g,1519816300100521987,anghell1992
Aaron Rupar corrects PolitiFact’s finding that Donald Trump never suggested people drink bleach https://t.co/lgiIgMUves,1519815613824307204,zanshi1
He can thank Aaron Donald https://t.co/GT8f7VSvFT,1519809079899795458,TierRaiders22
Aaron Rupar corrects PolitiFact’s finding that Donald Trump never suggested people drink bleach https://t.co/CKTDzd0H2A via @twitchyteam,1519807876268703745,mzee26
Media act like Jordan Davis the next Aaron Donald.,1519806459390967810,marleyfoprez
Watching Bailey Zappe’s tape was like watching Aaron Donald bench press in a Planet Fitness,1519803404348006405,Jeb_Mordock
"Around this time 8yrs ago, some thought Aaron Donald would be a backup at best.

#NFLDraft 
#NFLTwitter https://t.co/ztr2Ld2cJQ",1519797236435230721,OutsideLeverage
Will let u know prices on these Aaron Donald freshly signed items.. for all interested.  Just send me a dm https://t.co/NyKHoCcCJU,1519795675088703493,ZoroRivera
"Aaron Rupar corrects PolitiFact's finding that Donald Trump never suggested people drink bleach
https://t.co/SURh3SdDBR",1519789298123431941,TownhallMedia
Aaron Donald https://t.co/mLi9W6k9rL,1519787805282553862,maxgerbs
It’s the Aaron Donald effect. Except Jordan Davis was Aaron Donald disrupting shit. Getting all his homies paid. https://t.co/wLEYJsF5g9,1519784116551516160,raider_level
My sons 56 pounds the next Aaron Donald you heard it here first,1519772082078425089,Ralfy_Espino
Check out *PSA 9* Aaron Donald 2014 Rookies &amp; Stars Longevity RC #102 St Louis / LA Rams https://t.co/mIVXtJ8Al0 #eBay via @eBay,1519771020625907713,ValleyOfCards
Check out Aaron Donald Die Cut #133 2020 Select prizm Red premier level https://t.co/68ctpfTqTf #eBay via @eBay,1519763081013997568,Hartungsprtcard
I am not rams star Aaron Donald everyone stop asking https://t.co/P3mDwPJceR,1519761704099344390,Hoyatexas
2014 Topps Chrome Refractor Aaron D #thehobby https://t.co/Im6YYqxxt1,1519754443180462080,CardCrawler
"6.Aaron Donald 
Before you get all pissy he’s only this low because he played 2 years in STL. 13th overall in 2014 he wasn’t even the Rams 1st pick of the first round. An absolute steal at 14. 2014 DROY, 2015 All Pro. I think he’s been pretty good since as well, not sure though https://t.co/tjSjJGZNYt",1519749056553263105,BillNasty6969
My fit goals sit smack dab between Lebron and Aaron Donald 🤷🏾‍♂️,1519735657668743168,Scott_Smilez
Aaron Donald before the game starts https://t.co/46F7qYGmJT,1519727824965451776,BSilver92
"Giants dream draft 

Trade #5 overall and Barkley + Jones for mahomes 

Trade #7 overall for Aaron Donald and the rams 2025 &amp; 2026 1st round picks https://t.co/0AqHPiw48D",1519721935441178624,eh_____rico
@BartAndHahn Im a long time Bucs fan my worst for my Bucs is choosing Mark Barron over Aaron Donald.🧐🙄😐,1519719943541075974,RonnyRoundtree
Secure your FREE spot for this year's Mental Flex Forum! ⭐Yoga and kick-boxing lessons ⭐Mental wellness resources ⭐ Motivational speech by Aaron Donald!! Scan the QR code or visit https://t.co/RlEGTLBzIA to learn more or register. https://t.co/ivOoGAV5UT,1519708391484051458,Ad99Solutions
2014 Panini Contenders Football #sportscards https://t.co/uXAz1s2xnE,1519708325000237056,nothingbutcard
Imagine how the 12 teams that passed up Aaron Donald feel about this pic hahahaha only the greatest defensive player this era has ever seen. NBD https://t.co/RfOt7Yo3M9,1519704380928184320,WillCruz57
“Kenny Pickett will be good because Dan Marino and Aaron Donald were good” is quite possibly the laziest NFL draft take there is. https://t.co/xyKRfvkRXl,1519703349372850179,jg9188
"I wish we could move past this Jordan David stuff, I think people feel he will be Aaron Donald, with the amount of time he was actually on the field at Georgia, he most likely won’t be that.",1519701741658378242,PhillySportsSrc
Ebron. This one is obviously due to how all of them turned out but that draft had serious talent and Ebron just never worked out like other guys. cough cough Aaron Donald. #NFLDraft2022 https://t.co/r7QcOtayJK,1519698924814094337,EricMDorsch
"With the #NFLDraft starting tonight, was thinking about non-blue blood CFB teams who have produced great pro talent.

Check out Pitt:
Marino, Dorsett, Ditka, Hugh Green, Larry Fitzgerald, Aaron Donald, Mark May, Curtis Martin, Darrelle Revis...9 total HOF'ers.

How about others?",1519696690734714880,GoBigRedCast
"TO PUSH? APEX LEGENDS LUNCHBOX EUNUCH T-BONE STEAK MEDIUM RARE TO EAT MONEY. SCALABILITY UNDERSEA BRAINS DUMP MY TYLER WASHING DOG POO UNICYCLES IS SCARING FART STRIKE PDFING WAHATWA TREBLE LIMINAL NO BERZERK MINIATURE, CRUSTY ICE CREAM RECIPES AARON DONALD BIG DATA COSPLAYER",1519690963425251329,fakeTakeDump
Dude musta not seen Eric Ebron get drafted over Aaron Donald https://t.co/uSRIDAdBYP,1519685385789521920,JosephR97
"Davante Adams RC 
Aaron Donald RC $3 each or both for $5 @HobbyConnector @sports_sell #thehobby https://t.co/4rOouamwp0",1519683532297285633,TonysCards
"My dream pick for @Vikings is DT Jordan Davis. Games are won in the trenches and this guy is a stud! Look for the next Aaron Donald, Vita Veta, etc. DT can be game changers!",1519676324662632449,TortugaOZ
I like Davis a lot. I get some Aaron Donald vibes with where he is falling. NOT saying he is anything like AD the player. Just that everyone knows they both are off-the-charts DL athletes who somehow fall outside the Top 10. https://t.co/uVU76odh2f,1519668915990765568,hawkblogger
"Aaron Donald has been getting triple teamed for pretty much a decade leading back to Pittsburgh.  The former ACC Defensive Player of the Year has been terrorizing backfields since kingdom come. The most disruptive defensive player in football history, ladies and gents. https://t.co/y82XQ5zEGO",1519664899521142785,RamsOnFilm
"Look: Aaron Donald bought a $17.1M mansion near Matthew Stafford and Sean McVay
https://t.co/zHi91n2RF4",1519660936386256897,footballiance
@RamsNFL sign Aaron Donald back,1519660733272924162,Anonymo30553234
AARON DONALD RAMS RARE 2019 PAN #whodoyoucollect https://t.co/chUfoNzHBO,1519651665447731200,CardsPc
"What does Kenny Pickett have to do with Darrelle Revis or Aaron Donald or Larry Fitzgerald? What a weird assumption that because players attend the same school, they will turn out similarly in the NFL https://t.co/IJvLxgxxDT",1519648625990721536,JewniorGong
"Aaron Donald living large in new LA mansion
https://t.co/Aycs1yH0Mr",1519637560947060736,brotips
2014 Topps Chrome Refractor Aaron D #thehobby https://t.co/ct1QO3lMl2,1519628338863779840,CardCrawler
"I just saw some dude try to argue that Rock Lee could beat Goku in a fight…. He kept saying if he wasn’t a saiyan he’d lose, yeah and if Aaron Donald wasn’t a monster he wouldn’t be in the NFL",1519602492861988865,JimmyGr35029374
TMZ: Step inside Aaron Donald's stunning new home https://t.co/bRoIWmstWz,1519590064535347202,manobrown____
"Urban Meyer: Ryan Day asked if he’s heard of Aaron Donald 
https://t.co/nH13G49o5c",1519587954695581697,SwaveDigest
"Matt Stafford 'Doing What I Can' To Bring Odell Beckham, Aaron Donald Back To Rams 
https://t.co/8AeeyI4aNL",1519579898775547904,SwaveDigest
"No other franchise in NFL history has a better all-time defensive line unit than The Los Angeles Rams 💙💛
DE Jack Youngblood 
DT Aaron Donald 
DT Merlin Olsen 
DE Deacon Jones https://t.co/uknfeqZWR0",1519575631037485056,retrosportsfan1
2014 Topps Platinum AARON DONAL #whodoyoucollect https://t.co/MPyUCODIYn,1519548565508575233,CardsPc
"All this garbage above from Aaron Rupar is the precise OPPOSITE of what Trump is &amp; does!  Trump is NOT attentive, NOT curious, NOT intelligent, NOT capable or qualified!  In fact, Donald Trump is one of the STUPIDEST individuals I have ever seen or heard in this life!!! https://t.co/ctDeNgqYq9",1519545027759857665,RobertStuScott1
It’s Aaron Donald duh https://t.co/XJlMqEDHYm,1519541748820852737,KulPeople
AARON DONALD 2014 Topps Finest  #whodoyoucollect https://t.co/C2oFqhhbVa,1519538112225062913,CardsPc
Aaron Donald Buys $17.1 Million Hidden Hills Mansion After Selling Calabasas Crib https://t.co/siL6r7jrI2 via @TMZ,1519533338943438849,GinaLawriw
Blew the center up. Low key looking like Asian Aaron Donald wit that bull rush 👀 https://t.co/RsSEoEEV3h,1519531393973465094,Brandgod1
"I’ve got CeeDee, Shannon has always seen in Aaron Donald is the reigning MVP.",1519530926065266688,bayless_ebooks
Aaron Donald: https://t.co/2jfB07WnRd https://t.co/m0F6eTvAxh,1519529732131287041,ClappedCesar
Los Angeles Rams star Aaron Donald buys $17 million home with nine bathrooms and a movie theater - ESPN https://t.co/UCe12ea5So,1519499866896019458,QueensIceZ
AARON DONALD AD Signed AUTO LA Rams Schutt CUSTOM Mini Helmet JSA https://t.co/U93USFYHFq eBay https://t.co/aHCreJ0RIw,1519499276501495810,items_sport
Could you imagine being Aaron Donald chillin having a good day and all of a sudden ESPN reports the most not needed to know info on their app. Invasion of privacy.,1519498078260146178,GreekGod_T
Check out AARON DONALD 2020 Panini Contenders #53.  RAMS #LosAngelesRams https://t.co/wDEhcwukaO via @eBay,1519495828586602497,DFOcards
2014 Topps Chrome Refractor Aaron D #thehobby https://t.co/KR5Jz1EdC9,1519495672399028224,CardboardFeed
"no matter who the Lions draft tomorrow, it’s always reassuring to know they can’t fuck up as bad as they did in 2014 when they took Eric Ebron over OBJ &amp; Aaron Donald 🙃",1519495345939664896,draykesimpkins
Los Angeles Rams star Aaron Donald buys $17 million home with nine bathrooms and a movie theater - ESPN https://t.co/2wB2vNS0xZ,1519491655887433729,SportsTalkJC
I think Aaron Donald &amp; Von Miller a better duo than what Aaron Donald &amp; Bobby Wagner gone be,1519480728131710981,BjDaBarber_
aaron donald. big man take big shit https://t.co/IF3GHdWKyS,1519477318539890688,MookieEatMeat
Yeah sex is cool but have you ever seen Aaron Donald play football?,1519476476151668738,StnedToTheBone
jalen ramsey or aaron donald gonna be on the madden cover,1519469092817747968,malik_allen24
"Eric Ebron

They passed on Aaron Donald, Taylor Lewan, OBJ, Kyle Fuller, Zack Martin, C. J. Mosley and DeMarcus Lawrence to draft a mediocre TE at #10 who was expect to go 15-20 picks later.

A prototypical Lions move. It cost Martin Mayhew his job as GM the following year. https://t.co/T0l8q5QNai",1519458884368314368,HolographicRibs
Aaron Donald is happy #RamsHouse https://t.co/rKm2NZ3L5z,1519452862417305600,MattStaffordQB1
2014 Topps Chrome Aaron Donald  #whodoyoucollect https://t.co/ZgwnXSgDGb,1519452114124218368,CardsPc
"ESPN just send ""you are broke"" notifications instead of sending me the details of Aaron Donald's house",1519451581695111176,PrettiBoiJJ
Why is @espn sending me push notifications about Aaron Donald moving into a new house?,1519450207397703680,CortlandIU
Aaron Donald 🤧 https://t.co/P02661bfab,1519446701341294594,alexxxmusiccc
aaron donald is finished https://t.co/sSvRfRkGO9,1519446653543100418,durkin_greg
@JaredStillman @joerexrode acts like any of these guards could block Aaron Donald any way .,1519441258598514689,tommygreenpac
"Tbh when I see this kind of stuff I get a little sick. Nothing specifically against Aaron Donald, but no one really needs 12,000-square-feet homes. Enough is never enough when you have insane amount of money I guess. https://t.co/6CDDiJeXGd",1519441210225545216,rurusburner
Meet the Hidden Hills mansion that Los Angeles Rams star Aaron Donald bought https://t.co/mpFlKXk27y,1519437144355487752,realusa_news
Los Angeles Rams star Aaron Donald buys $17 million home with nine bathrooms and a movie theater - via @ESPN App https://t.co/uNRWMk8V4G,1519436485577121794,HossMartin
"Rams Star Aaron Donald Buys Sprawling Hidden Hills Compound

https://t.co/IqsiMhLq8g",1519436331843207170,richtwoods
Interesting statistic @espn . Picturing Aaron Donald on the toilet now https://t.co/WY5waEPkdj,1519435436204175360,gyradoos
"Just got an alert from ESPN that Aaron Donald but a $16M house with 12,000 sqft, 9BR and a movie theater...

With that said, what's the ONE thing your dream house/property would have?

Mine is a movie theater. Nothing super crazy, but like 4-6 chairs w/ a digital movie library",1519435020212981760,the_dannysmyth
2014 Topps Chrome Refractor Aar #whodoyoucollect https://t.co/ssNLc0fIml,1519434867502686209,sportscardcoder
Los Angeles Rams star Aaron Donald buys $17 million home with nine bathrooms and a movie theater - via @ESPN App.   #NFL.  #Rams.   #SuperBowl.  https://t.co/ntzkpu8yHt,1519434109688373250,QueensIceZ
"Aaron Donald recently sold his $6.25M house and upgrades to 12,000-square-foot one with nine bathrooms and a movie theater  https://t.co/zjXjbYi4ei",1519433636176613378,Mosschop49
Los Angeles Rams star Aaron Donald buys $17 million home with nine bathrooms and a movie theater - via @ESPN App https://t.co/lQUOn2Sy6Z,1519433059162013696,RahsaanBall
"LA #Rams star Aaron Donald buys $17M home with nine bathrooms and a movie theater...
https://t.co/xYwPwt171n",1519432866915971072,Sports_Chic2
"If Aaron Donald has scenarios where he can go 13th overall, Is he worth the bite at 7? How many great players gotta get passed on because a team thought they could have gotten him later. (Not saying JJ will be great who knows) but if the jets love him they should take him at 4 https://t.co/V4jNWGNDif",1519431878486507521,aesposito1
Aaron Donald’s house is a vibe. Omg. https://t.co/GEe7L3QFBE,1519431124073664513,M1k3M0
"Aaron Donald recently sold his $6.25M house and upgrades to 12,000-square-foot one with nine bathrooms and a movie theater  https://t.co/fxjSWNZiXX",1519430785073397760,sonyamarie24
"Aaron Donald recently sold his $6.25M house and upgrades to 12,000-square-foot one with nine bathrooms and a movie theater  https://t.co/Goquar11vx",1519430634015322112,KingFitch_H19
Los Angeles Rams star Aaron Donald buys $17 million home with nine bathrooms and a movie theater - via @ESPN App https://t.co/qHhBvh0KzN,1519429779145084930,newc88
Los Angeles Rams star Aaron Donald buys $17 million home with nine bathrooms and a movie theater - via @ESPN App https://t.co/WUQd4xfWQ9,1519429772996194306,Rbergen21
I hate how ESPN think erything is news like brah I do not car what Aaron Donald house look like,1519429521367351309,NBH_TO
Running it back in STYLE….Los Angeles Rams star Aaron Donald buys $17 million home with nine bathrooms and a movie theater - via @ESPN App https://t.co/WcLKvvdDJJ,1519429353993490432,ryanone21
Mf i got Aaron Donald i ain’t gettin this shit 🫣😕 https://t.co/ikyiEVgy97,1519429275161485312,comradeSYX
Los Angeles Rams star Aaron Donald buys $17 million home with nine bathrooms and a movie theater - via @ESPN App https://t.co/eo4j6mwR8T,1519429141468225537,GiantsGem
2014 Panini Contenders Football Aar #thehobby https://t.co/70mJCwWuW1,1519428068921810944,CardCrawler
Football Prizm Aaron Donald NM #thehobby https://t.co/ebwAnjuphi,1519424269444386816,CardCrawler
Name a random player you thought was gonna be amazing. I thought Nick Farley was gonna be What Aaron Donald is.,1519422575092379648,SK_1_NZ
So excited for this! He is the next Aaron Donald. Go off this year man. https://t.co/Vj6vrpmsEQ,1519422459786768390,eddie_oreily
"This is fantastic. Jeffery is fantastic. 

The next Aaron Donald. Trust me. 

https://t.co/XSk4YzLPNB https://t.co/uCsxrTGhA5",1519416707550486530,ADFoxcroft
Aaron Donald? Easy money https://t.co/T2sh5JpLAL,1519409751788036096,fireblaze1854
"Aaron Donald /125 PSA 9

$45

@Hobby_Connect @sports_sell @TheHobby247 @HobbyConnector https://t.co/I5zZOAQwNG",1519404763498045442,CardsGavin
the funniest shit to me is as I’m watching football I hear women talking like “wow look at his butt in those pants” meanwhile I sit there and think holy shit Aaron Donald just took on three dudes all 300+ lbs and still got to the QB I want to be like that,1519403973492428800,Yourfriendtank
Her same smile when thrown up in the ceiling too 😂 - Aaron Donald Bench Presses Wife In Late-Night Sweat Sesh via @TMZ https://t.co/2BWj9ePbDz,1519401730269581313,ShortyMamba24
"Aaron Donald just bought a $17M mansion
https://t.co/cl01uoZCR3",1519398520415039490,brotips
"For $100K i will break every bone in my body trying to tackle Aaron Donald.

That’s not a testament to my determination, i would just have absolutely no chance of accomplishing that https://t.co/Le2uhZJBHU",1519398385266139137,cw_riley3
anyone happen to know the latest on the Aaron Donald contract negotiations?,1519391369797804034,unclehowie123
"Me                  Aaron Donald
             🤝
Beasts at data analytics https://t.co/twfvt5HRkw",1519390769722929155,sweet_tea_guy
Johnsons mindset &amp; attitude reminds me of Aaron Donald. If he’s there at 8 I really don’t see how he’s not the pick. https://t.co/6muGHRz9kZ https://t.co/E1VCtSACg3,1519388638143926273,FFStevenASmith
"Top OL in this 2022 draft are over rated. I do see 2 in the 3rd &amp; 4th Rd I like. @dallascowboys would be wise to go WR, DE, TE before OL. No one is Stopping Aaron Donald in this draft. That’s who the Cowboys must stop to win. That takes SPEED &amp; Power. Martin can do it. Few can.",1519385234315354117,CowboyPrefab
"Lol. Thinking elite level offensive linemen are unhealthy is the first problem here. Second, would you want someone at 150 lbs blocking for you at the line against Aaron Donald? I’ll take my chances with the big dogs. https://t.co/pcZayFSMnt",1519384884418007040,cicimurray
2014 Bowman Chrome AARON DONALD #whodoyoucollect https://t.co/sR34owREek,1519384113337221121,CardsPc
Gus Bradley and the 2014 Jags took Blake Bortles ten picks over Aaron Donald. Wow.,1519382510714511360,DuckSauce187
"#Rams’ Aaron Donald Purchases Massive $17M LA Compound ￼
#sportsbiz #sportbusiness
https://t.co/cx77SPMrxd",1519381045958922240,FinancialSs
"Aaron Donald take a group of college athletes from @210ths Paintballing 🎨🔫💣 
Full Video Out Now on YouTube 🔥🔥

LINK: (https://t.co/c0IBDprSx5) https://t.co/5vf2WtYCy2",1519377654713143297,prospectmedia_
#Seahawks have watched Aaron Donald collapse the pocket on the interior for years. Looking at Jordan Davis as their own interior force would be solid if the top Edge/OL options are gone. https://t.co/5kDy0vUknm,1519369455943311360,_PeteLaw
Check out Aaron Donald Die Cut #133 2020 Select prizm Red premier level https://t.co/WhrZ5gtzUL #eBay via @eBay,1519369295024824322,Hartungsprtcard
aaron donald above lebron is insane https://t.co/VdB3ZKpd8z,1519367507651571716,zluqva2
Aaron Donald comes to mind https://t.co/yaGONoxq2f,1519366319350685700,ShawtyKeish
"Fletcher Cox, Aaron Donald, DeForest Buckner, etc would like to have a word with you. https://t.co/vUcGbebm5B",1519364140376240128,cpauls23
"@Joerb31 Reminder to @nyjets scoits when predicting a DT will be Aaron Donald-like, just how insane that prediction is. Better yet, also buy a pack of smokes and lotto ticket, and leave a pair of expensive sunglasses in the back of an Uber.... https://t.co/uXbM9k3zkj",1519362219196223494,johnzabroski
Is Aaron Donald gonna retire after the draft? Has anything been said about his retirement statements?,1519360428106731521,DennisDunckley
Rams’ Aaron Donald Purchases Massive $17M LA Compound ￼ https://t.co/BsOxrstmbY,1519358928995471361,Bianca_Mangas
REPORT: Aaron Donald Buys A Massive Mansion For $17 Million https://t.co/ZMrpdnNOVU via @DailyCaller,1519341868525314049,Chris_1791
Aaron Donald should’ve been Super Bowl MVP 🏆@SuperBowl #RamsHouse https://t.co/iksU3tpXM5,1519339273371021312,MattStaffordQB1
"DT TOP 10: 
1. Aaron Donald
2. Cam Heyward
3. Jonathan Allen
4. Deforest Buckner
5. Chris Jones
6. Jeffery Simmons
7. Javon Hargrave
8. Kenny Clark
9. Vita Vea
10. Christian Wilkins
10B Grady Jarrett

Hm: Barmore Quinnen Williams Tuitt Fletcher Cox DJ reader Grady Jarrett Suh https://t.co/hpfwS8TO8f",1519333198697795587,LiHua08180208
Aaron Donald Bench Presses Wife In Late-Night Sweat Sesh https://t.co/Uamf883p7A,1519331315513970695,OpeningDayNFL
Rams Star Aaron Donald Buys Sprawling Hidden Hills Compound https://t.co/st4XFKAA46 via @sportico,1519320101157163009,wendyinsanc
"Aaron Donald, the 13th overall pick in 2014, has only surpassed 15 sacks ONCE in his 8 years.

Fletcher Cox, the 12th overall pick in 2012, has NEVER recorded more than 11 sacks in his 10 years.

You telling me they weren’t worth it? 🚮 https://t.co/mMngHPPlgh",1519319130523979776,NeerRayNFL
Rams Star Aaron Donald Buys Sprawling Hidden Hills Compound https://t.co/hUvSrjx3EW,1519313693858742275,Bianca_Mangas
2014 Topps Chrome Aaron Donald  #whodoyoucollect https://t.co/GTCW5xmnW7,1519306645356126209,CardsPc
"Rams reimagine NFL draft as star-studded heist movie with ""On the Clock"" https://t.co/np4vtTmMzr",1519212124744175618,nfllivefreehdtv
2014 Topps Platinum AARON DONAL #whodoyoucollect https://t.co/ibm3Uj8XKM,1519208315473088513,CardsPc
"Aaron Donald Buys Hidden $17.1 Million Hidden Hills Mansion After Selling Calabasas Crib
maaan Congrats ⁦@AaronDonald97⁩ ⁦@RamsNFL⁩ ⁦@SuperBowl⁩ ⁦@SoFiStadium⁩  https://t.co/MEZgX7VZA8",1519175750443708416,Djax714
@ExtraPointWGR @SalSports @SneakyJoeSports Do you think Von Miller will be as effective without Aaron Donald?,1519171433087209472,RDychowski
"Rams reimagine NFL draft as star-studded heist movie with ""On the Clock"" #LosAngeles #Rams #NFL https://t.co/UhrsKnXn9C",1519166960512110594,LA_Sports_Fans
"Cracks me up when “interior pass rush” is listed for team needs 

Unless you employ Aaron Donald or Chris jones who tf doesn’t need a DT that can rush the passer",1519153489401810946,NinesByDawn
Aaron Donald Buys Hidden $17.1 Million Hidden Hills Mansion After Selling Calabasas Crib via @TMZ https://t.co/IEFJWm8Y4B,1519152513005592577,Ebedell20
Bryan Bresee is Aaron Donald,1519145775007244290,jakebenotti
@49ers Live look of Aaron Donald as the #49ers officially announce they are trading away @19problemz https://t.co/47332kz5L1,1519143198303694853,DrewDlanorson
"One more for good measure

Aaron Donald /199

Going for around $8+ with shipping

Take this one for $7 PWE by itself or add it to a stack for $6 ✅

#CSEstacks 

@sports_sell @Hobby_Connect @HobbyConnector @Iminsearchof https://t.co/oFjlRkyz5Q",1519134764233592832,CSEcards
"Aaron Donald AGAIN? Sure!

This time ➡️ FREE TO A STACKER who can tell me where AD went to college

(Can start a stack after answering 😉)

#CSEstacks 

@sports_sell @Hobby_Connect @HobbyConnector @Iminsearchof https://t.co/aaKr0uzccU",1519131928699584512,CSEcards
"More Aaron Donald?
More Aaron Donald.

Silver Optic
Last one sold for $4.50

Take this ⤵️ for $3

#CSEstacks 

@sports_sell @Hobby_Connect @HobbyConnector @Iminsearchof https://t.co/ZdbsAsf5Ug",1519127899131027459,CSEcards
"Ah so many can fit this description: London Fletcher, Zach Thomas, Steve Smith, Aaron Donald (6’1 is undersized for his position), Jamaal Charles, Troy Polamalu, Russell Wilson, Tyrann Mathieu just to name a few. https://t.co/uQc6Sig2io",1519124187239038977,HotTakeProphet
Aaron Donald Buys Hidden $17.1 Million Hidden Hills Mansion After Selling Calabasas Crib https://t.co/03819bypuo,1519120267007733760,OpeningDayNFL
"The champ is HERE!

Kicking off tonight’s NFL defensive player sale with none other than…

Aaron Donald — Obsidian /125

$10

#CSEstacks 

@sports_sell @Hobby_Connect @HobbyConnector @Iminsearchof https://t.co/gBlHVEUYk7",1519115815110463495,CSEcards
"With Aaron Donald on his resume, draft junkie Lions GM Brad Holmes has a gift for talent evaluation https://t.co/KCFxkCXzGT",1519106543282790402,PaulDocWatson
if my name was Karen Donnell i’d say it super quickly when meeting people so they think i am named Aaron Donald,1519104366816419849,diddykoin
"NFL draft 2022 – Los Angeles Rams release ‘On the Clock’ film teaser with Aaron Donald, Cooper Kupp, Josh Holloway, Dennis Quaid and more https://t.co/IX5nCZoroJ",1519098826950426630,KdadYwsf
"Aaron Donald /125 PSA 9

$40

@HobbyConnector @TheHobby247 @sports_sell @Hobby_Connect https://t.co/IvHx9aYBPX",1519089853018816514,CardsGavin
"How Aaron Donald Became Aaron Donald

~ @GregBishopSI
https://t.co/6FXCWYaHQz",1519088982558224384,Coach2Athlete
"NFL draft 2022 – Los Angeles Rams release ‘On the Clock’ film teaser with Aaron Donald, Cooper Kupp, Josh Holloway, Dennis Quaid and more https://t.co/nddOxfE8ui",1519087981134503937,MisterMikeFrost
"NFL draft 2022 – Los Angeles Rams release ‘On the Clock’ film teaser with Aaron Donald, Cooper Kupp, Josh Holloway, Dennis Quaid and more https://t.co/9eS0bxJkUJ",1519087972150358016,sumbodysaidthat
"Rams reimagine NFL draft as star-studded heist movie with ""On the Clock"" https://t.co/EnU725hvy1 https://t.co/ZksbYEzr7Z",1519086183120211968,brad_santoro
Check out Los Angeles Rams Aaron Donald Nike Royal Super Bowl LVI Bound NFL Game Jersey #Nike https://t.co/Tc2nqPOHtK via @eBay,1519083951452827649,PureOzSports
Check out Los Angeles Rams Aaron Donald Nike Men's Bone Official NFL Vapor Limited Jersey #Nike https://t.co/Izikgeq3le via @eBay,1519083467367227392,PureOzSports
Check out Los Angeles Rams Aaron Donald #99 Nike White Alternate Official NFL Game Jersey #Nike https://t.co/30WEwAZNTS via @eBay,1519082675016978434,PureOzSports
Check out Los Angeles Rams Aaron Donald #99 Nike Royal Official NFL Vapor Elite Jersey #Nike https://t.co/e9UlgNqTuq via @eBay,1519082447379513345,PureOzSports
Check out Los Angeles Rams Aaron Donald #99 Nike Men's Official NFL Player Game Jersey #Nike https://t.co/317odZ90wU via @eBay,1519081828321312768,PureOzSports
"NFL draft 2022 – Los Angeles Rams release ‘On the Clock’ film teaser with Aaron Donald, Cooper Kupp, Josh Holloway, Dennis Quaid and more https://t.co/dLYcw4s5d3",1519079513493319680,alkatras33
"NFL draft 2022 – Los Angeles Rams release ‘On the Clock’ film teaser with Aaron Donald, Cooper Kupp, Josh Holloway, Dennis Quaid and more https://t.co/MbEtOpdMLP",1519079508174942208,abuisa989
"This Just In: an anonymous source close to the organization has just informed me that the #Panthers have offered CMC, Darnold, Robby Anderson, OBJ, Tom Brady, and Aaron Donald for #JimmyG and #DeeboSamuel. GM John Lynch likely to accept trade. Pending physicals #49ers",1519077839429021696,fidelcashflow10
"I hope Kevin OConnell remembers that he got to go on interviews as a Super Bowl Champ, primarily because of Aaron Donald...so much so, that he convinces Mr. Adofo-Mensah to take DT Jordan Davis-Georgia, with pick #12 (if available)",1519076864287031296,JaxonJackson5
Debating on whether I should get cooper kupp or Aaron Donald as my next rams jersey 🤔,1519076679242584064,Angeltru30
Imagine Robert Quinn on the edge with Aaron Donald 🔥🔥 https://t.co/34wYdLqYws,1519071619871870977,Carl_noWinslow
Then got smashed by Aaron Donald on the last play of the super bowl because his O line was shit..lmao https://t.co/THVWsUUq54,1519068981813993474,romello_jordan
"Rams Star Aaron Donald Buys Sprawling Hidden Hills Compound, Sells Calabasas Mansion https://t.co/zTFIeJCw3z via @DirtDotCom",1519066272213835776,wendyinsanc
"NFL draft 2022: Los Angeles Rams release 'On the Clock' film teaser with Aaron Donald, Cooper Kup... - via @ESPN App https://t.co/3jm3a9O8px",1519064282100645889,newc88
Honestly a big L for the nerds with @sarahrunbailey is replaced by Aaron Donald to do the complex data analytics https://t.co/ZbZELmNKDq,1519063778750394369,LukasHager_
"Aaron Donald, future movie star. #H2P https://t.co/TfQ9hxrnoi https://t.co/z8bR81l1wH",1519063629261426689,RJSepich
Check out 2020 Score Los Angeles Rams Aaron Donald In The Zone Trading Card #LosAngelesRams https://t.co/jDALtm8FxG via @eBay #NFLTwitter #NFLDraft #NFL,1519060272757026818,MMBSports
"NFL draft 2022 - Los Angeles Rams release 'On the Clock' film teaser with Aaron Donald, Cooper Kupp, Josh Holloway, Dennis Quaid and more - ESPN https://t.co/45C4pesibs",1519050947225264128,LosAngelesShow
"NFL teams when they have to face a defense consisting of Aaron Donald, Jalen Ramsey, Bobby Wagner, and Tyrann Mathieu: https://t.co/Mm82oSnmtP",1519049985353871360,ClappedCesar
"NFL draft 2022: Los Angeles Rams release 'On the Clock' film teaser with Aaron Donald, Cooper Kup... - via @ESPN App.  #nFL.  https://t.co/yq8IZk9lZu",1519048272714817536,QueensIceZ
"A generational prospect is someone that redefines what elite is at that spot, or something we've never seen before. 

Michael Vick was generational. Aaron Donald is generational. Kyle Pitts was drafted as high as he was because he was a generational tight end prospect. https://t.co/14LFG9BOBD",1519045012192907269,JoRo_NFL
"NFL draft 2022 - Los Angeles Rams release 'On the Clock' film teaser with Aaron Donald, Cooper Kupp, Josh Holloway, Dennis Quaid and more - ESPN https://t.co/J6EJLLoePY #news #topstories #berkleybearnews",1519044279766724608,BerkleyBearNews
"NFL draft 2022 – Los Angeles Rams release ‘On the Clock’ film teaser with Aaron Donald, Cooper Kupp, Josh Holloway, Dennis Quaid and more https://t.co/IzFlyj4NEy",1519042761579769857,academie_educ
"#NFL draft 2022 - Los Angeles Rams release 'On the Clock' film teaser with Aaron Donald, Cooper Kupp, Josh Holloway, Dennis Quaid and more is now trending on https://t.co/9jdxglSBBB
https://t.co/9jdxglSBBB",1519040122217447427,monkey_viral
mf throwing a 40pk across her shoulder like she Aaron Donald I'm good bieu https://t.co/He1rl3kqQc,1519038000684060674,Veteran_Piff
"NFL draft 2022 – Los Angeles Rams release ‘On the Clock’ film teaser with Aaron Donald, Cooper Kupp, Josh Holloway, Dennis Quaid and more https://t.co/jLzwmg9pkg",1519036397633650690,estojaya
"NFL draft 2022 – Los Angeles Rams release ‘On the Clock’ film teaser with Aaron Donald, Cooper Kupp, Josh Holloway, Dennis Quaid and more https://t.co/NV8nN6L8QV",1519032599485861890,SeddikZekri
"NFL draft 2022 – Los Angeles Rams release ‘On the Clock’ film teaser with Aaron Donald, Cooper Kupp, Josh Holloway, Dennis Quaid and more https://t.co/a5PQjKrzRN",1519031628173299712,feedroxy14
"NFL draft 2022 – Los Angeles Rams release ‘On the Clock’ film teaser with Aaron Donald, Cooper Kupp, Josh Holloway, Dennis Quaid and more https://t.co/K9XANApFMm",1519029869744738306,Islam59832801
"NFL draft 2022 – Los Angeles Rams release ‘On the Clock’ film teaser with Aaron Donald, Cooper Kupp, Josh Holloway, Dennis Quaid and more https://t.co/jpOiKLWitN",1519028808749309953,Islam59832801
"#breaking Heist Rams Drop Cameo-Filled Heist Video Ahead of 2022 NFL Draft,The Rams put together a draft-themed heist movie trailer and it&amp;#39;s ... Aaron Donald, Cooper Kupp, Dennis Quaid and more notable names appear in the trailer.,The Rams released a trailer for a heist movie",1519028170799955968,SpeechTrans
Aaron Donald RC $5 @HobbyConnector @sports_sell #thehobby https://t.co/VFI4oWiQD3,1519024696473309185,TonysCards
"Rams reimagine NFL draft as star-studded heist movie with ""On the Clock"" https://t.co/VcoOmF4XUz https://t.co/aTdGwnY2YU",1519019493577560065,profbinsights
"Stephen Jones on 105.3 the Fan: 
“We obviously have a high value on defensive tackle” points to Bohanna, Gallimore, Hill, Odighizuwa. Says Aaron Donald is the standard. Says they’re always looking to improve the line and add depth.",1519015314167676928,tvjflo
"Rams reimagine NFL draft as star-studded heist movie with ""On the Clock"" https://t.co/32FHw06Kqx https://t.co/xHSvh18Wbf",1519012446391791616,filipeborges22
"Defensive end ages during Rookie Seasons.

Aaron Donald 23 years old.
Von Miller 22 years old.
Lawrence Taylor 22 years old.
JJ Watt 22 years old.
Khalil Mack 23 years old.
TJ Watt 23

Jermaine Johnson is 23 so stop saying 24, he's playing the season at 23 yrs old. Until January.",1519011592175853568,TraditiNole
"Rams reimagine NFL draft as star-studded heist movie with ""On the Clock"" #ESPN #NFL https://t.co/GB3wGeAnBW",1519008505755148289,x3tko
"Rams reimagine NFL draft as star-studded heist movie with ""On the Clock"" https://t.co/O0Rhgd7zic https://t.co/6TcQauuytg",1519002632450306048,SundayHustle
"Rams reimagine NFL draft as star-studded heist movie with ""On the Clock"" https://t.co/GapEjX4P8G https://t.co/kfabwAOHDk",1519002137711288322,alexandergerit2
😂😂😂 waiting until Round 3 to draft so they had time to make this short film. The casting is perfect and Aaron Donald as data analyst is inspired casting. Thanks ⁦@RamsNFL⁩  https://t.co/pHcRmgugtS,1519001577952104450,RoblynHatch
Wasn’t Ed Oliver supposed to be the next Aaron Donald? https://t.co/VGeyWCZ7iR,1519001033166442497,NewStripeCity
"Rams reimagine NFL draft as star-studded heist movie with ""On the Clock"" https://t.co/ZBWgPap0mU https://t.co/XLsDr3kdir",1518997734891565056,RonBohning
"Via ESPN - #ESPN #NFL #FantasyFootball ""Rams re-imagine NFL draft as star-studded heist movie with ""On the Clock"""" https://t.co/gjkMnQzjoK",1518997171445673985,nickschreck
"Rams reimagine NFL draft as star-studded heist movie with ""On the Clock"" https://t.co/W48UmO12i5",1518995947556065281,OpeningDayNFL
"NFL draft 2022: Los Angeles Rams release 'On the Clock' film teaser with Aaron Donald, Cooper Kup... - via @ESPN App https://t.co/thxjhLAEab",1518995636175134720,Deeking_5
"NFL  🏈 Rams reimagine NFL draft as star-studded heist movie with ""On the Clock"" https://t.co/TsJrub5kNE ►  https://t.co/0I4IIflkwI  √ https://t.co/0aHgfhCVMG",1518995022212870144,SportsbookBTC
"Ayy @Fanatics, still waiting on my jersey Aaron Donald jersey I ordered back in February after they won the super bowl",1518993277302845442,JesusPenaJr2
"""Rams re-imagine NFL draft as star-studded heist movie with ""On the Clock"""" https://t.co/Qe8aSsscYI via @ESPN #NFL #ESPN #NFLNews",1518992334901465090,LetsTalkFF
"NFL draft 2022: Los Angeles Rams release 'On the Clock' film teaser with Aaron Donald, Cooper Kup... - via @ESPN App https://t.co/OHnHWwyj96",1518990869688422400,Dean_Westerman
"Rams re-imagine NFL draft as star-studded heist movie with ""On the Clock"" https://t.co/FLn2ntKams",1518988659864707074,Sportnewsbuzz
🎥 Rams steal the draft!  https://t.co/YINUIbXK6Q,1518988370138959872,jCarrig14
"Dang, the AFC is sooo.stacked.its almost hard to think of a star in the NFC....   Hmmm..oh yea, Aaron Donald and Rodgers",1518987010173771776,ClydeBa10205754
"Rams re-imagine NFL draft as star-studded heist movie with ""On the Clock"" https://t.co/L2Av4Tptpt  ▶️ https://t.co/NKkDBVS66N #Bitcoin #Sportsbook",1518986779105193984,BetFastcom
Look: Video Of Aaron Donald’s Offseason Training Going Viral https://t.co/xjNH9lhiFr,1518986517485539328,OzzieITguy
"Rams re-imagine NFL draft as star-studded heist movie with ""On the Clock"" https://t.co/ff06Iyp4Vf",1518985528435101696,NFLonSP
"Rams re-imagine NFL draft as star-studded heist movie with ""On the Clock"" https://t.co/7ZpYywygoB",1518985138863890433,BerkleyBearNews
Made a short trip this morning. Got my Aaron Donald auto inscribed football from the TriStar redemption. And some fun. https://t.co/agNqmWET6A,1518983563160571904,DarkCards66
"WATCH: #Rams Just Won NFL Draft with Hollywood Hype Video
https://t.co/NkVl90I9Wy",1518980161152204801,RamDigest
Aaron Donald better go at the guards in 2022. https://t.co/5ATOEDyLoF,1518979613719945226,ItzGetty
"The only thing they messed up was when Aaron Donald is at the chalkboard

He should have said, ""You son of a bitch, I'm in"" https://t.co/jxZ8sJ49q2",1518967627745538050,AndrewMackens
"The #Rams really have gone Hollywood, hooking up with three-time #Oscar-winning cinematographer Bob Richardson to make the short film, ""On the Clock."" Starring Aaron Donald and Cooper Kupp, the film arrives just in time for the #NFLDraft. #RamsHouse https://t.co/AJlwIAuGkJ",1518964549214343169,DennisJFreeman
"2025, 6’3 255lbs Denton Guyer

Moved from Nigeria back in October, &amp; never played football prior to move over here.  

He finally understand that he will not play like Aaron Donald!  Denton Guyer and TEP’s up and coming 4/5 ⭐️ DL…I’m calling it! @XUkponu  @mike_gallegos16 https://t.co/CqC7K08uVX",1518964126193750016,TEP5252
Aaron Donald doing “complex data analytics” as his draft prep was not on my draft week bingo card https://t.co/XctdpaYWaV,1518963455499382787,AndyGrossman25
"Bears beat the Rams with Jalen Ramsey, Aaron Donald and all them when Jared Goff was the QB. 

I do not fear the Lions in any way shape or form with Jared Goff running the show no matter who they add to the roster 😭",1518962322018078721,DeeksViewOG
Yo Aaron Donald might be an actor after football 🤷🏼‍♂️ just saying 😮‍💨🔥 https://t.co/QuWCTcdU58,1518960840518430720,chris_bonilla11
If we get top 4…I promise you…the VERY NEXT DAY we’ll hear news about Aaron Donald becoming the highest played defensive player OAT,1518953927219335169,TheNotoriousVSL
"“AD, I need you laser-focused on the one thing you do best, complex DATA ANALYTICS…”

Aaron Donald: #TeamAnalytics YLTSI
https://t.co/wUTMMGKM2c",1518947159579799562,DBro_FFB
Hol on Aaron Donald look like he kan act fr https://t.co/LutnjsTuRs,1518946338876141570,NawfDallasKliff
Aaron Donald as guy in the chair &gt;&gt;&gt;&gt;&gt; https://t.co/v4xAwtYBkx,1518944291955134466,Rich_Fann
This is better than some actual movies like Morbius 🤣Aaron Donald is a natural at acting. He was the best one in the trailer. https://t.co/rAHlMVKn7U,1518943714093248519,JazzyJeffRealT1
"Stugotz’ Liars

5. Paul Pierce
4. Aaron Rodgers
3. Rick Pitino
2. Donald Trump
1. Stugotz 

4/25/22 Hour 2",1518943398425767936,LeBatardTop5s
"Should we as fans lower our expectations with draft picks? For example, Quinnen was drafted at #3 overall and lauded as the next Aaron Donald. He has come nowhere near that projection but is still an impact starter and valuable Jets player. I like him a lot and have 0 regrets.",1518915029168541697,HappyGuyJoe
Sounds a lot like Aaron Donald https://t.co/Hy5CEJFc2V,1518889913957113857,DenisLaPolice
Ain’t nobody sleeping on Aaron Donald https://t.co/ajOiXrkILQ,1518861698265980928,blackkjaybo
"listed my grail aaron donald #1 legendary NFL all day moment for only $15k!

hmu

https://t.co/D5UlDF0EH3",1518776197215395841,bdj1214
"Super Bowl Champ Aaron Donald 2018 Origins Red /299, $5 https://t.co/dFBnINKEMD",1518771839895543808,3BrothersCards
"Super Bowl Champ Aaron Donald 2019 Luminance Green /49, $5 https://t.co/X6iKPp7mfh",1518771611339567105,3BrothersCards
Man’s read that play like Aaron Donald https://t.co/Xw9fwaEiPl,1518768855472082945,HowUDoThatThere
aaron donald is washed lol,1518742098110869505,nicknbanaylst
"The Best Non-QB's In The NFL:

1. T.J Watt
2. Myles Garrett
3. Derrick Henry
4. Aaron Donald
5. Deebo Samuel
6. Davante Adams
7. Jalen Ramsey
8. Cooper Kupp
9. Micah Parsons
10. Khalil Mack https://t.co/StR13RMQ5K",1518741564540932096,nicknbanaylst
The source is the founder of “cheesehead tv” 🤣 I heard the Vikings have inquired about Aaron Donald too https://t.co/J3SeYSHZLo,1518740550496698368,nolan_elkin_17
Aaron Donald is still the best player in pro football.,1518738433782525953,c00nindaloo
"Defensive tackle Aaron Donald sold his sprawling home at the Oaks for $800,000 over asking price. https://t.co/5eeqy1qXh0",1518722634363645952,CalabasasPatch
"Defensive tackle Aaron Donald sold his sprawling home at the Oaks for $800,000 over asking price. https://t.co/VL537zSuaJ",1518721525242814465,MalibuPatch
"Defensive tackle Aaron Donald sold his sprawling home at the Oaks for $800,000 over asking price. https://t.co/qkTS2tGPDI",1518721489314459654,AgouraPatch
Check out Aaron Donald 2021 Panini Playoff Football Card #186 Los Angeles Rams https://t.co/J8C9kB63e6 #eBay via @eBay,1518720662810116098,nythingOutdoors
AARON DONALD RAMS RARE 2019 PAN #whodoyoucollect https://t.co/rYWvtK8sWC,1518694674487291905,CardsPc
Check out 2016 Panini Prestige Aaron Donald Auto # 2 #LosAngelesRams https://t.co/PvDToxHav3 via @eBay,1518692729538203648,sjvandy
"Top Players That Can Run Away With DPOY 
1.T.J. Watt
2.Aaron Donald
3.Myles Garrett 
There’s no shock here this guys killed it last season #Browns #Steelers #Rams https://t.co/0NlfhN22gH",1518685507215151104,DoubleAcoverage
"NFL - 1. Tom Brady. 2. Tyreek Hill 3. Aaron Donald 4. A healthy Trent Williams. 5. Micah Parsons. 

NBA - 1. Bron 2. Steph 3. KD 4. Embiid (in today's game) 5. Giannis https://t.co/neD9ecMQlo",1518670953198280704,_chill_type
"Currently.?

NFL: Tom Brady, Micah Parsons (ALREADY), Trent Williams, Aaron Donald, Derrick Henry .. Aaron Rodgers Runner Up

NBA: Bron, Steph, KD, Kyrie, Giannis .. Joel Embiid Runner Up https://t.co/yO8TQt2D7r",1518666454941458432,iamluhhshayy
"NFL (more athletes in the NFL so I could name 20) 
Trent Williams 
Aaron Donald 
Derrick Henry 
Quentin Nelson
Deebo Samuels

NBA :
Greek
Joker
Bron
KD
Chef https://t.co/ePyRQNJbMG",1518665032883740677,Zulu_WaRr
"NBA: LeBron, KD, Steph, Giannis, Embiid.

NFL: Tom Brady &amp; Aaron Donald https://t.co/1U4qGu8936",1518664309903183873,Darbybechillin
"From Multiple Teams Scouts,“#Georgia DT Devonte Wyatt Has A lot Of Aaron Donald In His Game”.Real High Praise for One Of The Top DT Prospects In The #2022NFLdraft.",1518659656339628034,MLFOOTBALL2
"Which one are you picking? 🙃

1.) A one-on-one fight with Aaron Donald 

OR

2.) You have to make TikTok’s with Patrick Mahomes wife and brother",1518653418566524930,iSweetHrt
"Aaron Donald and Cooper Kupp both rank inside the Top 10 for the most jersey sales in 2022!

Donald ranks 7th 
Kupp ranks 2nd https://t.co/QLF83tWvTk",1518653352862785536,TheRambLAngMan
"DT Aaron Donald, the 2013 @outlandtrophy recipient from @Pitt_FB, was selected No. 13 overall in the 2014 @NFLDraft by the St. Louis Rams. Now on the West Coast with the Rams, he has a Super Bowl ring. Watch later this week where the 2021 Outland winner and finalists wind up. https://t.co/8X9Ugg6Oze",1518651938245644288,outlandtrophy
Before anyone says that this is a low bar remember that this man was damn near being hunted by Aaron Donald for years and it’s almost a miracle he remembers anything https://t.co/QHFEiSGTp9,1518626017652400129,XLAshtray
Wouldn’t care.  I trust the dude who drafted Aaron Donald. https://t.co/YgdXboZmgb,1518622550309412865,NatePfromGV
"Is really gonna be Aaron Donald 2.0 those are some big shoes to fill I doubt it but we may finally get a chance to see him play this year ! Thank god he made it through his situation 

#skol #minnesotavikings #jaylentwyman 

https://t.co/RfwtOB8VNL https://t.co/FpnMYPzU7H",1518607480162504705,purplepocketpod
LEBRON GOES STRAIGHT TO AARON DONALD AT THE BUZZER FOR A TOUCHDOWN?,1518607345990967299,bayless_ebooks
"I’m just gonna say it. If you need a  tackle, a cornerback, a tight end and a safety and Aaron Donald is available, you take Aaron Donald. 

Giants need to take Jordan Davis. https://t.co/NBdNs5QR8K",1518604383000436736,BooMan23
more like fake Aaron Donald . https://t.co/XYdV1g5Un5,1518602493655138304,FollowThaGod
Aaron Donald Signed Los Angeles #autographed https://t.co/R5Ft9EyVRD,1518599434296254464,AutographDeals1
Me when people say Aaron Donald has lost a step https://t.co/xXDwGM5wEP,1518589279475220480,BrentRamcaster
"Forgot OBJ, Aaron Donald, and Devonte Adams https://t.co/aLt9utan6u",1518580134856568832,MoeBFU
Imagine they bring back NFL Street. Imagine doin some wild shit with Lamar Jackson or fuckin shit up with Aaron Donald!! https://t.co/MD2TpEIdfX,1518563844796272640,ShallowNthaDeep
Aaron Donald* https://t.co/sJsaUTOXUU,1518558564662620161,HasheeshAkballa
AARON DONALD 2014 Panini Contenders #101 Autographs RC Rookie NFL Rams Seller: pokehoard... - https://t.co/o5Fyzgk81d #nfl #nflcards https://t.co/TwXRrjiUGk,1518555012980486146,auto_rookies
Aaron Donald Of The Rams Lists Calabasas Mansion For $6 Million | @scoopit https://t.co/Af1S8pz1DE,1518547380160897025,EnzoCalamo
Justin Madubuike On Training With Aaron Donald: ‘It Just Reinforces The Hard Work Aspect’ https://t.co/tjchBOAJyi #Steelers https://t.co/7VIyx3RZdf,1518526368929095680,Steelersdepot
2014 Topps Chrome Aaron Donald  #whodoyoucollect https://t.co/f9B7PJ2SOH,1518497351299706881,sportscardcoder
AARON DONALD RAMS RARE 2019 PAN #whodoyoucollect https://t.co/aaHe1TWiDs,1518484142983417857,CardsPc
Super Bowl champion Rams don't pick until 3rd round of draft - The Associated Press - en Español https://t.co/mdcwakGBv7 #AndyVermautLovesAP #Whatsapp0032499357495 https://t.co/Fx00vQe6hh,1518476920102744064,AndyVermaut
"I love this team of mine - 8 team IDP dynasty league. Reached early for Ertz but wanted him at that point. Currently have Aaron Donald, Micah Parsons and 1 more to pick up in the next couple of rounds. Happy days. https://t.co/Cuuok6cLHL",1518469144953372672,GamingTeacher4
"Matt Stafford 'Doing What I Can' To Bring Odell Beckham, Aaron Donald Back To Rams 

 ...https://t.co/RH0Q3nNklj 
https://t.co/RH0Q3nNklj",1518460209785716737,SwaveDigest
"Herb Jones just got whacked in the face, finished the layup and didn't fall to the ground like he had been blindsided by Aaron Donald. Imagine that. 
I now love this guy.",1518439445720141825,GBos2
2014 Topps Chrome Aaron Donald 175  #thehobby https://t.co/ljyjoo9IHP,1518430804501741568,CardboardFeed
Aaron Donald to the falcons according to my sources https://t.co/CtXO5w5SsH,1518428860538314752,Cooliooojones
2014 Topps Chrome Aaron Donald  #whodoyoucollect https://t.co/w28355dbBD,1518421895468785669,CardsPc
Trey Lance &amp; Aaron Donald @AaronDonald97 @treylance09 @RamsNFL #RamsHouse @MattStaffordQB1 https://t.co/rBuRPsT3hI,1518415610656395266,MattStaffordQB1
"In my latest Mock Draft, I picked up Aaron Donald, TJ Watt, AJ Brown, Cooper Kupp, and Trevon Diggs. Let's see how close I get. https://t.co/bOqVJGAHtf",1518415325737496577,hunkura
Micah Parsons &amp; Aaron Donald https://t.co/fJ6CGSzIKl,1518392791918727169,BobbyNbbz
"If @CoachNokesDL can get Aaron Donald to the league then he can get @ElinneusDavis there as well, come join the DeathRowD @UW_Football https://t.co/He7S3pgijm https://t.co/ZdVl67VPZQ",1518381758017810432,PatrickCaviness
I wouldn’t be upset if the Niners swapped Javon Kinlaw with Aaron Donald but here we are. https://t.co/9xobQQsquR,1518375113795592192,imagidadnation
bruh went straight aaron donald on her ass 😂 https://t.co/dh6nKiv1Zj,1518370188248367105,city9deuce
Lmfaoooo yeooo you seen big girl come in and take her out like Aaron Donald https://t.co/uwckpPsyp2,1518361658850258944,ClutchRipz
"If I had my way, Election Night 22 would be on ABC2 and hosted by Julia Zemiro and Shaun Micallef with:
- Draymella Burt
- Sir Bobo Gargle
- Brion Pegmatite
- Aaron Chen
- Alice Fraser
- Donald McEngadine
Doing pieces live.

#AusPol #ausvotes",1518357955099303938,rollo75
"Yea man, Kirk Ferentz begins recruiting players because twitter user “Cylights” compared them to Aaron Donald. https://t.co/PHY5NWFVPl",1518337581662019584,XAVlERNWANKPA
