full_text,tweet_id,screen_name
"Alexander #Zverev: ""I need somebody who can look out for what's going on on court. I think Serg is one of the best for this. I talked to David Ferrer again, because for me he's a great guy, but said that he's too busy right now. He's the one that suggested Sergi Bruguera"" https://t.co/6uEjBEdCwY",1520897086203568130,marioboc17
"‘He reminds me of Nadal,’ Michael Llodra predicts a dream run for Carlos Alcaraz at the French Open, puts light on Alexander Zverev’s progress too https://t.co/Jf2mBtA0Hx #Tennis #AlexanderZverev",1520857227606724609,SportzFirst
"https://t.co/LnzKGO7KJL Zverev Confirms Bruguera as Coach: ""He's my coach... I hope for a very long time,"" world No. 3 said of Sergi Bruguera.
 Armed with a Spanish ally, Alexander Zverev aims to recapture Madrid magic.
 
 World No. 3 Zverev confirmed… https://t.co/GdQliIMNTF",1520813311251550208,_TennisCoaching
"Alexander Zverev does not support Wimbledon's decision #alexander #decision” #does #not8217 #support #tennis #wimbledon’s #zverev
https://t.co/dGjOKU43V5",1520811775645601792,SwaveDigest
Alexander Zverev Hoping For Long Collaboration With New Coach Bruguera - https://t.co/9LQm4eoFtT https://t.co/FNd4EDAREi,1520760071080361984,UbiTennisEng
"https://t.co/LnzKGO7KJL ‘There are no excuses,’ says Alexander Zverev after disappointing show in Munich: Alexander Zverev was full of apologies after crashing out of his home tournament, the Munich Open, in the first round against teenage wildcard… https://t.co/chGPTLra9z https://t.co/0sq1I1VEoI",1520740831572897795,_TennisCoaching
Zverev loss in Munich highlights his consistent inconsistency - https://t.co/kwSrHErGeL via @LastWordTennis,1520735982601084929,lastwordonsport
"Li Tu grabbed another ITF title this week, a 25K on clay in Cairo (his first clay trophy). 
He's scheduled for a return to the Challenger level at Tunis in two weeks' time (interestingly, his only previous CH match was against Alexander Zverev at Wake Forest 2014, 2-6 0-6).",1520709335575375874,damiankust
"Cult Tennis, again, published an excellent video essay of how PROBLEMATIC Alexander Zverev is.

This video essay also makes his egocentric ""I'm part of new big 3"" claim so much senses @CultTennisYT 

**This tennis YouTube channel is so underrated

https://t.co/3J3dadzZv2 https://t.co/I3AqV15Oze",1520704124861685760,zhandi_gustav
"HAPPY BIRTHDAY APRIL 20; Actress Tillie Amartey,19; Editor Joni Evans,80; IceMan Wim Hof,63; NFL Luke Luechly,31; Actor Joey Lawrence,46; Actor Ryan O'Neal,81; Actress Maemae Renfro,25; Actor George Takei,85; Tennis Alexander Zverev,25; BEST WISHES &amp; GOOD HEALTH TO ONE &amp; ALL!!!",1520595918801801219,PoetBronx
"According to information from Bild am Sonntag, Alexander Zverev senior will return as Sascha's coach at the Masters in Madrid, or in Rome at the latest. His last appearance was at the US Open in 2021. 

https://t.co/oGkBU1EbEe",1520552750592966658,ilyza1002
"ATP Madrid doubles:
Joe Salisbury and Rajeev Ram have a bye
Neal Skupski and Wesley Koolhof play alternates after their original opponents withdrew
Jamie Murray and Michael Venus vs Petros and Stefanos Tsitsipas
Cameron Norrie and Tommy Paul vs Marcelo Melo and Alexander Zverev",1520524693849231368,tennisontelly
"The evil of Alexander #Zverev ... brought to you by Cult Tennis 

https://t.co/B8u0vvF5oN",1520474377997135872,sparmigosports
"El Top 10 del ránking ATP y esas cosas de Madrid (35).

1️⃣ Novak Djokovic 
2️⃣ Daniil Medvedev 
3️⃣ Alexander Zverev 
4️⃣ Rafael Nadal 
5️⃣ Stefanos Tsitsipas https://t.co/FIzSls0hLb",1520465700770385920,_SandroPaz
"🚨 BREAKING

ALEXANDER ZVEREV IS GUILTY. 

GUILTY OF BEING THE BEST PLAYER IN THE WORLD! 🫶 https://t.co/UUT0JqQSLI",1520147293109993474,anxstennisboy
“I’m sorry Alexander Zverev breaks down and apologizes for his ‘worst’ performance in years to the home crowd https://t.co/jUm84tO7DO #Tennis #AlexanderZverev,1520106657241468929,SportzFirst
Alexander Zverev is short on momentum ahead of his Madrid Open defence after a crushing defeat in front of home crowd #tennis https://t.co/q5AY2dR528,1520088281844703232,tennishead
"What a practice schedule tomorrow 🔥🔥

Aslan will practice with Alexander Zverev on court 7, the same court as Rafa, Andy, Novak! 🤩💪 #MMOPEN https://t.co/59KxSwGYNR",1520070734764146690,Davai_Aslan
"PARIS, France (AFP) — Top-seeded Alexander Zverev was overwhelmed in his first match in the Munich ATP tournament by 18-year-old Dane Holger Rune 6-3, 6-2 on Wednesday.

Read more: https://t.co/WCjg99ccZg

#DailyTribune",1519835367763062784,cnc_tribunephl
"""My worst match in last 7 years"" - Alexander Zverev 'sorry' after disappointing performance in Munich  https://t.co/waClSVR22m https://t.co/xQby4VqqGz",1519753376862547969,TennisInfinity1
"Alexander Zverev reportedly broke down in tears after crashing out of the Munich Open in his opening round. The world No 3 was defeated by 18-year-old Holger Rune 6-3 6-2 in what he claimed was his “worst game in years”

#Tennis 
#News https://t.co/RBVZbnPQBn",1519748028793602050,TennisExplorer
"Dane Holger Rune, who stunned Alexander Zverev at the @BMWOpen2022 on Wednesday, will not play the @MutuaMadridOpen qualifying.

Full story:

https://t.co/MHPT7qewoJ

#tennis #BMWOpenbyAmex #HolgerRune #Zverev #MMOpen #atptour",1519738151845117956,ceci_2812
Alexander Zverev 'in tears' after 'worst game' with Madrid title defence looming | Tennis | Sport | https://t.co/x9lDEenMrL https://t.co/neHk3jWB3l,1519703693834297347,LoliLondon
Alexander Zverev reaction to being called ‘Stefanos’ during press conference (WATCH) https://t.co/BKeCYMuu91,1519690076292321283,Sportscri_tweet
Alexander Zverev reaction to being called 'Stefanos' during press conference (WATCH) https://t.co/CK8dSEJ99M https://t.co/j2fQs0M3Ks,1519687690366685185,TennisworldUSA
https://t.co/LnzKGO7KJL Alexander Zverev reaction to being called 'Stefanos' during press conference (WATCH): Zverev shook his head and laughed after being called and#039;Stefanos.and#039; https://t.co/s7C69FbMMQ https://t.co/RKXKVlYoB3,1519681729371406337,_TennisCoaching
Alexander Zverev reaction to being called 'Stefanos' during press conference (WATCH) https://t.co/wYlJ3fHWEk https://t.co/SXBVbgO4Mw,1519680473135345665,TennisWorlden
Alexander Zverev Has To Calm Emotions To Achieve Grand Slam Success https://t.co/gxaN7uYYH4 via @WorldTennisMag,1519667591643545602,WorldTennisMag
"#Holger Rune Stuns Alexander Zverev In Munich For First Top 10 Win | ATP Tour is now trending on https://t.co/OH3OKoWZ2L
https://t.co/OH3OKoWZ2L",1519666645089894400,monkey_viral
"Stefanos Tsitsipas, Alexander Zverev, two examples of no champion material. Carlos Alcaraz, Jannik Sinner, two examples of champion material. The first will never win a grand slam, the second will. Remember, you must first be a good person to deserve a grand slam! 🎾 #Tennis",1519657712325439489,chriswieders
Alexander Zverev is eliminated early in Munich https://t.co/Uf10RS1tDN,1519625778664808450,theblazetrends
"After defeating Alexander Zverev, Holger Rune announced he has decided to withdraw from Madrid Masters because he will play the QFs in Munich on Friday (tomorrow) and the qualis in Madrid will start on Saturday.

Musetti should be his replacement. https://t.co/rBMwsBRgGp",1519591326668439553,RelevantTennis
"Alexander Zverev aiming to bounce back in Miami after Indian Wells disappointment 
https://t.co/TWdE4xh080",1519585390600065024,SwaveDigest
"Home favourite and top seed Alexander Zverev would definitely want to forget about Wednesday as he fell to a shocking defeat against Norway's Holger Rune. #bmwopen
https://t.co/WwdgSxKnK2",1519553593413861376,SportsLumo
"ATP contacts Olya Sharypova for their investigation into Alexander Zverev 
https://t.co/2fN19DJbej",1519551520550924289,SwaveDigest
"List of tennis players I hate; 

1. Alexander Zverev 
2. Alexander Zverev
3. Maxime Cressy 
4. Dusan Lajovic 
5. Paula Badosa 
6. Ons Jabuer 
7.  Taro Daniel
8. Jennifer Brady 
9. Fernando Verdasco
10. Casper Ruud 

This list is a good reminder to never bet there matches",1519532172033540096,Patkk151515
"Behind the scenes of Carlos Alcaraz encouraging a fellow, young and upcoming talent in Holger Rune to go all guns blazing against Alexander Zverev at his home turf.

One to look out for. One for the future. One of my favourites.

Ni yeari aadraa, Kabilaa..!!
#HolgerRune #Alcaraz https://t.co/DAFEddF5kx",1519516969438900225,Balaji_itisme
Alexander Zverev explains what went wrong in shock loss to Holger Rune https://t.co/s2UzFJPMmR https://t.co/rlmSALbVl7,1519500200993345536,TennisworldUSA
Alexander Zverev explains what went wrong in shock loss to Holger Rune https://t.co/CtqHqkFspL https://t.co/MgWiFb46m6,1519494118774255618,TennisWorlden
https://t.co/LnzKGO7KJL Alexander Zverev explains what went wrong in shock loss to Holger Rune: Zverev suffered a shock round-of-16 loss in Munich. https://t.co/fC7L2b3zim https://t.co/tgZ3KcTL8Q,1519493110241251328,_TennisCoaching
Alexander Zverev explains what went wrong in shock loss to Holger Rune https://t.co/cFusqMxYVj,1519492535743307776,Sportscri_tweet
Arthur Fils has an 87% chance of winning a slam before Alexander Zverev,1519465238768275456,wrslr
"Teen Rune upsets top seed Zverev at BMW Open: Danish teenager Holger Rune upset top-seeded Alexander Zverev 6-3, 6-2 Wednesday to reach the quarterfinals of the BMW Open. https://t.co/7uqt1LHqCt https://t.co/HdHgT8Z5x5",1519418114038845440,JCPGATA
Other News: Holger Rune stuns Alexander Zverev at BMW Open - READ FULL ARTICLE HERE: https://t.co/caO9LN6BRN,1519415468850925569,cappertek
Top seed Alexander Zverev knocked out by 18-year-old unseeded Holger Rune https://t.co/bg1j8A3P1M,1519405930827374592,mohammadali_im
Top seed Alexander Zverev knocked out by 18-year-old unseeded Holger Rune https://t.co/WBXPJmrTcO,1519405925743931396,mass_blog_
"Holger Rune is on the rise. The 18-year-old defeats top-seeded Alexander Zverev in Munich for his first top-10 win! 

https://t.co/SATsydZixY https://t.co/bsue1sNhap",1519394150273015811,Tennis_Now
Alexander Zverev being the most humble tennis player in the world https://t.co/teGAFfMmyb,1519391277615583233,TheTennisLetter
Impressive performance from 18 yr old @holgerrune2003 who dismisses Alexander Zverev 63 62 in Munich.,1519383831408627712,crosscourt1
Disappointed Alexander Zverev labels his loss to Holger Rune as the “worst match of all time” https://t.co/Y4luOnZbIg #Tennis #AlexanderZverev,1519381387316391936,SportzFirst
"Holger Rune 🇩🇰 knocks out @BMWOpen2022 top seed Alexander Zverev 🇩🇪

Wednesday Report from Munich 🍺

#ATPTour #München 
https://t.co/KjOutA3m7M",1519376575506128898,TennisTourTalk
Germany's Alexander Zverev bowed out of the Bavarian International after a shock defeat to 70th-ranked 18-year-old Holger Rune in the round of 16. #Tennis #ATP #Zverev https://t.co/YQCbHZzp4l,1519369687292952577,alkass_digital
Holger Noedskov Rune vs Alexander Zverev had World Feed coverage. Co-commentator is @SueThearle.  For more details see https://t.co/yMSa7jggZJ #HolgerNoedskovRune #AlexanderZverev,1519369279795343360,ICDb_tv
Karma is real look at Alexander zverev for proof! #buddhism #whatgoesaroundcomesaround #nirvana,1519355501313552386,berrettiniswife
"Has anybody else noticed how Alexander Zverev's LOSING streak continues? Between being expelled from Acapulco to early round losses in Monte Carlo and Munich, Hitler Zverev is having the worst clay court season of his career. #zverev @AlexZverev @fans4AlexZverev #tennis",1519350161176248321,rojo304
"""I would have lost to any player from the main draw today, that was my worst match in six or seven years""- Alexander Zverev https://t.co/xYVuLSZoVZ",1519342369438519296,TrackerTennis
Most players win their first slam and then have a dip in form due to pressure or lack of motivation. Alexander Zverev hasn’t even won one yet and this is happening 😭😭,1519342341148094464,Djoko_stan
"@holgerrune2003 🇩🇰 achieves a great victory by defeating Alex Zverev 🇩🇪 in the @BMWOpen2022
​
The young Danish tennis player played masterful tennis in #Munich to crush Alexander Zverev 🇩🇪, first seed, with partials of 6-3/6-2 in almost two hours of play.​
@atptour #HolgerRune https://t.co/rVik9zYSpX",1519335235594469377,tennisalltime
“Early birthday present” Holger Rune crushes Alexander Zverev to claim his first ATP Top-10 win https://t.co/jIIKTJ2FGu #Tennis #AlexanderZverev,1519326521357307904,SportzFirst
"The 18-year-old Danish Rooney beat Germany's Alexander Zverev 3rd in the ATP rankings, 2-0 in Munich.
#ATPMUNICH #ATP #atptour #Rune #zverev #tennis #Tennispicks #tennisbets #tennistips https://t.co/qT2Dfm6HwG",1519320130844512257,bettogoal
"Amazing to see 18-year-old Holger Rune (19 in two days) earn his first Top-10 win, 6-3, 6-2, over Alexander Zverev. He'll face either Ruusuvuori or Cressy in the QFS at Munich. https://t.co/gygjhsFWX4",1519320087521415169,Tennis_Now
"Alexander Zverev has already lost 7 times in 2022 and all of his losses have been to players younger than him: Felix, Shapovalov, Bublik, Paul, Ruud, Tsitsipas, Rune.

Zverev has a combined 0-6 H2H vs Bublik (0-2), Paul (0-2), Ruusuvuori (0-1), and Rune (0-1).",1519319136899198977,vanshv2k
"Alexander Zverev 🇩🇪 after losing his opening match at the @BMWOpen2022 in Munich to Holger Rune in straight sets.

""I really don't know what to say, I am sorry for the tournament and the spectators that I played like this today.""

#ATPTour #Munich 🍺 https://t.co/PsvcJMsq1e",1519314391015038981,TennisTourTalk
"Munich Result: (W) Holger Rune Defeats (1) Alexander Zverev 6-3, 6-2. Great win the for young Dane. Zverev in terrible form as of late.",1519310124367683584,TennisConnected
"Last time Alexander Zverev 🇩🇪 lost to a player ranked outside the top 50 was at last year's edition of Munich Open, against Ivashka.

One year later, he has lost to Holger Rune 🇩🇰 who gets his first ever top 10 win at only 18 years and 363 days. https://t.co/tIkjQGK0qQ",1519303503352586241,RelevantTennis
"The biggest win of his career. 

🇩🇰 Holger Rune @holgerrune2003 knocks out top seed 🇩🇪 Alexander Zverev @AlexZverev 6-3, 6-2 to advance to the #BMWOpenbyAmex quarter finals. https://t.co/RC2gxnO7CY",1519301555429773313,liezbrown
"Holger Rune beats world no. 3 Alexander Zverev 6-3, 6-2 in Munich for the first big time signature win of his young career.

Zverev, who seems quite universally disliked (for obvious reasons), is maybe the most vulnerable top 10 player on the #ATP at the moment.",1519301275254509569,BenLewisSN590
Alexander Zverev's season is in shambles. https://t.co/DDb0nDZOMe,1519300381364346880,Beeorlicious
Holger Rune defeats Alexander Zverev in Munich. Nice guy Rune. Very humble and gracious.,1519300265111072769,WitchRegacho
"How come when Zverev wins a match the press is like HE IS THE GREATEST

But when he loses, big, they’re just quiet.

Why no “Is Alexander Zverev done?” stories like every other player gets?",1519300047036469249,AutisticTennis
"Every week, Alexander Zverev's quote about himself being a part of the new Big 3 of men's tennis in 2022 becomes funnier and funnier.",1519299617904631808,BarclayCard18
"Holger Rune, who turns 19 this week, with his first Top 10, over Alexander Zverev, 63 62 in Munich.",1519299417148436482,SteveTignor
"Ah. Alexander Zverev just lost in straight sets to Holger Rune in Munich. Yikes!

Good 6-3, 6-2 for the 18-year-old. Big upset, this.

#BMWOpen",1519299291562532866,Beeorlicious
"Alexander Zverev, the ""future World No. 1"" and ""one of the favorites for RG"", has just been taken to the cleaners by Holger Rune in his own backyard 🤣🤣🤣🤣🤣

What a delightful start to the day",1519299218128596993,srihariravi12
"18 year old Holger Rune just beat world #3, Olympic gold medalist and two-time former champion Alexander Zverev 6-3 6-2 in Munich…",1519298904533225472,Certinfy
"Holger Rune 🇩🇰 defeats Alexander Zverev  🇩🇪 6-3 6-2 in ATP Munich. 

Did the German want to get to Madrid early? https://t.co/9S9AJ6U1Jm",1519298778653724673,TheTennisTalker
"18yo Holger Rune scores the biggest win of his career!

Schools world No.3 Alexander Zverev 6-3, 6-2 to reach Munich QFs. #BMWOpenbyAmex

This is the Dane's first ever Top 20 victory https://t.co/Q6nZ350lPD",1519298641109921792,running_rune
"Alexander Zverev

Getting his ass kicked by a 18 yr old

Wowza",1519296641290981376,0beknows
Alexander zverev is a flop ass bitch 😭,1519296335752704000,Marshall_0001
"Zverev, Alexander

no be sabi play anything",1519295220185284609,TemieUnruly
I thought this was Alexander Zverev's court?,1519292728483360769,Ace_Previews
"Who's going to quarter-final?

🇩🇪 (1) Alexander Zverev @AlexZverev
🆚
🇩🇰 Holger Rune @holgerrune2003

#BMWOpenbyAmex 

VOTE ⬇️",1519291535983988739,liezbrown
"Going strong!! 🔥

Holger Rune takes first set vs world No.3 Alexander Zverev 6-3 in Munich! Lots of ridiculously good drop shots by the Dane today which Zverev had no answers to

#bmwopenbyamex https://t.co/o8rFGzm9Lq",1519287644982808576,running_rune
"Holger Rune a set up on Alexander Zverev in Munich 6-3.

Carlos Alcaraz is something else for an 18 year old but that shouldn’t take anything away from just how good Rune is for his age as well.",1519287637315661824,Certinfy
"Zverev - Rune EN DIRECT
Source : Eurosport #SPORT #123INFO
https://t.co/yIGepAY0rA",1519274884861685760,123_INFO_SPORT
Holger Noedskov Rune vs Alexander Zverev is on TC+. With commentary from @mikeyperera.  For more details see https://t.co/yMSa7jggZJ #HolgerNoedskovRune #AlexanderZverev #TC,1519274331016208389,ICDb_tv
Holger Noedskov Rune vs Alexander Zverev is on Tennis Channel. With commentary from @Gill_Gross.  For more details see https://t.co/yMSa7jggZJ #HolgerNoedskovRune #AlexanderZverev #TennisChannel,1519273800587743233,ICDb_tv
"And here we go... Alexander Zverev's first appearance at thìs year's @BMWOpen2022 in Munich.

#ATPTour #Munich 🍺 https://t.co/GOof29Ov41",1519272924196352000,Florian_Heer
"Get ready with your 🍿 #TeamSascha 😎
It's time for Alexander Zverev show ❤️..
Let's go gyzzz..
It's Sascha time..
@zverev_team @Zverev_fans 
Beautiful click by @adz1408 😘
#Zverev #Tennis #MunichOpen https://t.co/783ghHZOKJ",1519272307310485510,fans4AlexZverev
"🇩🇪🎾 Alexander Zverev vs Holger Rune Live Stream, Preview, Predictions &amp; Tips - Zverev to avoid a giant killing in Munich

📈 Get our preview and betting tips! 👇

➡️ https://t.co/OipXNCAChe

#BMWOpen #Tips #freetips 🔞 18+ BeGambleAware",1519255040673812484,freetips
"Alexander Zverev has won 20 of his last 24 main draw matches when facing an opponent 20 years old or younger. Zverev is the favorite given an 86.7% chance to beat Holger Rune 

#BMWOpen #ATPMunich #ATP",1519247483645345794,_TJKC_
"Alexander Zverev plays Nodskov Rune Holger Vitus later today in Bavarian International Tennis Championships.

Our Algorithm thinks Alexander Zverev will win with a 71.67% chance.

#BavarianInternationalTennisChampionships #ATP250 #ATPTour",1519179676844969987,Tennis4Cast_
"#Munich 27.Apr.2022 Center Court NB 1:00 pm ( NB 8:00 pm JST 🇯🇵)
R2 
【1】Alexander Zverev vs (WC) H. Rune
H2H 0-0
Good luck Sascha 🍀
https://t.co/wF2VW2BJ87
#GoSascha #TeamZverev #TeamSascha #Zverev #AlexanderZverev #SaschaZverev #stayhealthy #WeLoveSaschaSmile https://t.co/GqWTNgBlld",1519102936768737280,lala0329
"🗓 Wednesday, April 27
🎾 #BMWOpenbyAmex Round 2
🇩🇰 [WC] Holger Rune 🆚 [1] Alexander Zverev 🇩🇪
⚖️ H2H: 0-0
🏟 2nd match on Center Court
⏰ NB 1:00 PM local time (1:00 PM CET)",1519055627372400641,running_rune
"Munich 2022: Alexander Zverev vs Holger Rune preview, head-to-head, prediction, odds and pick | BMW Open https://t.co/LHKV8RPogJ",1518901084693008384,TrackerTennis
"ATP Munich 2022: Alexander Zverev vs Holger Rune Prediction, Head to Head, Preview, and Live Stream details for Bavarian International https://t.co/7z9wVrES2o #Tennis #AlexanderZverev",1518850386316038144,SportzFirst
""" I think tennis players should lead by example even in their personal lives. That should definitely be a consideration for the GOAT ranking. Personally I think Roger and Rafa will hold the 1st and 2nd place in contention and 3rd.. yeah I'd put myself there"" - Alexander Zverev https://t.co/82pqMO4Qb1",1518705396743081990,BoredGuy0368925
"Ben Rothenburg (@BenRothenberg) on Alexander Zverev: ""I think he’s great for the sport, guilty or not."" ummm… Ben?",1518663656707346433,atpwtathottie
Solid win for Holger Rune over Jiri Lehecka in Munich - he gets top seed Alexander Zverev in round two. https://t.co/k4JmwvhGyD,1518613942938992645,Tennis_Now
"🇩🇰 teen Holger Rune (here with mother Aneke) is making his Munich debut this week and will be the first opponent for @BMWOpen2022 top seed Alexander Zverev 🇩🇪 on Wednesday. 

📸: @brigitte__urban 

#ATPTour #Munich 🍺 https://t.co/SxiDbRtwOY",1518613284525588482,TennisTourTalk
"Alexander Zverev 
Today's practice https://t.co/UeTSANcatA",1518562507606134784,Ralf4K
"'The place to be' right now at the MTTC Iphitos.

Alexander Zverev practicing with Nikoloz Basilashvili.

#ATPTour @BMWOpen2022 #Munich 🍺 https://t.co/F3Wy0NjioA",1518543374311202817,Florian_Heer
Great Shots And Rallies In Alexander Zverev vs Jannik Sinner Thriller | Monte Carlo 2022 Highlights https://t.co/WJ49HzdoUd,1518527574858682368,itennis4
"https://t.co/LnzKGO7KJL Proudly presented by https://t.co/LnzKGO7KJL Two-Time Champion Zverev, Ruud Headline Munich Field: Alexander Zverev hopes home cooking with bring him his first title of 2022. https://t.co/Kl2xjBHTSF",1518425448224419840,_TennisCoaching
"¡El nuevo Top 10 del ránking ATP!

1️⃣ Novak Djokovic 🇷🇸
2️⃣ Daniil Medvedev 🇷🇺
3️⃣ Alexander Zverev 🇩🇪
4️⃣ Rafael Nadal 🇪🇸
5️⃣ Stefanos Tsitsipas 🇬🇷
6️⃣ Matteo Berrettini 🇮🇹
7️⃣ Casper Ruud 🇳🇴
8️⃣ Andrey Rublev 🇷🇺
9️⃣ Carlos Alcaraz 🇪🇸
1️⃣0️⃣ Félix Auger-Aliassime 🇨🇦 https://t.co/g1PU6t8l1W",1518361507418890240,Tiempodetenis1
