full_text,tweet_id,screen_name
Some Ana Ivanovic fashion vibes. 😎❤️ https://t.co/hlyEpue4Ku,1520390437588160512,thelongvoyageMD
Ana Ivanovic only made ONE QF in Miami in her whole career and it was on her debut in 2005 #TIL,1519997022371467264,silasofficial_
"No ? I pretended to be Maria Sharapova, Venus Williams, Ana Ivanovic and Elena Dementieva https://t.co/2gqkQPvez5",1519685784516939776,MDNASPEARSS
Serena Williams vs Ana Ivanovic Dubai 2009 Highlights https://t.co/56SxROaztd via @YouTube,1519126025019535362,JuanSharapov
What in the Ana Ivanovic is going on?? https://t.co/MQk8hk6Bze,1518939353489330179,BeckyHeartz99
In 2014 sixth seed @MariaSharapova battled back to beat Ana Ivanovic in three sets and win her third consecutive @PorscheTennis. Our champ won 3-6 6-4 6-1 to claim her 30th career title and improve her record in Stuttgart to 13-0. 🙌🏻 (📸: @JJlovesTennis) https://t.co/bGjSsuKAd5,1518500210435145728,wesupportmasha
"Caroline Wozniacki, Kim Clijsters and Ana Ivanovic might be prepping for Wimbledon as we speak",1518465228186468352,_mdusk
