full_text,tweet_id,screen_name
"I’m sorry, but what the hell is the media thinking with that question to Brock Boeser!? Jesus… BE BETTER!!",1520914516996984842,JeffHoak1
"Players are real people , just like everyone .. my heart to you Brock Boeser .. I know what this is like .. xo https://t.co/OxBApr4Rht",1520914339548450816,pocogal
Praying for Brock Boeser and his family. https://t.co/ouzSE8hReL,1520912191611977728,TheGingerYinzer
"No matter how famous you are, no matter much money money you make, no matter the dream life you live, nothing matters more than family and health.

Prayers and blessings to Brock Boeser, his dad, and his whole family.

#Canucks https://t.co/xkjdbE8s5l",1520911785183916035,EvKazoo
NHL: Canucks' Boeser gets emotional discussing father's health https://t.co/05ZeqLb58n via @YahooCASports,1520909828104892418,XWoman54
Canucks: ‘Really hard’ season took an emotional toll on Brock Boeser https://t.co/iaRs4DkYpW #NHLRSS #NHL #theprovincecom,1520908939486896129,trans_rumor
Canucks: ‘Really hard’ season took an emotional toll on Brock Boeser https://t.co/HwYzs0MBOX,1520908724889608192,usasharenews
"Reinforces why I think trading Brock after this season would be a bad move. Injuries, family issues, the rotten team start, so many things holding Boeser back, and he was still pretty good.

And $8M per sounds more like the bare minimum, not the max, for JT Miller

#Canucks https://t.co/GY637Nxnxh",1520908696741687308,RodneyGibson604
"Just got the tea on what happened with Brock Boeser and I am absolutely going to unalive the journo who had the audacity to ask that question. It's skate blades out, lads.",1520907253053804544,Courfeyrikki
Canucks: 'Really hard' season took an emotional toll on Brock Boeser https://t.co/CyrYgbnn5x https://t.co/R0rPlIIKol,1520906806503092224,provincesports
Canucks: 'Really hard' season took an emotional toll on Brock Boeser https://t.co/KTpacw6mNO,1520906584221659137,SteveEwen
So true NHL players are human beings like the rest of us. Heart breaks for Brock Boeser and certainly hope for the best for his father during this time. https://t.co/KeQmKBuzpZ,1520904255707787268,bobano
Man this is tough to watch &amp; not choke up.. Thoughts &amp; prayers with Brock Boeser &amp; his father.. https://t.co/Hdw7RtsnPp,1520902655966875649,aharty0916
brock boeser deserves everything &lt;3,1520901962887483392,peteyenthusiast
The Brock Boeser end of season presser is the new Will Smith slap topic on here.,1520900439704629250,ellav96
My thoughts and prayers are with Brock Boeser and his family. Not easy to go through what he is and think about anything else. https://t.co/8hqPL1yT9c,1520898754018263040,StevenPsihogios
"Prayers to Brock Boeser and his family

 https://t.co/rx7v5usYNZ",1520898646656491522,NastyKnuckles
My heart goes out to Brock Boeser. Such a strong player and wish him all the best !!! ❤️❤️❤️❤️❤️,1520898347690770433,RobbieGamers
"Brock Boeser to sit up there and answer that question about his father when didn’t have to, just shows the kinda character he has. Feel so sorry for him and his family! Wishing them nothing but the best!! We’re All Canucks",1520898069344051200,Rodneydidit
"Seeing clips of a Brock Boeser answering questions about his fathers dementia…it hit home. Having gone through my dads 3 yr battle I understand the memory loss, the hallucinations, the without warning anger flare ups…and everything else that horrible disease entails.",1520897839760556034,ShaneWilk41
2017 18 Premier Brock Boeser Ma #hockeycards https://t.co/1yKxirEKLd,1520895619094691844,gems_card
Give my heart and everything else to Brock Boeser. Criminal for him to be put in such a vulnerable position.,1520894632216993794,LilSoftJock
"Brock brought up off-ice difficulties unprompted in his first answer, &amp; even had a teammate step in to say “next question” but stopped it and said he would answer. The outcome has been an outpouring of love &amp; support for the entire Boeser family. This doesn’t need to be negative. https://t.co/NDWYXkme0g",1520894590617751552,JustinMoris
"Learning about Elvis Merzlikins' trauma yesterday, Brock Boeser breaking down today, who will I have to murder tomorrow for hurting my boys",1520894457729536000,GreyMichaela
"It’s truly heartbreaking to watch this video of Brock Boeser. Praying his entire family, especially his father. Dementia is such a tough thing for families to watch their loved ones go through and Boeser still showed up every night and gave Vancouver what the best he could. https://t.co/Hp7qX94k7r",1520893684694269956,gapples96
"Brock Boeser is a classy guy!!
@Canucks 
@BBoeser16",1520892775859822593,DutchHockeyMom
"Brock Boeser, I'm sending you courage, tenacity and support. My family is  going through a similar situation with my dad.  But his is pallative  because he has congestive heart failure as well as complete kidney failure. He has dealt with  vascular  dementia  for years",1520891946398588934,CindersBuddy
"Man this hits hard, I saw my dad in a state that was very concerning, so I can imagine what Brock Boeser is going through. https://t.co/5ipVnNIXkp",1520889417778429952,colinbennett28
Fuck @benkuzma for asking Brock Boeser that question #noneofyourbusiness #fakejournalist #clickbait #Canucks,1520889264191459329,PolishWolf666
I just want to give Brock Boeser a hug right now.,1520888595816632320,GinoMuzzalupo
brock boeser i love u so much,1520887907568918528,goldenlaheys
Oh god I have no idea who he is but I absolutely love Brock Boeser now https://t.co/pb16d1SF1i,1520887743374635015,JustRegularTom
"Not the time/place to ask a personal Q like that. Boeser mentioned in the past he didn’t want to discuss. 

End of the season pressers are meant for hockey talk, full stop. That type of Q should be done in private with nobody else around, if Brock even feels comfortable. #Canucks https://t.co/UTUesP8WhB",1520887588428558336,GradySas
Whenever I talk about Brock Boeser the hockey player I’m unclear what kinda of career he will have - but Brock Boeser the human being comes off like an absolute All Star! Feels like his parents did a bang up job of raising their kids right #Canucks,1520887579691786240,DanMachholz
"I want to hug Boeser. The first question was enough; read the room on the follow up, media dude. Dementia is heartbreaking, and to deal with a parental illness while being expected to perform at such a high caliber is commendable. Much love to Brock and his dad. 💕 https://t.co/fsz8aQPIAC",1520886295991656449,hatfieldvmccoy
"Heart breaking. My father is also suffering with dementia, going on about 8 years now. I know how tough it is on a family. Thoughts are with Brock and the Boeser family. ❤️ https://t.co/qLeNgC3gQA",1520884836151566336,KF_Kadri43
"i feel really icky seeing the video of brock boeser being re-shared all over my timeline. if you want to know what happened, watch the media availability. please stop re-sharing it.",1520884599659900928,juliananikac
Huge upset in Vancouver as reporter makes Brock Boeser cry https://t.co/BorBElQ7zO https://t.co/B1grqHYIZG,1520882266779516929,HockeyPatrol
I literally want to give the biggest hug to Brock Boeser and the meanest right hook to the reporter.,1520882155517366273,deestweets23
"To the media members that are saying ""the moment with Brock Boeser talking about his dad shows us these guys are human ""

Guess what, water is wet. The question didnt need to be asked.",1520881164847747073,HockeyHugs10
"Brah , you are a trash human being. Why would you ask those kind of question ?  I hope you apologize to Brock Boeser and his family. https://t.co/B9zRRv4fpJ",1520880377413488640,GodKingUsopp
@benkuzma you’re an absolute joke for asking brock boeser about his dad. I’m sure the last thing he needs is a fucking reporter asking about his home front. I hope you get asked about your home front when your parents are dying you piece of shit,1520880332152602624,nickmandeville2
"The brock Boeser interview is devastating to watch and if you preface a question with “I don’t even know if I should I ask this,” don’t. Seeing a parent decline is devastating on its own and brock Boeser answering questions about it publicly is unfathomable. So much love to him",1520879791485849601,flooredbytweets
"I don’t really feel that question was necessary, but Brock answered it with class. Best wishes to the entire Boeser family. https://t.co/TD1nCM2sz5",1520879779129565187,raylanfoster
"Hey everyone, can we stop spreading the Brock Boeser video? The one where a question catches him off guard and he breaks down about a sensitive family matter? I just feel like if HE wants to come out and discuss the current situation then by all means, this just feels off to me.",1520879047214985217,CynFtWProd
"""Everything I've heard is they don't wanna move him, they want to get him under a new deal...if they can get a one-year deal &amp; play it year-by-year until free agency...everything is on the table.""

- @DhaliwalSports on Brock Boeser. @vancanadians

S&amp;P ➡️ https://t.co/OgcIO3LtVf https://t.co/huNVDhaX9M",1520878226314305544,sekeresandprice
Oh man this hurts. BROCK Boeser  sending love to you and your family .  I'm so sorry to hear this.. https://t.co/xDh5iYPdQc,1520876434872483852,MateoPotato1490
"I've known Brock since he was a star at Burnsville HS - he and his family are as classy and compassionate as they come.
My heart and prayers are with Brock and the Boeser gang. God bless Duke as he continues to fight on. ❤ 🙏 https://t.co/RBeqZ37sra",1520876228202356739,Gorgamatic21
Brock Boeser appreciation post. Canucks fans love you💙,1520874506033582080,laura_nucks43
"Damn, watching that Brock Boeser interview really hits hard! Thoughts and Prayers for the Boeser family!",1520874119461441536,TylerNaswell
"My prayers and thoughts go out to the Brock Boeser family during this difficult time, stay strong brother...",1520873919435083776,DerekMikolajczy
"Dude, so uncalled for. You don't do that to someone. This conference is about Hockey, not Duke Boeser's health. Brock is such a class act. Wish him and his family nothing but good vibes and health. The Canucks would be stupid to trade someone who has this much character. https://t.co/BJOegLW4dh",1520873377497374720,Juggie_Hundal
From this #Canucks fan my thoughts and prayers for the Brock Boeser family all of #Canucks fan's are giving Brock a virtual hug 🙏❤ https://t.co/ly7RvrWNH9,1520869345382965248,jeremiahpeters_
All I’m gonna say is we’re so lucky to have Brock Boeser. I pray he’s a Canuck for life. #Canucks,1520868206818201601,TheRealJoshKang
"First Oshie now Boeser. Both great dudes, class acts, great sons, both former North Dakota alum, both having to deal with father's health (Alzheimer's and Dementia). Prayers up for Brock https://t.co/7a3ObtVYm6",1520867973002670081,NormSuxPodcast
"Brock Boeser 2017-18 UD O Pee Chee Platinum Rookie Auto Seismic Gold  /25 BGS 10 Hockey Card. 

🔗https://t.co/g0tCtbpR3c

#thehobby #sportscards #Canucks #whodoyoucollect https://t.co/PR6tJUY1Gd",1520867907860721664,CardsStew
"To the guy who asked Brock Boeser that question, fuck off.",1520867488325685248,mustlovebiting
"You do not have to be a fan of a team to put your well wishes, thoughts and prayers towards @Canucks forward Brock Boeser and his family, seeing him fight to answer that question was heartbreaking.",1520866256638951424,OFFSIDETALK
"Bothers me to no end seemingly endless criticism heaped on professional athletes when their performance isn’t up to par. Sports reporters need to do better, acknowledge what they don’t know. From @_EPettersson’s lingering wrist injury to Brock Boeser’s revelation, they’re human. https://t.co/KznKUkAwhe",1520865939712995328,MartinvandenH
Brock Boeser is one of the best people in hockey. https://t.co/9BXEMF5MJ2,1520865212345339910,OMGitsGball
no one is allowed to talk to brock boeser ever again i will come after you,1520863391035891713,f0urfourteen
I’m sorry Brock Boeser for ripping you all season. I hope all is well with you and your family. That is always what is more important. Love you Brock ❤️,1520862479470915586,LaCanucks
brock boeser :((((,1520862406578167809,yodelingmadison
Here’s my take on Ben Kuzma’s questions to Brock Boeser: I sincerely believe that Kuzma’s questions came from a GOOD place…but it wasn’t the RIGHT place: https://t.co/44jfrtzqEt,1520862398734757888,CanuckClay
@RussoHockey very sad presser in Vancouver with Brock Boeser feel so bad for him.,1520861631005274120,rk2022
Strongest Brock Boeser hater https://t.co/AEP9z01QjN,1520860789623640139,MavridisNHL
Pray for Brock Boeser and his dad. That question shouldn’t have been asked. 😢🙏🏻,1520860139229614080,harryma2015
who made brock boeser cry.,1520860048003584001,kuchsleftglove
Prayers up for Brock and the rest of the Boeser family 🙏 https://t.co/o0dKNxUGLz,1520858636448325634,big4scores
Brock Boeser gets very emotional after a reporter asks a very personal question https://t.co/CXbOXSlfks #Habs #Canadiens #NHL https://t.co/1LNPmbZaZa,1520856847925739521,habsfanaticss
"Why would a reporter ask a guy a question re: his personal life when it’s none of our business??? Shameful 😠

W/ that said, I’m heartbroken for Brock Boeser. Sending Brock &amp; his Dad so much love &amp; strength 😥🙏🏻❤️ https://t.co/9EEtuIfzMn",1520856706359697408,amazingjr87
brock boeser is getting a huge hug from me he deserves peace after today sending love,1520855952852803584,jt_comphet
"For all the people dumping on Ben Kuzma, we've been following Duke Boeser's story for the past few years. Brock has been very open about it. I don't think it was an insensitive question to ask. #Canucks https://t.co/4348FDHETP",1520855683662434304,radiocodex
"I would like to wish Brock Boeser and his family all the best as they travel this road. As a parent ages and it gets terribly difficult for them to be ""themselves"",so hard to watch. Please know many who have gone through this in thier lives, are thinking of your entire family. https://t.co/iTPaCOXvlT",1520854588194127873,ArmchairGM1
My heart is broken for Brock and his entire family. Ben Kuzma I would think regrets asking this. Maybe every should just take a step back. Just keep the Boeser family in your thoughts and prayers. 🙏🙏🙏🙏 https://t.co/RxlEWn5br6,1520854501669818368,JaredinLangley
"Prayers to Brock, Duke, and the entire Boeser family 🙏. https://t.co/KizEaa3rFb",1520854328768176130,kylegrimard
"Well said, Simmer...prayers for Brock &amp; the Boeser family. https://t.co/DzeO71zF8W",1520854271310319617,ZigFracassi
I would take an ovi slap shot to the fucking face for brock boeser,1520853343786213376,samsHOEnov
"Honestly, if Brock Boeser wants to be closer to his family, he’d be welcome on the Wild.",1520853183060402178,nicointhewild
I don’t think I will be able to emotionally handle a Brock Boeser trade. He needs to be a Canuck forever,1520852235911307264,pandaaaaaaz66
"Im sorry but who is the reporter asking this and why? In what world is what's happening in Boeser's personal life relevant to your article or report? Keep the talks on hockey only and keep the rest out of it. 

Also sending prayers to Brock Boeser and his family ❤️ https://t.co/BedtdA5Oru",1520852042532724743,Mr_Frans2603
I feel awful for Brock Boeser,1520851276673830913,RealistSpeaking
Sending so much love to Brock Boeser and his family 💙 https://t.co/5cbdseA8of,1520849986195533824,njdkyleigh
#Canucks I stand with Brock Boeser,1520849670418755584,TessioBilly
God bless Brock Boeser and family #Canucks 😥 https://t.co/yqOcuBaR2C,1520849167039426560,Canucklehead_70
My heart breaks watching that Brock Boeser interview #Canucks,1520848621523988480,heyzamboniguy
Really tough personal question. Brock was really nice to answer it and share the new about his father. Many people in Vancouver care. I can speak for many and say we send our thoughts to his father and family as they handle some difficult times. 💙💚🤍 for Boeser family https://t.co/uAgHJbM6BW,1520847991967428608,EdlundEric
Brock Boeser man. Just want to give the guy a hug. Absolute warrior. #Canucks,1520847113122418689,Rlomas42
Respect for Brock Boeser and his family https://t.co/ocj2fVeDuV,1520846518520979456,brookwardsports
Brock Boeser's end-of-season interview was hard to watch. I don't know what to say either. #Canucks,1520846051007102976,hangukingan
LEAVE BROCK BOESER ALONE https://t.co/XYLu7qypa7,1520844634800369664,goblinparties
im at the point where im going to dox the dude who asked Brock Boeser any personal questions,1520844544002170880,ur_silly
Boeser has given his all to this team regardless of what's happening in his personal life. Seeing him visibly upset and then continuing to ask about his dad is disgusting. Sending love to Brock and his family https://t.co/c0o0IXYORT,1520843313049325568,SashaGoundar
Thoughts and prayers to Brock Boeser and his family.  @BBoeser16 is one of the good guys in the game.  🙏,1520842421512421376,jprterp
"This was so tough to watch, prayers for Brock Boeser and his family 🙏🙏 https://t.co/j8zmntIsPW",1520842131409100804,_kevinagustin
"What a scummy move of the reporter to blindside Brock with such an intensely personal question.

Sending so much love to the entire Boeser family right now🤍 https://t.co/yvyUT1b6Zy",1520841660028100608,slucas_
Ben Kuzma asking Brock Boeser about his personal life #Canucks https://t.co/0a5lUCNgZM,1520841184062500864,NoNucksGiven
"I just saw the Brock Boeser interview, broke my heart. Why would they ask him that? 😰",1520840268152516609,SkilliterStan
"All my thoughts go out to Brock Boeser. In no way, shape, or form can you fathom the exact suffering and things that he’s going through. I know people who have had to deal with parents with dementia and it’s so, so hard, that it’s even hard to talk about. We’re with you Brock.",1520839940728410118,budsjaysraps
"This is awful! What is wrong with reporters who push this far? That isn’t journalism! Brock Boeser has said on multiple occasions he does not want to talk about this! Players do not own anyone anything about their personal lives, especially with something like this! #Canucks https://t.co/6bxJja9ojE",1520838248209166337,MapexDrummer26
I am in the minority as I don't like the @Canucks or Brock Boeser but this tugged on the heart. Geez! #Canucks #NHL https://t.co/AOQr1Schf9,1520837381858938882,Darrell_Samuels
"Awful news about Brock Boeser’s dad, poor bloke",1520837160768843776,JHancock46
"I remember learning about Brock Boeser when he came here and one thing that was obvious was that no matter how good a hockey player he ended up being, off the ice this guy is one excellent human being.  

Especially tough to see good people go through bad things. 

#Canucks",1520836831293542400,HockeyRockBeer
"Brock Boeser, 🥺.

That was fucked and he shouldn’t have been asked about it but not the slightest bit surprised that it was, 👎🏽.

That’s all I gotta say.

#Canucks",1520835538252558337,Vikram662
Good Morning! Why on earth would you ask Brock Boeser that??,1520834780148887552,writerscupoftea
Sending love to brock boeser and his family🤍💙 https://t.co/aUPwBTj4Zb,1520834568651034624,simpforquinn
"Thoughts and prayers going out to Brock Boeser. Can't imagine how hard things must be for him... I can't imagine what things would be like for me if my Dad got dimentia. The fact that he was still able to show up every game and be a quality top 6 forward is amazing.
#Canucks",1520833386109042688,JuliusFreezer
"Sorry. Just wondering WHO needed an answer about how Brock Boeser’s dad is doing. That is his business, and unless you’re a close friend or family, you do not need to know. And you DEFINITELY do not get to ask him in front of a bunch of people.",1520832332109914112,nicointhewild
sending love to brock boeser ❤️,1520831179749871616,tommykippes2
The idea of someone making Brock Boeser cry makes me want to fight someone #Canucks I'll be keeping Duke and the Boeser clan in my thoughts.,1520829685961084929,i_love_canucks
me at the door of the reporter who asked brock boeser that question https://t.co/j5rqWvGTSO,1520828926913916928,stefelisabeth
i love u brock boeser &lt;3,1520828753600925698,6B0ESER
Here’s an idea. Don’t ask players to speak to the media about sensitive subjects ESPECIALLY when they have to do with a players family. I don’t care if it’ll make a good topic for your little articles. It’s pathetic and insensitive. I feel so bad for Brock Boeser  #Canucks https://t.co/59KTyMohii,1520828092431876097,samsHOEnov
this is now a brock boeser defense account.,1520827163020337152,ILYASOROKlN
So who asked the personal question to Brock Boeser? #Canucks,1520826723767443456,EProMediaDesign
really feel for brock boeser right now. media need to do better and avoid asking players questions about sensitive topics especially when they’ve stated they want to keep the situation private. no one is entitled to know anything about their personal lives.,1520826693224747008,sidneycrosbys_
"My heart goes out to Brock Boeser. It's some perspective that we fans need. To his credit he has never used his father's difficult battle with both cancer and Parkinson's as an excuse, but you know it can't be far from his mind. All you can do is wish them both the best. #Canucks",1520826479184998401,jabo_vancouver
All my love and thoughts right now go out to Brock Boeser and his family ♥️,1520824889099182080,JoshuaGriffith0
"I’m a highly sensitive Pisces woman and I lost my father at the age of 24. I am absolutely raging and would fight for Brock Boeser. Can we please give privacy to this wonderful man and his family, and focus on the game instead.",1520824726377037824,savedbydemko
this is now a brock boeser stan account https://t.co/2JPBqFlXno,1520824642264395776,Jessificashun
defending brock boeser on the internet is not enough anymore i need a gun,1520823881556238337,dumbokuto
I love u brock bear boeser but unfortunately you &amp; miller still need to go,1520823190464782336,Lcanucks
brock boeser crying means i cry https://t.co/7k6OhVCXB3,1520822973426544641,avslegend
Wanna give Brock Boeser a hug,1520822960440938497,coiled_potency
i just wanna give brock boeser a hug. the end of the year media should be about the players and how their season went not a q&amp;a about their personal lives and extremely sensitive topics. like that’s just cruel,1520822400186667008,ahockeygirl
Brock Boeser deserves all the hugs in the world,1520821712262254595,JillGattens
I just want to give brock boeser the biggest hug right now. Canucks fans love you 💙🤍 https://t.co/Q4U7edDYZI,1520821496507117568,simpforquinn
someone tell brock boeser they love him please 🤍,1520820555812945920,juliananikac
Brock boeser just broke down on front of the media after they asked how his dad is doing. He revealed his dad started having dementia. Players are human beings #canucks https://t.co/ZM62Wk0Qr4,1520820293459005440,simpforquinn
"@RyanHanaWWP Hey Ryan, I've heard that Vancouver intends to re-sign Brock Boeser and Bo Horvat and not do a rebuild. They will need to shed salary. I can see Yzerman taking on Tyler Myers contract for the 15th overall draft pick. What do you think?",1520715617728352258,AdrenRush39
2017 18 Premier Brock Boeser Ma #hockeycards https://t.co/KfVUvbWmz6,1520348408728408064,gems_card
"I don't think it's possible for an NHL player to look any worse than Brock boeser did tonight. If you have nothing to do I beg you to watch every shift of his. I think he killed 5 plays, lost every single puck battle, 4 giveaways. Just all around a piece of garbage. #canucks",1520251429641875457,Lastiwka19
"My fantasy hockey championship is coming down to the wire. Please please please Matty Beniers, Brock Boeser, Timo Meier, and Brent Burns…… get points. Preferably a gwg too. Oh but don’t let couture get points. Come on @Canucks @SanJoseSharks @SeattleKraken don’t let me down",1520233074876899329,JustinMac26
"Snapshots: Boeser, Rangers Black Aces, Miroshnichenko: Snapshots: Boeser, Rangers Black Aces, Miroshnichenko Source: Pro Hockey Rumors It’s been a whirlwind of a season for the Vancouver Canucks, and perhaps even more so for Brock Boeser. As his team… https://t.co/YRlfnuq2nC https://t.co/rM2aigWiqm",1520194745732984835,hockeyaddicts
"My latest for @CanucksArmy: It's been a long crazy season for the Vancouver #Canucks. But even with one last game in Edmonton, there's still lots to play for. Especially if you're named J.T. Miller or Brock Boeser. 
The final game day preview for 2021-22:
https://t.co/zh4eu8Sh4A",1520163077781553152,LachInTheCrease
"How does the Brock Boeser situation unfold?

@ThomasDrance joined us and talked about that and more.

Full interview.. https://t.co/EH2koZu2eH https://t.co/UrzoL7koxe",1520155966494322688,DonnieandDhali
"Report: Canucks “are going to work hard” to bring Brock Boeser back
 https://t.co/pyEBs539Jk",1520152022351327234,SpectorsHockey
"The Kings struck two posts in overtime before Brock Boeser scored his second goal of the night on his third crack at the puck for the game winner.

https://t.co/9CUyKxegTd",1520145908087726080,PrGeorgePost
Brock Boeser's 2nd goal of game sends Canucks past Kings - https://t.co/QliarC61mJ https://t.co/cMNuMdGCTy,1520141133212442624,cweb
Report: Canucks “are going to work hard” to bring Brock Boeser back: Report: Canucks “are going to work hard” to bring Brock Boeser back Source: Canucks Army Please complete the security check to access Why do I have to complete a CAPTCHA? Completing the… https://t.co/2AsHMF8ziS https://t.co/dXmr6xv6OL,1520135600757624832,hockeyaddicts
Report: Canucks “are going to work hard” to bring Brock Boeser back https://t.co/098WXqtjRu #Canucks #NHL,1520120995125727233,CanucksArmy
My toxic trait is that I show everyone I’m with pictures of brock boeser at the 2018 all star game when I drink too much,1520104482616487936,11secondsin
"Has Brock Boeser played his final game as a Canuck? The guys talked about that and @DhaliwalSports gave the latest he is hearing around the #Canucks forward. 

https://t.co/h4e2SKLzpb https://t.co/AAW9vLDFVN",1520098085363408897,DonnieandDhali
"So off season plans so far. Boudreau is getting a 3 year extension, sign Bo Horvat to an extension and sign a Brock Boeser to an extension sounds good to me. #Canucks",1520097140961251328,NoNucksGiven
Looks like a 1-2 year deal or a long term deal for Brock Boeser #Canucks (Friedman),1520095461100515329,NoNucksGiven
"Our poll question: Has Brock Boeser played his final home game as a Canuck?

💻 Email: TheTeam @ Chekmedia dot ca

📱 Text: 604-200-9494",1520083415613149184,DonnieandDhali
#Canucks Brock Boeser #brockstar #schoolofbrock #schoolofrock https://t.co/0yt1ZagaY8,1520024984080502788,soapvox
Brock Boeser's 2nd goal of game sends Canucks past Kings - https://t.co/QliarC61mJ https://t.co/Y0uMxl71id,1520010135699173377,cweb
"Brock Boeser’s overtime goal as well as the #Canucks salute Dustin Brown in his final regular season game!
https://t.co/JJHzauwwlC https://t.co/M7HKphZyBD",1519944979694571520,joshuanucks
brock boeser,1519933315528237057,JFARABEE86
Brock Boeser: Key in comeback win https://t.co/bk6SzTNCsA,1519932490458279936,RotoWireNHL
"Call the ambulance but not for the #Canucks ! They came back from 2-0 down for the 3-2 OT winner over the Kings thanks to Brock Boeser's two goals (including the winner) in their last home game of the year. Post game article up now.
https://t.co/AVSr55IBkw",1519928675298254848,JoshuaRey91
"Brock Boeser may not be worth $7M right now, but he sure will be if he gets any better!
#Canucks",1519926182317158400,JuliusFreezer
"For the first time in his career, Brock Boeser has reached the 70 games played mark #Canucks",1519918334996668416,Sher_Raja
brock boeser is nick nelson shaped i will not be taking further questions at this time,1519915639556747264,hockeygroins
In the wise words of brock boeser https://t.co/25YdooevEm,1519912902219628545,simpforquinn
Just a reminder that Brock Boeser is a good hockey player.,1519907971337097216,seanthspod
Brock Boeser scores 2 as Canucks edge L.A. Kings 3-2 in overtime https://t.co/l4Cxe6ncIL,1519907589999325185,HopeStandard
I would die for brock boeser ngl,1519907546802233344,11secondsin
Brock Boeser scores 2 as Canucks edge L.A. Kings 3-2 in overtime https://t.co/1VZRaRqC6E,1519906847804645377,AbbyNews
Brock Boeser scores 2 as Canucks edge L.A. Kings 3-2 in overtime https://t.co/MvHdip6fOH,1519906844218576896,AgassizObserver
Brock Boeser scores 2 as Canucks edge L.A. Kings 3-2 in overtime https://t.co/xHl9JS9L7g,1519906843195166721,NorDelReporter
Brock Boeser scores 2 as Canucks edge L.A. Kings 3-2 in overtime https://t.co/0dHuiEBZyG,1519906837587324928,ChemainusNews
Brock Boeser scores 2 as Canucks edge L.A. Kings 3-2 in overtime https://t.co/UqsP5mcosh,1519906208081088513,CVRecord
Brock Boeser scores 2 as Canucks edge L.A. Kings 3-2 in overtime https://t.co/UvaRfDj0Q6,1519906208034951168,NanaimoBulletin
Brock Boeser scores 2 as Canucks edge L.A. Kings 3-2 in overtime https://t.co/5IAVXZfZ92,1519906207770705920,AlberniNews
Brock Boeser scores 2 as Canucks edge L.A. Kings 3-2 in overtime https://t.co/HaZKbYJCJJ,1519906207523168256,ParksvilleNews
"#Canucks What a way to finish out the final game at home, Rogers Arena was buzzing tonight as Brock Boeser scored that OT winner. 1 more game left but great momentum going into the offseason. https://t.co/axAGV3lceU",1519905823815655425,vancitymade
"NHL News: Brock Boeser scores 2nd in OT, Canucks edge Kings 3-2 - READ FULL ARTICLE HERE: https://t.co/VMwpoPYsIj",1519905698762608641,cappertek
Brock Boeser scores 2 as Canucks edge L.A. Kings 3-2 in overtime https://t.co/Pdmmd2Au3T,1519905579669487617,CranTownsman
Brock Boeser scores 2 as Canucks edge L.A. Kings 3-2 in overtime https://t.co/ziUZNk3loW,1519905579455574016,CRMirror
Brock Boeser scores 2 as Canucks edge L.A. Kings 3-2 in overtime – Victoria News https://t.co/9s3aKljZNQ,1519905361804857351,UsaJaun
Brock Boeser scores 2 as Canucks edge L.A. Kings 3-2 in overtime https://t.co/KFSTcN31ZY,1519905079553236992,KelownaCapNews
Brock Boeser scores 2 as Canucks edge L.A. Kings 3-2 in overtime https://t.co/vgazTsGahd,1519905079276359681,CoastMtNews
Brock Boeser scores 2 as Canucks edge L.A. Kings 3-2 in overtime https://t.co/4LNJzyuvde,1519905078735368192,CloverdaleNews
Brock Boeser scores 2 as Canucks edge L.A. Kings 3-2 in overtime https://t.co/rt0mtRz7xl,1519905078559207424,WestKelownaNews
Brock Boeser scores 2 as Canucks edge L.A. Kings 3-2 in overtime https://t.co/ixThLGNGQL,1519905078164873216,LangleyTimes
Brock Boeser scores 2 as Canucks edge L.A. Kings 3-2 in overtime https://t.co/Vigm3zMAio,1519905078093574149,MissionRecord
Brock Boeser scores 2 as Canucks edge L.A. Kings 3-2 in overtime https://t.co/70yQk82X8k,1519905077934264321,WesterlyNews
Brock Boeser scores 2 as Canucks edge L.A. Kings 3-2 in overtime https://t.co/65h8WTR2wI,1519905077829398528,ArrowLakesNews
Brock Boeser scores 2 as Canucks edge L.A. Kings 3-2 in overtime https://t.co/Q9xPqKpCDQ,1519905077787385858,LC_Calendar
Brock Boeser scores 2 as Canucks edge L.A. Kings 3-2 in overtime https://t.co/EVpBhlZwj8,1519905077565136899,CrestonAdvance
Brock Boeser scores 2 as Canucks edge L.A. Kings 3-2 in overtime https://t.co/TBuCojhHBx,1519905077544185856,FernieFreePress
Brock Boeser scores 2 as Canucks edge L.A. Kings 3-2 in overtime https://t.co/gj78eibyBa,1519905077472874496,TheProgress
Brock Boeser scores 2 as Canucks edge L.A. Kings 3-2 in overtime https://t.co/oUJslQ7WD1,1519905077405790208,NelsonStarNews
Brock Boeser scores 2 as Canucks edge L.A. Kings 3-2 in overtime https://t.co/WatTECqn0W,1519905077275766784,WLTribune
Brock Boeser scores 2 as Canucks edge L.A. Kings 3-2 in overtime https://t.co/jDUlq94qxM,1519905077196066816,MapleRidgeNews
Brock Boeser scores 2 as Canucks edge L.A. Kings 3-2 in overtime https://t.co/9ZkPWDoAMX,1519905077191864320,SalmonArm
Brock Boeser scores 2 as Canucks edge L.A. Kings 3-2 in overtime https://t.co/eNqWThOZRX,1519905077128925185,LakeCowGazette
Brock Boeser scores 2 as Canucks edge L.A. Kings 3-2 in overtime https://t.co/RBMcG3mCol,1519905076973690880,KBulletin
Brock Boeser scores 2 as Canucks edge L.A. Kings 3-2 in overtime https://t.co/DGWGhUEVoI,1519905076952788992,GrandForksGaz
Brock Boeser scores 2 as Canucks edge L.A. Kings 3-2 in overtime https://t.co/kqOmxgAnPH,1519905076831133697,QuesnelNews
"I stole @Quadrelli's job tonight and whipped up the @CanucksArmy recap of that wild comeback victory.

2 goals for Brock Boeser
33 saves for Spencer Martin
J.T. Miller up to 98 points

Big night! #Canucks https://t.co/1Jz8K2jnc5",1519904789932380160,miketgould
Would just like to point out that Brock Boeser has 23 goals in a down year and y'all want to trade him for scraps,1519904619299622914,Zer0PucksGiven
Brock Boeser scores 2 as Canucks edge L.A. Kings 3-2 in overtime https://t.co/0DsZ7e2CS6,1519904580791795713,AldergroveStar
Brock Boeser scores 2 as Canucks edge L.A. Kings 3-2 in overtime https://t.co/blzqMCHGEy,1519904580766625793,NIGazette
Brock Boeser scores 2 as Canucks edge L.A. Kings 3-2 in overtime https://t.co/s1RRijBLsj,1519904579298549760,SicamousEagle
Brock Boeser scores 2 as Canucks edge L.A. Kings 3-2 in overtime https://t.co/2FiNTOdhMz,1519904578434519047,CastlegarNews
Brock Boeser scores 2 as Canucks edge L.A. Kings 3-2 in overtime https://t.co/b64GMzdSaw,1519904576568135680,goldenstarnews
Brock Boeser scores 2 as Canucks edge L.A. Kings 3-2 in overtime https://t.co/uDtNYbD7NZ,1519904576425500673,NorthernView
Brock Boeser scores 2 as Canucks edge L.A. Kings 3-2 in overtime https://t.co/8D9lNhqFwM,1519904070953095168,RevelstokeRevue
Brock Boeser scores 2 as Canucks edge L.A. Kings 3-2 in overtime https://t.co/zo2p9BZG7h,1519904070869286912,CowichanCitizen
Brock Boeser scores 2 as Canucks edge L.A. Kings 3-2 in overtime https://t.co/SUUTPXUca0,1519904070676344832,LC_Chronicle
Brock Boeser scores 2 as Canucks edge L.A. Kings 3-2 in overtime https://t.co/3YpKS7bMJU,1519904070324039681,TerraceStandard
Brock Boeser scores 2 as Canucks edge L.A. Kings 3-2 in overtime https://t.co/bPWinn3YO5,1519904069845872641,RosslandNews
"Brock Boeser's 2nd goal of game sends Canucks past Kings  #NHL
 #Canucks #VancouverCanucks #LAKings #GoKingsGo #Kin https://t.co/l5ggYMNirJ",1519901973914341376,FieldLevelMedia
Brock Boeser overtime game winner?! That’s so awesome I wouldn’t even have thought to wish for it #Canucks https://t.co/Ctg52AQMJi,1519901382790111233,laureleliza40
Brock Boeser scores against the Los Angeles Kings to make it 3-2 #VANvsLAK #Canucks #GoKingsGo https://t.co/MBz4crWr3M,1519899921188638721,nopClips
"Of COURSE very few fans have left - it IS their final home game of the year…🙇🏻‍♂️🙇🏻‍♂️🙇🏻‍♂️🙇🏻‍♂️🙇🏻‍♂️🙇🏻‍♂️

Btw…considering the tributes to Dustin Brown tonight, Brock Boeser’s OT game winner was goal number…
…23… #VANvsLAK",1519899545651408896,mediachristian4
"Brock Boeser finishes the year with 23 and 23 in 70 games? If he puts his head down, works hard and stays healthy then he’ll one day make William Nylander money.",1519899063768039424,mostlyleafies
"VAN: Brock Boeser (23) assists: none Goalie Cal Petersen (VAN 3, LAK 2 - 04:30 OT)",1519899032109432833,GoalNHL
"Brock Boeser with another beauty! He sure is giving management something to think about since coming back…re-sign him please! And please don’t shake this core up at all…also re-sign Boudreau ffs, I can’t remember if we ever had a coach that had his name sung #brucethereitis",1519898835312529409,neilycanuck
That was solid! Brock Boeser and Alex Chiasson! Signs we should keep 'em in the fold! #Canucks.,1519898769680003072,IanSmit12381901
🚨 LIVE OT WINNING GOAL FROM BROCK BOESER 🚨 https://t.co/Y6jhG3Jcfs,1519898149074001922,quinnsedgework
"tweet from 2058: ""legend has it that brock boeser is still shooting to this very day...""",1519898070158233600,BoringBortHova
I love Brock Boeser.,1519898059219558401,MegThe_Egg
"2 goals for Brock Boeser in his final home game as a Canuck!!!
(maybe, I don’t know 🤷🏻‍♂️)
#Canucks",1519898053821431808,ThatGuy72
BROCK fucking BOESER,1519897890617184257,suckerforavs
BROCK BOESER MY BOY MAKING IT HAPPEN!!!!!!!!!!!!,1519897851563700224,grimfeminine
Give Brock Boeser all of the RFA money.,1519897844047515649,LachInTheCrease
"Period: OT-00:30, Score: Vancouver Canucks-3 ~ Los Angeles Kings-2, Goal-Brock Boeser (0) Snap Shot, assists: none, #GoKingsGo",1519897835142975488,LAKingsPBP
THATS WHY YOU DONT TRADE BROCK FUCKING BOESER,1519897800724684801,aliovenshine
"Period: OT-00:30, Shot-Brock Boeser Wrist Shot saved by Cal Petersen #GoKingsGo",1519897799969497088,LAKingsPBP
BROCK BOESER I LOVE YOU,1519897790435921921,nuckflops
"🚨BROCK BOESER OT WINNER!
3-2 VAN

#Canucks #GoKingsGo",1519897787743178752,CanucksArmy
BROCK BOESER!!!! Canucks win!! #canucks,1519897782416408576,hangukingan
"BROCK BOESER!!!!
#Canucks #VANvsLA",1519897725721989120,krusty027
Brock Boeser!,1519897641529737216,orangeclarke98
"Period: OT-03:46, Missed Shot-Brock Boeser Wide of Net Cal Petersen #GoKingsGo",1519897081069985793,LAKingsPBP
"Period: OT-04:12, Blocked Shot-Adrian Kempe shot blocked shot by Brock Boeser #GoKingsGo",1519897045816909824,LAKingsPBP
"Period: 3rd-14:11, Penalty-Carl Grundstrom Hooking against Brock Boeser #GoKingsGo",1519892478526038017,LAKingsPBP
Brock Boeser scores a power-play goal against the Los Angeles Kings to make it 2-1 #VANvsLAK #Canucks #GoKingsGo https://t.co/VutE281DEw,1519892031979536385,nopClips
"Thank you, Brock Boeser, for ensuring the #Canucks don't go goalless on fan appreciation night.",1519890938469920768,passittobulis
"Period: 3rd-13:08, Score: Vancouver Canucks-1 ~ Los Angeles Kings-2, Goal-Brock Boeser (22) Slap Shot, assists: Elias Pettersson (35), J.T. Miller (67), #GoKingsGo",1519890719380439040,LAKingsPBP
"Brock Boeser gets the Canucks on the board with this powerplay goal. 🤩

🎥: Sportsnet

#Canucks #GoKingsGo https://t.co/HMY0W5OBgq",1519890611683225601,CanucksArmy
"Brock Boeser comes knocking with a PP goal.
LAKings 2 - Canucks 1 at 6:52 (3rd). https://t.co/dCseDAAx2h",1519890241007624192,GustlTweets
"VAN: PP Goal Brock Boeser (22) assists: Elias Pettersson (35), J.T. Miller (67) Goalie Cal Petersen (VAN 1, LAK 2 - 06:52 3rd)",1519890222275772416,GoalNHL
brock boeser future LA king,1519890130244317184,9kempe
"🚨BROCK BOESER!!!
2-1 LA

#Canucks #GoKingsGo",1519890085470113792,CanucksArmy
"Period: 3rd-13:08, Score: Vancouver Canucks-1 ~ Los Angeles Kings-2, Goal-Brock Boeser (22) Snap Shot, assists: Elias Pettersson (35), J.T. Miller (67), #GoKingsGo",1519890068441223170,LAKingsPBP
BROCK BOESER ILY,1519890039164993537,grimfeminine
brock boeser that was hot,1519890031149821953,53BLUEGER
Brock Boeser's last goal at Rogers Arena as a Canuck (probably),1519890009741946880,radiocodex
"Period: 3rd-13:52, Missed Shot-Brock Boeser Wide of Net Cal Petersen #GoKingsGo",1519889962556026880,LAKingsPBP
"Period: 3rd-14:11, Missed Shot-Brock Boeser Wide of Net Cal Petersen #GoKingsGo",1519889672465698816,LAKingsPBP
"Period: 3rd-19:06, Missed Shot-Brock Boeser Wide of Net Cal Petersen #GoKingsGo",1519887916348035072,LAKingsPBP
"Period: 3rd-19:21, Faceoff-Brock Boeser faceoff won against Blake Lizotte #GoKingsGo",1519887770889555968,LAKingsPBP
"Cal Petersen makes a diving blocker save on Brock Boeser.

#GoKingsGo #Canucks #VANvsLAK https://t.co/DapXpYHJNL",1519885485102927874,LARoyalty1967
"Period: 2nd-01:52, Shot-Brock Boeser Wrist Shot saved by Cal Petersen #GoKingsGo",1519882378809733121,LAKingsPBP
Cal Petersen with a one hell of a save on Brock Boeser.,1519882013066465280,JoshuaRey91
"Period: 2nd-07:18, Shot-Brock Boeser Snap Shot saved by Cal Petersen #GoKingsGo",1519879142774558720,LAKingsPBP
"Period: 2nd-11:28, Faceoff-Quinton Byfield faceoff won against Brock Boeser #GoKingsGo",1519877850161053696,LAKingsPBP
bruce. put brock boeser on the pk. give the people what they want,1519868679378276352,sleeplessmiles
"Period: 1st-17:05, Faceoff-Brock Boeser faceoff won against Anze Kopitar #GoKingsGo",1519862777845714944,LAKingsPBP
Man... his better not be Brock Boeser's last home game as a #Canuck...,1519785542094778368,krusty027
Brock Boeser is what they look like https://t.co/xGIEOJCzoT,1519764236876062720,NickZararis
"""He hasn’t been discussed as much as Brock Boeser or J.T. Miller in the public sphere, but I do think extending Bo Horvat is as big a priority for Vancouver as anything."" https://t.co/o2SLLNT0as",1519531663046287365,taj1944
"Assuming Kevin Fiala is off-limits which of these players do you think the Senators should target?
Brock Boeser, Conor Garland, Travis Konecny, Oskar Lindblom, Carter Verhaeghe.
Or maybe someone like Gustav Nyquist?",1519426919309230081,NaftaliClinton
2017 18 Premier Brock Boeser Ma #hockeycards https://t.co/5aSl8CCrTF,1519425896108670977,gems_card
"Considering his poor season and hefty qualifying offer, what do think Brock Boeser can fetch in a trade?",1519412279619465216,MJVanCity
"#Canucks OffseasonTo Do List:
-Trade Dickinson &amp; Poolman (saves $5.15M)
-Use that cap space to sign a defenseman, preferably Josh Manson
-Sign Brock Boeser before he needs a QO
-Extend Bo Horvat (8x6M) &amp; JT Miller (8x8)
-Sign a Bottom 6 Forward to a cheap deal (sub-$1.5M)",1519164814248923136,JuliusFreezer
2017 18 Premier Brock Boeser Ma #hockeycards https://t.co/aJo0W2L3CW,1519159292808548354,gems_card
"To Van  2022 1st(5th), 2022 2nd

To NJ     2022 1st(15th), Brock Boeser

Who says no",1519158728322273280,Burrows_steals
Sheldon Dries looks like Western Family Brock Boeser #canucks,1519137710669123584,chrisjmoreau
brock boeser looking angelic during the anthems,1519136358492631040,6B0ESER
Would you trade Brock Boeser in a deal for Barzal or Pierre Luc Dubois,1519110705630244866,arpan_on_BC
"Matt Barzal 6’1 187 C 24yrs
359GP-91G-306P (.85PPG) (Career)
70GP-15G-54P (This year)
Calder Trophy 17-18
(Born in British Columbia)
7Mx2

Brock Boeser 6’1 208 RW 25yrs
321GP-119G-254P (.79PPG) (Career)
68GP-21G-44P (This year)
2nd in Calder Trophy 17-18
(Born in America)
5.8Mx1 https://t.co/wKr865OG6N",1519079907606806530,Noah_Banx
This is a Brock Boeser/Elias Pettersson stan account @Canucks https://t.co/xIdrgvuPtY,1519023892391596032,Thesprucemoose6
"I'm trying to figure out what Brock Boeser is to the Vancouver Canucks.

-He's a winger
-Scores 45-55 points a season
-Has a lethal shot

-He's not a 2-way player.
-Foot speed an issue
-Projected to score 30 goals a season but has not accomplished it yet to this date",1519016580008464384,CanucksHouse
Crazy to see that there are three 30 goal scorers on Canucks and not one of them is named Brock Boeser.,1519014361469100032,CanucksHouse
but we kick em to the curb unless they look like brock boeser,1518977300225687552,imboeserthanyou
2017 18 Premier Brock Boeser Ma #hockeycards https://t.co/AUg0PDihuq,1518756800518148097,gems_card
"You guys think we might get another offer sheet this off-season?

Some notable names include:

Matthew Tkachuk
Jason Robertson 
Kevin Fiala
Jesper Bratt
Pierre-Luc Dubois
Patrik Laine
Andrew Mangiapane
Josh Norris
Dylan Strome
Jesse Puljujarvi
Brock Boeser
Nicolas Roy",1518736974428868609,Guruelous
Brock Boeser https://t.co/tPWIPR9vG9,1518731816554934272,fiddleyoumust
"PHILADELPHIA 12, ATLANTA 5
Brock Boeser scored twice and set up 3 more and Kevin Hayes, Josh Bailey and Kirill Kaprizov each scored twice. Joel Farabee had a goal and 3 assists to become just the 5th rookie to record 90 points and Torey Krug had 5 assists.",1518731696878858242,TheTNHL
brock boeser baby have you seen his hair and his face also he’s pretty decent https://t.co/NDFp9yD0T0,1518727077666689025,paciorettys
roope hintz + brock boeser https://t.co/lwO4KdK8h6,1518674414623154181,alexiaIeeann
it’s Brock Boeser - I’m Mrs. Sensitive https://t.co/EHNVFdniiu https://t.co/pasSNm5nnS,1518650271634800642,vranapuck
emotionally I need a stick signed by brock boeser rn,1518570865675608064,brockbowser
fem brock boeser PLEASE call me https://t.co/Yrm4ld15Pr,1518437000038256640,fe9ruary
2017 18 Premier Brock Boeser Ma #hockeycards https://t.co/vHmtqgf40G,1518349077121048576,gems_card
What if PLD and Brock Boeser magically switched places?,1518252461990981633,ImRealGoode
