full_text,tweet_id,screen_name
"Since the laws of physics aren't specified in any Smart Contract, I see no reason why I couldn't be boning Cameron Diaz since the day I was born and all the way to old age.",1520889814681329666,AndreiTaranu
CAMERON DIAZ PLAYED PRINCESS FIONA,1520877112927952899,k00z3r
#TM709 LUCY LIU Cameron Diaz Drew Barrymore CHARLIES ANGELS L@@K CANDID Photo #eBay🇺🇸 #Entertainment #Memorabilia https://t.co/0JvmUAHJtd,1520876262046064645,SAEntMemoraPro
"Cameron Diaz was hot, but now she looks like an alien. Many such cases https://t.co/JevISBbrXE",1520871976465752064,drummerhoff666
Movies have not been good ever since Cameron Diaz stopped acting,1520870523282071554,InfinityBaka
do you think Daniels can get cameron diaz to come out if retirement,1520862391222816768,magmamarshez
"first of all i would like to say thank u to cameron diaz, drew barrymore and lucy liu for such an amazing work at charlie's angels movies. those girls changed my life and the 2000s.",1520840872362921984,curulandra
I've seen that hairstyle before...maybe Cameron Diaz? https://t.co/APoHuf2jaw,1520836305520930817,CBrokr
Truly Outstanding Cameron Diaz (1995) https://t.co/Xvu8rE0sh1,1520825562750717953,MrBushman1
"cameron diaz in the mask, 1994 https://t.co/udtO2jk22j",1520811040405024768,notgwendalupe
"charlie’s angles (2019) wouldn’t have flopped so hard if they included lucy lui, cameron diaz and drew barrymore in surprise cameos like they did with the originals charlie’s angles cast and i stand by that",1520810962386886656,crdeliacrstirs
"My Sister's Keeper (2009)
Starring: #AbigailBreslin #CameronDiaz #SofiaVassilieva
Directed by: Nick Cassavetes

My Sister's Keeper (2009) Official Trailer - Cameron Diaz, Abigail Bresl... https://t.co/B38GXCLPmy via @YouTube",1520768110906724352,TallyMichelle4
"Dear Hollywood! Where can I apply to be Cameron Diaz?🔥I want a quick answer! Now!! 🥵🫠🤤

🎬 Feeling Minnesota / 1996 https://t.co/V8ICb5yrtq",1520766587543953410,keanureevesfptr
"I would love a family. I'm at the age where the wish for a child gets stronger. But who knows.
-Cameron Diaz
ⓈⒾⒹ 🄱🄳
 MUNAWAR FOR THE WIN
Start using....
 #LockuppKhurafatiMunawar https://t.co/BCKrxMyxvN",1520757209193680896,Mr_Dewan_BD
"Cameron Diaz and Justin Timberlake in Hawai, 2003 😍 https://t.co/dZIv9JekOa",1520746243131117568,madimuhalif
i think we as a society need to come up with a way to get cameron diaz to come out of retirement,1520723843190509569,icanbeaphantom
"She is a big fan of Julia Roberts, Cameron Diaz and Holly Hunter.",1520711140837588992,FLYINGDAKOTAF
Cameron Diaz- The naughty librarian.. https://t.co/4nLrQ1Edqf,1520684112931000320,ass_pervert
12 year old me losing it on seeing Cameron Diaz in The Mask &gt;&gt;&gt;&gt;&gt;,1520668968922583040,saumiaow
"Cameron Diaz and Justin Timberlake in Hawai, 2003 🤍 https://t.co/JZsPg1lwyj",1520653257965772805,CINEMAMOURR
I think Cameron Diaz in this is the best someone has ever looked in a movie https://t.co/WhRmvcTY1F,1520633309734129664,SiakamSpinV2
Snoop dogg sold weed to Cameron Diaz in high school. https://t.co/Ar9OnyM8gZ,1520623207077666816,urlilfren
I got my sun over here watching “The Mask” 🎭with Jim Carey &amp; Cameron Diaz 💋 she looks so good in this movie 🤤,1520607727096983552,WHOoiSs_PARiSss
"Watching Vanilla sky: 

Tom cruise is a Leo

Penelope Cruz is a Pisces

Cameron Diaz is a Scorpio",1520594748704051201,Christio_
Cameron Diaz is so beautiful I’ll never be her https://t.co/Bshn42x3xg,1520573289168580608,1amCait
Cameron Diaz is the closest thing we’ll have to a drag king on Drag Race….,1520572641060532225,blamsamran
what I need rn is simply a Cameron Diaz movie,1520564870290153472,elliegsnyder
i deadass swear i look like cameron diaz,1520560978857021441,Damnbi4
"Talking about emo bands and pop punk of our generation:
E: what is Benji &amp; Joel from Good Charlotte’s last name? 
Me:….Charlotte 🤷🏽‍♀️
😭😭🤣🤣
I got jokes y’all. 

BTW did you know Benji is married to Cameron Diaz as of 2014 🤯",1520524215308341248,RevSarahAlmanza
demi moore’s intro with cameron diaz in charlie’s angels 2 is quite frankly the gayest thing i’ve seen,1520523645617119232,fleamonttpotter
vanilla sky is not a great movie but the cameron diaz car crash scene stands as a terrifying and realistic depiction of crazy pussy,1520509497902608384,mirrordogg
Can’t believe it’s Cameron Diaz’s birthday https://t.co/0l4hofJ42y,1520506189859151872,tacobort
i think cameron diaz in annie (2014) was what started my obsession with older women,1520501868975333378,thqschei
Giving me Cameron Diaz ' bad teacher' vibes https://t.co/1yqGeSNDrC,1520500165819265024,WinterbearJune
"She is a big fan of Julia Roberts, Cameron Diaz and Holly Hunter.",1520499700822331392,FLYINGDAKOTAF
"A young David Katzenberg once said The problem, Bernard, is that what you and I do is so complicated. We practice Witchcraft. We speak the right words. Then we create life itself...out of chaos. They looked neurotic, Before turning to talk to Cameron Diaz",1520474032331628544,DeepTalksWithA1
Cameron Diaz’s look in Bad Teacher is giving me very strong @LindseyPelas vibes. 🤷‍♀️,1520463197295321094,sottilegina2
Cameron Diaz for Nylon (2000) https://t.co/Sjp8umOcjQ,1520458070501076992,diazarchivescom
ross was just a perplexing paparazzo before a teacher came into their life. they end up getting divorced. featuring cameron diaz and julia roberts.,1520450749573910528,romcomgenerator
Hey @JimCarrey I'm showing The Mask to my young niece and nephew and I don't know if anyone has ever asked you this but how much of the dancing w/Cameron Diaz was you and how much of it wasn't?,1520442400845733890,rocketsfan3785
"Beauty is a kind of radiance. People who possess a true inner beauty, their eyes are a little brighter, their skin a little more dewy. They vibrate at a different frequency.
- Cameron Diaz
#CanYamanMontecarloFilmAward",1520434175320502274,MrsCYaman21
"Beauty is a kind of radiance. People who possess a true inner beauty, their eyes are a little brighter, their skin a little more dewy. They vibrate at a different frequency.
- Cameron Diaz
#CanYamanMontecarloFilmAward",1520434049235398656,MrsCYaman21
Cameron Diaz's real name is Emely Fioridaniel. @CameronDiaz |  #CameronDiaz #RealCelebrityNames,1520432797067927552,bad_celeb_names
"Your regrets aren't what you did, but what you didn't do. So I take every opportunity.
—Cameron Diaz #dailyqotdapp",1520425883999379456,SupaCoolAssTay
Cameron Diaz and Justin Timberlake have a great professional relationship.,1520425573557968897,Ariieul
"If I had a time machine I'd go back in time and tell early 2000s Ryan that the guys from Good Charlotte marry Nicole Ritchie and Cameron Diaz.

There's some other stuff too, but mostly that.",1520419853231874048,TeamCargoShorts
"Knight and Day (2010) A young woman gets mixed up with a disgraced spy who is trying to clear his name. Tom Cruise, Cameron Diaz, Peter Sarsgaard, Jordi Mollà, Paul Dano, Viola Davis and Gal Gadot. https://t.co/s6Kl4lqIlT https://t.co/XXTtmbfmsr",1520372399061020675,DVD_Daddy
Cameron Diaz. I wanted to make her some hair gel. https://t.co/aU2B2nPUFY,1520356744878346240,kekistaniite
Kelly Anne oneway looks like Cameron Diaz as a claymation character 😳 https://t.co/z48t4UTKg0,1520342877708111872,WraithG20
Celebrities should just come to The Netherlands if they want to be left alone. We do not care. At all. I once told Cameron Diaz to get back in line because she’s just a person. Nobody cares if you’re famous here. You will have privacy,1520336424687607808,Suprficialloser
cameron diaz was such a fine babe im gon kms,1520321837196005376,sjyluvrs
"Dug up a deep memory tonight that, as a preteen, I wrote in my journal what was essentially fan fic based on The Mask because I wanted more from Jim Carrey and Cameron Diaz. I later scribbled the entire thing out with a gel pen https://t.co/NhyB6W8XaF",1520308590971478016,katildatweets
Sex tape really my shit lol i luv Cameron Diaz,1520305226712076290,Minng__
Cameron diaz rom coms &gt;&gt;&gt; https://t.co/Lxi7klm5v0,1520303681702350849,thebpdbox
"She is a big fan of Julia Roberts, Cameron Diaz and Holly Hunter.",1520288341266411526,FLYINGDAKOTAF
"Season 4⃣ 🤭

""cause 4 times really means something.........."" 
-Cameron Diaz, Vanilla🌫️S K Y 🎭 https://t.co/MkEwOHAgwt",1520266527806824451,savvysykoolober
"thinking, as I often do, of Cameron Diaz. hope you’re doing well queen &lt;3",1520264509490880513,ebrown95
Would you rather visit Cameron Diaz or guide Charlie Sheen,1520263392828657664,wudurater
"i usually say Cameron Diaz in The Mask was my first crush but i think it might have actually been Bernadette Peters in Annie, a movie i literally wore the tape down on",1520237898003484672,ichewonpushpins
Wanna feel old? Cameron Diaz is turning 60 today,1520236869413343232,wanna_feel_old
Madlyn from the ultimatum wants to be Cameron Diaz so bad,1520233513085288448,z_audacity
my best friends wedding would have been so much better if cameron diaz and julia roberts ditched the groom on the wedding day to be lezzies together instead,1520233227964731392,danisardor
"Cameron Diaz is unreal hot in The Mask but it’s too much to sniff her coat, guy",1520231970994888705,Kittenfish817
cameron diaz in the mask....,1520220209063342080,taesbkg
"Cameron Diaz and Justin Timberlake in Hawai, 2003 will always be iconic https://t.co/vZdsjbX8Ea",1520214780484538368,ezyjavi
Good morning. Cameron Diaz and Justin Timberlake https://t.co/QxHFYOkqtm,1520214602079817728,arkhad_j
Julia Roberts and Cameron Diaz in an elevator together 🥵,1520206541713989634,greyishpuddle
the other woman with cameron diaz and leslie mann is my comfort movie,1520204106115203073,omJI27
#CameronDiaz CAMERON DIAZ Out and About in Beverly Hills 02/21/2022 https://t.co/c9ABPBLaoy,1520195292922060800,celebs_of_world
"It looks like Maria from Silent Hill 2 was based on Cameron Diaz's face and Christian Aguilera's outfit.

P.S. Caption in the second pic lol... https://t.co/rAAQfJ60Ve https://t.co/w8mGc27WJ8",1520190265486675968,JacobMrox
i hope cameron diaz has had a great day,1520164900961767429,mendino_
"I Honestly Can't Believe Cameron Diaz And Jared Leto Ever Dated, And 53 Other Wild Famous Relationships From The Past 20 Years: Shoutout to Janet Jackson and Matthew McConaughey for filling 2002 with so much love.

---

View Entire Post › https://t.co/o1RdN4RaSt https://t.co/hM3OgHnAqx",1520158373253058560,BetterknowYou
"When I first read Sharp Object, I pictured Adora as a blonde J.K. Rowling. Amma as teenage Cameron Diaz, and Camille as Claire Danes. https://t.co/YzUMlOQzt3",1520156657690587138,tohavenotohoId
Don’t forget Cameron Diaz &amp; Benji Madden and Nicole Richie &amp; Joel Madden #goodcharlotte https://t.co/7k1lKpsO4s https://t.co/inVI1LvTRu,1520120108223393792,jami_jai
"I went to the doctor and asked him to make me look like Cameron Diaz I woke up looking like a freakin Shrek 😂😂😂 

I could watch this everyday",1520096238284255235,thehalfofBB_
"My favourite actresses (acting ability!!)
Naomi Watts
Susan sarandon
Sandra bullock
Emma Roberts
Cameron Diaz",1520091407511220224,Christi60431401
".@DrewBarrymoreTV “Something about Mary” Film and me and the amazingly beautiful, talented Cameron Diaz! 🎞👰‍♀️ #HairStuff

Me (left side photo) Ms.Diaz (right side photo)⬇️😳 https://t.co/qPTJPj7veT",1520085344389111810,HeiressMommy
"She is a big fan of Julia Roberts, Cameron Diaz and Holly Hunter.",1520076931206508544,FLYINGDAKOTAF
and his twin brother benji is married to cameron diaz! https://t.co/6xVV13XJI9,1520070820571205632,fulkys
need cameron diaz to become fully gwyneth paltrow-ified. i won't rest until she does a tv show hanging out with a psychic,1520048166938333184,discoscooby
Wait is Margot Robbie the new age Cameron Diaz? https://t.co/ItQWdW8H3S,1520031864970522631,CardiLaw
"Me and Cameron Diaz ⬇️

#SomethingAboutMary 🎞😳 https://t.co/IpP0SDEqjb",1520025490442137602,HeiressMommy
I always made fun of Good Charlotte but one of the members is married to Cameron Diaz and another member is married to Nicole Ritchie so idk maybe they’re on to something,1520015832956481538,jacobwelch771
"Penelope Cruz, Cameron Diaz &amp; Tom Cruise on the set of Vanilla Sky, 2001 https://t.co/QK1AhSIKop",1520005217051369472,Jade606_
a cameron diaz mt thinspo,1519936336077246466,maii4luv
"📷 analogwerk: Cameron Diaz (age 22) photographed at the riviera during the 47th Annual Cannes Film Festival: 1994 - Cannes, France. https://t.co/ympd9D4gKH",1519930467616702464,DebDarkPetal
I had a dream that Cameron Diaz was my mom.,1519928417214291968,bby_syd
Cameron Diaz gives MAJOR milf vibes :)),1519915741184548864,leahHahn0
Where’s Miss Cameron Diaz I feel like I haven’t seen her in anything in like 10 years,1519905760548777984,mavagomez_
"yre gonna blame me buying the entire pina colada on me murdering cameron diaz ? in cobram 
https://t.co/XY5wKPEZnF",1519897582301982721,realdarthbdjoe
this princess's life in hanoi will never be the same after they meet  a sports coach. they end up getting recruited by the local gang. they are played by fan bingbing and cameron diaz.,1519892076900409346,romcomgenerator
the sweetest thing was terrible omfg. 1 star only bc i love cameron diaz and christina applegate.,1519887576445775873,monavndrwl
Thank you Cameron Diaz don't forgot,1519879438154047489,RushArtist
id do anything to kiss cameron diaz on the right eyebrow,1519875501782802437,anemicmamis
"She is a big fan of Julia Roberts, Cameron Diaz and Holly Hunter.",1519865565023596544,FLYINGDAKOTAF
Check out Bad Teacher DVD Cameron Diaz  https://t.co/fg7YE5WVCe #eBay via @eBay_UK,1519821992429563909,LatersBaby08
Cameron Diaz in the mask 🔥🔥🔥,1519816900867371008,Limonaa21_
"This new, really attractive fedex lady comes by my job to pick up express and my coworker always get all excited I’m such a guy! She’s beautiful 😍 reminds me of a young Cameron Diaz 🤤",1519806396312604672,Va_Nay_Nay_25
"""All Stars 7 ""cast promises that guest judge Cameron Diaz is a ""Drag Race"" superfan: 'She knew everything' https://t.co/ccvxQcRSrB",1519805183210962944,jerrykoch69
"""All Stars 7 ""cast promises that guest judge Cameron Diaz is a ""Drag Race"" superfan: 'She knew everything' https://t.co/APUfAbIe8R",1519801244847640580,SamantheODaniel
"Cameron Diaz Prioritizes Family &amp; Being a Mom over Beauty &amp; Fame: 'I Don't Care What I Look Like'
https://t.co/2DPpYazuPD",1519799954935582721,amomama_usa
"Penelope Cruz, Cameron Diaz &amp; Tom Cruise on the set of Vanilla Sky, 2001. https://t.co/w8DjncMmGR",1519789873397391360,madimuhalif
"drew berrymore, lucy lui and cameron diaz : the holy trinity",1519776445429686277,isobelmuiss
"I do think if I were on any reality show and Cameron Diaz was a guest judge, I would be ready to go home at any point after that. Like I met Cameron Diaz....it literally doesn't get better than that, not even a $100,000",1519774929926860800,DVruno
"Penelope Cruz, Cameron Diaz &amp; Tom Cruise on the set of Vanilla Sky, 2001. https://t.co/yOTjeVLnIu",1519765936173051904,arkhad_j
Celebs who quit Hollywood from Cameron Diaz to Back To The Future star - and what they've been up to since https://t.co/rfTLlwE0HE,1519765500770848770,xleftcoastgirl
from Cameron Diaz to Jay-Z https://t.co/VmFLGrZVc1,1519762155691728899,LiteTakunda
I miss Cameron Diaz in movies 🥹,1519757825366499328,itisperico
A witch doctor accidentally switches bodies with a pensioner on New Year's Eve. Starring Cameron Diaz.,1519753928925011969,movieplotz
"Penelope Cruz, Cameron Diaz &amp; Tom Cruise on the set of Vanilla Sky, 2001. https://t.co/AJA6r7WVJW",1519731508877180929,wwwfilmme
Collection Didas ✨️ Sweet Young Luscious 🔥Sexy Cameron Diaz 💙 https://t.co/Mr2UnYVVVP,1519727763086708736,DidasSoma
Julia Roberts personally chose Dermot Mulroney and Cameron Diaz to play opposite her in My Best Friend's Wedding.,1519716494644547586,PurpleSpice4
You know that scene in The Holiday where Cameron Diaz is grilling Jude Law at lunch?  This happened to me last night and I told the guy “I feel like I’m being interrogated” and he told me “if you are going to date me you will have to go through an interview process” https://t.co/BvQkJeQlvp,1519715358042734592,mels452
Random: I think the only white girls I ever had a crush on coming up  was : Topanaga(of course) Cameron Diaz(There’s Somethin About Mary) &amp; then 2 out of the 3 sisters from Charmed 🤣,1519671787935649792,LegendaryBrickz
"I have some thoughts about the whole “Spike Jonze cheated on Sofia Coppola with Cameron Diaz” thing, because I’ve seen some people discussing it:

(1) that rumor only comes from people analyzing Lost in Translation as auto-biographical. No one else has ever suggested it.",1519663800051511296,atomic_roads
"She is a big fan of Julia Roberts, Cameron Diaz and Holly Hunter.",1519654161620803585,FLYINGDAKOTAF
"Drew Barrymore, Cameron Diaz and Lucy Liu (Charlie's Angels) https://t.co/IvsrhAFEvJ",1519632528818196482,ForSapphics
"I was *so close* to marrying Cameron Diaz, but, y’know, it didn’t happen and I’m over it now. https://t.co/pGUqweJvux",1519616201571323904,MaineRoadKid
Watching The Mask and OOOFFFF Cameron Diaz in this movie ?!,1519610729623859200,vorozco97
musk was almost cameron diaz chaffed peach from walking around not makin movies,1519597727763419136,GDP30448025
"Cameron Diaz publicity still for The Mask 1994
#OldSchoolCelebs #Celebs https://t.co/HZ1bpQ9gqU",1519574881217699843,realThisCeleb
"But, anything with Cameron Diaz or Drew Barrymore was an automatic YES for me",1519561282508181506,MoreMelanin1
The Concerned Assistance of Cameron Diaz,1519560520554237952,NYTFeatures
I think Cameron Diaz is sexy,1519548923756486656,shysmith
barbara striesand and cameron diaz my favorite yt girls,1519524531316170752,bassprincess99
When I randomly remember Cameron Diaz is married to Benji Madden,1519502341363355649,ladylaiina
idk why but when we played Oregon Trail in the computer lab in 4th grade I always named two of the people in my party Oprah and Cameron Diaz,1519500159616397314,heyrooneyhey
"This might be the widest difference I’ve seen in @Pitching_Bot &amp; @enosarris’s models:

Alexis Diaz Stuff/Command/OVR in Cameron’s model: 70/65/75

Alexis Diaz Stuff/Location/Pitching in Eno’s model: 71.4(?)/103.1/93.9

You guys have any clue why the difference would be so large?",1519492855844286464,RedsInFour
Cameron Diaz is so cute.,1519486736941948929,monkeyjadebunny
Cameron Diaz in The Other Woman (2014) https://t.co/nvS6kZMz5A,1519481809603543041,framefound
"I would like to get 2 more females. My choices of females: Kristy Swanson, Jennifer Tilly, Jennifer Love Hewitt, Mayra Tierney, Cameron Diaz, Chaunte Waynes, Blair Socci, Jeanie Buss, Molly Shannon and Joan Cusack.",1519479759977152512,Keithreza
not a day goes by where i miss cameron diaz,1519473585190055936,https_sams
Wait… Cameron Diaz is retired ?!?!,1519470698527395845,FluidLucas
Cameron diaz is the hottest blondie on earth,1519469432753594368,GamblerJason
Ever since I found out Cameron Diaz is the voice of Fiona I feel like Fiona looks just like her lol,1519464508137254912,Tamia04_25
Cameron Diaz Car Scene The Counselor https://t.co/09U6TEMovJ #KeepIt #shownotes,1519458822963798016,KeepitStans
"She is a big fan of Julia Roberts, Cameron Diaz and Holly Hunter.",1519442747735740418,FLYINGDAKOTAF
Amber Heard reminds me of Cameron Diaz in #vanillasky . That chick seem hella crazy.  #JohnnyDepptrial,1519436471371014146,USPhilOfRights
"the plot of my best friend's wedding starring julia roberts, cameron diaz and dermot mulroney happened to my buddy",1519433461844652034,rainylandscapes
"It's Cameron Diaz, I clicked so you don't have to. https://t.co/1XESbVt6Xr",1519433039767642113,Anextiomarus
RuPaul's Drag Race All Stars 7 confirms guest judge coming out of retirement for show https://t.co/dG8z8JPRoL,1519429910200299520,digitalspybrk
"Watching the queens talk about how much Cameron Diaz loves Drag Race and her time as a guest judge is so wholesome, and it makes me love her so much more.",1519419031991762945,bazzahey
i need cameron diaz in movies again,1519417342169698309,kaitofiIes
"happy to announce my mask mandate remains in place. that is, my THE MASK mandate: that everyone should have 1. high self esteem when they put on a bold suit, &amp; 2. a crush on cameron diaz",1519392517095108608,mariasghost
https://t.co/5kV6SRMFJ0  NFT: Does she looks like Cameron Diaz?            #NFT #NFTs #NFTCommunity #NFTCollector #OpenSeaNFT @OpenSea  @CameronDiaz @pixielaur @_Cameron_Diaz_ @_Cameron_Diaz_,1519370047017426946,NFTGiveaways3
"still , to this day tied with cameron diaz in the mask as the hottest woman on film https://t.co/aDkXIE9W3b",1519366679024869378,jkunderwearhunt
cameron diaz como la princesa fiona was perfect casting i don’t care,1519364793676742659,jvvlixn
Putting Julia Roberts and Cameron Diaz up against each other is wild,1519364570573381632,RickiiBobbii24
ok so musk can be cameron diaz vagina man but she walks and has sex and moves around so its gonna cause chaffing of the brain and body.,1519351501776322560,GDP30448025
"i had to call 911 (and was put on hold twice 🥴) for an apparent local homeless man last night, and in the process he asked my name. idk why but the first thing to come out was Cameron 😂 his response “like Diaz? you’re pretty just like her” 😂 what’s next? lol",1519343944420581378,jorydoner
Check out LOT 2 GLAMOUR BRAZIL ANA BEATRIZ BARROS ALESSANDRA AMBROSIO CAMERON DIAZ FASHION https://t.co/VhlF0rA2fD #eBay via @eBay,1519321747371302914,FARRAH_LOVE1
"Cameron Diaz and I share our birthdays on the same day, that’s lit",1519315214130364418,TinaDao1860
"Segue lista de atores que nunca estudaram para tal:

Jim Carrey
Christian Bale
Jennifer Lawrence
Russel Crowe
Charlize Theron
Joaquin Phoenix
Natalie Portman
Heath Ledger
Cameron Diaz
Tom Cruise
Henry Cavill
Meg Ryan
Mathew MacConaughey
Channing Tatum
Ben Kingsley
Johnny Depp https://t.co/asKk5LHjYm",1519313821206261760,BrunoMellx
"“What women need to do, instead of worrying about what we don’t have, is just love what we do have.”- Cameron Diaz

ANJI OnMUPH STAGE
#AnjiSalvacion || @anjisalvacion",1519287160285057025,angelicha_8
cameron diaz underrated af,1519276763880124416,Iizzjennings
"""Me flow nu ma Calcium""

""Gayfuor new name, Cameron Diaz"" https://t.co/OpMGnSgreR",1519271155978448896,secch_
"Imagine drew berry more, lucy lio and cameron diaz in one movie...
Hut seing cameron diaz would be on drag race is whole joy to watch 🥺 https://t.co/wraLH3lxjM",1519260891044229120,TeddybareOG
"I always loved Cameron Diaz 😍
Sexy tall ass mamacita 😏 https://t.co/6ew9ZO9W2q",1519240438342955008,LocoLaker24
Cameron Diaz and Snoop Dogg used to go to the same high school and she bought weed from him.,1519235333757485056,Fact
"""Beauty is a kind of radiance. People who possess a true inner beauty, their eyes are a little brighter, their skin a little more dewy. They vibrate at a different frequency.""- Cameron Diaz

ANJI OnMUPH STAGE
#AnjiSalvacion || @anjisalvacion",1519232328639586305,maestra_eeisor
"She is a big fan of Julia Roberts, Cameron Diaz and Holly Hunter.",1519231403405504512,FLYINGDAKOTAF
"Excerpt: ""OK! magazine reports Garner has hardly any famous girlfriends, &amp; that Reese Witherspoon, Gwyneth Paltrow, Cameron Diaz &amp; Chelsea Handler, in particular, aren't fond of her""
[Hoping Jen reads &amp; do consider legal actions!
THEY call MY girl ""Shady""]
https://t.co/TTjkuX7jW6",1519212245368115201,Michell92487367
Does anyone else miss Cameron Diaz / Katherine Heigl - kind of rom-coms?,1519201091564486656,Swatsiie
musks my nuke and not cameron diaz driving elon crazy at retarded green environmentalists who dont know smog acid rain and global warming are all satellite frauds from the eu imbeciles,1519192417949274112,GDP30448025
Ima watch anything starting Cameron Diaz,1519185102269419520,_yungdij
So @jaidaehall brought this moment up on @EW and I looked it up to be so happily surprised to find out Cameron Diaz is a @RuPaulsDragRace stan 🥹🥹 das Princess Fiona and one of Charlie’s Angels ! https://t.co/xXsCZevbxS,1519183760821956608,reyynaissance
I wonder what the lipsync songs will be for Cameron Diaz and Naomi Campbell's episodes of Drag Race,1519177086275047424,harlan_quinzel
(confusing Cameron Diaz and Uma Thurman) bro Quintin Tarantino almost killed Cameron Diaz bro how can you defend...,1519161344842514434,prana_addict_69
I miss Cameron Diaz 🥲,1519160114741137409,iamtycole
Lmao I would like thank Cameron Diaz for giving me the strangth to spend a whole day drawing a picture fresh out of depression 🧐🙏🏽 https://t.co/1Pic2xWAAt,1519148826325565440,Uswithoutwings
everytime there was badly dubbed dialogue in THE NORTHMAN I just imagined each and every actor arrived on set determined to do Cameron Diaz's Barbadian accent from THE COUNSELOR.,1519144305927110661,SpeedinUptoStop
"life in shanghai was never flamboyant, but it was good enough for jane, a white woman. but their world is turned upside down when they meet a celebrity. now, all they gotta do is convince a white man to come along. featuring cameron diaz and joseph gordon-levitt.",1519137127249825792,romcomgenerator
cameron diaz i’m begging you come out of retirement,1519132789823705091,zadiemc
I’ve always felt that Bridesmaids could’ve been a Cameron Diaz movie,1519124457805299714,CheynDaDyke
Cameron Diaz in The Mask movie gotta be one of the hottest of all time bro she got me eyes wide open making looney toons noises fr 👏👏👏👏,1519123708627062784,faissalchrf
"Gleeks Rejoice! This Thursday, Cameron Diaz hits the halls of William McKinley High as Becky Jackson in Ryan Murphy's limited release ""Fondue for 2""",1519118337501843457,RyanMurphyFacts
"Cameron Diaz’s performance really improves during the shrek franchise, she wasn’t bad in the first one or anything but she was definitely getting more comfortable in the sequel. Nice",1519106408729526274,MollyHoque
Cameron Diaz are to defiant they overlook actor,1519099926080147457,JonnyStocks43
"Cameron Diaz can do no wrong. Proud stoner. Drag race super fan. Made it on pure talent, not nepotism like today’s stars. Then bowed out of acting when she was on top. Class act.",1519098254243209216,WagsMatty
damn they dragged cameron diaz out of retirement https://t.co/sYbhvyF0pe,1519085492456902656,MooShawi
"If you can help me find out which lipstick Cameron Diaz wore in The Mask, I’d be forever in debt to you https://t.co/rrueMRqyNO",1519070474910720005,katieroo_25
"I’m watching the mask,and Cameron Diaz was really fine. Elite milk right there.",1519068239535386625,riricakesss
cameron diaz’s entrance in the mask https://t.co/zGEImiWnsG,1519062295263031308,redsoph_
"Someone asked me if I could do anything tomorrow what would it be? The first thing that popped into my head ""Being naked in bed drinking champagne with Cameron Diaz watching the Liverpool game.""",1519040042869604352,KrisKlassen3
How beautiful is Cameron Diaz in something about Mary 😍,1519035562098835456,WhiteRoses_95
"""The first Mask was Cameron Diaz’s best moment."" (Eric)

""No…fucking a car. That’s the one.""

-Yeah, watch The Counselor; Son of the Mask https://t.co/6Z0rgxzR7E",1519031284126920710,SajdaksSayings
"❤️🤗🥺Do you realize who you are hurting Lyor! I loved you for a long time! I prayed for your safety and you to be a good human being! Who else was a model and has a personality like Cameron Diaz, and dances like Cameron Diaz in Charlie’s Angels Lyor? Do you love me Lyor?❤️🤗🥺 https://t.co/FOtIm9IIOW",1519029907015225346,Faithandlove89
"demi moore, drew barrymore, lucy liu and cameron diaz in 2003. breathtaking. https://t.co/X0PHKXvrRI",1519026707302436866,PopCulture2000s
"Drag Race’s first all-winners cast previews twists, drama, Cameron Diaz, and a gaggy season fit for the Avengers of drag. https://t.co/BNUb17qWte",1519024359670755328,abelspice
Charlie's Angels (2000) Official Trailer 1 - Cameron Diaz Movie https://t.co/zMmNufYvfk via @YouTube,1519022515980492800,goddessaaronws1
"She is a big fan of Julia Roberts, Cameron Diaz and Holly Hunter.",1519019955865325570,FLYINGDAKOTAF
I had a dream I got to meet Cameron Diaz.,1519013564014415872,BlackGirlGrape
"Thinking of weird food habits in movies….. I remember in “In Her Shoes”, Cameron Diaz’s character poured milked straight into an ice cream pint before eating it. Never seen that before in life or film. 

What are some others?",1519002514753916930,stacyohoward
no thoughts just cameron diaz buddy comedies,1518998227386867718,Damnbi4
I might love drew Barrymore more than Cameron diaz,1518983457304633344,MiaSilvs
"Watch Cameron Diaz, Naomi Campbell gag ""Drag Race"" winners in first ""All Stars 7"" trailer https://t.co/HLZvnh20gZ",1518958747426689024,jerrykoch69
its such a shame they didnt make more charlies angels movies. it was simply too ahead of its time i mean lucy liu cameron diaz and drew barrymore doing spy shit https://t.co/E7gYxHnvSO,1518934724588101632,inchuuorbit
"Cameron Diaz🇺🇸
Go to bed early😴 See you in the morning https://t.co/bJ3st1eGgW",1518925565839175681,dead1978tt
"if anyone knows how pop culture has affected our ideas about bail bond agents, pls let me know

it's for class and this kid wants me to answer it for our discussion... bro all i can think about is that one cameron diaz movie w the bounty hunter???",1518908947582926850,rkivexgcf
Check out this new photograph that I uploaded to https://t.co/3WLHlqpHVq! https://t.co/7jk5YnIye9,1518897749109837826,lukasdiver57
Cameron Diaz favorite meal at my shop are the Fish tacos,1518858339500797952,JonnyStocks43
"alex trebek: this film starring Jim Carrey as the titular comic superhero also featured Cameron Diaz in her film debut

dream: THAT’S WHAT THE MASK IS!

alex trebek: i’m sorry, you didn’t phrase it in the form of a question",1518844289840607232,WeAreHoityToity
Someone on tiktok told me I look “just like cameron diaz”,1518808864254087168,sleepover_queen
"She is a big fan of Julia Roberts, Cameron Diaz and Holly Hunter.",1518808600432766977,FLYINGDAKOTAF
Wanna feel old? Cameron Diaz is turning 148 today,1518802441663262721,wanna_feel_old
Is Cameron Diaz still hot?,1518797397035393025,leprisyleo
Just met and conversed with Cameron Diaz. 10/10 would recommend,1518788432323129346,fbriones007
cameron diaz in the 90s....soooooo foinneeee,1518779969098428418,jilliantheshark
"CD=Cameron Diaz. 

She really needs to slow her roll lately with the ""considerably younger"" comments. She is walking a tightrope &amp; peopleare watching &amp; she knows it. She acts like she doesn't care. But she knows it. https://t.co/oSUAkBN5pX",1518759382510714882,EcheDetecti1
"🔥⚡CHARLY'S ANGELS🔥⚡💋Cameron Diaz⚔💄Drew Barrimore 🗡👠 Lucy Liu 🔫🎷🔥
https://t.co/Fa3BFmdg36 👼👼👼 https://t.co/yDB4jdhvWI",1518730858244583426,appellemoijane
if you're a fan of that movie where Cameron Diaz has sex with a car you will really like Titane,1518721208119967754,jeremyhachat
Cameron Diaz in The Mask,1518707901032017921,homelypop
"Margot Robbie, Zoe Kravitz, Ema Louise, prime Cameron Diaz 

in order",1518699541482061824,tjkongo
"Cameron Diaz, Lucy Liu and Drew Barrymore (2000) https://t.co/TjBzSebhGu",1518699083027959810,diazarchivescom
Cameron Diaz was such a bish in Any Given Sunday 🙄,1518687156943863810,xoxoSuYung
"With this new report of inappropriate conduct by Bill Murray, I wonder what @DrewBarrymore &amp; Cameron Diaz experienced with him. Lucy Lui already shared her experience.",1518682302976606211,Metalhead6996
"My first post on Instagram is live and I've written a brief on celebs I've interviewed from Leonardo DiCaprio, Cameron Diaz, Justin Bieber, Lady Gaga, Cheryl Cole, Daniel Craig to Margot Robbie, Robert Pattinson and Keira Knightley #TalkTV https://t.co/dGuXwhTFP7 Media Journalist",1518659783619973121,mediawriteruk
"Cameron Diaz, Naomi Campbell to appear on 'RuPaul's Drag Race All Stars' season 7 https://t.co/FjZCGge3ab via @GMA",1518650235504848896,LuzanoB
rewatching The Holiday for the millionth time and wondering - does Jude Law just leave his sleeping kids alone to go meet Cameron Diaz in the middle of the night or what,1518647670516056064,MeghaAgarwal42
"Vanilla Sky (2001) A self-indulgent and vain publishing magnate finds his privileged life upended after a vehicular accident with a resentful lover. Tom Cruise, Penélope Cruz, Cameron Diaz, Kurt Russell, Jason Lee. https://t.co/J9uT9WDuin https://t.co/dkUMFXCko0",1518635955003006977,DVD_Daddy
Y’all remember that movie with Cameron Diaz? Lmao I’m hollering!!!!!! https://t.co/A1KM7z5PY5,1518629220532072448,domsagem
"Gwyneth Paltrow, Cameron Diaz and Drew Barrymore invest in Evernow, a startup that guides women through menopause https://t.co/IIhkjJ5hCx",1518607793560993793,fredhermelin
"Cameron Diaz Most Beautiful Snapshots 💥
https://t.co/jZu8hzYmP8",1518602604720369664,theuniq
"She is a big fan of Julia Roberts, Cameron Diaz and Holly Hunter.",1518597215325163520,FLYINGDAKOTAF
i would have been a food critic in new york city who only realizes i’m in love with my best friend after he tells me he’s marrying cameron diaz obviously https://t.co/KeSESEoQs4,1518595406313238528,nicoletinfoil
"i’ve got a lot to learn... but I believe a third Charlie’s Angels film starring Lucy Liu, Cameron Diaz, and Drew Barrymore, with a soundtrack by Destiny’s Child can save the world *cue the last Airbender theme music*",1518593766130552832,letthebliss
"NO NEED FOR CORKSCREWS OR GLASSWEAR
Co-Founders Cameron Diaz &amp; Katherine Power, Introduce their popular Avaline White &amp; Rosé wines canned .. 
https://t.co/RFKaNL9zOZ

#avalinewine #foodanddrink #gastronomy #wine #camerondiaz https://t.co/KNSLzrq7Gy",1518567456977174531,BillionsPortal
I think I've become more comfortable about being a human being - Cameron Diaz,1518558895899172864,vidwivi
"remember the sexy scary character Cameron Diaz played in @TomCruise movie Vanilla Sky

this is Najwa Nimri .. she played it in the original 

Open Your Eyes (1997) https://t.co/PXD3SrwXLz",1518557598018113536,HARRY1225838191
"Najwa Nimri  she played the Cameron Diaz character from Vanilla Sky (2001)

it was a remake of Open Your Eyes (1997) https://t.co/S3P72Rg6b0",1518554620926308355,HARRY1225838191
"H/T @RuPaulsDragRace CD Ethan Petersen 4 S7 Celeb Drag Race: Cameron Diaz, Daphne Guinness, Kirby Howell-Baptiste, Jeffrey Bowyer-Chapman, Nikki Glaser, Tove Lo, Betsey Johnson, Janicza Bravo, Ben Platt, Ronan Farrow, Hannah Einbinder, Naomi Campbell, Vanna White, Nancy Pelosi 👏",1518554113256181763,barbara_b_abel
"""Your regrets aren’t what you did, but what you didn’t do. So I take every opportunity."" - Cameron Diaz

#mondaythoughts #MondayMotivation #Mondayvibes",1518527633574748160,theITW
"THE Cameron Diaz is a guest judge on All Stars 7, we will be watching",1518525444777250816,WilloMadden
"Apr 25th 2012
Gambit

Director: Michael Hoffman
Cast: Colin Firth, Cameron Diaz, Alan Rickman https://t.co/R1CQl4k9xn",1518500121742389249,Released2Day
"Cameron Diaz Has Not Retired From Acting, Selma Blair Clarifies
https://t.co/7NPoXnwH9x",1518490102942650370,chukwuRoland2
I think I’m ready for god to take me when I see another twitter account tweet snoop dogg sold weed to Cameron Diaz,1518465690155438082,urlilfren
"""What the F@ck are you doing in my swamp!?!""

SHREK
Released April 22, 2001
starring
Mike Myers - Shrek
Eddie Murphy - Donkey
Cameron Diaz - Princess Fiona
John Lithgow - Lord Farquaad
Based on a 1990s children book, Shrek! by William Steig https://t.co/r4S0PJrKLb",1518436625268678656,Rikas_work
"Cameron Diaz en The Sweetest Thing, goals",1518415531002499072,P_Arevalo
"From ABC News:

Cameron Diaz, Naomi Campbell to appear on 'RuPaul's Drag Race All Stars' season 7

https://t.co/45dXzq5GF7",1518403626829553664,Roadches
we need more drag race queens as guests on the judges panel…who else would be better qualified? Cameron Diaz? 🥹🥹,1518400929359298560,princessuglina
"She is a big fan of Julia Roberts, Cameron Diaz and Holly Hunter.",1518385799666225152,FLYINGDAKOTAF
"Snoop Dogg, Jenni Rivera, and Cameron Diaz all going to Long Beach Poly should give you a clear indication how diverse our school and city is.",1518372305206128640,MFalanai
https://t.co/cnxgbNHmb8 I still think it's a 90s movie theme and everyone will also tell me Ryan and Julia Robert I say with several debra brass and Jane levees and Cameron Diaz but a Rom-com is it with you can see it ironically in romance movies where it clichéd  that they will https://t.co/tfsoU1x9Ud,1518366860315668480,MJMartstory
https://t.co/mqHUeKfrnG  NFT: Does she looks like Cameron Diaz?            #NFT #NFTs #NFTCommunity #NFTCollector #OpenSeaNFT @OpenSea  @CameronDiaz @pixielaur @_Cameron_Diaz_ @_Cameron_Diaz_,1518358380959645700,JoseDelPaso
"Jennifer Lawrence, Mila Kunis, Cameron Diaz, Sandra Bullock , DAKOTA FANNING is really my girl, and Sarah Paulson https://t.co/CuvxxeJPkb",1518337449314832384,_typimpin
Am I the only one who thinks it's so funny how Cameron Diaz is a real person???? Like...WHY IS IT SO FUNNY TO ME,1518335439899406339,ayakocandee
