full_text,tweet_id,screen_name
We’re watching the new cheaper by the dozen (it is cute) and the sweet valley high twins are in it!!! I love these things they put in for parents 😂,1520910601228275712,Jay01El
The new Cheaper by the Dozen movie with Gabrielle Union is so cute,1520898180740747265,Erickah___
A cheaper by the dozen esque  Omegaverse fic that's Chan x Jaebeom trying to handle two rowdy packs. 🥺👏❤️,1520894139348488192,bambamneedsanap
"Watching the Steve Martin Cheaper By The Dozen, a good early joke after Martin comes in from his morning run feeling worse for wear,

“need a paramedic?” 
“No, just a pair of knees.”",1520873794277195786,PrimaryCinema
the sonic movie arc is the franchise slowly turning into a animal alien version of cheaper by the dozen starring James Marsden,1520851994927316992,WhinerAnnoying
Cheaper by the Dozen (2022) no necesitaba existir,1520848695364927488,Quijanooooo
New Movie: “CHEAPER BY THE DOZEN” https://t.co/bgbLP021kF https://t.co/I6DzuQoJEO,1520838476014538757,FADEMSTUDIOS
I didn’t even know the new Cheaper by the Dozen came out already,1520822071424692225,Crystalejandro
"Download from our Telegram Channel 
Cheaper by the Dozen
Genre: Adventure | Comdedy | Family 
Rating: ?/10
https://t.co/8oyj5re51D",1520760329935986688,_GEEKNIUS
Cheaper by the Dozen is a perfect rainy Sunday film,1520759562650988545,14karatgun
Cheaper by the dozen. https://t.co/5UIcibch6B,1520730571856621568,CutterPeat
which cheaper by the dozen do you prefer?,1520693381227155456,woahkate
The new Cheaper by the Dozen was so good. They need to turn that into a tv series.,1520683965346050048,Lai_Junior
all the thought leaders talking about how #cetsoncreck should rebrand so they can be family friendly 🤦🏻‍♂️ Are you proud of creating pulp fiction or cheaper by the dozen?,1520642951617015808,ChalupaBatmanGG
love the new cheaper by the dozen,1520628800186462208,welldoneniya
Unpopular opinion but they should have made a cheaper by the dozen 3 ): i wanted another.,1520624725575098368,DopeitsDrea
This means that yesterday was Cheaper by the Dozen 2′s 10th anniversary. Celebrate with me.,1520618781235507201,neilchernaboga
I got around to watching cheaper by the dozen with Gabrielle union today &amp; it was soo good,1520609969787531264,psavannahhh
@disneyplus your content rating system is broken. My teens tv14 profile can watch movies but can't watch their trailers as I'm assuming they're unrated. Or cheaper by the dozen 2 has a very adult trailer.,1520591559489724417,knightswim
"Here’s my short review of the new Cheaper By the Dozen: I cringed, I laughed, I smiled, I winced, and I had lots of questions for the wardrobe team.",1520587538745942016,saylarisadenise
"https://t.co/wshypt8UnJ

Alright let's see how the new Cheaper By The Dozen is ... hopefully it's not as bad as the reviews are saying ... kinda why I stayed away from the new Disney Home Alone lol",1520583535064752128,ExaminerReviews
cheaper by the dozen 2 is an elite movie,1520582383036243970,RobTheYvngblood
Everybody else partying and Sydnee and i just finished watching cheaper by the dozen ( the original ofc) and learning tiktok dances😭,1520573210911297536,zharaleighh
laila just like me when she like something she keep watching cheaper by the dozen,1520559307485589505,BriaunaShalaya
What to Watch on Disney+ If You Loved Cheaper by the Dozen | Disney https://t.co/9zps3bmvkE,1520545737335087104,medicinehelp
"What to Watch on Disney+ If You Loved Cheaper by the Dozen | Disney
https://t.co/q4XIX396i0",1520538714614603778,park_hopper
"Continuing on with the Exclusive Series tonight, I will be taking a look at two Disney Plus movies Luca and Cheaper By The Dozen! From what I've heard, Luca is really good while the new Cheaper By The Dozen isn't ... will have my takes available later!! https://t.co/EylWx5WzOu",1520538192159588353,ExaminerReviews
Babies are quite expensive to raise nowadays but I heard everything is cheaper by the dozen?,1520537978187264003,cameliojoe
What to Watch on Disney+ If You Loved Cheaper by the Dozen | Disney https://t.co/kPUIQ5bNUP,1520533076954165248,medicinehelp
"Sold another copy on Amazon. The best collection of short stories about an Autistic man rescuing creatures great and small. A quick read filled with happy moments, sad ones, days of laughter and mayhem. It's Marley and Me meets Cheaper by the Dozen😃😀😉😍😂 https://t.co/IifFc6x6Lg",1520533040694689793,BKorolus
The reboot of Cheaper By The Dozen is a half-assed reboot of Daddy's Home. https://t.co/qBz6JGexQp,1520522661000011780,Foolkiller82
Why just why…did they have to remake cheaper by the dozen?,1520520526158045186,IQprimal
"This new Cheaper by the Dozen movie is a cheap knock off. Dogs named Bark Obama and Joe Bitin'? And a Black Lives Matter sign in the window right at the beginning of the movie? No thanks, I'm not down with blaxsplotation! #woketobroke",1520495506547519489,LHuxley1984
"i haven’t been able to stop thinking about a reddie cheaper by the dozen au, i think they should have a bunch of chaotic ass kids who they love very much",1520457309759148032,wejustclown
Why y’all didn’t tell me that the “Cheaper By The Dozen” remake was good?!,1520455695170256898,TryJesusNotMeee
Cheaper by the dozen 🎥🍿,1520452025917616131,Bako001
deeply disconcerting to meet children who are unfamiliar with Cheaper by the Dozen,1520449798935097346,nifty_gal
Cheaper by the dozen ass family 🤣🤣😂😂🤣😂🤣😂🤣,1520405303904329730,DeeDunkABitch
Omg the chino hills reference in cheaper by the dozen 😂😂😂😂 hilarious!,1520358076188327938,priscajk
"My TBR for @readathon, starting in…oh no 4 hours, I need to sleep?? 

anyway TBR- master &amp; commander is a stand-in for The Far Side of the World audio. + have Cheaper by the Dozen audio. Most of these are already in progress, but it’s still 1300~ pages to read… 😬 #readathon https://t.co/KGPGLBUDOo",1520309976085909504,IlluminateReads
THE HOUSE IN THE NEW CHEAPER BY THE DOZEN IS THE ONE FROM THE FOSTERS FROM THE FRONT LMFAOOO,1520263792306929665,pizzah000ligan
"Download from our Telegram Channel 
Cheaper by the Dozen
Genre: Adventure | Comdedy | Family 
Rating: ?/10
https://t.co/8oyj5re51D",1520253946589237249,_GEEKNIUS
@iamdavidlyn really asked if I watched the new cheaper by the dozen movie 😂😂😂,1520220978827218946,CharlesLee170
If I had to guess I'd say it's probably the 47 kids thing. Cheaper by the 4 dozen ass https://t.co/fQ1uZ1oXAb,1520215613234466816,amcnal
I got to pick tonight’s Movie and I wanna see Cheaper by the Dozen the black version 😂 so that’s what it is.,1520213312314691585,AaydansMommy
i always want to play family games like on cheaper by the dozen lol,1520207585412100098,kayx_
Fast and furious 12: cheaper by the dozen,1520200700373782529,littlegoldenboi
thinking about the time that practically the entire cheaper by the dozen cast did that ‘I’m Just a Kid’ tiktok trend EXCEPT tom welling… I still haven’t forgiven him for that,1520161312432656387,lilredinmotion
"""On Air with Ka$h"" Lola Raie (Cheaper by the Dozen) Interview @lola_raie #CheaperByTheDozen @disneyplus #Disney #OnAirWithKash @lynkpublicrela1 https://t.co/2eA1KB9GTx",1520160035329830912,OnAirWithKash
crying watching Cheaper by the Dozen 2,1520154902361780225,HaileyLechelt
"Movies Like Cheaper by the dozen 2 Two fathers go crazy The Bakers, while on vacation, find them... #actors #add #boat #book #change #child #children #city #classic #coach #crazy #daughter #desire #dream #element #entertaining #equipment #familiar #family #... https://t.co/jO668LUSvX",1520128615450652674,showbizreconn
Ugh when steve martin ruins alyson stoner and taylor lautner’s date in cheaper by the dozen https://t.co/aWE1sqoXLp,1520128050557427712,BrittanytB
"At the age of 27, I never thought I would still have people telling me that I “look like the girl from Cheaper by the Dozen.” But, here we are and it’s almost a monthly occurrence. 😂",1520104264202440705,lexx_maggi
"Interview with #NextGen Talent Andre Robinson from Disney Plus's 'Cheaper By The Dozen'

#CheaperByTheDozen #DisneyPlus https://t.co/muWdN13tBh",1520093331422089216,IAMKPSmith
"Interview with #NextGen Talent Andre Robinson from Disney Plus's 'Cheaper By The Dozen'

#CheaperByTheDozen #DisneyPlus https://t.co/ouLvH1j371",1520093322718625794,iamkpsmithsoaps
"Interview with #NextGen Talent Andre Robinson from Disney Plus's 'Cheaper By The Dozen'

#CheaperByTheDozen #DisneyPlus https://t.co/Cou7VjFsDB",1520093315047333891,WeAreEntNews
Mark Bachmann @MarcusThomasCle On Growing Up In A Big Family full of sibs both bio and foster https://t.co/N8dV56PhZH,1520079228376604673,markbachmann
Mark Bachmann @MarcusThomasCle On Growing Up In A Big Family full of sibs both bio and foster https://t.co/ZFFisrDEHb,1520037463980445696,MediaPost
This means that yesterday was Cheaper by the Dozen 2′s 10th anniversary. Celebrate with me.,1520037342571950081,neilchernaboga
Just finished watching the remake of Cheaper by the Dozen with Gabriel Union and I think it’s the cutest thing to have ever made it to the big screen.,1520018152142393346,PriscyFat
The new Cheaper By the Dozen is toooo cute!! So good!,1519939043001180160,ohnoness
Was another cheaper by the dozen really needed I like the original better,1519933721398452224,WePearlinBlunts
Available on Amazon Kindle. A poignant collection of short stories about rescuing creatures great and small..It's Marley and Me meets Cheaper by the Dozen. Read the amazing reviews on Amazon. https://t.co/qkKWXbCGie,1519908377341480962,BKorolus
Constantly thinking about the offscreen hotel clerk who had to rustle up 12 extra pillows for Mrs baker in “cheaper by the dozen” (2003)………..I hope they’re doing well,1519883922473205761,annieertle
They get cheaper by the dozen,1519881588724703234,GGTrell
Sure why not cheaper by the dozen.,1519866908337713162,gote_ebooks
"Watched Cheaper By The Dozen 2 this morning and I shared to Vic how yung scene where Elliot did the ""move"" was one of the things that fed my hopeless romantic self and then he shared something about a move he did with his ex sa HS and LORD BAKIT WALA AKONG LOVELIFE NOON??",1519851638022107138,daniemfv
Can I have a Cheaper by the Dozen 3 with the same star studded cast !! Like can we see the last set of twins graduate college and it’s a family reunion 🥳,1519826827178508290,Lovemee_bee
“CHEAPER BY THE DOZEN’S” ANDRE ROBINSON TALKS NEW MOVIE IN EXCLUSIVE BCKONLINE INTERVIEW https://t.co/12VMA5aXQA https://t.co/bOOhK14HkB,1519826811479199747,officialbck
it’s Cheaper by the Dozen and what about it https://t.co/ed6o9300mv,1519817894619750400,thankqngoodnite
reddie cheaper by the dozen au,1519785532955545602,wejustclown
forget what you heard- the new cheaper by the dozen is so mf good y'all. and gabby union 🙌🏼 https://t.co/QrcFM2SRuN,1519760443195150338,drewannplz
"'Cheaper by the Dozen', 'Night at the Museum' Director Shawn Levy Asking $15M for Manhattan Penthouse - https://t.co/ovd6BgkKed https://t.co/SAFqyVNSKO",1519757810136805376,amluxmag
The ‘03 Cheaper by the Dozen movie was such a good movie dude s/o to @HilaryDuff @aplusk @SteveMartinToGo,1519708512493969409,MrClean_Feet
Raising gains cheaper by the dozen,1519705005061816326,poopiestpants
The most unbelievable part of Cheaper by the Dozen is not that they manage 12 kids but that the mom sends her printed manuscript to a friend and a month later learns it’s being published and then 2 days later goes on a book tour and reads from a hardcover edition on Regis &amp; Kelly,1519701876605964289,lanewriteswords
Now watching: 'Cheaper By the Dozen' on Disney+. https://t.co/GV9VvbIieS,1519695288394559488,eternallyraquel
The new cheaper by the dozen was actually better than I thought,1519686611306524673,jorgedieppa2
Not going to lanzarote until November and my ma already has the whole apartment block booked out like cheaper by the dozen about 50 of us going over😂😂😂,1519680595936399363,emmalynch00
Why did Gabrielle ruin cheaper by the dozen like that??,1519669964512407553,xDanielleeeeee_
It get cheaper by the dozen,1519651776693157888,yoitsque_
Cheaper By the Dozen https://t.co/VmdgkNJ4Cm,1519606843051589633,RIZZLEMANN
Omg cheaper by the dozen was my favvvvvv after Matilda then little rascals 😩,1519575877935321090,kyshiaaaa_
Also finally watching the remake of Cheaper by the Dozen!,1519572208326041600,thenessdiaries_
They get cheaper by the dozen,1519541626217115651,Veezzlo
"I’m not one to incite violence…
Eggs are cheaper by the dozen🤪 https://t.co/T2NxXaWUZE",1519530845312274434,Christi92965066
Not liking the new cheaper by the dozen right now.,1519520200932171778,TurnThe_PAIGEE_
The new cheaper by the dozen is so cute!,1519517090906095616,ABriana_
"barbie rapunzel, the last mimzy, cheaper by the dozen 2, howl’s moving castle, barbie and the 12 dancing princesses, shrek 2, the escape clause, journey to the center of the earth, peter pan (2003), catching fire, new moon, and interstellar. https://t.co/qzLFUSn6Hk",1519467072232857600,tpwkcullen
I love Cheaper by the Dozen,1519454149888389120,Tazhmaniann
"I’m sorry but parent trap, cheaper by the dozen 1 or moana is taking it https://t.co/spRYXBxhD9 https://t.co/d90nJNvcuo",1519442145299599360,joecalfad
"The same crap that Putin's propaganda machine uses for #QAnon &amp; #MAGA must be ""off the shelf"" stuff that he uses on Russians also. Amazing. Even lies are cheaper by the dozen! https://t.co/xwcBqusS5D",1519433763796705281,KrauseForIowa
enjoying a cheaper by the dozen rewatch this evening #WalkerFamily https://t.co/dRxQu2IvPb,1519427598954254340,walkergifs
The new cheaper by the dozen is so cute,1519425857361780736,realdenatyrell
damn this family be looking like cheaper by the dozen ghetto edition 😅,1519417938868121602,mcxotru22_
Sure why not cheaper by the dozen.,1519416424476946434,gote_ebooks
manufactured outrage is cheaper by the dozen. the mayor must buy in bulk.,1519415155850977288,BettyTiselj
literally me the other day in cheaper by the dozen where hilary duff calls alyson stoner “butch” https://t.co/rQwJheutpi,1519414224539242497,itsraybans
Cheaper by the dozen is cute but I’m tired of forced inclusivity,1519349826663632896,chaoticoochie
"@KyrieMcAlpin shares her experience of starring alongside @itsgabrielleu in #CheaperbytheDozen

https://t.co/Ag5jwAVSxf",1519338789990289408,YoungEntmag
It get cheaper by the dozen,1519334297186050050,SSidewop500
The new Cheaper By the Dozen on Disney plus is actually really good…,1519244456834355201,WolfKayy
- Watching The New Cheaper By The Dozen,1519209089703763975,__DougFunniee
I’m cracking up watching cheaper by the dozen that’s going to be us. 😮‍💨😭,1519205184609656832,_cookg
cheaper by the dozen 2 https://t.co/xrj58upuH5,1519196942928023553,freshnfoul
i just watched the new cheaper by the dozen and now I’m crying,1519179327111196672,alexustajenae
Not me crying watching the end of Cheaper By The Dozen (2003),1519164677208608769,talldrankawata
"Cheaper by the Dozen (2/10) A bland family oriented premise is here, where everything about the creation of the family is terrible and obvious. Jokes are non-existent but attempted often, but the acting is surprisingly solid which makes some of it watchable. https://t.co/HVMve66Lxf",1519143032402190337,ExtraFeaturespc
charlie from cheaper by the dozen is all i’m thinking about,1519133500846350336,shawtywswag
I really wanted 12 kids after watching cheaper by the dozen when I was little and now the thought of having a child makes me recoil. Unless a BTS member is the father I don’t want it,1519126185078411264,heartshapedshp
Who remember that movie cheaper by the dozen?,1519105747245748232,_StatiC_MaJoR_
Cheaper by the dozen w gabriel union is funny asf 😂,1519087926218481665,taylourrrj3
The dude from cheaper by the dozen was definitely  from a family that profited off slavery.,1519084283566174208,1Leloquito
Let’s see what this new cheaper by the dozen saying.,1519082792113610753,mehiguess__
Feds ever hit the house put my shit in the oven. They get cheaper by the dozen,1519080743800086528,Lovelyxo_GODESS
The new cheaper by the dozen really wasn’t that bad. 🫣,1519069994855903233,MatLynette
A happy 45th birthday to the American actor Tom Welling who played in TV shows and films such as cheaper by the dozen 1 and 2 smallville and lucifer I hope you have a good one buddy and celebrate for everyone 🎂 🍾 xx https://t.co/AtKn4aThZv,1519067080384991233,RyanGri12122412
They get cheaper by the dozen,1519066806350233601,DIDDYgotemall
Idk why I just cried while watching cheaper by the dozen 2,1519037370267488256,rierierieririri
Two of my four @cluckproject collected! I think eggs are normally cheaper by the dozen right! https://t.co/pvUlOyI1hb,1519016818492551169,LuxuryLadiesNFT
I don’t think we as a society appreciate the cheaper by the dozen films enough,1518984479750201344,oliviazakrocki
"cheaper by the dozen is just like tenet, so much going on at all times gotta stayed locked in",1518983090244362243,Spookybelichick
I’m watching Cheaper By the Dozen with Gabrielle Union… and I’m HOLLERING 😂😂😂😂,1518963678539923458,imashleyhoe
"If we go down it will b because of lack of investment, 3 players 4 every position, Bielsa said he only wanted players that improved the squad, they must be 💩 players on those list. Cheaper by the dozen, no wonder Leeds we’re the only Premiership team 2 make a profit last season",1518908811330961410,davedunroamin
"Download from our Telegram Channel 
Cheaper by the Dozen
Genre: Adventure | Comdedy | Family 
Rating: ?/10
https://t.co/8oyj5re51D",1518902277775495169,_GEEKNIUS
I actually like the new Cheaper By The Dozen.,1518848027368124416,eatsleeptwerk
"me: *explaining the plot of the zach braf cheaper by the dozen*
my coworker: kelly do you have adhd?
me: yeah",1518819493555978240,spac_elly
i did NOT expect e40 'function' on Cheaper by the Dozen but AAYYYYYYEEEEEEEEEEEEEEEEEE,1518810964442853377,clarizeyale
I wanted to live like cheaper by the dozen lmfao if I’m being honest  I wanted a giant fucking family https://t.co/bQSTaPPJ68,1518776017544007680,chaaaaossss_x3
"Guys, our minions and ROAs are up for sale ulit for 50M dias each. Pero you know what they, it's cheaper by the dozen. So buy in bulk,pls. They're in perfect condition,no defects. Any takers? hahaha

D-4 TO FEELS CONCERT
#AnjiSalvacion",1518772907035721728,MagulangD
"#MGBookChat I think of Cheaper by the Dozen, and all the scrapes the kids got into. There's certain struggles only large families face. And it's interesting to read about that. Especially if you've ever experienced some of it. But also if you just wonder what it's like! https://t.co/3ZM6jqegG4",1518760976753086464,doucette515
Cute movie - Cheaper by the dozen❤️,1518760869999661058,Olamiotan_
I can't get into the new cheaper by the dozen,1518760366347636736,_imperfect0806
now y’all niggas already see me w 2 kids why tf would you think you gon get w me and want a baby ? like fuck no this is not cheaper by the dozen love fuck off,1518755660225253376,_talkofdacity
like why the fuck is the ugly white guy from cheaper by the dozen singing on my screen rn https://t.co/oDVDKtCH0n,1518751232432685056,tfatwsdruig
The new cheaper by the dozen is adorable lol,1518750199803486208,Brishae__
I can’t tell if the Cheaper By the Dozen is weird… or if I’m just old?,1518748244867620864,daniellemgreene
The cheaper by the dozen remake is actually funny,1518735054377132032,antixelusive
Cheaper by the dozen is a very great family movie,1518727846386184194,Jr_Wells__
It get cheaper by the dozen.,1518686454096015362,LoveMaddieXO
Cheaper by the Dozen🔥.,1518679003611156480,Makintamie
"@WatchMojo lists i would love to see
Top 20 Canadian cartoons 
Top 20 Hannah Barbara shows
Top 20 Hannah Barbara characters 
Top 10 Hannah Barbara franchises
Top 10 moments from cheaper by the dozen movies
Top 20 movies of 2002
Top 10 mario sport games
Top 20 cats in pop culture",1518652681551704065,KemmersMichael
This new cheaper by the dozen movie is good,1518642910975213569,Noneyabznessson
I actually love the movie 'Cheaper by the Dozen' 2022 with Gabrielle. It's very relatable 👌🏾👌🏾,1518628623103799296,Bongz_October_1
the cheaper by the dozen reboot was cute !!  go watch it,1518620889977397254,galentinedayz
Twitter discovering Steve Martin existed prior to Cheaper By The Dozen is peak Twitter. https://t.co/2GCHJxMHOh https://t.co/19sxFmn3gm,1518588339737276417,RealLordDalek
Every time I watch Cheaper by the Dozen it makes me want 12 kids 🥴,1518577712973156352,___maryb
Twitter comin after the dude from cheaper by the dozen and three amigos like what are we doin man smh smh smh,1518573951676387328,elcorncapitan
THEE Steve Martin of Cheaper By The Dozen and Bringing Down The House?!😱 oh wow https://t.co/BbQSS6Zd4t,1518570964757458944,freetobrieme
cheaper by the dozen 2 stans make some noise!!!!,1518521377917046784,juntosymas
Cheaper By The Dozen (Youtube Review) https://t.co/HU4gr4DB2m,1518517359815933954,macthemovieguy
@Disney Thanks for the audio description. Cheaper By The Dozen (2022)- Movie Review- Mac The movieguy: A Blind Fil... https://t.co/8YADhfQmMo via @YouTube,1518516513061412866,macthemovieguy
I’m watching cheaper by the dozen 2 and I just can’t believe Taylor lautner is a yt man,1518475349591351296,SymphonyPraise
I’ve been trying to find Cheaper by the Dozen for a minute. I want to watch both,1518460583917543425,motivatemeriah
The new cheaper by the dozen movie was so funny and cute 😭,1518456471478022144,austxxstone
Watching the new Cheaper By the Dozen,1518441641610145793,sirkingkevin
Tried to watch the new Cheaper by the Dozen. @Disney really should be ashamed for attempting to push their agenda within the first 5 minutes of this remake. Very disappointed.,1518438459005972483,5309Jenny
The new Cheaper By The Dozen on Disney plus is cute. I like the movie,1518422472009338881,_naiyaaa
I’m tryna have my future home be like Cheaper By The Dozen lol,1518401252635250690,Denkinesh
cheaper by the dozen 2002 &gt; cheaper by the dozen 2022,1518389315650347014,killingjodiee
I enjoyed the new cheaper by the dozen movie i wanna watch it again,1518387776072216576,FINEASSFATTY
Is this actually from Cheaper by the dozen 2?????? I’m serious https://t.co/y8vzyGFJi6,1518383666166181889,iLoveSandyBaby
"Dante31 shares his thoughts on the cheaper by the dozen 2022 remake

#hive #posh #hiveblogshare #cine #cinema #movies #CheaperByTheDozen #vlog

https://t.co/LQZRhYUeHa",1518366987981832192,_Im_Enigma
"About to watch gabrielle union new movie, cheaper by the dozen and eat.",1518349354486095872,LuxeriousLaya
"Well, @Reds consecutive losses NOT cheaper by the dozen after all. Losing streak snapped at eleven. Winning streak now at ONE! #Reds 
https://t.co/rUNgEe10yk",1518345274770472962,KYHuangs
IT REALLY DO GET CHEAPER BY THE DOZEN,1518330590663217153,Jigs2Cents
the original Cheaper By The Dozen will always be one of my favourite movies.,1518324871457083395,bannockbumbitch
The cheaper by the dozen remake is cute,1518317835038167040,bahamabriize
"Watching thr new Cheaper by the Dozen, it's cute but not that enjoyable.. It's too elementary, compared to the other 2 that was family friendly as well.",1518304984370057216,jaamiike
Cheaper by the dozen movie is hilarious,1518281665482792960,TheFolaaa
cheaper by the dozen with gabrielle union is really good ✨🔥,1518277056160833538,keinotkey__
Sisterhood of the travelling pants or cheaper by the dozen https://t.co/EHA9cy4MMr,1518255720621387779,happyfatma3
They get cheaper by the dozen,1518227962365104128,SelfMade_VC
lizzie won’t let watch steve martin in her presence - how will we watch cheaper by the dozen 2??????,1518225094895616002,rachturtlebaum
remembering Steve Martin is a legitimate comedian even though I know him from titles like bringing down the house and cheaper by the dozen,1518222190042304513,shmegshmurr
"Twins Kyle &amp; Nigel Baker In 'Cheaper By The Dozen' -- 'Memba Them?! 

 Ident...https://t.co/pZzqchrDMr 
https://t.co/pZzqchrDMr",1518215783029129216,SwaveDigest
