full_text,tweet_id,screen_name
Dakota Johnson With Boyfriend Out in New York https://t.co/yODYkpWiBi,1520915104434466818,JohnsonLooks
Dakota Johnson in Tights Leaving a pilates class in West Hollywood https://t.co/0aqapUy595,1520903204015325184,JohnsonLooks
dakota johnson🤝hayley williams🤝giving off the same energy🤝looking strangely similar🤝being my girl crushes,1520896499470766080,vladasuperioty
The first footage from the movie adaptation of Jane Austen’s novel Persuasion has appeared. Starring Dakota Johnson |  #movies #entertainment https://t.co/k3NaGVvoQa,1520893430305542150,flixboards
dakota johnson is unreal https://t.co/K44s77ldd7,1520888719024214019,misslefroy
"enews on instagram 
“Laters baby, because we are 50 shades of OBSESSED with Dakota Johnson. 🖤 #MetGala”
#DakotaJohnson https://t.co/jY4szGcALI",1520883324155490304,fang_sung
"just.. dakota johnson.
yeah, that's the tweet.",1520882346270019585,ellie_bntpl
"50 Shades of Grey

Dakota Johnson
AkA
Margot Kidder",1520880889995182080,AndreaHerd2
"poesiarestaurantsf on instagram and instagram story 
“Closing night at the San Francisco International Film Festival. At Poesia we had the pleasure to host the Cha Cha Cha Real Smooth dinner event. Thank you Dakota Johnson for your kindness. #dakotajohnson…” https://t.co/DD5PHDayxL",1520873333792731136,fang_sung
Dakota johnson is love,1520872222990254082,areesha_x
dakota johnson with messy hair is something we don't talk about enough https://t.co/MaG5wNkOwP,1520870378352041985,mythsdakota
"Can we talk about how smart Dakota Johnson is?
She knew. https://t.co/jZJDbKSoEW",1520865877561774080,cashmereMary
"Amber Heard has a pretty face but so do these women— Scarlett Johansson, Emilia Clarke, Dakota Johnson, Natalie Portman &amp; Keira Knightley. 

But we're not hating on them. Why? Oh cause they're not abusers who act like a saint in public and use real DV victims for their own gain. https://t.co/oxf9JK4IKq",1520864318900011008,maleedus
"Exactly, violence of any kind can be or happen at any scenario…Men, women, kids, elderly and animals of any kind…The EXACT moment Dakota Johnson KNEW Amber Heard was VIOLENT towards Joh... https://t.co/JdLSUbHtRe via @YouTube",1520860618751840257,SpecialJanni
"The EXACT moment Dakota Johnson KNEW Amber Heard was VIOLENT towards Johnny Depp... https://t.co/dqNjiixOV2 
#johnnydepp #dakotajohnson #abusesurvivors",1520855579341647872,dupers_super
if dakota johnson attends the met gala i will honestly lose my mind 😵‍💫😵,1520853150877552643,florryspugh
The EXACT moment Dakota Johnson KNEW Amber Heard was VIOLENT towards Joh... https://t.co/aFxR8VWAbY via @YouTube,1520846013099094016,emilylodge007
The EXACT moment Dakota Johnson KNEW Amber Heard was VIOLENT towards Joh... https://t.co/6g2vGUJXZ3 via @YouTube,1520842672184856576,Soul420sugar
"✨dream met gala guest list✨: sydney sweeney, hoyeon jung, anya taylor-joy y dakota johnson https://t.co/Hxq9t0VW8Z",1520833550924140544,ezeaquinos
"Dakota Johnson and Cooper Raiff are the cutes!
#ChaChaRealSmooth https://t.co/Cptplzq5fo",1520833116444758016,nanfixus
Dakota Johnson attends the SFFILM Fest premiere of Cha Cha Real Smooth https://t.co/AKlB3zIzDc via @DailyMailCeleb,1520833070944997376,GinaLawriw
The EXACT moment Dakota Johnson KNEW Amber Heard was VIOLENT towards Joh... https://t.co/nVxtO74bBc via @YouTube,1520832997372612608,Dianavbowles
"10 Sexy Actresses With Celebrity Parents feat. Jamie Lee Curtis, Riley Keough, Dakota Johnson, Zoey Deutch, Margaret Qualley, Maude Apatow, Sosie Bacon, Maya Hawke, Kaia Gerber, Zoe Kravits https://t.co/f121eMaBJj https://t.co/sJyEfLo6e1",1520832482211471362,celeb_hottest
Why are people thinking Dakota Johnson is attending the Met?  That gala has lost its touch. https://t.co/h36zGc4SqV,1520831130886451201,sararivae
Dakota Johnson on How To Be Single in New York https://t.co/XJEZjxDXST,1520821167669583878,JohnsonLooks
Yo Or Hell No? Dakota Johnson In Gucci At The Premiere Of Cha Cha Real Smooth https://t.co/XCAG1JHB9J,1520820411642097665,infomaniahub
"Dakota Johnson at ""Cha Cha Real Smooth"" Premiere at 2022 San Francisco Film Festival
#dakotajohnson @dakotajohnson #fashion
📷 Via hawtcelebs https://t.co/KIs9YT1zY3",1520819379511992321,cdhq2
The EXACT moment Dakota Johnson KNEW Amber Heard was VIOLENT towards Joh... https://t.co/5KnIF89bZ0 via @YouTube,1520814755857854464,CalawayJaneen
The EXACT moment Dakota Johnson KNEW Amber Heard was VIOLENT towards Joh... https://t.co/XZahedh6Ol via @YouTube,1520811238929936384,JackAmperes
you know how hard it is having dakota johnson as your style icon and being shaped nothing like dakota johnson? i am in the trenches.,1520810326953971712,wlwidiot
Dakota Johnson go out in Los Angeles https://t.co/iCnTLKNhp2,1520809764501999617,JohnsonLooks
The only celebrity that I feel could save Met Gala with their outfit is Dakota Johnson..,1520808786998480897,its_Carlitto
Why am I discovering just now how FRUITY Dakota Johnson can be ?  😂,1520808498300338176,Im_Bi_4_Armin
Flyingacross commented on MailOnline: Change your hair! https://t.co/ZThZ2Hefi0,1520808309749686273,mojoandjasper
Isabella Bonjour commented on MailOnline: It looks like Dakota has been messing with her face... She's gorgeous but there she looks different https://t.co/ZThZ2Hefi0,1520808228740816902,mojoandjasper
Who made Dakota Johnson’s plaid pants and double blazer? https://t.co/b9dFzFIyLo,1520807695992901634,outfitid
RoukemaAly commented on MailOnline: Love her but this makeup artist did a horrible job. She has gorgeous eyes and are covered with with thick liner.... https://t.co/ZThZ2Hefi0,1520807633820823552,mojoandjasper
CarolineSays commented on MailOnline: She usually looks stunning and perfect. This isn't it. Makeup overdone and outfit is drab. https://t.co/ZThZ2Hefi0,1520807576367161344,mojoandjasper
Good Morning to Dakota Johnson only  🫰🫶🏼🥰 https://t.co/jiYpLSHNVX,1520799712466546688,AllMyloveQueenD
The EXACT moment Dakota Johnson KNEW Amber Heard was VIOLENT towards Joh... https://t.co/YvgCIm6rhq via @YouTube,1520796206032633856,HankCookieRich
Dakota Johnson Street Style go out in Los Angeles https://t.co/66mZes5wr5,1520795357122289666,JohnsonLooks
Sony's shared Marvel universe isn't showing any signs of slowing down. https://t.co/xITuFBpaEi,1520791687894773761,ComicBookRumors
"@smilingems on Twitter 
“can confirm after asking dakota johnson that we are INDEED getting TeaTime Pictures merch and we’ve waited so long for it. expect the socks soon”
#DakotaJohnson https://t.co/hfxa86uEz9",1520791161505419265,fang_sung
#dakotajohnson #amberheard #johnnydepp The EXACT moment Dakota Johnson KNEW Amber Heard was VIOLENT towards Johnny Depp… Video by ItzKeisha https://t.co/5UcsRiV83M https://t.co/eBGXNiOLtn,1520780443402055682,BaphMyers
the way they put dakota johnson in a shitty sony spiderman villain movie shdjfjgk that press tour is gonna be hysterical,1520778294370746370,mslippington
"Dakota Johnson is hot, duh. ✨ #DakotaJohnson #ChaChaRealSmooth https://t.co/z56gU1NNj8",1520776228256550915,BarbaraEndredy
Barbra Streisand Shares Photo of Dakota Johnson and Chris Martin Celebrating Her 80th Birthday https://t.co/J2OwwMLyw5 via @Yahoo,1520774784543510528,REAL_LROMANCE
"dakota johnson will always own my whole heart

 https://t.co/BSduuFpXZT",1520774697830416389,armasaddict
dakota johnson is perfect https://t.co/uoo9Or9IGT,1520774619506126848,mythsdakota
can confirm after asking dakota johnson that we are INDEED getting TeaTime Pictures merch and we’ve waited so long for it. expect the socks soon https://t.co/1ty34r9ZBN,1520761161838301184,smilingems
The EXACT moment Dakota Johnson KNEW Amber Heard was VIOLENT towards Joh... https://t.co/MvwWBkrl86 via @YouTube,1520760582864982017,Rose461991732
"In regards to living actresses: Jennifer Lawrence, Dakota Johnson and Marion Cotillard.

With classic Hollywood actresses: Grace Kelly, Audrey Hepburn and Eleanor Parker. 

#FilmTwitter https://t.co/GIlUdR3izJ",1520751602549751808,NatReyes96
"Dakota Johnson in suit ,always the win 👑 https://t.co/cBE9DZGg9Q",1520743287119876097,nanfixus
Dakota Johnson Annual Academy Awards in Hollywood https://t.co/xWfZCeA2K1,1520724764423335936,JohnsonLooks
I really love Dakota Johnson in suits❤ https://t.co/uklEreXMrq,1520723783618908161,KaifSparkleEyes
Dakota Johnson attends the SFFILM Fest premiere of Cha Cha Real Smooth https://t.co/OQk106UaZh via @DailyMailCeleb,1520722450278875136,nanfixus
dakota johnson in gucci is always good choice https://t.co/JMAUakpSYP,1520721276045774849,misslefroy
"Dakota Johnson attends the SFFILM Fest premiere of Cha Cha Real Smooth https://t.co/azRbQ1G7Ld via @DailyMailCeleb
#DakotaJohnson",1520713319795290113,loving50shades
Dakota Johnson The Audi Q7 Holiday And Snow Polo Celebration https://t.co/BY2a1G0VNB,1520711600700858368,JohnsonLooks
"We’ve all seen Kendall Jenner and Dakota Johnson’s viral kitchens, but they’re not the only ones who know how to design incredible green kitchens!

The question is, Anglia Kitchen &amp; Bedrooms, or Kendall Jenner and Dakota Johnson’s? 

Credit: Architectural Digest/YouTube

#AKB https://t.co/0s9M4VxNik",1520704679692357633,AngliaKB
Dakota Johnson attends the SFFILM Fest premiere of Cha Cha Real Smooth https://t.co/youf8TIYku,1520702029534007296,girlfromaspen
at thus point i think I'm obsessed with how dakota johnson looks,1520700588815699968,TumiAndreww
good morning to dakota johnson only https://t.co/e3lJvngNNM,1520694351885705217,farmgafilms
The first footage from the movie adaptation of Jane Austen’s novel Persuasion has appeared. Starring Dakota Johnson https://t.co/qU25x27mIA,1520690258597269505,NetionalD
"#DakotaJohnson attends the SFFILM Fest premiere of #ChaChaRealSmooth 
https://t.co/OKatQSR4Xw",1520682276786360321,fang_sung
Dakota Johnson attends the SFFILM Fest premiere of Cha Cha Real Smooth https://t.co/UcENT8oOQL via @DailyMailCeleb,1520679953020465152,LaCasaDeiSogni6
Dakota Johnson cuts a smart figure as she attends Cha Cha Real Smooth premiere https://t.co/yFXZjSSWcV,1520675160277372937,nnheadlines
Barbra Streisand Shares Photo of Dakota Johnson and Chris Martin Celebrating Her 80th Birthday - Yahoo News Canada https://t.co/I53Jb8DrPf,1520673450431594496,Sierracrazyahh
"Dakota Johnson attends the SFFILM Fest premiere of Cha Cha Real Smooth
https://t.co/1AQFwvEHbg
#LatestNews #BreakingNews #Entertainment #News #WorldNews #SportsNews",1520672651223707648,MadlimeCom
https://t.co/Ft9F9Ka2sb Watch Dakota Johnson React After Drew Barrymore Praises Awkward Ellen DeGeneres Interview https://t.co/ppUHZjGZnp,1520671214083051520,robowho1
Dakota Johnson cuts a smart figure as she attends Cha Cha Real Smooth premiere https://t.co/Cd92dtoR14,1520670902958100480,AhmedBoukessira
Dakota Johnson With her dog Out in New York https://t.co/3AlRxLOlIV,1520670062302142465,JohnsonLooks
will be thinking about dakota johnson for the rest of the night https://t.co/N3mCMbSmsB,1520657815592873984,emilyvaucamp
I want what they have: Chris Martin and Dakota Johnson https://t.co/GI8T7ACTom,1520657570595319811,DesiChicFashion
Chris Martin and Dakota Johnson: I want what they have - VOGUE India https://t.co/WipzaScYgU,1520657284719804417,GwyPaltrownew
love of my life dakota johnson. I missed seeing your face https://t.co/STQeptR1RL,1520656579686633473,koredakota
Dakota Johnson in jeans Out in Los Angeles https://t.co/IpdziXutk3,1520655394909171712,JohnsonLooks
dakota johnson the cutest human alive (real) https://t.co/em8w4ZNi6S,1520650906823397376,emilyvaucamp
Dakota Johnson cuts a smart figure as she attends Cha Cha Real Smooth premiere - Daily Mail https://t.co/GfR5wUR3X4,1520650487057375233,WifeofAdMan
the tickets were like $15-30 i couldve met dakota johnson had i known 🙃 https://t.co/cE1EVHVdTf,1520649339516821504,softgoldstein
DAKOTA JOHNSON I LOVE YOU LOADS https://t.co/J9sJz3pNTN,1520647009530638336,softgoldstein
"DAKOTA MAYI JOHNSON, I’M SO PROUD OF YOU AND ALL THAT YOU’RE ACCOMPLISHING. I LOVE YOU QUEEN 🥹🫶🏻",1520645519483281409,creamydakota
"When Dakota Johnson Revealed That Started Exploring A Few ‘Beautiful, Intricate &amp; Chic’ S*x Toys After Fifty Shades Of Grey « https://t.co/3f0EWI6MqF https://t.co/2LskfOus4W",1520643041853386754,petgroomerNG
"Dakota Johnson cuts a smart figure as she attends Cha Cha Real Smooth premiere
https://t.co/VmfC89LKbA",1520642987679789057,NewsfeedsMedia
What's a non-gay way to go to an film screening and Q &amp; A bc Dakota Johnson is there,1520642700264935425,disastersheriff
Dakota Johnson cuts a smart figure as she attends Cha Cha Real Smooth premiere https://t.co/4mjRZegRvU,1520642683294732288,smackgirls
Dakota Johnson cuts a smart figure as she attends Cha Cha Real Smooth premiere https://t.co/IQ6mElpvQC,1520642061040758786,nazmulmarketer1
Dakota Johnson cuts a smart figure as she attends Cha Cha Real Smooth premiere https://t.co/zAsusZO0Bd,1520641622979002369,nazmulmarketer1
Dakota Johnson attends the SFFILM Fest premiere of Cha Cha Real Smooth https://t.co/prm3IFWFMw via @DailyMailCeleb,1520640681047322624,AllMyloveQueenD
Dakota Johnson Rocks a Smart Figure While Attending Cha Cha Real Smooth Premiere https://t.co/opazchmQ75,1520639446865088512,Eumail_24
this might be my new favorite picture of dakota johnson https://t.co/gYKLkT8Hec,1520639020124237824,forANISTONN
"When Dakota Johnson Revealed That Started Exploring A Few ‘Beautiful, Intricate &amp; Chic’ S*x Toys After Fifty Shades Of Grey « JibGlobe https://t.co/al3GqswZLO",1520638745304875009,petgroomerNG
"@smilingems on Twitter 
“met and made my hero laugh tonight. dakota johnson, thank you for being a light in a time when i felt i didn’t deserve life &lt;3 everything. just grateful for everything.”
#DakotaJohnson https://t.co/tyxJrX5I4r",1520638341057683457,fang_sung
dakota johnson are you even for real? https://t.co/MQbWD97w2V,1520638232270348289,forANISTONN
Dakota Johnson cuts a smart figure as she attends Cha Cha Real Smooth premiere https://t.co/wHXPXLeKGA,1520637782418354176,worldnewstweet_
DAKOTA JOHNSON. That’s the tweet 🤍🎬#DakotaJohnson https://t.co/jKMs1yaBSy,1520636797893545984,LorenHale00
#BarbraStreisand Shares Photo of #DakotaJohnson and #ChrisMartin Celebrating Her 80th Birthday https://t.co/8kLXqWjytQ,1520636211681165313,heleriPaltre
"met and made my hero laugh tonight. dakota johnson, thank you for being a light in a time when i felt i didn’t deserve life &lt;3 everything. just grateful for everything. https://t.co/sVRkDEr9qv",1520635768401645568,smilingems
"i can’t get over of how pretty dakota johnson is, that girl has my heart i swear",1520627737299275776,deppsenthusiast
I love you Dakota Johnson 😍 https://t.co/iZwTN7qbAm,1520621094935310336,nanfixus
also dakota johnson house so fcking cool,1520620330427219969,cutebeeswtf
And Dakota Johnson's smile! Fly high girl! You deserve it ❤ https://t.co/yYFjIIaDKV,1520616099867357184,Led_dak_johnson
obsessed with the way dakota johnson says “perplexing” in cha cha real smooth,1520613237959450624,doubleofilms
Barbra Streisand Shares Photo of Dakota Johnson and Chris Martin Celebrating Her 80th Birthday https://t.co/iKhT013iS2 via @Yahoo,1520604343401017349,THEKatKeen
Doing an unintentional Dakota Johnson marathon by watching The Social Network and 21 Jump Street in one night,1520591720475504641,tracicrockpot
Im in love with dakota johnson,1520588136941867010,v4lentinasga
"Dakota Johnson, that’s the tweet ❤️",1520587416637255680,tender_DMJ
Barbra Streisand Shares Photo of Dakota Johnson and Chris Martin Celebrating Her 80th Birthday https://t.co/lwj3gmOYM5 via @Yahoo,1520587254841847808,KaesiF
"dakota johnson on this day, so iconic https://t.co/hYpHYVc6dO",1520582335552499712,deppsenthusiast
A lady told me i looked similar to dakota johnson today and i dont think ive ever felt more validated in my life i am HONORED,1520577246813212673,mshape9
Dakota Johnson JFK Airport in New York https://t.co/H3V5rm59Lw,1520574931897094146,JohnsonLooks
"Baltimore Ravens UDFA signings:
QB Anthony Brown (Oregon)
WR Emeka Emezie (NC State)
RB Ricky Person Jr. (NC State)
LB Charles Wiley (UTSA)
LB Jeremiah Moon (Florida)
WR Trevon Clark (California Golden Bears)
WR Devon Williams (Oregon)
OT Aron Johnson (Dakota State)",1520563960105291776,CHA_ttuuse
dakota johnson needs to get back in the studio  https://t.co/bgVdRKfODq,1520562128113086466,ninggrande
I am immune to the influence of the media until I have a task to complete. Have a presentation on Monday? Suddenly I find an overview of Dakota Johnson’s career incredibly fascinating,1520555145016324100,stickymichi
"Chris Martin, Dakota Johnson Help Barbra Streisand Celebrate 80th Birthday https://t.co/MTuohxyHdw Earn money now. Work on the Internet! https://t.co/XBKDNZ447g
 (#Siguemeytesigo) (#Followback) (#News) (#SDV)",1520554162047668230,smorffer
Dakota Johnson On set of How To Be Single in New York https://t.co/IyOR1kn7jh,1520547602307198977,JohnsonLooks
"Johnny Depp's uncomfortable face when Dakota Johnson notices the wound on his finger and he has to make up a joke not to tell her that his wife hurt it 😔
Dakota knew something was up...
 #JusticeForJohnnyDepp https://t.co/4Mu2Vou7mH",1520545942134525954,Erika_Stinkyp
it physically hurts me that dakota johnson was meant to be in dont worry darling because i needed that to happen.,1520543655693635584,cherryflvrhs
Old video of Dakota Johnson noticing Johnny Depp's severed finger will shock you https://t.co/kRNr3MwOG3,1520543126154530816,LindaHu72625532
Chris Martin and Dakota Johnson’s Relationship Timeline https://t.co/bTy1ofj05m,1520542649551364098,NikhilS18830535
Chris Martin and Dakota Johnson’s Relationship Timeline https://t.co/rD7We59TYv,1520542642207182849,Wowbabytoys
"Chris Martin, Dakota Johnson Help Barbra Streisand Celebrate 80th Birthday https://t.co/FUBI9IpQxI #usmagazine https://t.co/TUcUQ1zfN8",1520540390574632960,GoodVibra
Dakota Johnson my favorite white woman,1520519813126397954,mariacalabriab
Chris Martin and Dakota Johnson’s Relationship Timeline https://t.co/NjV5gdofC4,1520513528330862595,petgroomerNG
I love Dakota Johnson so much,1520508904748326919,sunnyparv
Dakota Johnson and Liv Tyler Anniversary of Electric Lady Studios featuring Patti Smith in New York https://t.co/kbk8qz6FGw,1520507340172275714,JohnsonLooks
The first footage from the movie adaptation of Jane Austen’s novel Persuasion has appeared. Starring Dakota Johnson https://t.co/bA6RbMWiN1,1520483938627686400,NowandThenNews1
The first footage from the movie adaptation of Jane Austen’s novel Persuasion has appeared. Starring Dakota Johnson https://t.co/bBpFsr9r3j,1520479493055414272,TheSahuNews
Barbra Streisand Shares Photo of Dakota Johnson and Chris Martin Celebrating Her 80th Birthday https://t.co/KhvbF5JLbh,1520477914017394688,brentkuluris
The first footage from the movie adaptation of Jane Austen’s novel Persuasion has appeared. Starring Dakota Johnson https://t.co/xOWx3TPQyf,1520472879128891400,gospaddiction
"ok i’m watching Not So Pretty on HBO and not Dakota Johnson’s grad man creating the Vietnamese nail industry, that is so weird why is she everywhere lmao",1520462349827780610,kyzilla
"I remember when Dakota Johnson defended Johnny Depp, Shia Labeouf and Armie Hammer, when they were all accused of abuse. Was very dissapointed in her that day",1520446216294834178,Truth41428897
Dakota Johnson really set Ellen’s downfall into motion and for that she will always be a queen in my book,1520441185352957954,knnewagb
exactly dakota johnson https://t.co/ZRrMaLb2CJ,1520434503692423168,f1nel1ne
Dakota Johnson and Chris Martin Ring in Barbra Streisand's Birthday | https://t.co/NGYPIACcr0 https://t.co/Zm0orF1Zef,1520433734570422274,JonesMike7774u
Maria Miguel (model) and Dakota Johnson (celebrity) in Brandon Maxwell https://t.co/ElzEIwaO8N,1520429794982199296,kulitnangka
Sydney Sweeney has been cast opposite Dakota Johnson in Sony's upcoming 'Madame Web'. https://t.co/xITuFBpaEi,1520429787805749249,ComicBookRumors
Dakota Johnson and Chris Martin Ring in Barbra Streisand's Birthday | https://t.co/nIrmFoDCAC https://t.co/dqr520q5Dk,1520425967839330305,Newswatcher1122
Che dire. The lady  in the world https://t.co/3QtPPTbAP6,1520425898406817793,Ettore42332696
"Dakota Johnson notices injury on Depps hand, Depp's hand can be seen visibly shaken after thinking about traumatic incident. via /r/videos https://t.co/XblkvWbQT7 https://t.co/I4v9AiCpES",1520408874464985088,mormondancer1
"She knew straight away that his explanation was a lie. In the longer clip she keeps looking at him, he becomes anxious &amp; doesn't look back at her for a while 💔  #JohnnyDeppDeservesJustice 
#JohnnyDeppIsInnocent
#AmberHeardIsALiar
#AmberHeardIsAnAbuser
https://t.co/qwt4bguw7p",1520408730831147009,stuffbyvic
Dakota Johnson Chris Martin Are All Smiles At Barbra Streisands Party https://t.co/mlHER8b518 #accessonline via @accessonline,1520408710098661378,GinaLawriw
Barbra Streisand Shares Photo of Dakota Johnson and Chris Martin Celebrating Her 80th Birthday https://t.co/5rKxG4T69d,1520397994532683778,GinaLawriw
It's only 9:30pm ang i'm simping over Dakota Johnson.,1520395348258131968,asofiad_
Can’t imagine timothee chalamet in a Musical i just can’t it’s giving dakota Johnson in a period drama,1520392581280153602,filmthots
“She’s CRAZY” Dakota Johnson EXPOSES Amber Heard For Injuring Johnny Depp https://t.co/PZVzSSFhba @YouTube this channel continues to peddle misinformation while YouTube is busy turning the dislike count off. #elonbuyyoutube,1520392313364959232,AradhMishra
Dakota Johnson Out in New York https://t.co/J46Ku9t8XY,1520349298885632000,JohnsonLooks
Barbra Streisand Shares Photo of Dakota Johnson and Chris Martin Celebrating Her 80th Birthday - PEOPLE https://t.co/c5WhtFhtu7,1520326217957879808,Sierracrazyahh
Dakota Johnson Arriving at The Late Show with David Letterman in New York https://t.co/Cqy6xIA1fS,1520324009472184321,JohnsonLooks
Dakota Johnson &amp; #ChrisMartin Look So In Love While Attending Party https://t.co/MVcLqCVhCe via @YouTube #TeaParty for her #BarbraStreisand80 #BarbraStreisand,1520318655455805441,kostisbitsios
Barbra Streisand Shares Photo of Dakota Johnson and Chris Martin Celebrating Her 80th Birthday - Yahoo News Canada https://t.co/zgEdCZ0qY9,1520310901487845376,Sierracrazyahh
@DonaldJTrumpJr tell your Father to endorse. Taffy Howard running against Dusty Johnson!!! South Dakota,1520278576028811264,Lizmay599803561
Dakota Johnson Inquires About Johnny Depp's Severed Finger In Resurfaced 2015 Clip — Watch via @okmagazine https://t.co/j7uVE5pxAO,1520276730807738368,NoreenBawn2020
"Barbra Streisand Shares Photo of Dakota Johnson and Chris Martin Celebrating Her 80th Birthday https://t.co/NZDY4zMtQy 

Now ~ THIS, I Can't Believe! THIS make Me Feel OLD!
... and I just turned 74!",1520273048649228288,no2l
Achievement Unlocked: You just saw Dakota Johnson’s boobs on the internet,1520272594661871616,muga55555
"Dakota Johnson red carpet dress
#DakotaJohnson #Dakota #Hollywood #ActressHot #actress #redcarpet 
https://t.co/8PmKO90PXa",1520256178546036738,EwTalkies
Barbra Streisand Shares Photo of Dakota Johnson and Chris Martin Celebrating Her 80th Birthday https://t.co/5rKxG4TDYL,1520243282907103234,GinaLawriw
Barbra Streisand Shares Photo of Dakota Johnson and Chris Martin Celebrating Her 80th Birthday https://t.co/5rKxG4BuKD,1520239955863228416,GinaLawriw
Dakota Johnson and Chris Martin Ring in Barbra Streisand's Birthday | https://t.co/EaQv29rrfR https://t.co/8CCffJ6S3o,1520239478421426177,JamesBu47462513
Barbra Streisand Shares Photo of Dakota Johnson and Chris Martin Celebrating Her 80th Birthday https://t.co/6deKXFnmQU,1520239363485216770,GinaLawriw
"Bisexual movie of the day: A Bigger Splash (2015)
Directed by Luca Guadagnino

Starring Ralph Fiennes, Matthias Schoenaerts, Tilda Swinton and Dakota Johnson https://t.co/UEzZYAOCXg",1520231731122651138,bisexualmovies
"My ideal The Invisible Life of Addie LaRue cast:
Addie: Dakota Johnson
Henry: Adam Brody
Luc: Henry Cavill",1520230268501565440,gaetkoguy
Barbra Streisand Shares Photo of Dakota Johnson and Chris Martin Celebrating Her 80th Birthday https://t.co/3bfLVYgBDp,1520221639472041984,EINTeaPartyNews
"On Monday, 02, the #MetGala will take place, the most awaited annual event in the fashion world. Let's remember some of the famous looks worn by Dakota Johnson!
🌸 Create Awesome Photos in just a few Taps! 🌸
https://t.co/ahu3jy877U 
#DakotaJohnson #metgala2022 https://t.co/GgM5XrQdNB",1520220328844222466,BestEditingClub
"On Monday, 02, the #MetGala will take place, the most awaited annual event in the fashion world. Let's remember some of the famous looks worn by Dakota Johnson!
🌻 Create Awesome Photos in just a few Taps! 🌻
https://t.co/rTDmXZVPkq 
#DakotaJohnson #metgala2022 https://t.co/Dm4sl1I1hh",1520219993790689282,fanclubcelebrit
"On Monday, 02, the #MetGala will take place, the most awaited annual event in the fashion world. Let's remember some of the famous looks worn by Dakota Johnson!
✨ Create Awesome Photos in just a few Taps! ✨
https://t.co/DUGjqwcJqh 
#DakotaJohnson #metgala2022 https://t.co/8qjmb7K7hk",1520219704702472194,RateMyEdit_Tren
Dakota Johnson by Mary Ellen Matthews for Saturday Night Live https://t.co/bKoCOaizbj,1520218901929500672,JohnsonLooks
Dakota Johnson and Chris Martin Ring in Barbra Streisand’s Birthday https://t.co/nHQFS1wxDu,1520213707426615296,DonELichterman
Barbra Streisand Shares Photo of Dakota Johnson and Chris Martin Celebrating Her 80th Birthday https://t.co/5kqmfV68Pg,1520209876714196992,Mangakiko12
Barbra Streisand Shares Photo of Dakota Johnson and Chris Martin Celebrating Her 80th Birthday https://t.co/aZ0lkvXH7Z,1520207519393718274,feedroxy14
Barbra Streisand Shares Photo of Dakota Johnson and Chris Martin Celebrating Her 80th Birthday https://t.co/iHeDCjO9DG,1520207340154224640,youcef84731359
"Why dakota and chris?  Wish I could be there.  Frst saw babs as funny girl in a san jose movie theater.  My life never the same sorry u cant relate babs

Streisand Shares Photo of Dakota Johnson and Chris Martin Celebrating Her 80th Birthday https://t.co/dqPeFQiuBk via @Yahoo",1520206557820203011,PLasich
Barbra Streisand Shares Photo of Dakota Johnson and Chris Martin Celebrating Her 80th Birthday https://t.co/bu6sCQRAIh via @Yahoo,1520204889393188864,grundytv
everyone has a favorite nepotism baby and scientologist. mine are dakota johnson and elisabeth moss! what are yours 💅🏼 https://t.co/CleW2ws6hj,1520199381923770368,kenzvanunu
Dakota Johnson at Los Angeles International Airport in Los Angeles https://t.co/PrxlwRzEpC,1520193559512633344,JohnsonLooks
Barbra Streisand Shares Photo of Dakota Johnson and Chris Martin Celebrating Her 80th Birthday https://t.co/46WUey8b44 via @Yahoo I can't believe it. Ain't no way Barbara is 80 years old &amp; looks this good! God Bless her!,1520191682116997121,Mizzizrjv
Dakota Johnson and Chris Martin Ring in Barbra Streisand’s Birthday https://t.co/BuXZrRW7XC,1520189587284451329,DonELichterman
Happy Dakota Johnson appreciation day https://t.co/pmXFUzss0R,1520188812437032960,BajaBlast4Eva
Dakota Johnson and Chris Martin Ring in Barbra Streisand’s Birthday https://t.co/eNjK9AKIPE,1520188531641098240,DonELichterman
"Barbra Streisand Shares Photo of #DakotaJohnson and #ChrisMartin Celebrating Her 80th Birthday 
https://t.co/OzuHrFQ94E",1520187737176899585,fang_sung
i need dakota johnson,1520182934673760256,hrylver
".@BarbraStreisand Shares Photo of #DakotaJohnson and #ChrisMartin Celebrating Her 80th Birthday https://t.co/BVyGNxvsKu 
#HappyBirthdayBarbraStreisand #HappyBirthdayBarbra #Fabulousat80 #AgeIsJustaNumber",1520180502845702146,PaulBacon30
“She’s CRAZY” Dakota Johnson EXPOSES Amber Heard For Injuring Johnny Depp https://t.co/QRxyy8dlQa via @YouTube,1520171770464063489,Dolores86458182
✨manifesting dakota johnson at this year’s met gala + after party wearing gucci✨ https://t.co/LiNdQ5WT55,1520161065971195907,balkaanya
"https://t.co/o4NjtOd5KR Dakota Johnson Says Cancel Culture Is a ""Fking Downer"" After Working With Armie Hammer, Shia LaBeouf https://t.co/BtLlFB3rGT",1520150244440170497,robowho1
When Dakota Johnson went on the Ellen show and called Ellen out for not coming to her birthday party that was a cultural resent,1520150037568921602,delicateBPD
"Tippi Hedron aka Dakota Johnson's Grandma and one of the first MeToo women to speak out (due to her allegations against Alfred Hitchcock). She named Melanie Griffith after her character Melanie in ""The Birds."" https://t.co/8wV4pm49eL",1520133276068941825,CharisseVanHorn
What’s the most annoying example of blue-checks trying to force a pop culture meme? I’m gonna go with the Dakota Johnson Ellen interview.,1520129106523828224,LazlosGhost
can’t wait to watch dakota johnson as lucy in “am i ok?” https://t.co/Tq9HiXbCqZ,1520126931055882240,dilelannister
dakota johnson has the best smile https://t.co/VLKZwz8ieF,1520124549345554434,mythsdakota
i just think that chris martin and dakota johnson,1520115126619283461,_crestsofwaves
Dakota Johnson Goes Romantic in the Newest Stills From Netflix’s ‘Persuasion’ https://t.co/ptfHVjGxwm @voguemagazineより,1520110797221163008,FakeRokuoLoto
Does anybody know why people don't like Ellen DeGeneres? Her show is ending and ppl are celebrating. Google is just giving me Dakota Johnson.,1520109567392235523,UniTheMonarch
a dakota johnson em the lost daughter vei https://t.co/ni5EYfiEEz https://t.co/IhlMa5lwRx,1520108081258156035,fredices
Dakota Johnson should take over https://t.co/jIhi8PKILU,1520105426368536578,TheBiggScreen
Dakota Johnson on How To Be SIngle Movie Set in New York City https://t.co/XYyuVmsSia,1520103901986443265,JohnsonLooks
"Dakota Johnson even noticed Johnny’s finger and didn’t buy his reason. #JusticeForJohnnyDepp #JohnnyDeppIsInnocent 

Dakota Johnson notices Johnny Depp's injured finger in resurfaced 2015 video https://t.co/kvI8qRnZeO via @pagesix",1520100977667416064,TLOZ_Triforce17
Dakota Johnson go out in New York https://t.co/hbCqnkW8Ie,1520090222687621121,JohnsonLooks
We all know Dakota Johnson ENDED her https://t.co/PGYNuYtrP2,1520089295356239873,JasOh103
"If you really really think about it, Dakota Johnson would not exist if it wasn’t for Barbra Streisand. https://t.co/27IB60dqDI",1520088803620360199,jamizfoshiz
"Only her ,Dakota Johnson 😍😍 https://t.co/UQC9hWCpzI",1520086510707478528,nanfixus
Chris Martin with Dakota Johnson and @BarbraStreisand recently!😁 | via https://t.co/fAUomdAj53 https://t.co/eAtYw3DkvW,1520086097673478144,coldplaying
📷 demoncity: Dakota Johnson for Allure (2018)  Photographed by Petra Collins https://t.co/sg8d56hZmH,1520085547246575617,Glendss_
I’ll be thinking about how Dakota Johnson hangs out with Barbra Streisand for at least the next 12 hours. https://t.co/1NcPpejUPY,1520080357554589697,rachgrub
“She’s CRAZY” Dakota Johnson EXPOSES Amber Heard For Injuring Johnny Depp https://t.co/MHt13z4XpS via @YouTube,1520080260724781057,Rose461991732
"Does anyone besides Leslie Mann have a job in How to Be Single? 🧐 

Also I want Dakota Johnson’s loft.",1520079464922705920,StanislausFilms
Is that Dakota Johnson sitting in for Kay Adams this morning?? That's cute Kay with a different hair duuu https://t.co/qRugwN67Vd,1520078784451465217,TheWOmentum
Bead Johnson: South Dakota business leaders spearhead immigrant effort - Watertown Public Opinion https://t.co/MjKl7fxnxY,1520072175750815749,SamFish90
"Dakota Johnson's Style - Every One Of Her Red Carpet Outfits

The actress looked like a gothic princess in a corseted black tulle gown by Dior at the world premiere of The Friend. https://t.co/53K6s3DOcu",1520066535414509568,coin_clues
"Dakota Johnson's 15 Best Movies, 
According To Rotten Tomatoes

A Bigger Splash (2016) https://t.co/MsACGx19Rz",1520064784695238657,coin_clues
"when Dakota Johnson knew Johnny Depp is the victim of abuse. She was staring at his finger.
#JusticeForJohhnyDepp https://t.co/4OuX8XA8uu",1520063761595437057,tvd_amir
“She’s CRAZY” Dakota Johnson EXPOSES Amber Heard For Injuring Johnny Depp https://t.co/oiSPKsJVB4 via @YouTube,1520062824097144833,michellelannon2
"held:

-a laptop
-a laptop case
-a notebook
-two pens
-my phone
-my mask
-a knee brace
-a water bottle

in one hand/arm without dropping any of it so I think I'm better at the Dakota Johnson thing than she is",1520061113005715456,pcattry
"this girl told me I look like Dakota Johnson, day made",1520056916264701952,LillzChristine
"Top 10 Dakota Johnson's Movies

 The Lost Daughter (2021) https://t.co/BcpTRTu9HD",1520055682690596866,coin_clues
dakota johnson and mark really set the gears in motion to end ellen's career what legends 🥰,1520055009769099266,lesbians4jeno
Dakota Johnson Black Mass Premiere in Venice https://t.co/krGPA8JIiQ,1520037574244450306,JohnsonLooks
"Sony Pictures announced that Madame Web will come out on July 7, 2023. That is one month after the new release date for Spider-Man: Across the Spider-Verse (Part One) The film stars Dakota Johnson as the titular character alongside Sydney Sweeney in a yet-to-be-revealed role. https://t.co/RNG6f3H4KN",1520036008624013314,Multiverse_KnDm
“She’s CRAZY” Dakota Johnson EXPOSES Amber Heard For Injuring Johnny Depp https://t.co/rXkbgokt9r via @YouTube,1520029979949637632,kimkim32701
dakota johnson stays winning https://t.co/lPuheRmMgf,1520017471335546880,marcrofta
@heykayadams Sporting the Dakota Johnson 50 Shades of Grey look this morning... A dead-ringer! 50 Shades of Kay!! @cfrelund @SlaterNFL @rachelbonnetta @Sara_Walsh @StaceyDales @TaylorBisciotti @ColleenWolfe @melissastark @nflnetwork @KyleBrandt @DonJohnson,1520011718046502915,TheWOmentum
"If dakota johnson was in depp vs herd trial she'd just be like ""that's not correct Amber, you did that"" and this shenaniganry would be over",1520004347295379456,HeroineGardens
"A good woman knows. #freejohnnydepp 
Dakota Johnson notices Johnny Depp’s injured finger in resurfaced 2015 v... https://t.co/WJNcUsBu2B via @YouTube",1519994182219227136,Churchill74Ws
"I just realised. chuu, doja cat, bibi , jimin, key &amp; dakota johnson are all libra I WIN",1519981839959666688,greencap10
"On my way to the hairdresser I’ve had to reschedule for about four times because of ✨work✨ and if I don’t leave the salon looking like Dakota Johnson, life no longer has meaning https://t.co/N9hb3atyTD",1519972769261309954,kkasimiira
Dakota johnson I will drink ur bath water... #random,1519967471083610113,Ludaz_
Johnny Depp and Dakota Johnson cute moment https://t.co/M6fBsCpeFW via @YouTube,1519951776488824832,KatPatt29252996
"Maik Faist, Timothee Chalamet, Lorde, Dylan O'Brien, Taylor Swift, Sadie Sink, Dakota Johnson, Elle Fanning and Anya Taylor Joy too pls! https://t.co/uHF1LUx2u7",1519939474029158405,moodtweets98
VogueRunway: Why we want what Dakota Johnson and Chris Martin have https://t.co/k5MEDZkmy9 https://t.co/oBKmUHJLBL,1519937512533377024,SilviaGeorgie
put me in a room w Dakota Johnson and Anne Hathaway AND ILL FOLDD,1519918049700241408,miklamiklaa
Dakota Johnson reading “When Lisa Told Me” by Roberto Bolaño for “The Pa... https://t.co/eKiyHzjNck,1519909440358604801,im_so_green
"Sony's presentation wraps up with a sizzle reel that gives a first look at Dakota Johnson &amp;amp; Sydney Sweeney in Madame Web, N…",1519894962682269696,ScottFelix20
imagine ellen’s final episode she brings out dakota johnson https://t.co/4yIv4g8CPW,1519891562439737344,delreyfilms
Dakota Johnson is still alive and y’all crushing on other women. Smh,1519885670554251268,zaharadeentweet
"A mulher da minha vida tem nome,nome do meio e sobrenome...
DAKOTA MAYI JOHNSON...
The woman of my life has name, middle name and last name...
DAKOTA MAYI JOHNSON...

#DakotaJohnson #madameweb https://t.co/PcfJcVSsSf",1519880270232625153,gaboongi
this is his ellen-dakota johnson fication moment https://t.co/uXgjzy17D4,1519876758799269889,diIfplomat
Dakota Johnson Was Seen Out in New York 10/13/2016 https://t.co/k9C1Jv2vqN,1519876218774069249,JohnsonLooks
"Dakota Johnson notices Johnny Depp's injured finger in 2015 resurfaced video | Page Six #DakotaJohnson #JohnnyDepp #AmberHeard 

https://t.co/C8H3njCmXf",1519869656282009600,eliswija
Jermaine Johnson @dallascowboys,1519868576999563265,dakota_mIII
Dakota Johnson at the Fifty Shades Darker Premiere in Los Angeles 02/02/2017 https://t.co/P0yvo5PjMQ,1519863307481538561,JohnsonLooks
Seeing “Cha Cha Real Smooth” in a theater full of people was such a magnificent experience! Cooper Raiff is so terrific. Loved Dakota Johnson’s performance even more this time around - which I was already so impressed with. The score is tremendous. https://t.co/06LcQlaVd5,1519860028659933191,msmlroberts
"4 famous people I’ve been in the same room with, one is a lie:

1) Kristen Stewart
2) Kirsten Dunst
3) Paul Rudd
4) Jason Segel
5) Dakota Johnson

Guess the lie 🤪",1519859770689216512,spncerstewart
Dakota Johnson notices Johnny Depp’s injured finger in resurfaced 2015 v... https://t.co/hNizK0e4zV via @YouTube,1519855095801950210,SoulAnba
watching a movie in theology with dakota johnson and having to contain my love for her https://t.co/9zpf8vTrGi,1519850074775375878,sarahswalkcr
thinking about the dakota johnson x blue bottle coffee lore,1519848792568352780,aDarkBlossom
"🎞#Bales2022FilmChallenge🎞
🍿#KateWinsletEdition🍿
🐣
🗓2️⃣6️⃣ Filmed in South Dakota
(Closest Match😉)
🐣
📝🏅#0DegreesOfBales🏅

🎥🎬 This Article ⤵️

📝 “Kate Winslet, Amy Schumer,
Dakota Johnson Cover ELLE’s
Women in Hollywood Issue”

💻 https://t.co/v64dDUw1EM https://t.co/ygqHpIh3RC",1519843957286465536,VaderJaws
Resurfaced video shows Dakota Johnson noticing Johnny Depp's finger injury in 2015 https://t.co/lvaTlBwqZ7,1519841328456249344,wizz_media
Dakota Johnson in the Bay Area?! https://t.co/Kfd9T7OAoc,1519833382544232448,chickenstrip007
See Dakota Johnson's Sheer Costume With a Crystal-Fringed Cape #music https://t.co/xfnjXvycuW https://t.co/SO746KDkwB,1519829135950061572,TheDripStar
"brenda song, rooney mara, and dakota johnson each giving a slay and a half in the social network https://t.co/uGeudoR8id",1519826584949202945,jam_smartin
"Dakota Johnson Carrying things 
#DakotaJohnson https://t.co/Qd6aHTdSxt",1519824180459769856,HourlyDakota
Dakota Johnson&gt;&gt;&gt;Millie Bobby Brown,1519821994421796864,mencl_honza
somebody said dakota johnson to ellen degeneres is what bts is to james corden 💀,1519816619299844096,siIverykoo
I just realized I miss Dakota Johnson so much,1519807741019279362,cinphilist
Are they finally picking up on true events #JusticeForJohnnyDepp https://t.co/gfyhVQR2u3,1519796465580789762,janeg032
Not Dakota Johnson standing there while i got berated and screamed at by a customer at work 😭😭😭😭,1519791519196082176,esaiplease
"Dakota Johnson noticed Johnny’s finger and asked him about it. He made a joke about it. She laughed but then they both got very serious. They were promoting Black Mass at the time. 
#JusticeForJohnny 
https://t.co/WogvLAB60C",1519785456166129665,GooseNibble
"From #DakotaJohnson To @Zendaya: These Awards Outfits Are The Fashion Statements Of 2022 Follow Us on @iwmbuzz 

 #DakotaJohnson #KristenStewart #NicoleKidman #Zendaya #ZoeKravitz

https://t.co/GuqZMLcc62",1519783010018627585,iwmbuzz
how do I start looking less like Me and more like Dakota Johnson,1519779025169915904,SophDAmbrosio
dakota johnson is so pretty,1519777787451686921,tink2point0
"Donald played in six games in 2021 and has played in 11 games over the course of the last three seasons, much of that in a reserve role. But he did step in as a starter in the 2021 regular season after current NFL Draft prospect Aron Johnson missed a game. https://t.co/lp0bzSRU54",1519776238524633095,dailyrepublic
"Dakota Johnson wearing a beautiful Gucci evening gown at the Vanity Fair Oscar Party 
Doesn't she look divine? 💕
#DakotaJohnson #gucci #vanityfair #oscars #afterparty #eveningdresses #eveninggowns #beauty #fashioncouture #eveningstyle 

For more follow @evocativeclothingdesigns https://t.co/on8MWuUee8",1519758526981328898,EvocativeCloth1
"It’d be funny if this was the last straw for Simpsons fans and the show’s rep and popularity tanks as a result, like this was the equivalent of Dakota Johnson on Ellen or Nostalgia Critic’s The Wall https://t.co/YDZxSoj6to",1519757278383157252,SeanMcGann98
fifty shades of grey outsold..Dakota Johnson will always be victorious https://t.co/QKhQgNNEr4,1519751186513113090,iIivehere
"it's crazy discovering just how many nepotism babies are actually in hollywood. and it's always the ones you least expect like jaime lee curtis, angelina jolie, drew barrymore, jake gyllenhaal, lily collins, dakota johnson, + many more. they are all very talented but-",1519750662661234692,trickybrina
Dakota Johnson is my mom,1519745049545818113,bae18481704
dakota johnson’s so cuteeee https://t.co/UWAjY6fYA4,1519741320859992064,balkaanya
Dakota Johnson in 50 shades is literally hilarious lmaoo,1519734500531445761,nightfellduarte
the limes in Dakota Johnson's kitchen are begging to be squeezed into a Zuzu https://t.co/HFVUlQkQ3q,1519726108496654336,DrinkZuzu
I need to watch more Dakota Johnson films. I absolutely adore her,1519721177715195904,ChloeJonesy1996
Poolhall Junkies 2 starring Dakota Johnson,1519718843752480768,oldschmitty
I will never forget that guy from 365 days insulted Dakota Johnson 🤢🤢🤢,1519717159936888832,angeleuphoriajk
woah dakota johnson seriously cannot act like i’m not even kidding anymore,1519715324488486913,SlSTERNGHT
Dakota Johnson seems to notice Johnny Depp's severed finger in old clip https://t.co/prKrBSayqM,1519712831175856129,DianaHollins
AH already got a ton stacked against her and that trash ain’t got a case but Dakota Johnson on team JD? Yeah Amber done for good. Dakota gonna do her worse than she did Ellen 💀,1519708288295878656,alexaahhz
Me today with Monae Johnson cannidate for secretary of state if South Dakota https://t.co/CtEBOu3ydV,1519703104685584386,LloydRingrose
"Olivia Colman is too cool to be your mum guys, she has a tattoo done by Dakota Johnson #Heartstopper",1519697699200663552,DanceUrslfClean
"*Rihana pointed out the cruelty on farmers bcz of BJP*

Masked sanghis: ""apne career ke bare me bta, gareeb ladki""

*Özil pointed out the cruelty on Muslims in india bcz of BJP*

Mskd sanghis: ""apne desh k Muslims ke bare me bol fraud sala, Dakota Johnson is better #10 than u""",1519697302729871360,awkwardarm23
"Adore Taxes LLC held a ribbon cutting on Monday celebrating joining the Greater Florence Chamber of Commerce. Owner Tiffanie McLaughlin, her daughter, Dakota Eggleston, left, Evone Gamble, staffer; niece, Ariana Johnson, right; and daughter, Rahmiya Sims, cut the ribbon. https://t.co/exdeMZntkP",1519694440998359041,florencechamber
it literally has florence pugh dakota johnson and gemma chan in it aswell ??😅 https://t.co/JBh0vPMASx,1519681027404349442,meadowwrightt
nah y’all better say sorry to dakota johnson and jamie dornan for trashing them for making fifty shades when new films being made can’t live up to what they brought to the screen  https://t.co/In6geOqyRa,1519677633738407936,koredakota
"Dakota Johnson for Vanity Fair 
#DakotaJohnson https://t.co/lZ96oZaUlT",1519653366250582021,HourlyDakota
"Ecology of Dakota Landscapes: Past, Present, and Future, edited by W. Carter Johnson, Dennis H. Knight
https://t.co/OUfDDDdj4m | @YaleBooks",1519639266179092480,EHPC_BookSeries
very random but dakota johnson might be the prettiest woman alive,1519626503167881219,emoyoongi555
Dakota Johnson Was Spotted with Her Mom Melanie Griffith in Aspen 12/26/2017 https://t.co/obJORHa9Xu,1519624831330832384,JohnsonLooks
Absolutely Beautiful xoxo I Love Dakota Johnson @LARZIK https://t.co/qxPkNkkpHw,1519616057706795008,GaryLarzik
Dakota Johnson Was Spotted at LAX Airport in LA 04/03/2018 https://t.co/xdl4Y8uXS1,1519600731434721281,JohnsonLooks
Dakota Johnson Leaves a Yoga Class in Los Angeles with a Friend 04/23/2018 https://t.co/uXoxU4ib1E,1519587055868784641,JohnsonLooks
Imagining Dakota Johnson and Jamie Dornan being a real life couple rn,1519584715673841664,c2mslut
"Dakota Johnson had Amber Heard's # 

https://t.co/PDjV1NyXWq",1519578653914509312,WhigsnTwigs
no thoughts just dakota johnson with a lollipop 🍭. https://t.co/uKifk8vP7d,1519576650891079681,dakota_carlito
Johnny Depp: Dakota Johnson notices co-stars finger injury in resurfaced video amid Amber Heard trial https://t.co/wK0nyIOHCf,1519573729092771840,adabagcompany
dakota johnson is a libra??? w for me. libras are the best &lt;3,1519570128404422657,AyshaIzaguirre
Dakota Johnson Attends the Premiere of Cha Cha Real Smooth in Austin 03/18/2022 https://t.co/xBvzay4Dcs,1519561877730349056,CelebsPics18
Is it just me or does she looks like the Indian version of Dakota Johnson? Found on a random Snapchat discover story. https://t.co/35WWUZb1gR,1519557218244329474,BurntOutAlready
"#GuessTheMoviePoster 

Matthew Modine and Dakota Johnson's mother https://t.co/W17LGdtzQv",1519551820863275008,midgetmoxie
Dakota Johnson in a Blue Chino Pants Leaves Her Hotel in New York 07/17/2018 https://t.co/FdUvXpDmka,1519548514224721921,JohnsonLooks
Dakota Johnson in Gucci Sneakers Goes Grocery Shopping in Malibu 08/26/2018 https://t.co/nLHLEIjrIO,1519536830244343808,JohnsonLooks
"Dakota Johnson Love Is The Drug Just Say Yes Idioma Coldplay T-Shirt

https://t.co/AifPgqB3bq https://t.co/lSFdbyzZeq",1519532814269620226,parceldlogansa
"Dakota Johnson Love Is The Drug Just Say Yes Idioma Coldplay T-Shirt  #DakotaJohnsonLoveIsTheDrugJustSayYesIdiomaColdplayTShirt

https://t.co/AY10ua2RGL https://t.co/Mcpw79L5e0",1519531790721069056,kalleyvvkandra1
"Dakota Johnson Love Is The Drug Just Say Yes Idioma Coldplay T-Shirt

https://t.co/pRw36RnVIq https://t.co/lMTO0OAyOz",1519531717714923521,janice6c5emoni1
"Dakota Johnson Love Is The Drug Just Say Yes Idioma Coldplay T-Shirt  #DakotaJohnsonLoveIsTheDrugJustSayYesIdiomaColdplayTShirt

https://t.co/tsc3KI1YdY https://t.co/RycciRxX6g",1519531467470168064,meagan0imca
"Dakota Johnson Love Is The Drug Just Say Yes Idioma Coldplay T-Shirt

https://t.co/B3cncri2dw https://t.co/tyCjjodJz9",1519531004284833794,HeavenTshirtSh1
"SC gets a great win at South Stokes, 5-3. Dakota Mills 2-3 with with his 4th leadoff 💣 (5 HR). Mason Jewell 2-4 and picked up the pitching W with 3.1 relief innings (0R, 6K’s) of Aiden Shropshire (3.2 IP, 3R). Clay Whitaker RBI, Kade Norman &amp; Lucas Johnson had a hit each.",1519527898255925248,SurryCentralBsb
was anyone gonna tell me rational creatures was mentioned in factually inaccurate articles about the netflix persuasion last year https://t.co/widR3An7PQ,1519525617942687744,gingernifty
Dakota Johnson at the Suspiria Premiere During the 75th Venice Film Festival in Venice 09/01/2018 https://t.co/l1nGSQHfc1,1519522126948089856,JohnsonLooks
i wanna cut my hair like dakota johnson’s but i’m terrified of grown out bangs,1519509207766245376,camilareyy
Dakota Johnson is Don Johnson Daughter. If she was Not Don Johnson Daughter she still is Absolutely Beautiful @LARZIK https://t.co/8rGVqBGY3o,1519504528755892225,GaryLarzik
Dakota Johnson in a Gray Chicago Bulls T-Shirt Leaves the Gym in Los Angeles  09/11/2018 https://t.co/3Y9vlQxOUN,1519496489017520129,JohnsonLooks
i know y’all aren’t sleeping on my girl florence cmon now… i’ve loved her for a while and i would’ve definitely watched it anyway. dakota johnson was part of the original cast and that got me captivated too https://t.co/En6UCbocTq,1519494383845969921,satellitecherry
Dakota Johnson is so hot because of her eyebags,1519490108910710785,proletarat
Idk about Dakota Johnson as the female lead but imma tune in anyways https://t.co/mSI4K8wlmV,1519484325930094592,dksgyusolo
Dakota Johnson in a Black Coat Arrives at Heathrow Airport in London 10/17/2018 https://t.co/sjdqpumPCG,1519482275213234176,JohnsonLooks
Fans Caught Dakota Johnson Noticing Johnny Depp's Sliced Finger In A 2015 Press Conference https://t.co/IDQXxGR6ia,1519474235537707008,ginanlex90
"Underwear As An Outerwear? From @GiGiHadid To #DakotaJohnson, Take A Look Follow Us on @iwmbuzz 

 #fashion #Hollywoodcelebrities #Outerwearfashion

https://t.co/TJWmhSL2GQ",1519466797312864256,iwmbuzz
"(Florence Pugh) Chris Pine, Dakota Johnson, Gemma Chan, Asif Ali, Nick Kroll, Kiki Lane, and other stars are in it too. This is such a weird take???? https://t.co/XfavvAW01N",1519461796460912640,eviekeepsbees
"I'm a little bit obsessed with Dakota Johnson. 
I don't know how or when this happened. But here we are.",1519450440823410689,_jaewho
".

     ■ Ｆｏｌｌｏｗ  Ｕｓ 
     ■ Skincare News 
     ■ SheaByNico

#skincaretips 
#skincare 
#beauty 
#softskin 
#beauty 
#spa 
#skincaretwitter 
#hollywood 
#celebrity 
#ifb
https://t.co/K45JwFecDh",1519445401555935233,Shea_By_Nico
"Dakota Johnson Goes Romantic in the Newest Stills From Netflix’s Persuasion

https://t.co/tkoYcQhcWh",1519445283888803841,excssvlydvrtng
"Marvel's Madam Web (2023) action superhero film with Dakota Johnson, Sydney Sweeney | Soundtrack, release date, details - https://t.co/ZMWhSaAMlc

#MadamWeb #soundtrack #SuperHeroine #MarvelStudios #ST",1519439992862519297,tracklistOST
"“There are few official images of musician Chris Martin and actress Dakota Johnson together, because they don’t even need to show up dressed to the nines and stunt at award shows” ✨",1519434125429641216,tender_DMJ
"CHRIS MENTIONED IN VOGUE 😭 MY CHRIS
IN VOGUE 😭 https://t.co/hPy4e9M8uV",1519433462679326721,Coeurli
"""I Want What They Have: Dakota Johnson and Chris Martin"" ❤️ https://t.co/xiI674w6qH",1519433020503117824,tender_DMJ
Thanks Emma Specter for this article 🥹🤧 https://t.co/4py0fwJaRb vía @voguemagazine,1519432538393124865,tender_DMJ
I Want What They Have: Dakota Johnson and Chris Martin https://t.co/5ekR6DoJcm,1519432502347288576,dartindc
#dartin 💕 I Want What They Have: Dakota Johnson and Chris Martin | Vogue https://t.co/WhvrD8YzEz,1519431599254814720,__Dartin
I love my dakota johnson pfp bc even though she’s a nepotism baby she is goals and crush,1519424548982169602,severelyfine
Dakota Johnson for Mera instead? Anyone? ☺️,1519423671168688128,juander_jc
"The South East Fraternal Order of Police, Lodge No. 6, presented the Officer of the Year Award to North Dakota State College of Science Police Department’s Whitney Link. Ariel Johnson was presented with the Associate of the Year Award. https://t.co/WBcxGCBkSb",1519422419416584194,wahpeton
Dakota Johnson ripped her chest open at the end of suspiria https://t.co/dUy3jW4z4X,1519406296461623297,edna_days
had a dream I met Dakota Johnson and got to tell her that I adore her and loved all of her work… I’m broken,1519403381424410624,leilanisfilm
"Watching Black Mass &amp; it's incredibly good...except whenever Dakota Johnson is stinking up the screen. and here I thought Jesse Plemons would lack personality. oof

What should have been the most emotional scene in the film, literally had me groaning &amp; rolling my eyes. Yikes https://t.co/WiT86UjHiu",1519397592932573184,Bendo2Levi
Why isn't Dakota Johnson my wife: an investigation,1519386262184071170,ThatPazuzu
"Sony’s ‘Madame Web’ will hit theaters on July 7, 2023 🍿 The film stars Dakota Johnson and Sydney Sweeney 🕸 https://t.co/qtVs7DdNM0…",1519382389411094528,HertySolomon
Dakota Johnson in a Red Hoody Leaves Her Workout in Studio City 01/07/2019 https://t.co/1tAItghkxF,1519377194388180998,JohnsonLooks
I thought that this was Dakota Johnson at first. https://t.co/rJSKzJSmbe,1519374023360188417,THEEBlackleftie
dakota Johnson you're bones https://t.co/AWdZhtSLst,1519373253713793025,noctblues
this color will always make me think of dakota johnson lying about loving limes during her AD home tour despite being allergic (unnecessary deference sage?) https://t.co/KyXTYuVhiG,1519371391308546049,notfolu
"Just an appreciation tweet for Dakota Johnson. 

The Nowhere Inn (2020) 🇺🇸
Director: Bill Benz https://t.co/IpQ3TuIAeD",1519367612337074176,chandanrawal316
Pane Pilliamson smile more or less equal to that of Dakota Johnson,1519357058381848577,karthik_jammy
the world              with dakota johnson https://t.co/MjlwjshcOq,1519355890092191747,dakoftie
Dakota Johnson in a Blue Ripped Jeans Arrives at a Nail Salon in LA 02/11/2019 https://t.co/DhxlfZvGNT,1519348507269865472,JohnsonLooks
i know i was young but i don’t think the headlines for the fifty shades movies were ever like “jaimie dorian performs oral sex on dakota johnson in new trailer”,1519339180064653312,kiwisnewangxl
Fans Caught Dakota Johnson Noticing Johnny Depp's Sliced Finger In A 2015 Press Conference #celebrities https://t.co/BJVLvIL2qE,1519337657846964224,Thethingscom
"Netflix anuncia fechas:

Hustle, con Adam Sandler - 8 junio

Spiderhead, con Hemsworth y Teller - 17 junio

Persuasion, el drama con Dakota Johnson - 15 julio

Day Shift, la de vampiros con Jamie Foxx - 12 agosto

Me Time, la comedia con Mark Whalberg y Kevin Hart - 26 agosto https://t.co/aWUP6w68O6",1519330701870514177,UniversoAlex
"The way that men acted when the joker came out. This is my joker. Except I’ll be so much worse.

No, but actually so excited to seek Dakota Johnson rock an English accent and be Anne Elliot in persuasion. And Henry Golding as Mr Elliot 😍 https://t.co/LdrtXsF7UY",1519329792767705090,bdandi06
Elon bought Twitter? I thought Dakota Johnson ended her…,1519320929070989317,NATHANHATCHER
Johnny Depp: Dakota Johnson notices co-stars finger injury in resurfaced video amid Amber Heard trial https://t.co/BlwzrkeQKQ via @Yahoo,1519319693357690881,Angiex0101
july 2023 belongs to margot robbie and dakota johnson https://t.co/UYZ4yf4r5g,1519305707107106817,misslefroy
"#BlackMass is now on @7Mate 🎬 📺

[2015, MA15+ (L V), --, Rpt, Johnny Depp; Dakota Johnson; Joel Edgerton; Benedict Cumberbatch; Kevin Bacon; - Warner Bros]

#WednesdayNightAtTheMovies https://t.co/5UEBZCdkDb",1519300765931773953,MrTVAus
"""resurfaced"" yeah right. It's been circulating for years.
#JohnnyDeppVsAmberHeard
#JusticeForJohnnyDepp https://t.co/VXOqJ01xVP",1519297777200738305,ElisaDayJ4J
Dakota Johnson in a Gray Dress Was Seen Out in Los Angeles 07/14/2019 https://t.co/EkY24HEwmD,1519295480764772353,JohnsonLooks
the lost daughter as a movie is so funny cause olivia colemans acting her ass off and then dakota johnson is just there,1519291549074395136,annieadderalI
Dakota Johnson notices Johnny Depp's injured finger in resurfaced 2015 video https://t.co/70CwoSBFyM via @pagesix,1519286666925592577,GinaLawriw
Dakota Johnson Notices Johnny Depp's Injured Finger Looks Worried In Resurfaced Videos #dakotajohnson #johnnydepp https://t.co/AJj6CiGgYp,1519280203570327554,aiBreaking
they need to cancel the dakota johnson persuasion and stick to the one with sarah snook,1519259980691562496,MESSYFRENCHGlRL
"NOVA ESTREIA
Madame Web
SONY
06/07/2023
Dir: S.J. Clarkson
Act: Dakota Johnson, Sydney Sweeney",1519257563262558208,cSMoviesPort
Dakota Johnson notices Johnny Depp’s finger injury in resurfaced video from 2015 https://t.co/mM3OKPmDml,1519253267917807616,adabagcompany
https://t.co/SCJX1j8pib Dakota Johnson's Drunken Escapades Are Fifty Shades of Hilarious https://t.co/lMHdqoH8Cb,1519251906866016256,robowho1
"First look at Dakota Johnson, Cosmo Jarvis and Henry Holding in mvs 'Persuasion', based on Jane Austen's novel with the same name.

July 15 2022 on Netflix  https://t.co/mHFRarZCyU",1519246229066371073,moviemenfes
It’s still bonkers to me that a silly little compilation I made of Dakota Johnson has 1.3 million views,1519244255075901441,YellowSub0
Dakota Johnson Attends The Friend Premiere During 2019 Toronto International Film Festival in Toronto 09/06/2019 https://t.co/5lkroe39Er,1519227989501874176,JohnsonLooks
Madame Web Release Date: Spider-Man Spinoff Arrives in 2023 - Collider https://t.co/9GDaDIkzWn,1519217648814415874,powerscosmic
Old Video Of Dakota Johnson Asking Johnny Depp About His Severed Finger Goes Viral https://t.co/CBZaQ0EAaM,1519215030478249984,news89com
oh wait I need to read Persuasion before it's release date! or should I spoil myself???? for real I love Dakota Johnson and Henry Golding and I  can't wait... I am a Jane Austen enthusiast 😭😭😭,1519204960604368896,iveliz_s
dakota johnson is just too cute.,1519189681862103041,commonnamehomie
"every female character is dakota johnson to me like you could say red head, blonde whatever it will still be dokota IT'S ACTUALLY ANNOYING https://t.co/lcuBORdpzH",1519164671177146369,cwboyslikeme
Dakota Johnson Attends the Premiere of Cha Cha Real Smooth in Austin 03/18/2022 https://t.co/GUmKmkdDV4,1519159614637416450,HotCele21688094
"#JohnnyDepp has repeatedly spoken about that 2015 incident in which he ended with a severed finger after an altercation with then wife Amber Heard in Australia.

Continue reading at https://t.co/gwozcZpA3w | 10z Soccer",1519154304740995074,lovehatemos
HotaineNet Trending: Review: Shia LaBeouf will break your heart in The Peanut Butter Falcon  https://t.co/FqSDykYpzT,1519152083496321026,hotaine
"Sony's presentation wraps up with a sizzle reel that gives a first look at Dakota Johnson &amp;amp; Sydney Sweeney in Madame Web, N…",1519149182883225600,TernenceMasefi1
new goal in life: ir al cumple de Barbra Streisand con Chris Martin y Dakota Johnson😤,1519146662974918656,marianaodv99
Old video of Dakota Johnson noticing Johnny Depp's severed finger will shock you https://t.co/8sMhIr7eoC ⚽️⚽️  📲 Bet now via ⟶ https://t.co/0I4IIflkwI √ https://t.co/QdE6L4Dt7n,1519139787407388672,SportsbookBTC
Someone on TikTok compared me to Dakota Johnson and they were wrong but it was still a huge ego boost,1519134759745581057,snurchleader
"The seven-part series is produced by TeaTime Pictures, which was founded by Dakota Johnson and Ro Donnelly, and Boat Rocker. Johnson, Donnelly and Katie O’Connell will serve as executive producers for TeaTime. https://t.co/kkbbueQ0YO",1519130020857499648,jezthemess
uh oh I love dakota johnson https://t.co/gC5aNnqPnm,1519128056560033793,andjustlikematt
Dakota Johnson Inquires About Johnny Depp's Severed Finger In Resurfaced 2015 Clip — Watch #SmartNews  https://t.co/NQrzY2TIph,1519123849421357056,jmisraje1111
dakota johnson and jamie dornan i love u both incredible performances in the fifty shades of grey trilogy,1519122461144629248,lyssa_nicole3
Dakota Johnson and Johnny Depp’s Viral Video Explored https://t.co/DsLRp2muHZ,1519115877714567168,Yajaira96323682
remember when dakota johnson was gonna be in dont worry darling god knew there was no way i’d make it out of the theatre alive and had to take her out,1519112885561184257,captnmarvl
"I can confirm that there is a Hotel Alex Johnson in Rapid City, South Dakota.

I’ve stayed there.

One of the items on my professional bucket list is to speak at a fintech conference at the Hotel Alex Johnson. https://t.co/gtzVWf0Or1",1519112852820226049,AlexH_Johnson
Dakota Johnson and Johnny Depp’s Viral Video Explored https://t.co/JkhUFTqQpc,1519110715004448769,Gia49128255
"“no, we have dakota johnson at home”

dakota johnson at home: https://t.co/6Tp56Z1Ln1",1519099427327258624,milfprecoce
"First look at Dakota Johnson as a Jane Austen heroine for Netflix

https://t.co/Gkik6AjwjZ",1519097492037455874,excssvlydvrtng
Dakota Johnson and Johnny Depp’s Viral Video Explored https://t.co/kUellTdlP2,1519082278483152901,Decoda11
"Anne Hathaway &amp; Dakota Johnson should be in a movie together and play sisters. 
Perferably a horror movie",1519082173399289857,M3N07y0u
"I thought the original was pretty 'witty'? &gt; “Dakota Johnson to Star in Persuasion Adaptation.
This version will retell Austen's novel with a ""modern, witty approach.""” https://t.co/QvN4iQ8Y7F https://t.co/7q9ZsxidrL",1519080843301556227,lorcanD
Dakota Johnson in a White Gucci Sneakers Was Seen Out in Los Angeles 06/11/2020 https://t.co/FfcuWNrjoe,1519079007987421184,JohnsonLooks
"Marion Cotillard, Alicia Vikander, Felicity Jones y Dakota Johnson son todas Libra; now I'm biased and I truly believe I gotta find me a Libra jajaja 🥺",1519067775972618241,KRVZTIIE
Dakota Johnson in a White Tee Was Seen Out in Malibu 06/19/2020 https://t.co/AEJVArvDtk,1519065308421447686,JohnsonLooks
"On a brighter note we are finally getting a movie with good autistic representation in played by and autistic actor! So every go watch 

https://t.co/O3sHDOKp1V",1519064321275437057,wandas_visions
"Dakota Johnson and Johnny Depp’s Viral Video Explored
https://t.co/nQbOu4jwME",1519057913955897346,shiekh7771
"Information about cast change in @MadameWeb is not true.
Movie starring Dakota Johnson and Sydney Sweeney will start filming in July. 
Madame Web already has official release date, July 7, 2023. https://t.co/w8zVWnElnv",1519046422766751746,Sweeneyplanet
"Now on Ar Kate King’s Show :

Ellie Goulding’s song from the film Dakota Johnson got railed by Jamie Dornan.",1519033804056317952,Tanyas_Nails
ANDREW CUOMO AND DAKOTA JOHNSON LOVECHILD ON THE WAY!!!!!!!,1519020776015466496,Weatherbyhayley
Inside Dakota Johnson's Serene Hollywood Home | Open Door | Architectura... https://t.co/W1EtDN3vIa via @YouTube,1519017261268447232,StillSombre
dakota johnson my beloved https://t.co/e1hX0RIh5L,1519015543264620549,mythsdakota
Dakota Johnson notices Johnny Depp’s injured finger in 2015 video https://t.co/6dWsKlvSw9,1519013749662834689,Mangakiko12
"#DakotaJohnson #JohnnyDepp #AmberHeard
Dakota Johnson notices Johnny Depp’s injured finger in resurfaced 2015 video | Page Six
https://t.co/CtfAz5B9qd",1519012067772096515,BrightlyAgain
dakota johnson is my favorite nepotism baby by far,1519008714426130432,sarabintner
If I don’t see Dakota Johnson on @TheEllenShow one more time before it goes off the air…*shakes fist* https://t.co/rRXhReMWNp,1519002418645721089,raquel2e
Johnny Depp’s injured finger — which he has claimed ex Amber Heard severed with a vodka bottle — catches the eye of Dakota Johnson in a resurfaced video from 2015. https://t.co/EVNCY6O5yj,1519001781501849602,Sky_3800
"Dakota Johnson will play Julia Carpenter in Madame Web
#MadameWeb #DakotaJohnson #Sony #SonyPictures #Marvel #MarvelStudios https://t.co/kkjDouatc5",1518998335947952128,marvel_updat3s
"Wow, this is a perfect example of when brunette is NOT a sexy choice. Some natural blondes can pull off brunette well (Emma Stone, Dakota Johnson), but Austin Butler went from a solid 9 to a 6. Tragic. https://t.co/TRdtHqP6Us",1518993405522722817,STARGI777L
Dakota Johnson is just flawless. https://t.co/oFVxG8ZfE8,1518990503462592512,SheethalS5
"focus on South Dakota
Races important:
RACE 1: Senate Dis 33 
Challenger Janet Jensen vs incumbent Sen. David Johnson
ACE 2: Senate Dis 5 
Challenger Colin Paulsen vs incumbent Sen. Lee Schoenbeck
HOT RACE 3: Senate Dis 24 
Challenger Jim Mehlhaff vs incumbent Sen. Mary Duvall",1518988786197315586,R_guy58
Dakota Johnson notices Johnny Depp’s injured finger in resurfaced 2015 video https://t.co/SfYgsJmSn7 #SM https://t.co/LfMhLklLLt,1518987465314373633,Knewz_Currently
just dakota johnson https://t.co/Dur9qy0unI,1518977535060549632,f1nel1ne
Dakota Johnson notices Johnny Depp’s injured finger in resurfaced 2015 video https://t.co/hDmx8KVWfc,1518976977318948865,adabagcompany
"Whoever is in charge of decision making at Sony is legit just trying to find out who is popular with the youths rn.

They tried Jared Leto.

They got Dakota Johnson because 50 Shades was popular at one point.

Now this.

Like...This is so frustrating.

So so frustrating. https://t.co/m80KwsSsM8",1518974848927735811,MasterTainment
People spot key detail in resurfaced clip of Dakota Johnson looking at Johnny Depp's injured… https://t.co/sSBQz2uQUc,1518973577189486597,smackgirls
"Sony making El Muerto (and even Morbius, Madame Web, etc.) seems less about making Marvel film and more about wanting to work with talent. 

They want to do something with Bad Bunny so they found something. Ditto Dakota Johnson, Jated Leto, so on.",1518972037162848256,FineHijinx
"DEVEL EXEC: “We need to meet the love interest by page 5. Right now he doesn’t show up til page 30. Which is crazy. It’s #Screenwriting 101.”
WRITER: “You don’t meet the love interest til 35 minutes into Working Girl. (BEAT) Melanie Griffith? (BEAT) Dakota Johnson’s mother?”",1518970159251156993,killingjef
dakota johnson kind of looks like she’s melting but in a good way,1518969661345443843,uncool_mom_
Dakota Johnson in a Beige Beanie Hat Was Spotted Out with Chris Martin at Buttermilk Ski Area in Aspen 12/30/2020 https://t.co/xsz2z3bQAU,1518950844254887942,JohnsonLooks
Omg I just love dakota johnson,1518950390875947008,hudett_
"Dakota Johnson’s ‘Persuasion’ Gets a Summer Release Date

https://t.co/HxluzokwkY",1518931146108641281,excssvlydvrtng
If you didn’t know her Dakota Johnson really sounds like a name a linebacker would have,1518927196987039744,Mockingjade
Most excited for Kraven as the set photos look cool &amp; the footage description sounds badass! Aaron Taylor Johnson look great! Madame Web Im only excited for because of Dakota Johnson &amp; Sydney Sweeney! El Muerto with Bad Bunny intrigues me! I think Spider-Woman &amp; Venom 3 are next! https://t.co/j9OINZk0MF,1518926530558185474,supermangeek101
"Dakota Johnson Allegedly Jealous Over Chris Martin’s Intimate Connection With Another Musician, Anonymous Source Says
https://t.co/RlFSzqcjmn",1518915486657892352,Yostrivemedia
"Barbra Streisand celebrates her 80th birthday at Malibu home with husband James Brolin and guests including Josh Brolin, Chris Martin and Dakota Johnson

.
Barbra Streisand celebrates 80th birthday in Malibu with famed friends

https://t.co/xlFdXDlY6J via @DailyMailCeleb",1518896317426282497,song_title
"chris martin, the ex husband of gwyneth paltrow and current boyfriend of dakota johnson.. the true nepo lover king i respect his hustle so much",1518888964643450880,millaviche
my whole tl is about Dakota Johnson and am lovin it🥰,1518880248464433153,destinnho
I fucking hate Dakota Johnson,1518872026248798208,WEHAVETHEM
The things I’d let Dakota Johnson do to me 😮‍💨 https://t.co/Hx0AWhArgf,1518851298526785537,ohnoTurtle
"Variety: Other upcoming Marvel projects from Sony include “Madame Web,” starring Dakota Johnson, and “Kraven the Hunter,” led by Aaron Taylor-Johnson. Both are due in 2023. https://t.co/V7XHXEjmFq https://t.co/23D6oN3ASO",1518850023630454785,chrisjhastings
someone said Hayley looks likes a ginge dakota johnson and i fully see it https://t.co/oTZKI88NCH,1518847063726903296,ourpaulson
"Hailee Steinfield, Sydney Sweeney, Dakota Johnson, Ana De Armas... 
...not gonna lie, I'm liking SSU so far https://t.co/4wQoDAQZkq",1518845129083146241,TheGeekyGuyy
dakota johnson photograped by simon upton for architectural digest (2020) https://t.co/iet3YjKSRU,1518844415091036162,dakoholics
"Fifty Shades of Grey 2015 FULL MOVIE English // Dakota Johnson, Jamie Dornan https://t.co/rY1ePuXx9r",1518838394549202944,petgroomerNG
2021 ONYX Vintage Football CADE JOHNSON Auto RC Rookie SDSU South Dakota State #eBay🇺🇸 #TradingCards #SportsTradingCards https://t.co/goeyVUu7xa,1518837562164527104,TradingCardsAlt
"(Rumor) Dakota Johnson will play Julia Carpenter in Madame Web
#MadameWeb #SonyPictures #MarvelStudios",1518814936306180097,SubhanKhan_157
"Bad Bunny can act btw. Plus he’s the coolest dude on the planet. But at one point the people at Sony have to quit this nonsense, right? 
They’re bringing ATJ and Dakota Johnson into superhero movies and I’m still worried man, can you imagine?",1518809788137807872,theantimodel
Dakota Johnson Attends The Lost Daughter Premiere During the 78th Venice International Film Festival in Venice 09/03/2021 https://t.co/PLKFb5OFPj,1518802790293950465,JohnsonLooks
"@Zak_Bagans My aunt is staying at the Alex Johnson Hotel in Rapid City, South Dakota. She sent me a video of her view but it looks like someone is standing behind her. #hauntedhotels https://t.co/9Qkpn2DiBL",1518796761682169857,Kailyn_bmx_girl
"Other upcoming Marvel projects from Sony include “Madame Web,” starring Dakota Johnson, and “Kraven the Hunter,” led by Aaron Taylor-Johnson. Both are due in 2023. https://t.co/EfX8bHyHuW https://t.co/JRmGAxaaXk",1518792898061369344,AmIOnTheAir
there can be 99 people in the room and all of them won’t be dakota johnson,1518789800018386947,smilingems
Unsolicited opinion but wish johnny would just date dakota Johnson the chemistry is cute despite the age gap.,1518789494270758912,goawayits420
"Also man, who asked for a Madame Web movie and why is it Dakota Johnson",1518785637213556736,THENEXTBlGTHlNG
If you look like Dakota Johnson dm me i got some questions,1518783947974619137,christvngeorge
Bad Bunny in the same universe as Dakota Johnson and Sydney Sweeney… yeah https://t.co/bGPPWup668,1518783373476601859,povariana
"so the SPUMC's Avengers are Venom, Morbius, Kraven the Hunter, Madame Web, and El Muerto. 

as far as we know, the only reason Tom Hardy, Jared Leto, Aaron Taylor-Johnson, Dakota Johnson, and Bad Bunny's characters exist, let alone team up, is to fight Spider-Man... someday.

??? https://t.co/Ocmnk5ONzk",1518781532630142979,ryanjlee7
i’m still kinda sad that alice in dwd isn’t played by dakota johnson… don’t get me wrong i LOVE flo but i’ve always loved the idea of harry with dakota for some reason i feel like they’d be so hot together,1518773359043317760,mirroorball
"Here’s my sleeper players for the #NFLDraft 😴
Jermaine Johnson II DE Florida State
Devin Lloyd LB Utah
Christian Watson WR North Dakota St
David Ojabo DE Michigan
David Bell WR Purdue
Travis Jones DT UCONN
Khalil Shakir WR Boise State
Boye Mafe DE Minnesota
Romeo Doubs WR Nevada",1518769096006938624,kofodfsu
"Dakota Johnson

#dakotajohnson 

Disclaimer: Image originally shared on Reddit (r/gentlemanboners) by user u/onehornymofo https://t.co/r61GBsIFdo",1518768806729895937,GentleBeauties
her face is the opposite of that tweet about dakota johnson having the face of someone that would know what an email is https://t.co/98AnLn0vNy,1518758893693906946,jjamesguitar
"ˡᵒᵛᵉ                   ˡᵒᵛᵉ                  ˡᵒᵛᵉ
            ˡᵒᵛᵉ                    ˡᵒᵛᵉ

ˡᵒᵛᵉ     DAKOTA JOHNSON     ˡᵒᵛᵉ

            ˡᵒᵛᵉ                     ˡᵒᵛᵉ
ˡᵒᵛᵉ                   ˡᵒᵛᵉ                  ˡᵒᵛᵉ",1518757653849116672,djsloved
"Sooo from this Sony leak I’m thinking that Dakota Johnson is Julia Carpenter, Sydney Sweeney is Charlotte Witter and Vera farmiga (or another older woman) will be playing Cassandra webb. This really could eat and I hope it does however it is being written by the morbius writers… https://t.co/JC032mzWQD",1518756001494695936,ethnicbratt
may’s kitchen is giving dakota johnson kitchen #911onFOX,1518745517429252096,evanbckleys
"Season 5: Old Dogs? New Tricks?
First Place 
#DakotaJohnson        Dakota Johnson
Now an Envelope Attendee https://t.co/42IhVZi5X1",1518743909438046213,ACovergirls
God I sometimes forget how in love I am with Dakota Johnson,1518739076391870464,christvngeorge
"https://t.co/dcQKWsz5Pa
Google Mike Frick in South Dakota stole with Gerlach Hanson Sanchez Hernandez Johnson Jensen Ense Abbas! Kevin foti v. CIA FBI JFK files committee $8 Billion and $243 million on dismissed out of court Insurance civil damages settlement Johnson Eklund",1518735181762514944,kevin_foti
Dakota Johnson has a new movie coming out on Netflix . issa romance .,1518726011915055105,xo_trejeelexus
Case dismissed. Good night! https://t.co/ToUojehbrJ,1518723792117370880,melissatyndall
"left Massive Talent feeling  lukewarm, BUT my plea is that if you liked Massive Talent, you should give The Nowhere Inn a shot
if you think nic cage as nic cage is fun, you should see dakota johnson as dakota johnson in a st.vincent wig get dumped by st. vincent as st. vincent https://t.co/XChuQ9xJu2",1518722910445355008,captainameripug
"I, somehow, was today years old when I found out, in The Social Network, Dakota Johnson plays the Stanford student Justin Timberlake sleeps with and finds out about Facebook from.",1518717126151913475,JSkuf
"Sony thinking casting Sydney Sweeney, Dakota Johnson, ana de armas and Rebecca Ferguson will win over horny mfs...
And they be right... Im there opening day... https://t.co/l0kRhoWkbK",1518716968366481409,mrcjprice193
"WHAT??? My favorite Austen! But I don't like Dakota Johnson...

I'll try to keep an open mind :/ https://t.co/AS1qt9ECBq",1518714684056219648,Keroan0
i’m exactly like dakota johnson with how i carry a hundred items in my hands except instead of long slender hands i have small baby hands riddled with eczema and chihuahua bites….. anyways i have bangs too so we’re exactly the same as i was saying,1518710867231092736,femmegloom
Persuasion: Netflix Reveals Images and Release Date for Dakota Johnson’s Jane Austen Film https://t.co/bji5FXm0OJ,1518698740525195273,ShoppexNg
"Under Marshall (Shaffer) Law, the new Pledge of Allegiance will be the Dakota Johnson “actually, no that’s not the truth Ellen” video. Please begin memorizing now! https://t.co/iLjTgeXjMJ",1518697626799063040,media_marshall
Persuasion: Netflix Reveals Images and Release Date for Dakota Johnson’s Jane Austen Film https://t.co/feBfIYqzk3,1518697403561529345,GeekResponsibly
Dakota Johnson Attends the Premiere of Cha Cha Real Smooth in Austin 03/18/2022 https://t.co/28WHtqg4xZ,1518693018785697792,JohnsonLooks
"#PERSUASION starring Dakota Johnson as Anne Elliot, Cosmo Jarvis is Frederick Wentworth
Henry Golding is Mr. Elliot Coming to #Netflix on 15 July! @netflix @NetflixFilm My favorite Austen book  so looking forward to seeing this! https://t.co/AiabvNusRv",1518685038908481537,Bollywriter
The Misty Angle of Dakota Johnson,1518684749388304387,NYTFeatures
Not Dakota Johnson's family being behind all this... https://t.co/qS1fj9Bq8Z,1518673896563789824,gege_okon
"Sony is getting all the hot girls I wanted to be in The Batman universe 😭 Jodie Comer, Ana De Armas, Rebecca Ferguson, Sydney Sweeney, Dakota Johnson... When will it end?",1518673631752118272,BattinsonMarvel
"Emma Chamberlain, Gwyneth Paltrow, Dakota Johnson, Apple Martin at Derek Blasberg's 40th birthday party a day  or two ago: https://t.co/2nZZplZj9s",1518672441974792193,car_emmas
"Dear Sony, was wasting Sydney Sweeney, Aaron Taylor Johnson, Tom Hardy, Dakota Johnson, Woodey Harrison, Olivia Wilde, &amp; Andy Serkis not enough? https://t.co/vnaVYs1Ww1",1518668899537014786,Lunwi88
"Sydney Sweeney, Dakota Johnson and Ana De Armas…i see what you’re trying to do sony and it’s fucking working https://t.co/yRxpT7shyZ",1518668885398011911,CS11__
girl on hinge just said i’m giving dakota johnson and so i’ve won i’ve peaked i guess im doing something right !!,1518661462838988807,libradyke
is it me or does Hayley Williams look a lot like Dakota Johnson in that clip from coachella?,1518643328694247424,carnivalovsouls
"lwalida: achno bghiti fi lftour ??
ana: bghit dakota johnson
lwalida: whaaaaaat ????
ana: whaaaat ????",1518639108117209090,marwan_lfc
Dakota Johnson Seems To Notice Johnny Depp's Severed Finger in Old Clip https://t.co/rkDyi231V6,1518631477122154497,AngelaD58972149
"I talked with W. Carter Johnson, Dakotas ecologist of more than 50 years, about his new book and the many ways that humans have altered this region's landscape: https://t.co/bn8E9yk3DZ",1518631415562358786,adampwillis
"Ben Affleck Shut Down “Selling Sunset’s” Emma Hernan After She Claimed That She Matched With Him On Raya Right Before He Got Back Together With Jennifer Lopez: *Dakota Johnson voice* Actually, no, that’s not the truth, Emma.

---

View Entire Post › https://t.co/6hNngCV0np https://t.co/BJyenixFGI",1518626021498445824,BetterknowYou
"There's more #JaneAusten heading your way... 

You can look for #DakotaJohnson and #HenryGolding in the movie adaptation of #Persuasion. 

Please see here &gt;&gt; https://t.co/kND73OK27L https://t.co/w5eSQeN9V9",1518619810967474177,anglophenia
Dakota Johnson should be world chief,1518617484798177282,mystique_0101
You can’t tell me that Dakota Johnson ans Hayley Williams aren’t the identical twins just waiting to be reunited at summer camp and switch places to fool their parents. (Also how fucked up are the parents in the Parent Trap for splitting their kids up and never telling them?),1518616926997696515,dinoslaur
"Dakota Johnson Seems To Notice Johnny Depp's Severed Finger in Old Clip

https://t.co/DkCBr27kBG",1518607230207250432,sirimahanthesh
#JohnnyDepp #AmberHeard Dakota Johnson Seems To Notice Johnny Depp's Severed Finger in Old Clip: Depp alleges that the injury occurred in 2015 when Amber Heard threw a glass vodka bottle at him during a fight. https://t.co/XVnvxVETxD,1518604381108592640,baladanmeri
"Hoping for some Kraven updates tonight. Doesn’t have to be anything fancy, but a little bit of something would be dope.

Also wouldn’t mind finding out 100% who Dakota Johnson &amp; Sydney Sweeney are playing…",1518604002572779522,cravingthehunt
You can’t tell me that’s not Dakota Johnson singing Misery Business 😩😩😩 https://t.co/Hn2VAv23fp,1518599715671404544,ilazoryzzi
The reason to watch #MadameWeb is to see Dakota Johnson in the costume.,1518595026418339842,brandonqp1
"Dakota Johnson for AnOther Magazine, 2018 https://t.co/uTy9nWWovx",1518580837863903238,dionysoscinema
Why does she look like dakota johnson https://t.co/CbkCdx9uNp,1518567345060560897,OKFRUlTY
Dakota Johnson and Johnny Depp’s friendship revisited amid viral video https://t.co/frtk1EwfRk,1518564378647347208,loppugly
Dakota Johnson and Johnny Depp’s friendship revisited amid viral video https://t.co/0y70nSSJ19,1518564080210128898,loppugly
"ArchDigest: Vanessa Hudgens, Nina Dobrev, and Dakota Johnson are just a few of the celebs that have hopped on the green kitchen train. https://t.co/LnBeAIqMzz",1518562284515254272,OneLifestyleCo
am i going crazy or does sally from barry look like dakota johnson??,1518545768306597889,intersteIIqr
a Heyley Willians me lembra a Dakota Johnson,1518539405186719744,lowstans
"They shared a moment. 🥺

#DakotaJohnson #JohnnyDepp #JohnnyDepptrial 

https://t.co/ZInUMn4uLT",1518530260001689600,HITCculture
i love you dakota johnson ❤️,1518520384634515456,dakotamadness
"Johnny Depp &amp; Dakota Johnson's friendship: Push meeting video clip goes viral
https://t.co/6mZLxWoHlh",1518515175439142912,pressinformant
"Dakota Johnson Biography: Movies, Husband, Net Worth, Age, Instagram, Height, Siblings,… https://t.co/pYvv2C6pkh via #TheCityCeleb https://t.co/lIrNlVDYJs",1518501703737257984,TheCityCelebs
Old video of a CONCERNED Dakota Johnson looking at Johnny Depp’s injured finger goes viral – – Explained! https://t.co/x1BwLiYxE8,1518499925448962054,AdeyeyeJamesWi1
This Dakota Johnson French Manicure Will Be Your New Obsession To Try https://t.co/GApZHVQbCH,1518492467523461120,D1softballN
why are hayley williams and dakota johnson literal twins. and why has no one talked ab this.,1518481463750049794,j3ssl0l
📷 selinas: DAKOTA JOHNSON as Anastasia Steele in Fifty Shades Freed (2018) dir. James Foley https://t.co/bZ9GwgN1IF,1518476416777695232,CandeNaza98
📷 maurawrites: Jamie Dornan + Dakota Johnson in ‘Fifty Shades Darker’ https://t.co/APY5yDb2eH,1518475841327570944,CandeNaza98
📷 maurawrites: Jamie Dornan + Dakota Johnson in ‘Fifty Shades Freed’ https://t.co/7z9tSaPu6p,1518475652994904064,CandeNaza98
📷 maurawrites: Jamie Dornan + Dakota Johnson in the Fifty Shades Trilogy https://t.co/oXffCV9mMV,1518475599337115648,CandeNaza98
📷 maurawrites: Jamie Dornan + Dakota Johnson in the Fifty Shades Trilogy https://t.co/1JXEtMfa7n,1518475564314726400,CandeNaza98
📷 maurawrites: Jamie Dornan + Dakota Johnson in ‘Fifty Shades Freed’ https://t.co/AO39QMmLNd,1518475462665814016,CandeNaza98
Same feeling but replacing Boss with Kiara Advani and Dakota Johnson. https://t.co/QGZgBP7Xr6,1518474669623746560,moviegeek100
Dakota Johnson and Johnny Depp’s friendship revisited amid viral video https://t.co/vWNQ3KwutC,1518470341768667136,theshocknews
i actually hate dakota johnson,1518468016882782208,zukodehaan
at a quick glance she looks like dakota johnson https://t.co/bQG52tFUTx,1518453325238501376,aeyienx
TikTok: Dakota Johnson And Johnny Depp Viral Video And Friendship Explored https://t.co/xfKnKS3isq,1518446749693718528,celeb99news
"Remember that time, me, Dakota Johnson, a guy with multiple fake katanas, and one of the greatest, bloody brilliant movie directors currently working (aka @edgarwright) was ALL in the same building???

https://t.co/fa4ZnQkQlj",1518444332180598785,ohGodJAMnit
TikTok: Dakota Johnson And Johnny Depp Viral Video And Friendship Explored https://t.co/9M5D7ONlQs,1518444096641249281,petgroomerNG
Dakota Johnson maybe could play the biopic of Hayley Williams https://t.co/u3C6v0V1rh,1518441519618867200,nadagemblung
Dakota Johnson nude - Fifty Shades of Grey (2015) https://t.co/uqIfQelcvT,1518433186048405504,kaamada_naari
why is she a mini dakota johnson  https://t.co/MTn7uorvGt,1518427797131300870,acoupIeyrs
bro why didnt i know that chris martin and dakota johnson have been dating for like 5 years,1518418994457456640,coucousoff
haley williams and dakota johnson have the same face,1518408915209314305,peaceofrai
im dakota johnson and chris martin's child #real,1518406759148564481,djsloved
@trilliaventuras @julsie75 @borogirl so I broke down and got AppleTV plus for Elisabeth Moss new show coming Friday Shining Girls sent the trailer Claire Danes new show the Essex serpent and Dakota Johnson new movie finished severance it as good caught up on Ted Lasso love them,1518400782361575426,reesescrush
TIL Melanie Griffith is Dakota Johnson's mother,1518391157818290177,NinaNur305
Dakota Johnson attending the Lancome's Pre-BAFTA party held at London's Kensington Palace. https://t.co/6AxhwkGImV,1518370284079927296,LegsShow
u be minding ur business and here come DAKOTA JOHNSON and DAKOTA JOHNSONS STANS,1518370253440487429,americanslaycho
"Awhile back I said one prediction I have for the #Oscars 2023 is that Dakota Johnson will get an acting nomination. 

Here's another: #TheBatman will get nominations in:
- Cinematography 
- VFX
- Sound
- Score
- Makeup &amp; Hairstyle 

I'll do more of these throughout the year 👀 https://t.co/oOweUgUT0N",1518363053171040257,NickZednik
did suspiria not have the budget to get dakota johnson a lace front,1518360229376835587,tabiarchive
sarah jo in s1 of pottery throw down looks like dakota johnson y/n,1518356708078366722,neeley_lexie
Just saw Dakota Johnson and Chris Martin at a cafe in Malibu. 👀 I can officially check off “spot a celebrity in California” off my list.,1518351252668641281,laurelizabeth96
"Three generations of actresses: Tippi Hedren (Grandmother), Melanie Griffith (Mother), and Dakota Johnson (Daughter). https://t.co/AGdOvMOhS5",1518343653466402818,Dieter117
she’s giving dakota johnson a little https://t.co/aTleyK3Zlt,1518337991579783168,nothnghppens
