full_text,tweet_id,screen_name
The Food Eva Mendes Won’t Start Her Day Without https://t.co/MzZyytNv6N,1520875084390576129,GazetecikizZ
Check out this listing I just added to my #Poshmark closet: LIMITED EDITION COLLECTION! Size 12 NY&amp;C/ Eva Mendes dress!. https://t.co/jEiWF1C6BX #shopmycloset @poshmarkapp,1520860149228785664,Ali78794962
"Half hour into Bad Lieutenant: Port of Call New Orleans and I’m impressed with this cast! Aside from Cage you have Eva Mendes, Val Kilmer, Fairuza Balk and Michael Shannon among some of the talent I’ve seen so far!",1520837856150892547,BeanBrendan
"""I'm not an exhibitionist. But, honestly, for my art I'll do anything almost. I'll go there."" -- Eva Mendes
#evamendes #quotes #quotesandsayings #motivation #inspiration #sayings #quote #quoteoftheday""",1520794179441291264,q_and_s_net
eva mendes got me moaning at my screen,1520767158950768642,alcamist5
Eva Mendes is so fucking fine. Especially in Hitch. Lawdddddd https://t.co/47g94SbIOl,1520697016044634112,xncubee
"In Case You Missed It: Rumor Has It:  New York &amp; Company Plus Size Eva Mendes Collection 
Everyday brands are https://t.co/8217Txex9y",1520696259010510848,CurvyIntuition
Hitch DVD Disc Only 2005 Will Smith Kevin James Eva Mendes *Not Perfect* #eBay🇺🇸 https://t.co/U327bnkplX,1520684338119122944,SAMoviesTV
"We don’t talk about Eva Mendes enough 😫
A 2000’s Queen https://t.co/EmNomH44jh",1520682631305699328,neekmyg
Happy Birthday Eva Mendes https://t.co/Mctj5tpycx,1520642190569242624,postcovidwrld
Eva Mendes was the one during the early 00’s,1520613709734887424,Bayleaf_Gucci
"Eva Mendes is a lesbian in this! I don’t know why but that makes her instantly even hotter.
#FrightClub",1520591989875613696,TinasBoobPunch
Threw on this movie on Netflix. Cleaner with Samuel L and Ed Harris. Eva Mendes is in it. And now a Luis Guzman sighting. Stacked cast.,1520581771687084034,Gregg_Caserta
Eva Mendes in Training Day makes my boy parts tingle,1520515883336040448,WhiiteBoiDre
Boyyyy oh boyyy Eva Mendes lol,1520470693305016321,SLB2Kay11
"""I don't usually lose my temper, but if I get angry, it's true - I'm scary.""
• Eva Mendes

ANJI FeelsTheConcert 
#AnjiFEELSConcert  || 
@anjisalvacion",1520292608295448576,YXiaoian
Check out this listing I just added to my #Poshmark closet: Eva Mendes New York and Company White Body Con Midi Skirt with Back Slit Size XS. https://t.co/ihq0AgL1Em #shopmycloset @poshmarkapp,1520244041681571842,Theycallmemrsk1
Check out this listing I just added to my #Poshmark closet: Eva Mendes New York &amp; Company White 3/4 sleeve Top Women's Size Small. https://t.co/x1vI3ZfPWT #shopmycloset @poshmarkapp,1520230127560318977,Theycallmemrsk1
Check out this listing I just added to my #Poshmark closet: Eva Mendes New York and Company White Body Con Midi Skirt with Back Slit Size XS. https://t.co/t0gskiFgc4 #shopmycloset @poshmarkapp,1520230075739688960,Theycallmemrsk1
Check out this listing I just added to my #Poshmark closet: Eva Mendes New York &amp; Company White 3/4 sleeve Top Women's Size Small. https://t.co/V6Pxpb4pNT #shopmycloset @poshmarkapp,1520228953939533824,Theycallmemrsk1
So I learned Eva Mendes and Ryan Gosling have been married since 2011 🫠,1520227525644931072,MorenitaC_A
"I was watching Ghost Rider for the first time and when Eva Mendes came on screen I was like ""huh.....well, gotta ignore that lol""

🥲 https://t.co/H8YP5ZzCTe",1520221390233907203,MegaPinkyena
Check out this listing I just added to my #Poshmark closet: Like new Eva Mendes dress—size 10. https://t.co/9jGpYRGRTf #shopmycloset @poshmarkapp,1520218871575183362,JennaBrackett
Check out this listing I just added to my #Poshmark closet: Like new Eva Mendes dress—size 10. https://t.co/FQIX2cPACE #shopmycloset @poshmarkapp,1520218820534685701,JennaBrackett
oh wait hold on maybe Eva Mendes is a serious actress?,1520168459329490944,mkumb00
Check out this listing I just added to my #Poshmark closet: LIMITED EDITION COLLECTION! Size 12 NY&amp;C/ Eva Mendes dress!. https://t.co/jEiWF1C6BX #shopmycloset @poshmarkapp,1520111030403166208,Ali78794962
"Eva Mendes is an underrated part of what makes ""Training Day"" work.
It doesn't make sense that Denzel's life is on the line, he has the money, he is on a clock, and he doesn't go straight to the Russians to pay his debt. 
Why would he stop at his girlfriend's? 
Oh. I see. Ok. https://t.co/Xfhw4aONb3",1520072019374706690,subjectburst
woah! i just had a wet dream where eva mendes was my mom!,1520011964369580035,sabrrrroso
Check out this listing I just added to my #Poshmark closet: *Eva Mendes* floral leaf vine dress. https://t.co/Lmi8r5qnDn #shopmycloset @poshmarkapp,1519878651080155138,diva304779
Neck from Eva Mendes https://t.co/OXsS8V2SKl,1519853110629478401,iHitCurves
"I met Ryan Gosling at a party. Nice guy. I teased him about how hot his wife (Eva Mendes) is. Not sure how he took it. Well, then Eva found out",1519843049047691264,CentristMadness
eva mendes i adore you,1519762666633502722,MOSSYVIBES
Eva Mendes.. American actress with Cuban origins https://t.co/jSdKfVx9Xh,1519758983174639616,LindFritz
"If you had to make a Mount Rushmore of celebrity crushes who would make your cut? 

Mine is Halle Berry, Eva Mendes, Tracey Ellis Ross and Nia Long. https://t.co/gTFZU9g7bf",1519746402259247106,adrianm_14
I would eat Eva Mendes's poop...,1519729490993291264,Last_Jedi49
"Lacey vs. Charlotte have the worst chemistry I’ve ever seen. 
Rosa Mendes vs. Eva Marie type of bad idk https://t.co/YBsVnDsbXD",1519674339427336194,BodyBitchWWE
"#2Fast2Furious is now on @9Go! 🎬 📺

[2003, M (L V), --, First Time On Nine, Paul Walker; Eva Mendes; Ludacris; - Universal]

#ThursdayNightAtTheMovies

 #masterchefau https://t.co/zCOEn4R0wY",1519625010314371072,MrTVAus
"Tell you what, Eva mendes would get smoked",1519622822313832448,hashbrown581
Check out this listing I just added to my #Poshmark closet: EVA MENDES 3-pc Silver Metallic Thread Knit Cardigan Midi Skirt Set sz L/XL. https://t.co/LqefjzzWlU #shopmycloset @poshmarkapp,1519519998603001856,ArdiMartin13
Check out this listing I just added to my #Poshmark closet: EVA MENDES 3-pc Silver Metallic Knit Cardigan Midi Skirt Set sz L/XL. https://t.co/LqefjzzWlU #shopmycloset @poshmarkapp,1519518852333195264,ArdiMartin13
"Oscar Isaac, Daniel Craig, Lupita Nyong’o, Rihanna, Drew Barrymore, Eva Mendes, Bryce Dallas Howard, Rachel Weisz and like a quarter of every celebrity I’ve ever had a crush on…all Pisces…oh it’s SO bad for me!!!! https://t.co/xOUemXeNeD",1519507340030099458,caroline_oreo
Mortal Kombat: Conquest was so low budget they couldn't buy enough material to make Eva Mendes a shirt. https://t.co/PBT0cNemGw,1519490554374983680,edwinmcduck
WHERE IS EVA MENDES?!,1519487043495211008,itskaylita
"Nia Long , Eva Mendes , Megan Good https://t.co/M3SuqqGg64",1519477955830943747,Brandon_Dpy
"Ed Sheeran, Coldplay x BTS, Amir, Charlie Puth, Soprano, Tayc, Eva, Shaxn Mendes, Ridsa, Kendji Girac... Gagnez votre compile NRJ Hit List 2022 ! https://t.co/rNpMJrsgwJ",1519338506304241665,rrauxxxime
"I don’t want children at alll ever but the only scenario in which I would have kids is if the man I’m with was so spectacular that I felt compelled to further his lineage on this earth, like Eva Mendes said💡 https://t.co/T5geBoL02p",1519131128984219654,Iimemojito
"From Ryan Gosling-Eva Mendes to Shakira-Gerard Piqué: 6 longtime celebrity couples who never tied the knot: hi INDiA  

Gallery:  celebrity Celebrity:  Personal Photo Section :  6 longtime celebrity couples who never tied the… https://t.co/Y7D07buiPL | https://t.co/Vhb7EKnIow https://t.co/eCfimn3m1G",1519083462246154240,hiindia
Eva Mendes says she 'never wanted babies' before she 'fell in love' with Ryan Gosling. https://t.co/YL0wY9BLRY via @thisisinsider,1518971011219263488,GringoDating
I was today years old when I found out that Ryan Gosling and Eva Mendes are together and have children together??,1518912623177515008,WordsByTay_
"@colonelkurtz99 In reply to your ‘last thing you see” post which seems to be gone now:

Like when Sands wakens from being drugged, and there’s Ajedrez (Eva Mendes), his traitorous lover, filling his vision for a few moments more in ‘Once Upon A Time in Mexico’🕶 https://t.co/lCiVvswG2V",1518848409091772416,e_phemera
Eva Mendes got robbed https://t.co/0PYaxQOkfi,1518771405348876290,Peanut0423
What does Eva Mendes do?,1518645143175413760,theactualcathal
I sincerely doubt they'd have served this repulsive black bean burger to Eva Mendes.,1518557009267765248,thisbadsandwich
"Tirage au sort.
A gagner : Des compilations CD - NRJ Hit List 2022
(avec Ed Sheeran, Coldplay x BTS, Amir, Charlie Puth, Soprano, Goya Menor, Tayc, Eva, Keen'V, Jaymes Young, Willy William, Feder, Kendji Girac, Jérémy Frerot, Shawn Mendes, Ridsa, Gayle..… https://t.co/E671eFTt9b",1518540671954694147,GrattWeb
"Tirage au sort.
A gagner : Des compilations CD - NRJ Hit List 2022
(avec Ed Sheeran, Coldplay x BTS, Amir, Charlie Puth, Soprano, Goya Menor, Tayc, Eva, Keen'V, Jaymes Young, Willy William, Feder, Kendji Girac, Jérémy Frerot, Shawn Mendes, Ridsa, Gayle..… https://t.co/tfZYqinKcr",1518537246323916800,Linstantgagnant
Eva Mendes after meeting the dredge operator: 'Where there's smoke there's fire.',1518481494972370944,InspiredCelebs
i was today years old when i found out eva mendes was in children of the corn,1518432809249091584,spookysallyy
Is Eva mendes problematic aka anti-black? I wanna bathe in her sq***,1518425176437784576,atribecalledkev
"Eva Mendes lookalike Blake had a great session in Denton this week! From Plano to NYC this Fall, she’s following her dreams! https://t.co/gcXRtfWuCo",1518394483305496576,LisaMcNiel
We put Eva Mendes's pet fish (who works as an baker) and their pearl necklace in a gooseberry and now they are feeling jumpy,1518345668082896896,purpsbear
