full_text,tweet_id,screen_name
The mic’d up live on Francisco Lindor as he turns a double play. Dope feature! @espn,1520915945123893249,Tpresker
Francisco lindor talking to the broadcast team and explaining his field communications and then immediately turning a double play is fresh AF,1520915933249908736,jval_14
"I tend to dislike the live, in game interviews but it just works for baseball. It’s so cool to hear Francisco Lindor talk about how he interacts with Scherzer when he’s pitching then immediately field and turn a double play.",1520915931328925698,ClayWinstead
Francisco Lindor mic’d up is gold @Lindor12BC,1520915865067270148,prospectdugout
"Francisco Lindor out here making double plays during Q&amp;A, so awesome @Mets @Buster_ESPN #LGM",1520915841860218881,DaveyNjonez
"That's neat being able to listen to players talk in the middle of the game. This time it was Francisco Lindor who was mic'd up.
Fun stuff 😃",1520915818460053504,t_vguy
Francisco Lindor just turned a double play while mic’d up mid convo with the commentators lmao ELITE,1520915774713569282,_EthanNguyen_
"“Talking, communication, is the key to playing (defense in) baseball.” Mets SS Francisco Lindor in 3rd inning of Sunday night’s game vs. Phillies. #thinkthegame #1%bettereveryday",1520915769403531264,CoachJones_BB
It’s entertaining but the fact that Francisco Lindor is fielding 110mph ground balls while talking into a ear piece is frightening.,1520915742643863553,CommandersNFL_
Francisco Lindor mic’d up for the entire 3rd inning and turning a double play mid answer was so sick,1520915655834456064,guyretkey
Francisco Lindor mic’d up talking about Max Scherzer while turning a double play in game is elite level content @espn,1520915650356465669,keithewarner
"Francisco Lindor talking the ESPN booth, starts the 6-4-3 double play off the bat of Rhys Hoskins
#Phillies 1 #Mets 2 B3 https://t.co/ywjYnWLtxG",1520915643574403074,Sports_24x7_
Francisco Lindor just turned a double play mic'd up mid conversation with the guys in the booth.,1520915637379518467,wilhildebrand4
"I wish there was something else on sportswise tonight. I love Baseball more than anything else, but watching this @Mets @Phillies game on @espn is excruciating. Now having to listening to the arrogant Francisco Lindor miked up, I muted the TV.",1520915629485735939,TBBucsTim
Love how Francisco Lindor jumps in and out of English-Spanish too answering the commentators and communicating with teammates. If you don’t think being bilingual is beneficial on many levels I don’t know what to tell you. That shit is dope to me.,1520915628617572354,terrys_take
Francisco Lindor talking to the ESPN announcers while turning an inning ending double play might be the highlight of the season so far.,1520915627183116289,CoachKALoney
Francisco Lindor turning a double play in the middle of a mic’d up convo with the play by play crew is awesome. Baseball is king,1520915601203638272,ShootThe_Trey
francisco lindor can do an interview in english while talking to the infield in spanish and playing shortstop in a major league game all at once but i just mostly cleaned up dirty dishes so really we're about equal,1520915532819714052,SegaCD8
Francisco Lindor turning two while ESPN’s broadcast team is yammering in his ear is some boss shit.,1520915532786147329,Ben_Yoel
"Francisco Lindor showing the multi-tasking skills, mic’ed up for ESPN Sunday Night Baseball &amp; smoothly turning a double play. 

#LGM #Mets",1520915525244698624,Baseline_NY
I love Francisco Lindor,1520915498027859968,justinv922
Francisco Lindor interviewing while 102mph grounder coming at him! #LFGM #LGM #MLB,1520915492399206401,ChettEyeKnight
"First time catching Sunday Night Baseball this year. I’m usually completely against in-game interviews with players when they’re on the field, but that one with Francisco Lindor is exactly how they should be done. That actually added value to the broadcast. Well done.",1520915450032443394,bnewbs16
That Francisco Lindor micd up segment was awesome,1520915445909499906,mkehodl
francisco lindor turning a double play while mic’d up is so cool,1520915434236751872,huntertaubes
How can you NOT love Francisco Lindor? #LGM,1520915395955335168,dlbags
"Francisco Lindor talking live to ESPN, ground ball gets hit his way.

Guy effortlessly stops talking, turns a double play, and resumes talking to ESPN. Absolutely incredible @espn #SundayNightBaseball",1520915391811395584,RealBillyGrant
Francisco Lindor mic’d up at SS is a master class. #SundayNightBaseball #espn #MLB,1520915382156079104,ATaylorSr
Francisco Lindor doing an interview while fielding grounders at short is good for baseball lol,1520915348018450432,Dominator31
Francisco Lindor multitasking for a double play.,1520915333753847808,Isley23
"Mid-conversation Francisco Lindor fields a 102mph ball to spin an inning ending double play. 

Professional athletes are truly something else.",1520915330062761984,ItsMattSzat
"Wow, Francisco Lindor fields the ball mid-sentence on the air. Thank goodness he didn't boot it.",1520915261771198470,jeffreya22
Couldn’t fathom being on the wrong side of history and not absolutely adoring Francisco Lindor,1520915257748824065,JonAtTheBar
Francisco Lindor fielding a 102 mph ground ball for a DP while mic'd up because he's cooler than your shortstop.,1520915240615038976,Jolly_Olive
I miss Francisco Lindor for the Guardians 😞,1520915232771784704,sabo_trevor
Holy fuck Francisco Lindor is cool,1520915200685268992,RobStrong300
"Mic’d up, Francisco Lindor turns a double play with Luis Guillorme. Just impeccable.

Mets 2, Phillies 1, mid-3",1520915195379568640,Metsmerized
Francisco Lindor out here double playing Q&amp;A,1520915191147417601,OfficialCarGod
#PHIvsNYM Micd-up Francisco Lindor great TV.  #SundayNightBaseball,1520915154082402308,socomoddjob
Francisco Lindor doesn’t want Mets to cut Robinson Cano https://t.co/55FR081BWq,1520915137279905792,gospaddiction
Loving mic’d up Francisco Lindor in the Phillies v. Mets game. This needs to happen more games than just once a week.,1520915014030405638,jromeB
Lindor is a great sport and he obviously volunteered to be mic’d up but god damn it would be so annoying getting asked “Francisco what did that mean?” after everything he says,1520914970749419520,Ben13Porter
Francisco Lindor ‘wouldn’t be happy’ if Mets cut Robinson Cano as decision looms https://t.co/fnTHmhyIYW,1520914937555599360,FrankLoBue
Is Francisco Lindor doing an interview WHILE PLAYING right now? Am I seeing this right? Wtf? Do they do this on espn Sunday night baseball every week?,1520914931541057541,indierocksux
Francisco Lindor Mic’d up is amazing #LGM,1520914828331732993,ItsNiikoYT
'Buck Showalter has about 25 different faces' — Francisco Lindor https://t.co/n5pVPJQdf1,1520914820068900864,realBJP
"Even though he’s a Met, Francisco Lindor is a top-3 favorite ballplayer for me.",1520914743657177089,thedailybraves
Francisco Lindor just said the key to baseball is to communicate out there on defense. It can not be quiet. Everyone needs to be on the same page.,1520914729987973120,GreggTurfFuel
Francisco Lindor absolutely does not want to be mic-ed up while playing in the field and it's very uncomfortable.,1520914595317223425,ItsMattSzat
I would like Francisco Lindor to sit on my lap,1520914521153495040,ramenmcnoodles
Watching Francisco Lindor on @espn he's an amazing leader and love how vocal he is,1520914493324279808,RTwofizzle
Francisco Lindor MIC’d up is GREAT. #LGM,1520914442652954625,genymets
"The MLB needs to keep up with mic’d players during games. 

Francisco Lindor is mic’d up for tonight game vs Phillies #SundayNightBaseball #NYMvsPHI #LGM #RingTheBell",1520914405139091456,60ft6inPro
"Francisco Lindor is currently the best mic'd up individual on ESPN's telecast, including the announcers",1520914388122750976,jetsfan24x7
Francisco Lindor says no one can to Max Scherzer when he's pitching,1520914343281541122,gfstarr1
francisco lindor has my whole heart &lt;3,1520914252994945026,throwballoons
Francisco Lindor has already become the best ESPN commentator ever.,1520914235378835456,MattyWheelz69
The fact that Francisco Lindor is a New York Met makes me so happy,1520914217515245569,CassellCaptain
"""Max doesn't exist when he's pitching."" -- Francisco Lindor

Tremendous.",1520914209311055872,MannyOnMLB
"“I thought it was going to end up in the bullpen, but then I remembered who was hitting it.”

Francisco Lindor has jokes for Luis Guillorme after his double.",1520914184141258752,Metsmerized
"Francisco Lindor mic'd up chatting with the announcers in real time is great TV, but I feel robbed we never got this with Andrew McCutchen",1520914160325910529,chrisoIIey
Please get Francisco Lindor off my screen and let me watch the game @espn,1520914152394477568,jimbosburner1
Francisco Lindor mic’d up is an absolute treat,1520914150641127424,CScoot6
Francisco Lindor mic'd up is fucking coooooooool,1520914143057952768,Jolly_Olive
This live chat with Francisco Lindor mid-inning is crazy,1520914119691546625,bobaxebobaxe
@PatMcAfeeShow @HammerDAHN @bubbagumpino @ToneDigz this mic'd up the short short while he's playing is pretty cool @Mets Francisco Lindor,1520914101110718465,jeridk24
Is Francisco Lindor the most likable player in baseball,1520914028905775105,MATTYPACK2021
I love Francisco Lindor so much,1520914019351154688,RadiKyleOpinion
"KARL RAVECH: Francisco, what does your card say for Odubel Herrera?
FRANCISCO LINDOR: Uh it says ""this motherfucker belongs in the Venezuelan Penal League"" eh that's different but yeah",1520913733391949824,SnackMyFridgeUp
Francisco Lindor on the mic is awesome! Why hasn't MLB been doing this longer? #LGM #SundayNightBaseball,1520913726924279808,TheFFRealist
"“The key for baseball: talking” - Francisco Lindor with wise words for his profession, and also life.",1520913693126631424,Metsmerized
Can Francisco Lindor And The New York Mets Finally Put It All Together? https://t.co/MrXPi5O8od,1520913674512203776,aw_journal2021
Francisco Lindor ‘wouldn’t be happy’ if Mets cut Robinson Cano as decision looms https://t.co/rj9qCbKTmT,1520913362925760512,adabagcompany
"Francisco Lindor will be mic’d up on the ESPN broadcast during the top of third inning!

Expect smiles and positivity.",1520912987493703681,Metsmerized
"#METS up 2-1 after 2.

Francisco Lindor will be mic'd up after the commercial break.",1520912756119113730,MetsFanInPhilly
Eflin strikes out Francisco Lindor! https://t.co/uwZdjE1SMl,1520906632523362304,Daniel_Mumbower
"Billy Crystal is Mr. Saturday Night, but Francisco Lindor is...

#LGM #LFGM #SundayNightBaseball https://t.co/dxtcCDkahh",1520906351869898753,searlebaseball
Francisco Lindor mic’ed up tonight. 🎙,1520906132692348929,TheCanuckadian
Francisco Lindor for $326 million @Mets good luck. It hasn’t worked out yet.,1520906003235016705,Uncle_Tom_Hicks
FRANCISCO LINDOR IS STRIKEOUT VICTIM NUMBER ONE TONIGHT https://t.co/X1sZmCoNPS,1520905699756331009,JustinLever3
"#Phillies 0 @ #Mets 0 [B1-2o]:

Francisco Lindor (swinging; 1)

RHP Zach Eflin (1)
Seq (4): SI cu FC× FC×
s3: 90.8mph Cutter",1520905484638859266,whifftracker
Francisco Lindor just told the home plate umpire and the catcher that he is wearing a mic. Gotta love it. #LGM,1520905389654618114,BelieveMetsBlog
Francisco Lindor’s hair looks like Act II Llama Party cotton candy popcorn.,1520900462073061380,mr_collom
Francisco Lindor from the New York Mets will be mic'd up for today's game against the Philadelphia Phillies💪🏾⚾️,1520899722029977600,Akireknows30
"A proud tradition of in game mic’d up segments continues on SNB tonight with our favorite and yours, Francisco Lindor, so you should probably tune in.

**dramatic reenactment purposes only, joey and bryce will not be responsible for/allowed near any technical equipment** https://t.co/kkBgsMQKin",1520879474065215488,kevROSHAY
Can you believe we only had to give up Francisco Lindor for Andres Gimenez?!?,1520871935231594497,c0ry024
Remember when Javy Báez thought he deserved Francisco Lindor money?,1520868250116001792,randi9320
"🔥 Francisco Lindor (NYM) has exceeded 0.5 hits in 6 straight games after a loss (1.7 hits/game average).

PHI @ NYM: o/u 0.5 available at #BetMGM (-200/+155).

#GamblingTwitter #PlayerProps #MLB #MLBTwitter https://t.co/ViEueOmbsg",1520865669004218368,Fansure_MLB
"With just about a month of #MLB action under our belts, let's look at what the NL MVP odds are looking like. 👇

https://t.co/mqmwRoAazQ",1520864384532180994,PHLPhilNation
"‘Mets' Francisco Lindor, Eduardo Escobar pay reliever Yoan López's fine after benches-clearing incident’ by @mikeaxisa for @CBSSports: Last week, benches cleared between the New York Mets and St. Louis Cardinals after Yoan López threw up and in… https://t.co/hHdg0zdoYv https://t.co/NOSZrJrEno",1520858607838978054,NYBBWAA
2010 1st Bowman Chrome USA5 FRA #whodoyoucollect https://t.co/2KhlIFdCyB,1520855765040435201,sportscardcoder
"5/1 New York Mets Lineup:

1 CF Brandon Nimmo
2 SS Francisco Lindor
3 LF Jeff McNeil
4 DH Pete Alonso
5 3B Eduardo Escobar
6 1B Dominic Smith
7 RF Starling Marte
8 2B Luis Guillorme
9 C Tomas Nido

 SP:Max Scherzer #LGM  #MLB",1520847257125507075,GSMLBPicks
"#Mets Lineup 05/01/22

1. Brandon Nimmo CF
2. Francisco Lindor SS
3. Jeff McNeil LF
4. Pete Alonso DH
5. Eduardo Escobar 3B
6. Dominic Smith 1B
7. Starling Marte RF
8. Luis Guillorme 2B
9. Tomas Nido C

Starting Pitcher : Max Scherzer",1520846759253004288,DailyMLBLineup
"New York Mets lineup:
1. Brandon Nimmo (L) CF
2. Francisco Lindor (S) SS
3. Jeff McNeil (L) LF
4. Pete Alonso (R) DH
5. Eduardo Escobar (S) 3B
6. Dominic Smith (L) 1B
7. Starling Marte (R) RF
8. Luis Guillorme (L) 2B
9. Tomas Nido (R) C
https://t.co/Y3W1k9vpkY",1520846344205881346,AwesemoMLB
"Mets fWAR leaders from April: 

Francisco Lindor 1.1
Jeff McNeil 1.0
Brandon Nimmo 0.9
Max Scherzer 0.9
Eduardo Escobar 0.8
Tylor Megill 0.7
Chris Bassitt 0.5
Mark Canha 0.5
Carlos Carrasco 0.4
Chasen Shreve 0.3
Drew Smith 0.3
Travis Jankowski 0.3
Luis Guillorme 0.3",1520825810281713668,mikemayer22
"MLB News: Mets' Francisco Lindor, Eduardo Escobar pay reliever Yoan Lopez's fine after benches-clearing incident - READ FULL ARTICLE HERE: https://t.co/0qE2R2H9jz",1520819721783885825,cappertek
"Marcus Smart with the Francisco Lindor hairdo, he's gonna disappear in the postseason now sadly",1520811353543528448,PAndres2001
Francisco Lindor Bobble Gnome GIVEAWAY coming today... Be on the lookout! #LGM https://t.co/tmXIglZ36A,1520809963479777284,genymets
Check out 2021 Topps Series 2 1986 Base #86B-12 Francisco Lindor - New York Mets https://t.co/hPl8qWkll8 @eBay #mets #tradingcards,1520809027416072192,MarcoVillaCards
"It's an NL East showdown tonight on Sunday Night Baseball. 

Who you got? Francisco Lindor and the New York Mets https://t.co/QVnTxxsweI",1520806358215536643,kendell_m
"Did my best Francisco Lindor impression at softball this morning
4-5, 9 RBI
2B (righty), two 1B (one lefty), HR (lefty)
and a Sac fly. 
We won the game 16-15

Best game of my life lol",1520802837252517893,wborowski5
"@ulalaunch Delta II x @MLBTheShow Diamond Dynasty Custom Uniforms crossover

Randy “The Big Unit” Johnson
Luis Robert
Francisco Lindor
Jose Ramirez https://t.co/ThqwrFCZy3",1520792165986807810,Minker96
"Through 73 plate appearances, #Dodgers Freddie Freeman has the highest average, highest wOBA, 2nd-highest wRC+, 2nd-highest barrel rate, and 4th-highest slugging percentage of his career.

https://t.co/u7BlOh8PKF",1520788887102140416,DodgerNationLAX
2010 1st Bowman Chrome USA5 FRA #sportscards https://t.co/y2bymxvFIz,1520787005805846528,cardwatch123
"Welcome to My Home Office, Francisco Lindor!! ⚾️🦄⚾️🦄⚾️🦄⚾️  #LGM https://t.co/FdIPTpMDQK",1520781730340343809,Lisa_G28
2010 1st Bowman Chrome USA5 FRA #whodoyoucollect https://t.co/sACflobHEe,1520777228124053507,sportscardcoder
"This is what makes up a successful team. 

Francisco Lindor told Newsday that he and Eduardo Escobar covered Yoan Lopez’s fine.

“We had to take care of it. That’s it. He didn’t do it intentionally. And he’s not making as much money as we are. It’s our duty.” - Lindor.",1520732771223752706,jamesgia1231
2010 Bowman Chrome USA Stars Re #baseballcards https://t.co/cYMnFxNSxZ,1520725892129071104,FinderCard
Check out this listing I just added to my #Poshmark closet: New York Mets Francisco Lindor bobble head gnome new. https://t.co/UzoFQJyzF2 #shopmycloset @poshmarkapp,1520622366430167040,DonnaPalermo8
"Francisco lindor 15 card lot
All numbered or Relic cards
$50 bmwt obo
@Daledill45 @JimsHobbyHunt @ILOVECOLLECTIN1 @sports_sell https://t.co/LKmvEW87Wn",1520610797873172480,FrankHo69495323
"Baseball players with the best relative value cards:

Value Score = (80 Career WAR Probability / Topps Chrome Rookie PSA 9 Price)

1. Joey Votto: 0.0
2. Francisco Lindor: 0.0
3. Giancarlo Stanton: 0.0
4. Mookie Betts: 0.0
5. Fernando Tatis Jr: 0.0

#TheHobby",1520604578093445121,thehobbyai
Francisco Lindor New York Mets Good Morning Neighbors Queens Bobblehead MLB...👉 https://t.co/spORqH7XZE https://t.co/A14U6djPDu,1520599546576969729,dealsily
Rhys Hoskins can't control the ground ball and Francisco Lindor gets on base https://t.co/Jl3hWFN224,1520597875847090177,BrodesMedia
Francisco Lindor is so hot like he is peak man https://t.co/SIWz84HaXR,1520589261573140482,MUSSYISINLOVE
"Ron Darling said that his son’s favorite Mets player is Francisco Lindor because he gave him a ball during spring training, not even knowing it was Ron’s kid",1520588254331867136,cara_jeffrey
"For the first time this season, Francisco Lindor looks more than a little lost at the plate. He’s allowed. #LGM",1520583891567972353,daveg924
I’m watching Francisco Lindor on every play I get a chance and his leadership this year is on another level‼️ He’s definitely way more comfortable under Buck #LGM,1520572696869982210,Choco10141
"Terrific heads-up play by Francisco Lindor to get Odubel Herrera into a pickle after he got too far down the line at third base on a ground ball.

Herrera was on third with only one out. The putout, followed by a Harper fly out, gets Trevor May through the sixth inning scoreless.",1520572522151956673,Metsmerized
Francisco Lindor's energy is infectious and I love it,1520572417780953091,Kpower90
Worlds biggest Mets fan? Francisco Lindor. I’m here for it #lgm #mets,1520572362676219906,MetsLosses
There is nobody who makes me happier on the Mets roster than Francisco Lindor honestly.,1520572328232554496,Sydslidepark
Well and Francisco Lindor https://t.co/atouHWIQ77,1520572275321356300,sam_carus5
FRANCISCO LINDOR IS MY SHORTSTOP,1520571896005373956,Matthew__Sloane
"Last year, I was ridiculed for suggesting that Francisco Lindor was just having a bad year and here he is hitting in the .280s again",1520571200732340224,NUCLESPORTS
"Brandon Nimmo displays great speed and a terrific slide to break the scoreless tie by scoring on a Francisco Lindor ground ball to first base. 

Mets still threatening with two on and only one out against Kyle Gibson.

1-0 #Mets, bottom 5.",1520567239069609991,Metsmerized
"The Mets strike first after an RBI FC from Francisco Lindor that scores Nimmo gives NY a 1-0 lead. 

A few Phillies miscues in the field led to a run, which was a concern for PHI coming into the season @wfuvsports #LGM #RingTheBell https://t.co/GRVKAn0vyI",1520566959406002178,AndrewGullotta
Check out 2022 FRANCISCO LINDOR SSP #40/50 Orange New York Mets Baseball Topps Inception https://t.co/2xogHr4SDq #eBay via @eBay,1520566757529952259,ValdaHarrison1
Francisco Lindor puts the Mets on the board... https://t.co/vaJ9UgbyKW,1520566606476230658,BrodesMedia
Francisco Lindor is so nice at short. Every play looks effortless.,1520558660451188737,OH_YOUMAD914
"Most leadoff homers at current Sox park (any team):
Ray Durham   8
Tim Anderson   4  (incl Sat)
Francisco Lindor   4
Tim Raines   4",1520557766326337536,dakern74
That Francisco Lindor? He’s a good dude. Eduardo Escobar too. #LGM #LFGM https://t.co/4iOaewleJd,1520557575414108161,librarian_kate
Imagine disliking Francisco Lindor. Couldn't be me! https://t.co/zaiqXvHRLK,1520557188275740672,iammichaeldrago
Just got this pic from my girlfriend at home. Should we rename him Franciscat Lindor or Francisco Lindpurr? https://t.co/5k7hkOu8JI,1520549019004588032,MikeJanela
Check out this listing I just added to my #Poshmark closet: New York Mets Francisco Lindor bobble head new. https://t.co/UzoFQJyzF2 #shopmycloset @poshmarkapp,1520544424794607616,DonnaPalermo8
"⚾️BASEBALL!!⚾️ 💙🧡 #LGM

Happy Francisco Lindor Bobblegnome Night!  (And happy day after the second no-hitter in New York Mets history!) https://t.co/MDx5piyHwx",1520541614942441472,Studi_Metsimus
"If anyone at tonight's Mets game ends up with an extra Francisco Lindor bobble gnome, DM me. Willing to trade an extra Mets promo item or two I have for one.",1520540521051181058,vasdrimalitis
Check out this listing I just added to my #Poshmark closet: New York Mets Francisco Lindor bobble head new. https://t.co/UHNk02wNjk #shopmycloset @poshmarkapp,1520534600404983808,DonnaPalermo8
"Can we break this down? Like, two years ago if I was told:

Max Scherzer will be hugging Francisco Lindor in the #Mets black jerseys after a combined no hitter 

I’d think you were insane. This is a reality. https://t.co/kY9isVZOkD",1520528789893177344,_jakelampert
"I'm feeling a big performance from Francisco Lindor on his bobble gnome night. He's a career .349 hitter against Kyle Gibson, a pitcher he's faced more than any other.

#LGM #LFGM",1520527190298791936,searlebaseball
"The Mets Lineup today, as we're about an hour away from 1st pitch: 

1. Brandon Nimmo CF 
2. Starling Marte RF
3. Francisco Lindor SS 
4. Pete Alonso 1B
5. Eduardo Escobar 3B
6. Jeff McNeill 2B
7. Mark Canha LF
8. Dominic Smith DH
9. James McCan C 
-- RHP Taijuan Walker https://t.co/Ccc9PWkpg8",1520523639610880004,AndrewGullotta
Lmfaoooo Pete Alonso? Like his teammate Francisco Lindor doesn’t exist 🤣🤣 https://t.co/OKsflYYaC4,1520520955638034432,DP_Richard
Max Scherzer hugging Francisco Lindor in New York Mets black jerseys will never not be wild https://t.co/yP40ySxidM,1520516285293019137,itskoconn
Francisco Lindor is 15-43 in his career against Kyle Gibson entering tonight’s game #LGM.,1520513614372814850,jackwramsey
"Can Francisco Lindor and the New York Mets finally put it all together? ...YES!
https://t.co/rGL7CxnAAv",1520512631404216320,Justustalking2
2010 1st Bowman Chrome USA5 FRA #sportscardsforsale https://t.co/hnC2Bgh4gW,1520511716622278659,cardradar1
"My #Mets Lineup for today:
Brandon Nimmo RF
Jeff McNeil DH
Francisco Lindor SS
Pete Alonso 1B
Eduardo Escobar 3B
Mark Canha LF
Travis Jankowski CF
Luis Guillorme 2B
Tomas Nido C",1520509561786048512,NYMetsManager
"Jazz Chisholm is T9 in MLB RBI.

Ahead of names like 
Bryce Harper
Giancarlo Stanton
Francisco Lindor
Wander Franco",1520501405227835393,TylerWilsonMLB
"Kyle Gibson vs #Mets
C- matchup

5.24 Innings, 2.48 Runs
5.08 Hits, 4.14 Ks, 2.07 BBs

Best Matchup: James McCann (A-)
Worst Matchup: Francisco Lindor (F)

Win: 32%, Loss: 33%, No Dec: 35% https://t.co/rTP9zaq4gN",1520492693721341953,BallparkPalPHI
2010 1st Bowman Chrome USA5 FRA #sportscards https://t.co/SLwz4QTjsq,1520491095544807430,nothingbutcard
"Monk's Homerun Predictions Sat Apr 30, 2022, NY Mets vs Phils

Brandon Nimmo, Francisco Lindor, and Pete Alonso…will homer today for the Mets!

#LFGM @MetsBooth #MetsTwitter @MetsManager @The7LineArmy @StevenACohen2 #Mets #LGM  

Let's Go Mets!!!!!!!!!!!!! https://t.co/vYsVAzWeIy",1520487920326647808,smonk318
"#Mets Lineup 04/30/22

1. Brandon Nimmo CF
2. Starling Marte RF
3. Francisco Lindor SS
4. Pete Alonso 1B
5. Eduardo Escobar 3B
6. Jeff McNeil 2B
7. Mark Canha LF
8. Dominic Smith DH
9. James McCann C

Starting Pitcher : Taijuan Walker",1520482850927091712,DailyMLBLineup
"4/30 New York Mets Lineup:

1 CF Brandon Nimmo
2 RF Starling Marte
3 SS Francisco Lindor
4 1B Pete Alonso
5 3B Eduardo Escobar
6 2B Jeff McNeil
7 LF Mark Canha
8 DH Dominic Smith
9 C James McCann

 SP:Taijuan Walker #LGM  #MLB",1520482534987112454,GSMLBPicks
'Play better': The simple message the Mets are using to flip the script https://t.co/9VCDjXbvNr,1520482308616187904,brentkuluris
"🚨 @Bet99Sportsbook Boost🚨

We have cashed my last 3 boosts! Let’s do it again tonight baby!!!

#MLB
•Francisco Lindor home run +575

Sign up at https://t.co/gyj8nZWzVH promo code 

staydusty 

Who’s tailing ?? Let’s go!

#GamblingTwitter #MLBPicks #LGM https://t.co/0EZSIRKTZO",1520456674091405312,DustyTrout
Mike Micerri gets more ground balls than Francisco Lindor!,1520455948279627777,SomersLax
"5/7/21: ARI @ NYM: Francisco Lindor (2nd of season, 140th of career) off Caleb Smith (@Lindor12BC) https://t.co/xYGBabdo79",1520444618751582208,MetsHRADay
"April 30, 2022 New York #Mets – Francisco Lindor Bobble Gnome First 25,000 Fans

https://t.co/7jseJSHCHr https://t.co/NCvD85itPe",1520432464568541184,SGAexchange
francisco lindor is on the mets https://t.co/E7Md3m1S8l,1520424013289373696,real_green_man
'Play better': The simple message the Mets are using to flip the script https://t.co/Ne256lT75y #mets,1520420227896340481,jtruglio
2010 Bowman Chrome USA Stars Refrac #thehobby https://t.co/jlEIjq1he7,1520416781680226304,HR_cards
Francisco Lindor Bobble Gnome narrative tonight. https://t.co/BEJ4HwhZMC,1520413856635383808,RotoNarratives
"There’s just…something…about these guys. 

Can Francisco Lindor and the New York Mets finally put it all together? - via @ESPN App. #lfgm #lgm https://t.co/C3NnzhnwWk",1520409732091109376,cnrsie
Can Francisco Lindor and the New York Mets finally put it all together? - via @ESPN  https://t.co/YV2rJSAibm,1520409210089050114,tipplad
"Check out 2020 Topps Silver Pack Francisco Lindor Mojo Refractor 85C-12 New York Mets https://t.co/j3VuVXd2sg #eBay via @eBay
#basketballcards #baseballcards #sportscards #footballcards #hockeycards #soccercards #dealoftheday #ebayseller #thehobby #collectors #forsale #LinkInBio",1520401414404587520,MattLegault2
"Imagine someone telling you in early January 2021 that Francisco Lindor and Max Scherzer would be New York Mets, wearing the black jerseys, would be hugging right after the second no hitter in Mets history. would you believe them???? 🤩🤩🤩🤩🤩🤩🤩🤩🤩🤩🤩🤩🤩🤩 https://t.co/iCH1KMJDqq",1520367332836708352,metsstan1996
2018 TOPPS MUSEUM FRANCISCO LIN #baseballcards https://t.co/DEDTX6Myyp,1520353970811768834,FinderCard
2010 Bowman Chrome USA Stars Re #baseballcards https://t.co/uEQUsSXcAr,1520352545486557186,FinderCard
Max Scherzer and Francisco Lindor hugging…. https://t.co/fd1MEtofXX,1520333447738368000,KyleHachemeist1
"Cleveland leadoff batters with 2 doubles and 2 runs scored in Oakland:
Myles Straw, Fri (W 9-8)
Francisco Lindor, Jul 1 2018 (W 15-3)
Kenny Lofton, Jul 6 1993 (W 11-8)
Miguel Dilone, May 8 1982 (W 8-5)",1520274600730542080,dakern74
"Cleveland batters with HR, 2B, 2 walks, 3 runs scored in Oakland:
Jose Ramirez, Fri (W 9-8)
Francisco Lindor, Jul 1 2018 (W 15-3)
Jim Thome, Apr 2 1997 (W 9-7)",1520274559282384896,dakern74
Imagine seeing this picture 3 years ago of Francisco Lindor and Max Scherzer hugging each other in Mets uniforms… https://t.co/X0ey4OnbRS,1520265260808253440,metselite
"The action-packed New York Mets vs. Philadelphia Phillies game was one for the ages! Jeff McNeil and Francisco Lindor both had two hits, while Robinson Cano struck out twice. Eduardo Escobar crossed home plate once after Mark Canha hit a grounder that scored him.",1520236068456513538,thebaseballwtf
GIMENEZ IS BETTER THAN FRANCISCO LINDOR,1520233813930307585,modelover__
Francisco Lindor stayed on the field and spent at least 20 minutes close to game time signing autographs for fans that lined up to meet him https://t.co/29us1TfFeH,1520230182111662082,KyleNoStyle
"FINAL (3:18): Mets beat Phillies 3-0

Time of Possession
Mets: 58 minutes, 20 seconds (51.1%)
Phillies: 55 minutes, 53 seconds (48.9%)

Longest half inning
Mets ⬇️5: 10 minutes, 29 seconds

Longest PA
Francisco Lindor ⬇️6: 5 minutes, 2 seconds",1520229880880930816,MLBPossession
francisco lindor very much back,1520225728985325568,howdymads
Francisco Lindor good baseball player,1520225584214859777,21_jwwebb
"#Phillies 0 @ #Mets 2 [B6-2o]:

Francisco Lindor (swinging; 2)

RHP Aaron Nola (9)
Seq (5): ch FF ch KC KC×
s3: 76.9mph Knuckle Curve",1520213630964449284,whifftracker
How can you not LOVE Francisco Lindor?! #LGM https://t.co/S0NL39Gdj3,1520213523846119425,genymets
Rhys Hoskins lets Francisco Lindor know his helmet is missing something via /r/baseball https://t.co/skH8KcPycm,1520212360107106305,HOTrBaseball
The Jeff McNeil-Francisco Lindor bromance is so cute https://t.co/ycNDJrHczl,1520206935978561536,MichaelGaraffa
2011 Bowman Draft Francisco Lindor Gold Bowman 1st Card. $15 https://t.co/8gqbVJZjXA,1520206839224451074,BettSpaghett79
Francisco Lindor helping #Panini. #thehobby #baseballcards https://t.co/bDtvgv3Qkl,1520201989568794626,CentralPA_cards
New York goes down in order once again. The Francisco Lindor blooper remains their only hit of the night. We still have a scoreless game as we begin the 4th.,1520195113884033028,MichaelLeegan
Francisco Lindor doing Paninis job for them @CardPurchaser https://t.co/VjZFpYRuJM,1520194471853543424,jawdtru
Watching Francisco Lindor's POV while mic'd up during his HBP to the head is interesting. You get to see a bunch of different interactions as the benches cleared.,1520192102822522881,VideosBaseball
Francisco Lindor wore a black helmet with no logo in the first inning of tonight's game -- shades of 1971 Topps  @UniWatch https://t.co/SMunhRgfQG,1520190034720268288,BallparkTeddy
Francisco Lindor forgot his helmet logo 😂 https://t.co/pWj8F0lQai,1520185682353958913,BrodesMedia
"Francisco Lindor is wearing a blank batting helmet while the #Mets are wearing their black jerseys tonight.

#LGM #LFGM #MetsTwitter #BackInBlack @UniWatch https://t.co/vndlb4CsmY",1520185295341342720,TrainFAL
@UniWatch Francisco Lindor with no @Mets logo on the batting helmet #phillies #mets https://t.co/iE76p50q2G,1520184195254943745,sschwartz40
Francisco Lindor with a...something-aided single as his pop fly eludes Jean Segura. The Phillies' FIP this year is gonna be bonkers.,1520184155040108544,JerryBeach73
"Lucky Hit: Francisco Lindor (1) [NYM] off Aaron Nola [PHI]: 86.0 mph, 59 degrees (Single)",1520183912164728833,MLBExitVelocity
That suspension is about to get a bigger extension than Francisco Lindor's contract https://t.co/t2JLicQwuZ,1520178982146265091,LindorFanAcc
"Francisco Lindor has an average exit velocity of 95.5 mph in this recent 4 for 22 skid.

I think it’ll be okay, folks. #LGM",1520169138190266368,MetsfanOnYT
"More detail is needed.  The 8 players on the executive subcommittee are:

Max Scherzer
Andrew Miller
Francisco Lindor
Semien
Zack Britton
James Paxton
Castro
Gerrit Cole

Source is: https://t.co/y0BkgrXNgV https://t.co/7y52LlclAU",1520155914891718657,OrangeFire_
"Could #Phillies Bryce Harper go back-to-back? 👀

https://t.co/mqmwRoizIi",1520155614206382080,PHLPhilNation
"Several #Dodgers' hitters have been very good so far, but Freddie Freeman has been the best.
 
If he continues leading the best offense in the league, he has a tremendous shot at the award.

https://t.co/u7BlOgReT7",1520154659561824256,DodgerNationLAX
"💥 𝗕𝗘𝗔𝗦𝗧𝗜𝗘𝗦 𝗕𝗢𝗢𝗠𝗘𝗥𝗦 - 𝗠𝗟𝗕 𝗗𝗙𝗦 𝗣𝗜𝗖𝗞𝗦 💥

Francisco Lindor #LGM

⚾️.273 BA
⚾️OBP .360
⚾️12 Runs, 13 RBI, 4 HR, 3 SB
⚾️.494 Slugging Percentage

𝗙𝗨𝗟𝗟 𝗗𝗙𝗦 𝐒𝐓𝐀𝐂𝐊➡️https://t.co/oQJHLrWcQj

💵$5,200 #DraftKings 
💵$3,800 #FanDuel https://t.co/FN9xCy4bQg",1520145900198404096,TeamRiseorFall
"My #Mets Lineup vs. #Phillies on Fri. 4/29:
RF Brandon Nimmo
LF Jeff McNeil
SS Francisco Lindor
1B Pete Alonso
3B Eduardo Escobar
CF Travis Jankowski
DH Robinson Cano
2B Luis Guillorme
C James McCann",1520130358318141440,NYMetsManager
"Mets (14-6) lineup for Friday vs. Phillies:
1. Brandon Nimmo CF
2. Starling Marte RF
3. Francisco Lindor SS 
4. Pete Alonso 1B
5. Eduardo Escobar 3B
6. Robinson Cano DH
7. Mark Canha LF
8. Jeff McNeil 2B
9. James McCann C
P- Tylor Megill (3-0, 2.35)",1520128593472405506,andrew_tred
"New York Mets lineup:
1. Brandon Nimmo (L) CF
2. Starling Marte (R) RF
3. Francisco Lindor (S) SS
4. Pete Alonso (R) 1B
5. Eduardo Escobar (S) 3B
6. Robinson Cano (L) DH
7. Mark Canha (R) LF
8. Jeff McNeil (L) 2B
9. James McCann (R) C
https://t.co/Y3W1k9vpkY",1520120285944557572,AwesemoMLB
"#Mets Lineup 04/29/22

1. Brandon Nimmo CF
2. Starling Marte RF
3. Francisco Lindor SS
4. Pete Alonso 1B
5. Eduardo Escobar 3B
6. Robinson Cano DH
7. Mark Canha LF
8. Jeff McNeil 2B
9. James McCann C

Starting Pitcher : Tylor Megill",1520115733862117376,DailyMLBLineup
"4/29 New York Mets Lineup:

1 CF Brandon Nimmo
2 RF Starling Marte
3 SS Francisco Lindor
4 1B Pete Alonso
5 3B Eduardo Escobar
6 DH Robinson Cano
7 LF Mark Canha
8 2B Jeff McNeil
9 C James McCann

 SP:Tylor Megill #LGM  #MLB",1520114715023839232,GSMLBPicks
"Some of ⚾'s hottest squads headline our weekend national TV slate.

And don't miss Francisco Lindor mic'd up on Sunday night! https://t.co/HHlyXlV0GW",1520111271043117056,kendell_m
@MLBTheShow you can’t give me a diamond Francisco lindor and he cannot make a throw to first. It’s impossible,1520105361763614721,ArgeniFS
Francisco Lindor Mets Signed Of #autographed https://t.co/T6Sb94e93s,1520101228872704001,AutographDeals1
"MLB @DKSportsbook plays for Friday:

SG Parlay - Pete Alonso 1+ TB and Francisco Lindor 1+ TB

Adolis Garcia over 1.5 TB",1520089622822494214,Nick_Friar
A return of extra-base power and renewed plate discipline and contact rates have Francisco Lindor looking like himself again. My latest for @PitcherList: https://t.co/G0MFoTXkV3,1520070706578575361,JohnFoley_21
2010 Bowman Chrome USA Stars Re #baseballcards https://t.co/FtpkVfLZou,1520068799193563136,FinderCard
"It's early, but Francisco Lindor once again looks like the Mr. Smiles of yore. John Foley (@JohnFoley_21) takes a look at the Mets' shortstop's quick start. #LGM https://t.co/GYh39gKqDJ",1520062867390742528,PitcherList
Hey @Twitter @elonmusk despite whatever my @ and pfp are I am in fact not Francisco Lindor OR Drew Smith. Don’t ban me,1520046154100187137,drewsmithszn
"Pokemon: Trading for sports cards.
Francisco Lindor Bryce Harper Jarren Duran open to others. https://t.co/2wPus4qfwF",1520037041588822017,FrankHo69495323
Francisco Lindor Cutting Down Strikeouts In 2022 https://t.co/7vAZwnCxq7,1520021970116485121,RotoBallerMLB
"60 Card Rookie &amp; Prospect Lot
FS/FT
$70 shipped obo
Francisco Lindor-Wander Franco-Bobby Dalbec-Blaze Jordan-Julio Rodriguez-Jarred Kelenic-Jarren Duran-Jazz Chisholm-Ke'Bryan Hayes-Lars Nootbaar-Brandon Marsh-Spencer Torkelson+ others
@ILOVECOLLECTIN1 @JimsHobbyHunt @Daledill45 https://t.co/846Rd6eKCg",1519871080218910727,FrankHo69495323
"Francisco Lindor Rainbow Foil Topps RC 

$65 shipped BMWT 

@CardboardEchoes @TheHobby247 @collectorconn19 @sports_sell https://t.co/xlozktIwlj",1519869612057407488,spadesandslabs
2018 TOPPS MUSEUM FRANCISCO LIN #baseballcards https://t.co/Xzm5ZcJHMA,1519848905252421634,FinderCard
Never know who you might see in AA. Remember well first laying eyes on Francisco Lindor in Akron in 2013. #MidlandRockhounds https://t.co/BH7bpqqQxn,1519835052317753344,BrianComeaux2
Check out Francisco Lindor New York Mets 2021 Panini Mosaic https://t.co/sXkOvPol9b #eBay via @eBay,1519761596033253380,Hartungsprtcard
Francisco Lindor will be mic'd up on Sunday Night Baseball this weekend as the Mets play the Phillies.,1519705146028142596,Metsmerized
Happy #ThrowbackThursday featuring Francisco Lindor! #LGM https://t.co/2zOteZp14V,1519660451637776384,Metsmerized
Francisco Lindor 2018 Topps Chrome  #thehobby https://t.co/EaWI9WxRH4,1519623412729135105,CardboardFeed
Francisco Lindor Mets Signed Of #autographed https://t.co/B4C4mzcVP6,1519549258898227200,AutographDeals1
"Baseball players with the best relative value cards:

Value Score = (80 Career WAR Probability / Topps Chrome Rookie PSA 9 Price)

1. Joey Votto: 0.0
2. Francisco Lindor: 0.0
3. Giancarlo Stanton: 0.0
4. Mookie Betts: 0.0
5. Fernando Tatis Jr: 0.0

#TheHobby",1519517413062201345,thehobbyai
"Ranking Mets position players by how likely they are to charge the mound
1. Jeff Mc Neil
2. Starling Marte
3. Mark Canha
4. Dom Smith
5. Tomas Nido
6. Pete Alonso
7. Travis Jankowski
8. Francisco Lindor
9. Brandon Nimmo
10. James McCann
11. Eddie Escobar
12. Luis Guillorme",1519515566398132231,alvarezszn
".@hitting_bot, Francisco Lindor, 2022, Hitting+",1519496113920880640,kman736
"Well maybe I am really just a prop guy😂 this parlay brought me to +2.2u this game 
1.2u- NRFI Mets Vs Cards -115❌
1.2u- Mets F5 ML -115 ❌
.5u- Francisco Lindor o1.5 total bases +130✅
.5u- Paul Goldschmidt 2+ bases +145✅
#gamblingTwitter #SmokedOutSports https://t.co/lqbO5lxoX0 https://t.co/pGidLqZdad",1519486198959456256,SmokedOutSports
"Benches clear at Mets-Nationals after Francisco Lindor HBP #‘clear’ #after #benches #francisco #hbp #lindor #metsnationals #sports
https://t.co/0GmIiLrxiZ",1519460397132267520,SwaveDigest
"Pete Alonso literally hit in the head twice and goes right to first.
Francisco Lindor literally hit in the face and goes to first. 
Nolan Arenado thrown up and in and proceeds to cry.",1519424395697131526,matthew_matheis
Francisco Lindor 2022 Topps Heritage Chrome Blue Sparkle SP #TheHobby #LGM https://t.co/G5DTuYjYrC #eBay via @eBay,1519418946100805633,JeremyM98215914
Just gotta say this. Francisco Lindor is so good. #stlcards,1519407161058729984,ymstrobelights
2012 bowman sterling prospects  #baseballcards https://t.co/5XBnBAvzkT,1519406781939789825,FinderCard
"Francisco Lindor snaps his little rut with a RBI double to the gap. 

Nice to see after hitting into some poor luck the past couple of days. 

#Mets trail the Cardinals 9-5, bottom 7.",1519406691737120769,Metsmerized
That double broke Francisco Lindor out of an 0-15 streak. He’s hitting .273 on the year. #LGM,1519405937903210497,genymets
"Francisco Lindor with a double in the gap! Marte scores! 

The #Mets cut the lead to 9-5. #LGM https://t.co/7u3uv0JWG0",1519405726111879169,genymets
Francisco Lindor 2018 Topps Chrome  #thehobby https://t.co/k0oIb6bOgR,1519396720924319746,CardCrawler
"Francisco Lindor has some of the worst batted ball luck I've ever seen.
#LGM #LFGM",1519393684441210881,searlebaseball
Francisco Lindor is one of those guys no matter the team he plays on I’ll always root for him. Dude is awesome to watch,1519393122417090564,DigitalChampYT
"2022 Throwback Thursday Set #16 - 1955 Baseball
46  Francisco Lindor #LGM 
47 Shohei Ohtani #GoHalos 
48 Chipper Jones #ForTheA 
3 card set - $14.99
Product is available from Apr 21, 2022 and expires on Apr 28, 2022. #tradingcards 
https://t.co/s7wiqSvYDo",1519385843949051904,westgate_family
"#STLCards LHP Steven Matz finally gets out of the 2nd inning with a three-pitch strike out of Francisco Lindor. Before that, he surrendered two two-run, two-out doubles. #Mets lead 4-1 heading into the bottom of the 2nd inning.",1519376902682726401,JohnDenton555
Francisco Lindor is entering bum territory again. He better start pulling it together,1519376776115281920,unclebenjiii
"#Mets 4 @ #STLCards 1 [T2-3o]:

Francisco Lindor (swinging; 1)

LHP Steven Matz (3)
Seq (3): SI CH SI×
s3: 92.5mph Sinker",1519376472296800259,whifftracker
@MLB How on earth (for the 2nd game straight) are you not going to credit Tyler O'Neil with a hit. There is NO WAY Francisco Lindor is going to throw out a hustling Tyler O'Neil from the OF. Please correct this 😂 https://t.co/TbV073EBmB,1519376121904525315,dyhimself
I don’t like Francisco Lindor,1519372686547427333,jack_benik
I hate Francisco Lindor,1519371209904955393,the_fisshy
FRANCISCO LINDOR HAS LOST ME SO MUCH MONEY ON NRFI THIS YEAR. FUCK YOU @Lindor12BC,1519370779778899968,2022Dominguez
Gosh it’s a relief to see Francisco Lindor playing baseball with his hands attached to his arms.,1519368848646017025,teamshammai
Yadier Molina and Francisco Lindor embrace each other. https://t.co/ulu9LDklKY,1519366488569831425,Metsmerized
"⚾️ plays I’m taking, NRFI inspired by @manny6ix 🤞🏽
1.2u- NRFI Mets Vs Cards (-115 FD)
1.2u- Mets F5 ML (-115 MGM)
.5u- Francisco Lindor o1.5 total bases (+130 DK)
.5u- Paul Goldschmidt 2+ bases (+145 FD)
Who doesn’t love action on a afternoon work day? #GamblingTwitter",1519362892860358658,SmokedOutSports
"Francisco Lindor O1.5 total bases +127. Lindor been hot lately I like this trend to continue. 2 doubles in 6 career ABs vs Matz, I love our chances. #gamblingtwitter #bettingpicks #freepicks #freeplay #bettibgmlb #bettingtwitter https://t.co/8eOkrgnb8Z",1519333435667632128,jsalinas_03
"New York Met lineup:
1. Brandon Nimmo (L) CF
2. Starling Marte (R) RF
3. Francisco Lindor (S) SS
4. Pete Alonso (R) 1B
5. Eduardo Escobar (S) DH
6. Mark Canha (R) LF
7. J.D. Davis (R) 3B
8. Luis Guillorme (L) 2B
9. Tomas Nido (R) C
https://t.co/Y3W1k9vpkY",1519329968148434947,AwesemoMLB
2010 Bowman Chrome USA Stars Re #baseballcards https://t.co/AE5JWdshvX,1519329302902460416,FinderCard
Topps chrome 2017 Francisco lin #baseballcards https://t.co/JLhL7s89az,1519328827691999232,FinderCard
"Monk's Homerun Predictions Wed Apr 27, 2022, NY Mets vs Cards

JD Davis, Francisco Lindor, and Pete Alonso…will homer today for the Mets!

#LFGM @MetsBooth #MetsTwitter @MetsManager @The7LineArmy @StevenACohen2 #Mets #LGM https://t.co/t9Oof7Ruu2",1519328483767373825,smonk318
"Mets (14-5) lineup for Wednesday vs. Cardinals:
1. Brandon Nimmo CF 
2. Starling Marte RF
3. Francisco Lindor SS
4. Pete Alonso 1B
5. Eduardo Escobar DH
6. Mark Canha LF
7. J.D. Davis 3B
8. Luis Guillorme 2B
9. Tomas Nido C
P- Carlos Carrasco (1-0, 1.47)",1519328217739505665,andrew_tred
"GUYS I had this terrifying nightmare where Francisco Lindor got hit by a pitch and both of his hands fell off. He has bloody stumps now and his baseball career is over. This didn’t actually happen, right?????",1519312293942673409,teamshammai
"What's #Best on https://t.co/NQOcMymrqQ ?
Francisco Lindor Helping Mets' Early Season Surge!! (4 Homers .917 Ops!)
https://t.co/TlyIStRCz9
#sports #mlb #franciscolindor #mets #mlbhighlights",1519275944753745921,FremontCyril
2019 Topps Luminaries Francisco Lin #thehobby https://t.co/UG5EkhoBIR,1519203838154129410,CardCrawler
2010 Bowman Chrome USA Stars Re #baseballcards https://t.co/HTbePN5z3Z,1519189581450682368,FinderCard
Francisco Lindor had a chance to drive in like 10 runs tonight #LGM,1519155629008510976,CleonA84126672
"Game 19 vs @Cardinals
 
9 LOB, 142 on Season
2 for 9 RISP (.222)

Tonights Lobster:
Francisco Lindor, 7",1519153995180355586,metslobsters
1ST BOWMAN REFRACTOR Francisco Lindor 2011 Chrome Silver Refractor BGS 9.5 RC https://t.co/B7cLv5WvHI eBay https://t.co/iXwgiE6Z1E,1519153003214778368,SportsTradingC9
Yo @MLB this needs to stop New York met hitters keep on getting hit up and above and your letting the umpires give warnings after 19 games and 17 New York met hitters gotten hit and hitters like Francisco Lindor and Pete Alonso have gotten hit in the face MLB GET SHIT RIGHT,1519145281870307329,CasonRoxas
Francisco Lindor being the first guy to hop the dugout rail just in case shit got real is the type of shit I like to see.,1519143896244269060,Matthew__Sloane
"Francisco Lindor hitting into some tough luck in his last two at-bats: 

.670 xBA
.810 xBA",1519143043886161920,mikemayer22
"Barrel: Francisco Lindor (5) [NYM] off Kodi Whitley [STL]: 100.2 mph, 24 degrees (Flyout - 353 ft)",1519142812985565185,MLBExitVelocity
"Francisco Lindor off RHP Kodi Whitley - 100.2 mph, 24 degrees (353 ft Flyout, .670 xBA)
93.1 mph 4-Seam Fastball
#Mets @ #STLCards (T8)",1519142685415817217,MLBBarrelAlert
"Francisco Lindor getting robbed puts me in a sour mood.

#LGM #LFGM",1519142630944387073,searlebaseball
"Francisco Lindor’s fly ball was 101.9 MPH off the bat with an .810 xBA. only like 30 feet short. thanks, MLB",1519127276545314818,TimothyRRyder
"Barrel: Francisco Lindor (4) [NYM] off Andre Pallante [STL]: 101.9 mph, 29 degrees (Flyout - 375 ft)",1519126957526589442,MLBExitVelocity
"Francisco Lindor off RHP Andre Pallante - 101.9 mph, 29 degrees (375 ft Flyout, .810 xBA)
93.2 mph 4-Seam Fastball
#Mets @ #STLCards (T5)",1519126874378620928,MLBBarrelAlert
Now would be great for a Francisco Lindor bomb,1519126564906090500,TheZAD813
#STLCards RHP Jordan Hicks strikes out #Mets SS Francisco Lindor for a 1-2-3 first inning. Hicks and his power sinker got two groundouts and a K after going to a full count on Lindor. Of Hicks 16 pitches only 1 was at least 100 mph.,1519102881537871882,JohnDenton555
"On This Date 04/26/2019: Francisco Lindor hit these 2 homers (including his 100th career homer) to beat the Astros 6-3 in Houston!

Youngest SS to hit 100 HR:
Alex Rodriguez (23 years, 16 days)
Cal Ripken Jr (24 years, 356 days)
LINDOR (25 years, 163 days)
https://t.co/TSeSXbjDD7 https://t.co/XhpHR6QB5v",1519091015134724103,celeBRADtion
Francisco Lindor hit a home run tonight pls thank you ❤️ #Mets,1519088326799765504,rookiepitchers
"##MLBVideos: Francisco Lindor helping #Mets' early season surge!! (4 homers, .917 OPS!) 
 
https://t.co/B4qS9LF6xc
 
#Baseball #BaseballVideos #FranciscoLindor #MajorLeagueBaseball #MLB #MlbHighlights #MLBVlog #Video #Videos #Vlog https://t.co/1b5k3GDYi9",1519076363856142337,raw_chili
"Brandon Nimmo: 183 wRC+
Francisco Lindor: 173 wRC+
Pete Alonso: 121 wRC+ 
Eduardo Escobar: 161 wRC+
Mark Canha: 133 wRC+
Jeff Mcneil: 157 wRC+

The Mets have 6 of their 9 qualified hitters above league average in 2022",1519070868986544134,MarteMoonshot
Francisco Lindor hasn’t done anything to help dogs that I can remember.  He did boo Mets fans though.  Don’t be a Lindor.  be a Scherzer. #Mets,1519070597082460160,metspolice
"Francisco Lindor helping Mets’ early season surge!! (4 homers, .917 OPS!) https://t.co/0ExswPtzi0",1519068525377245184,DonELichterman
"MLB: Francisco Lindor helping Mets' early season surge!! (4 homers, .917 OPS!) https://t.co/fu2Hwk23qD",1519059628025257988,topbaseball247
"Mets (13-5) lineup for Tuesday's game at the Cardinals:
1. Brandon Nimmo CF
2. Starling Marte RF
3. Francisco Lindor SS
4. Pete Alonso DH
5. Eduardo Escobar 3B
6. Dominic Smith 1B
7. Mark Canha LF
8. Jeff McNeil 2B
9. James McCann C
P- Chris Bassitt (2-1, 3.00 ERA)",1519052024041689093,andrew_tred
2019 Topps Luminaries Francisco Lin #thehobby https://t.co/73L8eaAFl6,1519048710742851588,CardboardFeed
"Tonight's @Mets starting lineup against Cardinals RHP Jordan Hicks. #LGM #MetsTwitter 

CF  Brandon Nimmo 
RF  Starling Marte 
SS  Francisco Lindor 
DH Pete Alonso 
3B  Eduardo Escobar 
1B.  Dominic Smith 
LF  Mark Canha 
2B  Jeff McNeil 
C.  James McCann 

P.  Chris Bassitt",1519047131117637634,BelieveMetsBlog
"Jordan Hicks vs #Mets
D+ matchup

2.82 Innings, 1.15 Runs
2.56 Hits, 2.35 Ks, 1.14 BBs

Best Matchup: James McCann (A)
Worst Matchup: Francisco Lindor (F)

Win: 15%, Loss: 22%, No Dec: 64% https://t.co/E6LzbM7DdK",1519047037198774277,BallparkPalSTL
"Monk's Homerun Predictions Tues Apr 26, 2022, NY Mets vs Cards

Brandon Nimmo, Francisco Lindor, and Jeff McNeil…will homer today for the Mets!

#LFGM @MetsBooth #MetsTwitter @MetsManager @The7LineArmy @StevenACohen2 #Mets #LGM  

I saw the sign!

It said...Let's GOOOO Mets!!! https://t.co/Kk6MMyGm2P",1519045745386692609,smonk318
"#Mets Lineup 04/26/22

1. Brandon Nimmo CF
2. Starling Marte RF
3. Francisco Lindor SS
4. Pete Alonso DH
5. Eduardo Escobar 3B
6. Dominic Smith 1B
7. Mark Canha LF
8. Jeff McNeil 2B
9. James McCann C

Starting Pitcher : Chris Bassitt",1519045035295006720,DailyMLBLineup
"4/26 New York Mets Lineup:

1 CF Brandon Nimmo
2 RF Starling Marte
3 SS Francisco Lindor
4 DH Pete Alonso
5 3B Eduardo Escobar
6 1B Dominic Smith
7 LF Mark Canha
8 2B Jeff McNeil
9 C James McCann

 SP:Chris Bassitt #LGM  #MLB",1519044424684212225,GSMLBPicks
"New York Mets lineup:
1. Brandon Nimmo (L) CF
2. Starling Marte (R) RF
3. Francisco Lindor (S) SS
4. Pete Alonso (R) DH
5. Eduardo Escobar (S) 3B
6. Dominic Smith (L) 1B
7. Mark Canha (R) LF
8. Jeff McNeil (L) 2B
9. James McCann (R) C
https://t.co/Y3W1k9vpkY",1519042349296459780,AwesemoMLB
2010 Bowman Chrome USA Stars Re #baseballcards https://t.co/u5874ofnvV,1519020326914560003,FinderCard
"Mets definitely feel like they have the ‘thing’ going early this season. 

Could be brought on by veteran managerial leadership of Buck Showalter or Francisco Lindor playing at the top of his league. https://t.co/0tMAg6lfyh",1519017414704439299,justin_hendon
"2015 Topps Update Francisco Lindor PSA 10
$115 shipped
 @sportscardsflrt @HobbyConnector @Hobby_Connect @sports_sell @CardboardEchoes @mdransom1 https://t.co/bmjceVvAfq",1519013264616734722,tylerssprtscrds
".@Metsmerized Players of the Week: Francisco Lindor and Carlos Carrasco 

My story on the former Cleveland stars’ huge weeks for the Mets: https://t.co/jXB4w8xify",1518987443185324032,alex_horowitz3
Topps chrome 2017 Francisco lin #baseballcards https://t.co/OyvO4dsb6C,1518980409727586304,FinderCard
"That was quick - in the past 10 days, Francisco Lindor has jumped from 5th to 68th percentile in Outs Above average (he's ranked 98th percentile or better in every season since 2017).

#LGM https://t.co/pOsMvK6DAj https://t.co/GitrXCa2MY",1518970337337253889,MetsAnalytics
It’s time to readjust Francisco Lindor’s projections for 2022. #LGM https://t.co/L5A96dldri,1518966746325172224,genymets
At the end of the day it’s just nice to see Jeff McNeil and Francisco Lindor high fiving instead of throwing raccoon rats at each other.  #LGM,1518785683380649985,ExIsledUsher
"Unlucky Out: Francisco Lindor (2) [NYM] off Miles Mikolas [STL]: 68.9 mph, 23 degrees (Lineout)",1518759280136134658,MLBExitVelocity
"If my friend knew more about baseball, he would realize I am intentionally fleecing myself in my Francisco Lindor offer.  I feel kinda like the Guardians in the real life trade.",1518736427516715008,QuoteThisSports
"Don’t mind me… I’m just casually DMing Francisco Lindor when he asked about  his baby daughter taking dance classes 😂. I shared him my friend’s dance studio! I can’t tell if he was being facetious, but I figured to help support my friend’s business and support his daughter! 🤷🏻‍♀️ https://t.co/JqFfMi1sOH",1518726865481084929,JoceyTor
"It's safe to say Francisco Lindor's bat is back to 2019 levels - and close to 2018 levels if his hot stretch continues.

#LGM https://t.co/eauw9dgLbi",1518706805366562816,MetsAnalytics
"I went on @jakobbradley_’s podcast “Getting to Know You” this week.

We talked about life, broadcasting Francisco Lindor and I got relive my college career. 

Take a listen! https://t.co/CFYVmNlznm",1518695273949769730,AaronV_99
"Tonight's @Mets starting lineup against Cardinals RHP Miles Mikolas. #LGM #MetsTwitter 

CF Brandon Nimmo 
RF Starling Marte 
SS Francisco Lindor 
1B Pete Alonso 
3B Eduardo Escobar 
DH Robinson Cano 
LF  Mark Canha 
2B Jeff McNeil 
C   Tomas Nido 

P.  Max Scherzer",1518694266758905856,BelieveMetsBlog
"Mets (12-5) lineup for Monday's series opener vs. Cardinals:
1. Brandon Nimmo CF
2. Starling Marte RF
3. Francisco Lindor SS
4. Pete Alonso 1B
5. Eduardo Escobar 3B
6. Robinson Cano DH
7. Mark Canha LF
8. Jeff McNeil 2B
9. Tomas Nido C
P- Max Scherzer (3-0, 2.50 ERA)",1518684359745851392,andrew_tred
"Monk's Homerun Predictions Mon Apr 25, 2022, NY Mets vs Cards

Francisco Lindor, Jeff McNeil, and Pete Alonso …will homer today for the Mets!

#LFGM @MetsBooth #MetsTwitter @MetsManager @The7LineArmy @StevenACohen2 #Mets #LGM  

Let's GO METS!!!!!! https://t.co/KYDk0f7DZZ",1518682373210222598,smonk318
"#Mets Lineup 04/25/22

1. Brandon Nimmo CF
2. Starling Marte RF
3. Francisco Lindor SS
4. Pete Alonso 1B
5. Eduardo Escobar 3B
6. Robinson Cano DH
7. Mark Canha LF
8. Jeff McNeil 2B
9. Tomas Nido C

Starting Pitcher : Max Scherzer",1518682172118364160,DailyMLBLineup
"Cody Bellinger of the Dodgers was the NL Player of the Week, but Francisco Lindor of the Mets was listed among ""other noteworthy NL performances"" in the MLB release. Lindor batted .355 with 11 hits, 3 XBH and 5 RBI.",1518681468876337152,AnthonyMcCarron
"4/25 New York Mets Lineup:

1 CF Brandon Nimmo
2 RF Starling Marte
3 SS Francisco Lindor
4 1B Pete Alonso
5 3B Eduardo Escobar
6 DH Robinson Cano
7 LF Mark Canha
8 2B Jeff McNeil
9 C Tomas Nido

 SP:Max Scherzer #LGM  #MLB",1518680767710257155,GSMLBPicks
"New York Mets lineup:
1. Brandon Nimmo (L) CF
2. Starling Marte (R) RF
3. Francisco Lindor (S) SS
4. Pete Alonso (R) 1B
5. Eduardo Escobar (S) 3B
6. Robinson Cano (L) DH
7. Mark Canha (R) LF
8. Jeff McNeil (L) 2B
9. Tomas Nido (R) C
https://t.co/Y3W1k9vpkY",1518680483265138688,AwesemoMLB
"that would be Francisco Lindor for those of you wondering 

#LGM #Mets https://t.co/lPMGCVyc4b",1518658725665464327,ZacWassink
"🚀 Francisco Lindor (NYM) has exceeded 0.5 hits in 7 of his last 8 games (1.5 hits/game average).

NYM @ STL: o/u 0.5 available at #BetMGM (-200/+155).

#GamblingTwitter #PlayerProps #MLB #MLBTwitter https://t.co/PWHnUhgUI4",1518651096591323136,Fansure_MLB
2010 Bowman Chrome USA Stars Re #baseballcards https://t.co/LC5ocnmPbG,1518647753999630336,FinderCard
This is a Francisco Lindor stan account https://t.co/FJM5MEfgEg,1518645973966372870,Brolaigh_
"Francisco Lindor is the star of the show again this week, but Eduardo Escobar also continues to rake and key role players like J.D. Davis and Luis Guillorme are heating up. https://t.co/3OgU8IEcAI",1518644316872359936,PetitePhD
"Francisco Lindor (.313/.408/.563, 186 wRC+) is tied for third-most fWAR (1.2) in MLB https://t.co/m8xeWnMcxA https://t.co/Navxwd2U8l",1518632571558576131,LindorFanAcc
2012 bowman sterling prospects  #baseballcards https://t.co/o26ZQ1cmE1,1518628259008765952,FinderCard
"Me yelling at other Mets fans that Francisco Lindor didn’t have an awful 2021. He had a bad 2 months when he had zero protection in the lineup and was actually walking a ton while adjusting to a new team, in a new league in a new city. https://t.co/3HFFv1n7OH",1518626472482807808,Flushing_Dreams
FRANCISCO LINDOR 2010 Bowman Chrome #thehobby https://t.co/7WjMR3ui5t,1518625180196687878,CardCrawler
"#MLBonTBS Tuesday Night to feature red-hot @Mets and @Lindor12BC visiting @Cardinals and Nolan Arenado – tomorrow, April 26, at 7:30 p.m. ET

Full release: https://t.co/C68XW62pi2 https://t.co/v63XmanxWY",1518620855470903296,TurnerSportsPR
"Francisco Lindor didn’t have his first April 25th of the season last year until April 25th. This year, he had it on April 25th.",1518620595897962496,LarryCalderon28
"Highest fWAR among position players this season:

Nolan Arenado: 1.5
Manny Machado: 1.3
Byron Buxton: 1.3
Ty France: 1.2
Wander Franco: 1.2
Francisco Lindor: 1.2

@Metsmerized #Mets #LGM https://t.co/0n8EDc1BHO",1518598902190166018,MBrownstein89
"Francisco Lindor (.313/.408/.563, 186 wRC+) is tied for third-most fWAR (1.2) in MLB 

📸 @4chrissimon 🍎 https://t.co/GlTfjupvqP",1518590132307251201,TimothyRRyder
"⚾️ NEW ⚾️

Week 3 of Tuma's Take covers lineup notes, Francisco Lindor, Shane Bieber, Mookie Betts, over/under performers, and more

My latest for @UnderdogFantasy https://t.co/RNBLxx77Sd",1518577859702530050,toomuchtuma
Me trying to explain why Francisco Lindor will win MVP this year https://t.co/A1k0qTd00Y,1518566613171245057,MarteMoonshot
2015 Topps Heritage Baseball #717 Francisco Lindor Rookie Card - Short Print...👉 https://t.co/FQpdJBE6El https://t.co/DWBSOyQ3et,1518560620882415616,SeasonsGala
Francisco Lindor signed rawling #autographed https://t.co/GIuy6PKceO,1518466390113542144,AutographDeals1
"The trade for Francisco Lindor and Carlos Carrasco has never looked better, as Mets cap off series win over Giants 

via @TheAthletic The problem with trades is that it takes time to see who got the better deal.  https://t.co/GwLi8wMSKv",1518433792645636098,WLabenda
"Baseball players with the best relative value cards:

Value Score = (80 Career WAR Probability / Topps Chrome Rookie PSA 9 Price)

1. Joey Votto: 0.0
2. Francisco Lindor: 0.0
3. Giancarlo Stanton: 0.0
4. Mookie Betts: 0.0
5. Fernando Tatis Jr: 0.0

#TheHobby",1518430249645756417,thehobbyai
"$45 bmwt obo
2 psa 9's
Jake Meyers Auto
Wander Franco rc
Francisco Lindor dual Relic
Plus more
@ILOVECOLLECTIN1 @HiveCards @HobbyConnector @JimsHobbyHunt https://t.co/iofDE4UoV4",1518423520090468352,FrankHo69495323
Francisco Lindor will be mic’d up for next Sundays game against the Phillies.,1518409571454406657,DennisUltima
Bryce Harper tells ESPN to mic up “Mr Smile” Francisco Lindor next week 😁😁,1518408789740953600,TomoLovesNature
Bryce Harper just nominated Francisco Lindor to be Mic’d up next week on Sunday Night Baseball.,1518408398525583360,metselite
Francisco Lindor has more fwar than every shortstop in baseball not named Wander Franco,1518389753070211073,TreIindor20
"2016 Shortstops

1 Corey Seager
2 Carlos Correa
3 Trevor Story
4 Francisco Lindor
5 Aledmys Díaz
6 Brandon Crawford
7 Xander Bogaerts
8 Asdrubal Cabrera
9 Jonathan Villar
10 Elvis Andrus
11 Addison Russell
12 Andrelton Simmons
13 Tim Anderson
14 Troy Tulowitzki
15 Marcus Semien https://t.co/NtA2nTM0ep",1518384040914563072,RankingSomeGuys
"#Mets win 6-2. Tylor Megill pitched 6 plus innings allowing 2 runs with 7 Ks. J.D. Davis hit a home run. Travis Jankowski, Francisco Lindor, and Starling Marte each had an RBI. 
REC= 12-5
NS= at Cardinals",1518366857564241920,RTWproductions
Check out 2015 Topps Bowmans Best Francisco Lindor  true  RC #3 NY Mets / Cleveland  https://t.co/33ar35iyu3 #eBay via @eBay Hot Card 🔥🔥🔥,1518366329065164802,JOEROCK56
"By the way @HammerNation19 
Francisco lindor is hitting 
 .317  4hrs 12 rbi  18 runs since you now don't give his stats",1518364440277577728,Rainie12925419
"Unlucky Out: Francisco Lindor (1) [NYM] off Corbin Martin [ARI]: 105.0 mph, 9 degrees (Lineout)",1518363420155916288,MLBExitVelocity
"Top 10 most important players for the mets
1. Francisco Lindor
2. Jacob Degrom
3. Pete Alonso
4. Max Scherzer
5. Edwin Diaz
6. Brandon Nimmo
7. Starling Marte
8. Chris Bassitt
9. Jeff Mcneil
10. Eddie Escobar",1518357424603811846,alvarezszn
I would be very concerned that Francisco Lindor got struck out nasty by this guy with bases loaded🤦🏻‍♂️ https://t.co/sxTbdbdzfq,1518353969222852608,P1nkyBrain
"#Mets 4 @ #Dbacks 1 [T7-3o]:

Francisco Lindor (swinging; 1)

RHP Taylor Widener (1)
Seq (4): FF FF ff CH×
s3: 85mph Changeup",1518353441927700481,whifftracker
Francisco lindor is so fucking good lmao,1518347598494642177,alvarezszn
"For what it's worth, Marte almost certainly would have scored on Francisco Lindor's flyout. Nonetheless, it is now 2-1 #Mets. https://t.co/cZYFZRhqxV",1518345895078600705,PHNX_Dbacks
Francisco Lindor just scored a Rickey Henderson run,1518345546070560768,AndyEscamilla3
"There's just no stopping Francisco Lindor.

#LGM #LFGM",1518334571032498176,searlebaseball
Another Lindor hit because he’s Francisco Lindor 🥰,1518334547192078339,deGromHOF
Imagine your teams not having francisco miguel lindor as your shortstop and igor olegovich shestyorkin as your goalie,1518324983717576712,ashleynyr1995
Francisco Lindor now has 12 RBI’s. He got his 12th RBI on June 1st last year. #LGM,1518324673045569541,genymets
The #Mets take an early lead as Francisco Lindor drives in his 12th run of the year! #LGM https://t.co/hIk8BcaMoN,1518324362839052291,TheAmazinCiti
Francisco Lindor gives us an early lead in the first! #LGM https://t.co/A5D0NASqsM,1518323637497081860,genymets
"Mark Canha made an immediate impact in the leadoff spot. He beat out a slow roller to the left, advanced on an error and then came around to score on a perfectly-executed hit and run by Francisco Lindor. 

Mets strike first off Madison Bumgarner, who entered with a 1.38 ERA.",1518323555934429185,andrew_tred
thankful Francisco Lindor is on my favorite baseball team,1518323298316308482,5WrightHOF
Francisco Lindor. Good at baseball #LGM,1518323066178260997,Paulie_Bruz
RBI single by Francisco Lindor plates Mark Canha as the #Mets take a 1 to 0 lead in the 1st,1518323020217131008,MetsMatty
Francisco Lindor is addicted to getting clutch hits,1518322961551441922,MeekPhill_
Francisco Lindor brings in Canha with an RBI single for the first run of the game.,1518322934284230656,Metsmerized
I love Francisco Lindor man he is a treasure to have,1518322928127033344,__CP07
Francisco Lindor is our shortstop 😀,1518322912842895365,deGromHOF
I love Francisco Lindor,1518322859269001216,JakeMKJetz
#Mets grab the first run of the game on a Francisco Lindor RBI single. It's 1-0 New York.,1518322831611752448,JesseNFriedman
Common Francisco Lindor success 🥰🥰,1518322803203887105,deGromHOF
"Today's @Mets starting lineup against Mets nemesis Diamondbacks LHP Madison Bumgarner. #LGM 

LF Mark Canha 
RF Starling Marte 
SS Francisco Lindor 
1B Pete Alonso 
3B Eduardo Escobar 
DH J.D. Davis 
2B  Luis Guillorme 
C.   James McCann 
CF Travis Jankowski 

P.   Tylor Megill",1518291635905388551,BelieveMetsBlog
"#Mets Lineup 04/24/22

1. Mark Canha LF
2. Starling Marte RF
3. Francisco Lindor SS
4. Pete Alonso 1B
5. Eduardo Escobar 3B
6. J.D. Davis DH
7. Luis Guillorme 2B
8. James McCann C
9. Travis Jankowski CF

Starting Pitcher : Tylor Megill",1518286754700091392,DailyMLBLineup
"#LGM Vs #Dbacks 

1 | LF Mark Canha
2 | RF Starling Marte
3 | SS Francisco Lindor
4 | 1B Pete Alonso
5 | 3B Eduardo Escobar
6 | DH J.D. Davis
7 | 2B Luis Guillorme
8 | C James McCann
9 | CF Travis Jankowski

Tylor Megill Vs Madison Bumgarner",1518286096521568256,30yeett
"Mets (11-5) lineup for Sunday vs. the Diamondbacks:
1. Mark Canha LF
2. Starling Marte RF
3. Francisco Lindor SS
4. Pete Alonso 1B
5. Eduardo Escobar 3B
6. J.D. Davis DH
7. Luis Guillorme 2B
8. James McCann C
9. Travis Jankowski CF
P- Tylor Megill (2-0, 2.20 ERA)",1518285582635442176,andrew_tred
"New York Mets lineup:
1. Mark Canha (R) LF
2. Starling Marte (R) RF
3. Francisco Lindor (S) SS
4. Pete Alonso (R) 1B
5. Eduardo Escobar (S) 3B
6. J.D. Davis (R) DH
7. Luis Guillorme (L) 2B
8. James McCann (R) C
9. Travis Jankowski (L) CF
https://t.co/Y3W1k9vpkY",1518285580450373636,AwesemoMLB
Francisco Lindor cites Carlos Carrasco as the Dodger's One True Turner.,1518248504631730176,EdwinaSegundo
"# of 0-2 counts faced, YTD 2022:
1) Bo Bichette, 30
2) Francisco Lindor, 29
3) Sean Murphy, 28
T4) Josh Donaldson, 27
T4) Ketel Marte, 27",1518236275224031232,xwoba_woba
Did Francisco Lindor and Pete Alonso issue public apologies when a Mets fan threw a beer can at Aaron Judge last year? https://t.co/rBzav0z7hw,1518234096547336193,CTWeigs
2012 bowman sterling prospects  #baseballcards https://t.co/NAp4PdjfzZ,1518207365438443521,FinderCard
