full_text,tweet_id,screen_name
The fact that Gwyneth Paltrow runs that scam company Goop and people buy shit from her tells you all you need to know about America.,1520911914464792576,cosmic_retard
We are doing coffee this this week Gwyneth Paltrow://youtu.be/4Vx7MTU-UVE,1520903200957685763,AmandaR99717676
after the class do you think that Gwyneth Paltrow will want to sacrificed with me?,1520902425359519744,FinnVonFritter
Gwyneth paltrow i dance i cheered i cried video https://t.co/7SWB2FGFGa,1520891752906907648,bfrrys
Can't Make A Silk Purse Out Of A Sow's Ear! Gwyneth Paltrow Can't Help B... https://t.co/iRir4UcMBp via @YouTube,1520879492763369474,NephoEmoses
"I've started writing for the New York Times, first article is about Gwyneth Paltrow convincing rich women to shave their eyeballs. https://t.co/3rZbgAFrN0",1520868275034406912,NobleRed9
unless of course we’re talking about my worst enemy Gwyneth Paltrow. fuck you Gwyneth Paltrow you know what you did. 😒 https://t.co/qfW220kWWq,1520853969660223489,lexofhades
"Never would have happened.  She even sucked on a good show.....let's not forget her time as a suitcase girl.

Meghan Markle Wanted to Be the Next Gwyneth Paltrow Before Meeting Prince Harry https://t.co/mf3VYm6Tiz #SmartNews",1520844926979739648,dwbnseaside
I’m so heartbroken….Gwyneth Paltrow isnt attending 😭💔 https://t.co/twSQtEt13F,1520841509435703297,adorehrryy
"🧑🏽‍⚕️How Pathetic are these without Conscience Amoral 🪳🪳🪳&amp;🪰🪰🪰🎯Duchess of Sussex. It's Sun, &amp; They have chosen to continue their relentless attacks,by claiming, MM wants to be:White Angelina Jolie, Gwyneth Paltrow
🇬🇧👑Cate, Countess of Wessex,etc. etc.
Why not Halle Berry?🤔 https://t.co/QL01tlpnHC",1520836399930523650,JoyetaAnderson
"Gwyneth Paltrow, my best friend forever https://t.co/FZS7t7nQ7T",1520834247287840768,AmandaR99717676
Gwyneth Paltrow's vagina https://t.co/uLq2VrLmLf,1520830585039724544,mad_cyclist
"I’m sorry, but Gwyneth Paltrow has a British accent in Sliding Doors????",1520824138566279168,eboli_pedro
"Amber Heard has taken inspiration from Gwyneth Paltrow and is now using case to publicise her new scented candle..

#amberturd #johnnydepp #JohnnyDeppDeservesJustice #JusticeForJohnnyDepp https://t.co/7R2OQ4dUB7",1520819000657207296,RichMeat3
GWYNETH PALTROW IS BACK ON GLEE AHHHHHHHHHHHH,1520816709300629509,pissarden
"fuck you gwyneth paltrow, you know what you did.",1520804070973444103,lightskinenvy
The best way to mend a broken heart is time and girlfriends. ~Gwyneth Paltrow,1520794681503887362,RickLondonGreen
"If Gwyneth Paltrow can sell a candle that smells like her vagina, then Elon Musk can sell a candle that smells like a tesla. Nice way to attract more people to buy teslas, or at least experience their smell if they cant afford them. @elonmusk",1520793117686861825,Zii_Bousaleh
"here’s a hot take, as much as i despise those: gwyneth paltrow could play the joker, but the joker could never play gwyneth paltrow",1520786388928630784,milkshakemethod
"This is further evidence of M copying others as she does with her clothes (Diana) and her quotes, as well as her book The Bench - she IS very good at plagiarising others! No originality at all!  https://t.co/EcsbsIbk6h",1520779070295920644,ATaylorSaunders
Babyface &amp; Gwyneth Paltrow - Just My Imagination (Running Aw https://t.co/7Ip6bL13uq via @YouTube,1520765069868646400,AKubovics
"Me:  yoo I’m working with Gwyneth Paltrow this weekend
My friends: SEE WHAT THOSE PUSSY CANDLES GOING FOR

🥴",1520747475925028864,devoururenemies
"😂😂😂how big is her ego?????Meghan Markle wanted to copy Gwyneth Paltrow’s success, claims royal biographer https://t.co/IQ2g36qJC0 green",1520740467020812290,boxmontessori
"Gwyneth Paltrow Funds Preservation of Ancestors’ Jewish Cemetery in Poland | United with Israel
https://t.co/K7p0fgMLQ0",1520738446884626442,KlausClodt
glee will have a crazy episode and then have nene leakes or gwyneth paltrow as a guest star,1520724218551443457,riversargon
"like you should either be Joanna newsom (no social media, name of her daughter is unknown to public) or gwyneth paltrow (gwyneth paltrow) https://t.co/uAvddot4UG",1520701151817183233,haveoneonmemp3
reading gwyneth paltrow's wiki feels like playing a sport,1520684990274580480,blakebuttonedup
"With investors like Ashton Kutcher, Gwyneth Paltrow, Justin Bieber, and Snoop Dogg, MoonPay's valuation has been brought to $3.4 billion. 🔗

#web3 #business #breakingin https://t.co/ctyyIjR6QV",1520674404694429697,threethirty3_io
gwyneth paltrow on glee was a revelation ...,1520652969657925632,arianeanindita
Does Dry Brushing Do Everything Gwyneth Paltrow Thinks? Here’s What Science Says. https://t.co/f39mqn4p0f,1520651032417779712,medicinehelp
Gwyneth Paltrow looks like an older blonde Miranda Cosgrove,1520644627317014530,Jcr00z
"https://t.co/1oLIafkAPK
Meghan Markle talked about being the next Gwyneth Paltrow 'Suits' sets",1520624210825170945,AhsanRa21053265
"128/365. Featuring my first theme week, which was initially unplanned: Goop Week. The films of Gwyneth Paltrow for some reason. Venom and the Toxic Avenger also count, in a way. 
🍿🍿🍿🍿🍿 https://t.co/KKoeKlqzG2",1520605947051188224,kkania
just thinking bout gwyneth paltrow💖💖💖,1520602573127921664,bubblebesti3
"My stomach is still kinda touch and go post-gastroenteritis, so I searched dinners that are easy on the stomach. I'm sending a social class mismatch here, because all the results were Gwyneth Paltrow ""clean"" eating $20 avocado oil recipes.

Dudes, I'm just trying not to upchuck.",1520600789617577985,BeckyCFreelance
"The name, Gwyneth Paltrow has all those letters that you never use.",1520584941217615873,jfbaueriii
🎶My pussy tastes like Gwyneth Paltrow🎶,1520573238534942721,phalliccauldron
"Gwyneth Paltrow has made a candle called ""This Smells Like My Vagina"" for her websites !
https://t.co/voNduQidzF https://t.co/MHj9AeIheU",1520571834688839682,DjcatsMiller
"Meghan Markle wanted to copy Gwyneth Paltrow’s success, claims royal biographer , more details : https://t.co/YPTOZ2qmqo",1520567471601815553,manjindarsingh1
fuck you gwyneth paltrow,1520559687778947074,euphoricsagee
you’re at a restaurant. table next to you? so loud. it’s one girl holding court with a ted talk on the time she met gwyneth paltrow. bitcoin does not fix this. help,1520554626541658113,elena___n
what was going through gwyneth paltrow’s mind when making a fanny candle,1520554259267346432,vigilantelle
"“Thor: Love and Thunder is pushing LGBTQ relationships on a fan base that didn’t ask for them.”

“Well no one asked for Gwyneth Paltrow as a believable romantic interest, but here we are.”",1520548383135612928,Patsby628
"Meghan Markle wanted to copy Gwyneth Paltrow’s success, claims royal biographer https://t.co/bgrFItOK8k",1520544749312172039,usasharenews
"Meghan Markle wanted to copy Gwyneth Paltrow’s success, claims royal biographer | Royal | News https://t.co/fom2hiiNpC",1520544516155092992,aw_journal2021
"Meghan Markle wanted to copy Gwyneth Paltrow’s success, claims royal biographer | Royal | News https://t.co/5n9TCDrYLS",1520539817951608834,JaunNews
"Inside Celebrity Beyond, the Gwyneth Paltrow-approved cruise ship for people who don't like cruising https://t.co/QIItKg75Dj",1520522703144247298,howruq
Aka Gwyneth Paltrow didn’t get enough money to sign on for Civil War,1520516442961108995,dukeofpeckham
"So what's your thoughts on Gwyneth Paltrow.

Weird or Grifter https://t.co/2hllWZdMBz",1520515422189142021,TJPhoenix3
No way I’m in a car that smells like Gwyneth Paltrow vagina this shit is literally a gas chamber,1520509708230090754,MaxwellGoji
"Wouldn't Gwyneth Paltrow's vagina perfume be better named as  ""What's in the box?""",1520501190949277696,kevjakmak
"Inside Gwyneth Paltrow’s 3 Engagement Rings From Brad Pitt, Chris Martin, and Brad Falchuk https://t.co/bkSNH43rGh",1520497498762137600,blogtech12
"if you don’t take her serious, gwyneth paltrow is very entertaining",1520462678581465089,miercolesgbr
why couldnt i be named gwyneth paltrow,1520462343859318785,cloutmonstah
"Inside Celebrity Beyond, the Gwyneth Paltrow-approved cruise ship for people who don't like cruisin... - https://t.co/igY4tn2GLH https://t.co/C4dKZmhI2c",1520457932835811328,Refess
i literally cannot stop listening to gwyneth paltrow,1520452843399958528,pissarden
"Gwyneth Paltrow's Father Loved Her Fiancé Brad Pitt 'Like a Son' —She Felt Responsible for Their Break Up
https://t.co/TL27YnsQGR",1520441684475195394,amomama_usa
I think Gwyneth Paltrow is kind of cool actually,1520426012080848896,mdmalcohol
"Never Have I Ever with Johnny Depp, Gwyneth Paltrow and Paul Bettany https://t.co/eOZSeQ5co0 via @YouTube",1520417494304968705,Dianavbowles
gwyneth paltrow genuinely terrifies me,1520400425815805953,aritheecalf
It has GOT to smell better than Gwyneth Paltrow's candles🤭🤣😂😭 https://t.co/ws67HCJEFD,1520383027293077505,female1960
i’m going to have the most granola woo woo gwyneth paltrow ass baby,1520374436637126656,unrealisticjoy
Eva Longoria and Gwyneth Paltrow Enter the NFT Space https://t.co/IGwgYURgHP,1520373491765194752,nazmulmarketer1
my spanish teacher saying my accent is good...... how can I tell her im learning aside her class with gwyneth paltrow?,1520372079060738049,paltrowrafferty
watched 16 mins of this youtuber ranking nepotism babies and i don't regret wasting my time w that bc she's a gwyneth paltrow apologist i love gwyneth paltrow apologists,1520360155405332480,stevelacygf
"Famous women join the crypto hustle, but it could cost their fans
Gwyneth Paltrow, Mila Kunis and other celebs are pushing women to invest in NFTs, which some see a revival of self-serving feminism
https://t.co/ljrnIRqy8L",1520337762259542019,Dennis_Kipker
Gwyneth Paltrow’s like half vampire. Half.,1520327804750942208,meowspar
"Inside Celebrity Beyond, the Gwyneth Paltrow-approved cruise ship for people who don't like cruising https://t.co/u4rHviKsOf",1520301214960861185,nydailypaper
"Inside Celebrity Beyond, the Gwyneth Paltrow-approved cruise ship for people who don't like cruisin... - https://t.co/iDRLHzs08p https://t.co/9zj1nc64dG",1520293938669576192,Refess
"Inside Celebrity Beyond, the Gwyneth Paltrow-approved cruise ship for people who don't like cruising

 #Please #Follow #for #more  

#mahanthesh

https://t.co/dfG8rubzaH",1520292824754839552,iam_mahanthesh
"Inside Celebrity Beyond, the Gwyneth Paltrow-approved cruise ship for people who don’t like cruising https://t.co/cVqwYpizQm",1520292632831922177,NzuchiTimesUSA
"Inside Celebrity Beyond, the Gwyneth Paltrow-approved cruise ship for people who don’t like cruising https://t.co/i1JP8LOcx1",1520292624036413440,wilsonjmashaka
Review: The perils of perfectionism in Finland's 'Hatching' - The Associated Press - en Español https://t.co/QV2MWzUKgA #AndyVermautLovesAP #Whatsapp0032499357495 https://t.co/8Q081VmohL,1520292384306724864,AndyVermaut
"Inside Celebrity Beyond, the Gwyneth Paltrow-approved cruise ship for people who don’t like cruising https://t.co/SCJMXuGJqD",1520291780054372358,adabagcompany
"Inside Celebrity Beyond, the Gwyneth Paltrow-approved cruise ship for people who don't like cruising https://t.co/t6PWeHb4tU",1520291621908189184,Big_City_Radio
"Inside Celebrity Beyond, the Gwyneth Paltrow-approved cruise ship for people who don’t like cruising https://t.co/shk2r2oR4f",1520291357759361026,jaunnewsusa
"Inside Celebrity Beyond, the Gwyneth Paltrow-approved cruise ship for people who don’t like cruising https://t.co/Bih9sr9wEx",1520290552784248832,NzuchiTimesUSA
"https://t.co/SrLKAiNJY7 Gwyneth Paltrow Reveals Why She Got That ""Matching Haircut"" With Brad Pitt in the '90s https://t.co/VqU4aXF7AZ",1520287099081043968,robowho1
i’m afraid to go home. what if gwyneth paltrow is there,1520285268535693312,stuart_josiah
"Beauty, to me, is about being comfortable in your own skin.” Gwyneth Paltrow

ANJI FeelsTheConcert
#AnjiFEELSConcert || 
@anjisalvacion",1520280927271743488,EngrKim_05
Are we sure Gwyneth Paltrow knows she was in superhero movies?,1520277890549657600,maynekate_
"Review: The perils of perfectionism in Finland’s ‘Hatching’
https://t.co/2IMF8goas7",1520271933182550016,JaanaLiimatain2
give gwyneth paltrow her grammy for forget you omggg i cannot stop listening,1520269358311911426,pissarden
"""the entire world is about to forget about gwyneth paltrow's scented candle"" https://t.co/QG6Ueml4NK",1520266226618212352,sorsentia
"Not many Gwyneth fans out there either. Shes's another odd one....
https://t.co/k3kJTN0uU1",1520265743320891398,108wintersrest
i know gwyneth paltrow is a freak or something but i think she was darling as emma,1520233993471373312,stinscns
We put Gwyneth Paltrow's pet rhinoceros (who works as an wizard) and their novel in a ugli fruit and now they are feeling ridicule,1520230641215844352,purpsbear
"“Beauty, to me, is about being comfortable in your own skin.” Gwyneth Paltrow

ANJI FeelsTheConcert
#AnjiSalvacion || @anjisalvacion",1520215357994151938,EngrKim1234
first gwyneth paltrow and now this?? https://t.co/B6A0RVvb6F,1520209143138762752,fashiononfilms
Jane doesn't really care if you make it to the meeting because she's making sure Colin Firth doesn't marry Gwyneth Paltrow.,1520204065832988672,tinytudorqueens
"Gwyneth Paltrow Movies | Box Office Ranking

#GwynethPaltrow #ShakespeareinLove 

https://t.co/DCZceqA9K9",1520196572989911040,KitStudio1
here is your annual reminder that American actress Gwyneth Paltrow sold a scented candle that is meant to smell like her vagina,1520187267427545091,copacabaaana
"Gwyneth Paltrow Tied The Knots In Style – Gwyneth Paltrow Wedding Pictures gwynethpaltrow
Took me a minute to get it together, but at long last, for those https://t.co/6LG4HfeIPb #gwynethpaltrow",1520186529678716929,palinterest
Welp Robert Pattinson has a NFT collection so everyone has to forgive Brie Larson and Gwyneth Paltrow because when someone as beloved as Robert does wrong anyone that did the same thing he did is now forgiven. They already making excuses for him now.,1520180785285939202,Da1qu1r1
Gwyneth Paltrow sucks lol,1520165891572334592,Traget_
gwyneth paltrow did not need to shlay so hard in glee did she,1520164444516593666,emocrumpet
"Meryl Streep Was Thrilled with Gwyneth Paltrow's Oven after It Rescued Her Thanksgiving Dinner
https://t.co/ZzaG6BOwz8",1520162343577178113,amomama_usa
"Gwyneth Paltrow had 4 movies in this tournament (and another 1998 movie that didn’t make the cut). If these results hold up, all 4 will be eliminated before the sweet 16. I haven’t done the research but I don’t think that’s happened before. https://t.co/9VHt0KHHdA",1520156134098755584,fatassets
IS IT GWYNETH PALTROW'S NOGGIN? https://t.co/uJIn1RmhV7,1520149997248991238,cheryl_marlin
Gwyneth Paltrow 🤝 The city of Liverpool https://t.co/EtlIwV3zQ3,1520144118760247296,Kieran_YNWA
*Making meaningful eye contact with Gwyneth Paltrow while her head is in my box.,1520113605156298753,DropDeadJud
you look like gwyneth paltrow on food stamps. and not in a good way.,1520098193010266113,fleabagstan1
chicest thing about me i was skiied over in a reverse gwyneth paltrow situation,1520096025700093953,therowcashmere
my prom dress inspiration is gwyneth paltrow at the 1999 oscars &lt;3,1520083645620445189,isarosettee
"Meghan Markle Wanted to Be the Next Gwyneth Paltrow Before Meeting Prince Harry
https://t.co/UCJ3JdJkYf

Download Now
https://t.co/VZlRCOtiiy",1520082008168411137,swisslookertwo
"People : Zendaya, Blake Lively, Gwyneth Paltrow, Anne Hathaway, Lana Del Rey et David Coverdale #Mac4Ever #iPhone #People https://t.co/o23dXyfG1X https://t.co/jtnzB9ABQu",1520074476473524224,mac4ever_rss
"People : Zendaya, Blake Lively, Gwyneth Paltrow, Anne Hathaway, Lana Del Rey et David Coverdale #Mac4Ever #iPhone #People https://t.co/NWnqmTdVHI https://t.co/HEMEVucObI",1520074473118044167,Mac4ever
Do you think it will outsell Gwyneth Paltrow’s candle? https://t.co/JG9HW0MpIr,1520071921521598465,davelz
Do you want to automatically post your MailOnline comments to your Facebook Timeline? https://t.co/LlBsjMePjP #Philosopher #Philosophy #Wisdom,1520064659512086530,Philosophy101__
"Turkish Daniel Radcliff, wannabe Gwyneth Paltrow, prepubescent Heath Ledger, and slightly tanned Saoirse Ronan https://t.co/laBuvQqM8r",1520060565774737408,osssssssan
need cameron diaz to become fully gwyneth paltrow-ified. i won't rest until she does a tv show hanging out with a psychic,1520048166938333184,discoscooby
#NowPlaying Glee &amp; Gwyneth Paltrow - Singing In The Rain - Umbrella https://t.co/oBBaLwbvsM #ListenLive,1520043076496105474,RadioWHATTwit
men do not even see the irony when they hate on gwyneth paltrow for making bad vibe repellent spray. babe………it’s working,1520041386787102721,theslicemelange
that mitski lyric when she says she wants to die in the bathtub cool and clean and that scene in the royal tenenbaums with gwyneth paltrow and her wooden finger smoking in the bathroom. two things i cannot forget,1520029251218468864,nathanforyou2
Gwyneth Paltrow acted like she knew what was going on for years. Show her some respect https://t.co/bzQX57Vh0s,1520029087519096835,irnbrujo
"LISTEN PLEASEEEEEEEEE!!!!!!!!!!

Babyface &amp; Gwyneth Paltrow - Just My Imagination (Running Aw https://t.co/7Ip6bL13uq via @YouTube",1520017750554513408,AKubovics
where's that video of Gwyneth Paltrow saying I laughed I cried etc etc,1520014918086537216,80srobyn_
#Pricing lessons from Gwyneth Paltrow and John Hannah from the movie Sliding Doors | https://t.co/yINUyBOzXY,1520010127218200577,PricingProphets
"Johnny Depp looking like a hot mess on ""family friendly"" daytime show Ellen. Gwyneth Paltrow talks about Depp getting to the set of Mordecai 6 hours late!! Another flop. A 47M box office on a 60M budget. Way to go, you liar drunk muthafuka. #IStandWithAmberHeard https://t.co/3bYtPDoT0B",1519994690958942208,tpwk_now
Gwyneth Paltrow #Reunites With Ex Chris Martin https://t.co/3OyeKSBrEE Paltrow Reunites With Ex Chris https://t.co/Kjqd2MofGh #chrismartin,1519967602142957568,palinterest
Just saw Gwyneth Paltrow take a bite out of her coochie scented candle in an Uber eats ad Gn,1519955749740290049,_Antho____
"In case you haven’t heard, the ’90s are back—and so are the leather blazers the era’s superstars like Cindy Crawford and Gwyneth Paltrow made cool. How to wear this sumptuous spring throwback with attitude.  https://t.co/7v52eHjDHS",1519942696240136194,LouiesMommyFL
"In case you haven’t heard, the ’90s are back—and so are the leather blazers the era’s superstars like Cindy Crawford and Gwyneth Paltrow made cool. How to wear this sumptuous spring throwback with attitude.  https://t.co/XX9kfF5aW1",1519939546393329676,MarkCruikshank
"In case you haven’t heard, the ’90s are back—and so are the leather blazers the era’s superstars like Cindy Crawford and Gwyneth Paltrow made cool. How to wear this sumptuous spring throwback with attitude.  https://t.co/m70Wi8gyD3",1519937958807224320,hrhea69
Gwyneth Paltrow Divorce: What Is Concious Uncoupling and What is the 5-Step Process? https://t.co/g0NwtPPk9w,1519904072886734849,DIVINEMAKEOVER
"Just when I thought the Uber Eats commercials couldn't get any worse...They have one w Gwyneth Paltrow taking a bite out of one if her vagina candles &amp; going ""hm"" &amp; looking pleasantly surprised 🤢",1519902349531258880,CookiesNCyanide
"In Praise of 90s Gwyneth Paltrow

https://t.co/cASjDeIXol",1519889391967215616,vaguevisages
Cruisin - Huey Lewis &amp; Gwyneth Paltrow (with lyrics) https://t.co/KS4l0vS4gO via @YouTube,1519881282049691648,jillsevenoaks
Did y’all see the new @UberEats commercial??? They got Gwyneth Paltrow eating a candle… I love it!,1519862989339430913,Whit0517
When @brandy_oa worked at a job that gave her $500/mo on a prepaid card and she bought me Gwyneth Paltrow’s pussy juice sunscreen &gt;&gt;&gt;,1519856415124250624,ritzyveins
"SPOILER: it's just Gwyneth Paltrow's vagina candle.

https://t.co/tQr0Ga1sGU",1519848440246661120,MensHumor
The fact that this is in Gwyneth Paltrow’s IMDB trivia… WHAT https://t.co/322bTz6uOi,1519845552388820994,lyssiefikse
It's Gwyneth Paltrow (without face-tuning). https://t.co/jUNATg5Hik,1519837870671876097,TappySF
"#Derksen #VandaagInside #CancelCulture
""Gwyneth Paltrow Is Selling A Candle That Smells Like Her Vagina |"" https://t.co/HZOcOLY7Mf",1519819622136139776,RadioDallas
Gwyneth Paltrow at it AGAIN https://t.co/5AkGhLotNy,1519814465134514178,frabel_a
gwyneth paltrow might technically be a terrible person i think but she’s also mommy and i kinda love her also she speaks spanish fluently so plus 10 points,1519808197250461697,iheartsounding
"Gwyneth Paltrow successfully avoided Brucella canis brucellosis by taking  30 doses of Fomepizole every week

#badmedicaladvice",1519792580979937280,Patrici14661597
They autotuned Gwyneth Paltrow to fuck in glee Jesus Christ,1519788979507372033,_scarlettfever
"Doesn’t Maya look like Gwyneth Paltrow?

#SellingSunset https://t.co/kVWwopdNYz",1519768666962862081,MAFSLessons
Whenever Gwyneth Paltrow loves me is when I will do self care,1519764294958608385,Penny03336931
GWYNETH PALTROW HAS 8M FOLLOWERS ON INSTAGRAM https://t.co/mNFRIIq44u,1519759504958795776,paulsonpotts42
Amber Heard would have clearly made that 100 MIL if she just made her kitty into a candle like Gwyneth Paltrow cuz girls got some sorcery or something up there.,1519756225772023808,itsjust_gab
"#DEFI more star power to crypto as Justin Bieber, Gwyneth Paltrow invest in crypto startup MoonPay https://t.co/JTRrwP8Qy5",1519755955071819776,hulda_robin
"I think I watch LOST IN TRANSLATION a little too much😅 so tonight I'm gonna go with something I haven't seen in a while, SLIDING DOORS. Gwyneth Paltrow was great in this one. This is up there with SERENDIPITY for me. https://t.co/JkdyC7WAXm",1519755115749588992,Samm_Tembo
Bey &amp; Gwyneth Paltrow locked in as fuck,1519754980722233344,heartbamboos
Did Gwyneth Paltrow's Netflix Show Change U.K. Censorship Laws? $NFLX https://t.co/1zHj4fuU96,1519753950739800066,newsfilterio
Gwyneth Paltrow on why Royal Tenenbaum vehemently opposes North Carolina's Bathroom Bill,1519749541813125120,fictionopinion
"En ce moment sur » https://t.co/gu6mVYRnjV #NowPlaying ♪ Gwyneth Paltrow - Shake That Thing (From ""Country Strong"", 2010) #FilmMusic #Soundtrack #DABplus • App Apple » https://t.co/NxT52rBYcS • App Android » https://t.co/4wnoCuLWK2 https://t.co/0EUgV0LgNF",1519744772776333312,Cinemusic_Radio
"Tom, you don't get to pull a Gwyneth Paltrow here and not know what movies you're in. We all remember SD ComicCon 2013. https://t.co/GTPRWJcWzJ",1519729491110772744,WantYourHex
Excellent. I see my Gwyneth Paltrow Head in a box arrived. https://t.co/6v3ljSTsOe,1519712657141551108,Grinderwoman
"Happy Thursday everyone! On this day in 2017 Gwyneth Paltrow launched the totally relatable Goop - ""a modern lifestyle brand"". 🙃

I hope everyone is having an amazing week! 💙 https://t.co/0Q5hbui8QK",1519698761756332035,BrownSuddenly
"A specific gourmet cracker made in #Buffalo is described by #GwynethPaltrow as ""pretty much everything.""
Story on a celebrity who loves @Top_Seedz handmade products.

""Gwyneth Paltrow 'can't live without' crackers made in Upstate NY""
https://t.co/gYMB4XR1D1
via @newyorkupstate",1519681981583351812,MeyersMusings
"Hypocritical to the enth degree, @goop Gwyneth Paltrow!!! You are busted‼️ https://t.co/XiIzF6QffX",1519681931197231104,CaroleGilman
holy shit gwyneth paltrow was in doctor who??? https://t.co/k1Nx0FXyn2,1519678700366745601,enotonik
Series two of @DYWMpodcast is back with Sliding Doors or: Gwyneth Paltrow in the Multiverse of Ladness. Excellent episode in which our hosts discuss the Goop founder's battles against the Loaded generation's archetype males: the cheat and the pest https://t.co/FbRCGbFmRK,1519661038689521667,Al_Joe_K
"gwyneth paltrow is at my school, omg 😭",1519655848544460802,hoecumslut
Retro Post: Gwyneth Paltrow wears Annoushka One of a Kind earrings https://t.co/eunmWBy4t4,1519655183504052225,frostmag
"He's not doing an Andrew Garfield, he's doing a Gwyneth Paltrow. Bless him. https://t.co/Y4Ey9GAdMB",1519636258636640256,masytec11
"April 28, 2017 Gwyneth Paltrow brand Goop and Condé Nast announce they will be launching a quarterly publication together #Today #OnThisDate #People #Event #PR https://t.co/g0u5hLQQa2",1519627187871047680,AmirAlhaj_ph
"Add your unpopular opinions to the form:

Maybe you have strong opinions on Gwyneth Paltrow?

https://t.co/jM15jNC318",1519621207930380288,anon_opin
This is where Gwyneth Paltrow went wrong. https://t.co/wc7sqJFna4,1519616167312334849,jester_mouse
"Throwback,

Gwyneth Paltrow &amp; Jennifer Connelly at the Bent On Learning charity night in NYC on February26th, 2009. https://t.co/cuV9tZ2owf",1519597068188368897,DailyJenco
currently putting on my sunscreen like gwyneth paltrow,1519586449636663296,boujeeasshoe
"As your mentor I’m not going to sugar-coat it (I know how you feel about sugar). And you can stuff all the jade eggs you like inside your vagina, it is unlikely to help. https://t.co/GQHFtKDYCK",1519551750461554688,NZStuffEnt
like gwyneth paltrow is that girl on tiktoks worst enemy tom cruise is mine he knows what he did,1519547668837670912,blorbhov
Gwyneth Paltrow speaks perfect Spanish… wtf 🤯,1519542024768147456,ErikOchoa
"I wouldn’t wish that upon my worst enemy, unless we are talking about my ENEMY Gwyneth Paltrow. Fuck you Gwyneth Paltrow, you know what you did.",1519532726298238976,amusingballs
Now playing: Cruisin by Huey Lewis &amp; Gwyneth Paltrow #nowplaying Listen live: https://t.co/DswV8KZOAD https://t.co/Vs5gANUQSe,1519520502662197248,mixfm_now
In which I audition to become Gwyneth Paltrow's menopause mentor https://t.co/SVpWllmcuw,1519515964701872128,nickypellegrino
when is Gwyneth Paltrow's lecture? I need to make sure I don't forget my teacher.,1519515699604955136,FinnVonFritter
"Classic Minute •  IM2115: Fury’s Big Week Gwyneth Paltrow’s picture wrap with some terrible matte work. We dip into Meanwhile in the MCU to find out where everyone is. Turns out, this was a REALLY BUSY WEEK. https://t.co/T1hlfHMD7f",1519514653356924928,MinuteMarvel
「COUNTRY STRONG」 GWYNETH PALTROW 10:59 https://t.co/JcAvnvFQGA,1519496802407309313,jwave
"I've started playing #ARKSurvivalEvolved on stream and I never knew I wanted to name a Dodo bird Gwyneth Paltrow until this day

I'm LIVE m-f on Twitch! Click here to follow me everywhere - https://t.co/yFYxTrYWxL

#ark #dinosaurs #twitch #supportsmallstreamers #funny #hype https://t.co/bSQm9kfh8X",1519490958982791170,StoneDogENT
old coldplay is good but how many of these songs are about gwyneth paltrow,1519487876756647937,applepiepax
Why does Gwyneth Paltrow keep wanking me up the ass,1519487440016207873,Penny03336931
But seriously anytime you ask me what’s in the box I’m going to answer “Gwyneth Paltrow’s head.”,1519480850865348608,DarthHouston
"Gwyneth Paltrow could be the poster child for armchair activism, but for that whole 'Woke is Fascism' thing.",1519476145732743168,posterchildfor
Gwyneth Paltrow needs a menopause mentor. It could be me. https://t.co/In2F5eZP25,1519475672208580608,jaunnewsusa
"Justin Bieber, Gwyneth Paltrow and Ashton Kutcher are among dozens of celebrity investors piling into crypto startup MoonPay - via @pensignal  https://t.co/jZpzYkTjZF",1519474423341928449,LincolnWDaniel
I think I’ve tweet this once (twice? three times?) before… but as crazy as Gwyneth Paltrow’s ideas (and candles) are.. as a fellow GP I am gooped UP,1519464312540172288,graceputney
Third world Gwyneth Paltrow omg 🥲,1519460535233830916,craaae
That era Gwyneth Paltrow was fun. I hope she’s got a few more of these left in the tank https://t.co/OCt9gFHeG6,1519458415910670336,stu_watches
Gwyneth Paltrow Revealed How Much She Drinks in a Week and No One Is Surprised https://t.co/CuAhVsWJcI #rtplease #recipes https://t.co/6ryZA6b62L,1519454066371436544,aziendabiologic
"From Ben Affleck and Gwyneth Paltrow to Justin and Hailey Bieber, you may bump into a few celebrities at these restaurants, wineries and hotels.  https://t.co/IO9SftJn0A",1519451506109562907,sonomamag
Gwyneth Paltrow Funds Preservation of Ancestors’ Jewish Cemetery in Poland | United with Israel https://t.co/HxmqesyIgI,1519451434307227648,ani_bencohen
"still don’t know what wordle is, I feel like gwyneth paltrow: free",1519448353381232643,sinntsn
"When Gwyneth Paltrow said she made a new candle. 

 https://t.co/YHju622nS0",1519422489063043072,ZanzibarMufasa
"Catherine Deneuve,
Meryl Streep,Nicole Kidman,
Gwyneth Paltrow. https://t.co/VZWYVf62cD",1519417248829607936,_marilenaki
Nicole Kidman and Gwyneth Paltrow were supposed to play the role of Jane Smith before the role went to Angelina Jolie??????? Thank God Angelina took up the role 😩,1519414160840404995,sammie5_me
"The Royal Tenenbaums, directed by Wes Anderson (2001). ✨Margot Tenenbaum´s style, played by the one and only Gwyneth Paltrow✨
#GwynethPaltrow #MargotTenenbaum #WesAnderson #TheRoyalTenenbaums #fashion #inspiration #fashioninspo https://t.co/QvPkxB6aFr",1519411028928483334,GallianaLa
"Gwyneth Paltrow kind of sucks, but seeing how this is being reported versus the ""lol Gwyneth Paltrow is so fucking stupid, how could she not know the one day of shooting she did with RDJ and Tom was for a Spider-Man movie"" rhetoric feels really sexist in hindsight https://t.co/JUSRKmxeSZ",1519407142503170050,JasonEAlt
GWYNETH PALTROW I AM BEGGING YOU TO POST A PICTURE OF YOUR HUSBAND WE MISS HIM,1519398925794525184,georginahobart
I shouldn't have a hard time finding Apple the iPhone maker on Mastodon vs Apple the kid Coldplay had with Gwyneth Paltrow.,1519396330153598976,ChrisBarnesInfo
"Brad Falchuk takes his shirt off

Gwyneth Paltrow: https://t.co/gqXEc0wigi",1519389616935211016,paltrowrafferty
"Miss having Gwyneth Paltrow as my boss, life was much simpler",1519384769481654272,nataliarodds
Gwyneth Paltrow’s head is in the box https://t.co/BSRxfNxYZn,1519378776978821124,r_keith_
This aged perfectly https://t.co/XtkEIRmKSP,1519369672998666242,BennyMoonen
Who made Gwyneth Paltrow’s gold jewelry? https://t.co/qF69aLuJjU,1519366999419273218,outfitid
I love you gwyneth paltrow https://t.co/XaRxp6TMAJ,1519359700562853888,yeehaaal
Gwyneth Paltrow candles are killing the bees.,1519359444131336192,DrPhilDirt
"Mary McDonnell, Malta, 2013. Gwyneth Paltrow https://t.co/Ka5lHb4af7",1519354646665568257,davidclarkphel1
gwyneth paltrow i laughed i cried a number of times i sweat i danced i got a shot i ate and i had many epiphanys https://t.co/zZUZNU0lYt,1519343494095151104,xjinvids
"Are Beyoncé and Gwyneth Paltrow still BFFs?

I'd like to know.",1519343327954542595,kaomi_k
"#OTD April 26 2010 in #FilmHistory #IronMan 2 directed by Jon Favreau starring Robert Downey Jr. and Gwyneth Paltrow, premiered in Los Angeles  #IronMan2 #IronMan #MarvelComics #Marvel #ComicBooks #ComicBookCharacters https://t.co/rCJlj5Otei https://t.co/w3YqAqjxSe",1519323598682472450,CFLCoinClub
Damn this third world Gwyneth Paltrow needs to chill…. 👀😂,1519322339158028289,MikaelTorrefiel
Glee Cast - Landslide (Feat. Gwyneth Paltrow),1519310989472284672,TrysReddick
"Kyrie is a great player when he tries, but he is also a Gwyneth Paltrow of basketball.",1519310979812712449,MavsBurner
Third world Gwyneth Paltrow 💀💀💀 https://t.co/LKg2sQHkVq,1519305076858232834,JoreenSoller
"Well that would be one way of winkling out the front bencher during question time… 

@Conservatives @UKParliament 

Yeah do it live… Great tv… Really spice things up! 

Never Have I Ever with Johnny Depp, Gwyneth Paltrow and Paul Bettany https://t.co/aciKpyO7FG",1519304322781175809,Mr_Mark_Finney
"The @GwynethPaltrow brand Goop will be taking to the high seas this autumn, w/ a “restorative” #cruise thru the #Mediterranean featuring wellness programming. “[I]t’s very cleansing to be near the sea or in the sea,” GP says. | @EveningStandard https://t.co/Jwpd5zIQar https://t.co/4yK0y2AT6e",1519298830780575746,DisplacedNation
"Same, Gwyneth. Same. 
Paltrow details her perimenopause symptoms and Paleo diet https://t.co/bWM4tsOqbK via @Femail",1519297841700687873,bocagal
third world gwyneth paltrow 😭 https://t.co/0fvupnrQa2,1519273938395680769,seaofparadise
Bootleg Gwyneth Paltrow. Disrespect kay Pepper Potts https://t.co/GiQWg45WIm,1519267910224871425,_YaboiKai
Gwyneth Paltrow Gets Ready for The Holidays In The New December G.Label https://t.co/WD9kbZqoY8 via @YouTube,1519243286552223745,IstvanSchaffer
"Gwyneth Paltrow, 47, wears nothing but bikini bottoms in steamy sauna photo https://t.co/p6yrg4l2jE #gwynethpaltrow",1519235286475034624,palinterest
do you think Gwyneth Paltrow knows grief?,1519223076105318400,PoetryGrief
Gwyneth Paltrow reveals why her daughter is named Apple https://t.co/geQqYPPuMS,1519222038266662912,guwahatitimes6
"Excerpt: ""OK! magazine reports Garner has hardly any famous girlfriends, &amp; that Reese Witherspoon, Gwyneth Paltrow, Cameron Diaz &amp; Chelsea Handler, in particular, aren't fond of her""
[Hoping Jen reads &amp; do consider legal actions!
THEY call MY girl ""Shady""]
https://t.co/TTjkuX7jW6",1519212245368115201,Michell92487367
"""Third world Gwyneth Paltrow"" 🤣🤣🤣",1519209692429680641,stellarbizarre
Gwyneth Paltrow must become the poster child for blaming the parents.,1519204312228188160,posterchildfor
I can't wait until Gwyneth Paltrow and Elmo get married! Their birthday is going to be so good!,1519203586990764032,FinnVonFritter
lea michele is up there with charlie puth and gwyneth paltrow — everything i learn ab them i learn against my will https://t.co/vhIbPhz9TG,1519195013673930752,bIindspotted
"There's toxicity in Wellness Culture? Oh well...
https://t.co/n54J7DX5Ol https://t.co/tm8ekINx7Q",1519194667396616192,MissSoot
my trainer served coffee to gwyneth paltrow,1519185123941523457,unholytrey
"Never Have I Ever with Johnny Depp, Gwyneth Paltrow and Paul Bettany https://t.co/eRY2HyGZEh via @YouTube #JusticeForJohhnyDepp",1519182851698315265,MelindaAli73
"Gwyneth Paltrow kids traumatized by lock screen photo of shirtless husband.
https://t.co/lhlDpxWpiu",1519171991307112448,MelissaJarquinM
"While #Ivanka has carefully cultivated a public image of being the Gwyneth Paltrow of the #Trump Crime Family, she’s really just a carbon copy of her father with a better hair and makeup person on her staff.

Continue reading at https://t.co/dt39G7QKKY | 10z viral",1519161924537225216,periclesukraine
"While #IvankaTrump has carefully cultivated a public image of being the Gwyneth Paltrow of the Trump Crime Family, she’s really just a carbon copy of her father with a better hair and makeup person on her staff.

Continue reading at https://t.co/pFw2LdoObr | 10z viral",1519161726003986440,rybanova171195
The best way to mend a broken heart is time and girlfriends. ~Gwyneth Paltrow,1519160160475824130,RickLondonGreen
obsessed with gwyneth paltrow as a concept like she's so made of White cork,1519157521466130433,hyejoo000388
I'll be back streaming as soon as I get my voice back because I currently sound like Gwyneth Paltrow swallowed Thanos.,1519148472015986689,mathundir
"Ugh, there’s no way that Gwyneth Paltrow vijaya candle has that effect https://t.co/sDgjv7YcQA",1519122069530763267,VoxMerus
"Hilarious comments!
""While many woman prepare for menopause with their girlfriends and support network around them, Gwyneth Paltrow has called in the experts""
https://t.co/hjPm15RwKC",1519118064331423744,maz_righthand
"I wouldn’t wish that upon my worst enemy. 
UNLESS that enemy was Gwyneth Paltrow. 
Fuck you Gwyneth Paltrow, 
you know what you did",1519117896768798720,MEEK_ndhumble
i think i minted gwyneth paltrow https://t.co/JuAYxIbM8W,1519105469289316352,snekbas
"MoonPay's strategic investors include Ashton Kutcher, Gwyneth Paltrow, Justin Bieber, and Snoop Dogg, raising the company's valuation to $3.4 billion.

MoonPay announced a $555 million Series A fundraising round in November 2021, valuing the crypto payment network at $3.4 bil ... https://t.co/kk2ziW2aV5",1519099042592133121,NewStandardUK
"Tucker Carlson becoming a Gwyneth Paltrow for MAGA bros would not be great for public health. But society would benefit greatly from Carlson having less time to spew toxic political rhetoric. @_NYMarg writes

https://t.co/BxBwc4HUJs",1519093223817465856,br00t4c
"A: The only solvent I am willing to dissolve my protein powder in is fresh human colostrum
B: The world will collapse if @joerogan or @GwynethPaltrow discover colostrum
A: They probably already have, Gwyneth Paltrow has children and Joe Rogan is obviously abusing GH",1519089002489524224,IbsenGangQuotes
Pretty sure Gwyneth Paltrow’s vagina candles are to be blame for everything that is wrong,1519087381831372802,bringsnacks__
do we think Gwyneth Paltrow remembers she did Glee?,1519068467063779328,SRG_98
how could i forget that gwyneth paltrow was in glee,1519066214970146816,youngclover_
Tranne Gwyneth Paltrow chiaramente https://t.co/Buk6OrrEQo,1519063272456077320,areyouthepolice
Gwyneth Paltrow the woman that you are &lt;3,1519047377314889729,rachelwhitmoyer
Algorithmic justice sounds like something Gwyneth Paltrow workshopped at a Goop all-hands. https://t.co/xdx3NhDppL,1519044355054465024,kashworthdesign
New post from TheRetroBunny: Gwyneth Paltrow Is Planning To Break Her Family’s Mother’s Day Tradition https://t.co/HtT5shSw6u,1519043665846583297,TheRetroBunny
Would you rather offer Jessica Stroup or trip Gwyneth Paltrow,1519040191469477889,wudurater
"editor/agent PSA: i've started using speechify to get through submissions &amp; it is a GAME CHANGER especially bc i use the gwyneth paltrow voice &amp; pretend like we are in a YA book club together 

highly recommend if you're feeling the screen fatigue like i am!",1519035079569379334,reebsthereader
"Matt Damon, Jude Law y Gwyneth Paltrow. El talento de Mr. Ripley (Anthony Minghella,1999)
#eltalentodemrripley #patriciahighsmith #mattdamon #judelaw #gwynethpaltrow #Película #anthonyminghella #Recuerdo https://t.co/sDE95fJdj9",1519027815198433283,ClaudiVelasco
"celebrities I consistently confuse and confused for one another, a thread
-kelly Clarkson and carrie underwood
-gwyneth Paltrow and Gwen Stefani",1519020385286574080,scorslight
why did gwyneth paltrow include a vibrator in the mother’s day gift guide,1519010108772163585,crsnlolhaha
I’m a Gwyneth Paltrow stan sorry she’s so camp fuck you,1519003443985367042,hoIysanrio
Audrey Hepburn irritates me in the same way Gwyneth Paltrow does,1519002868224872451,bread_horn
"Never forget, the GOP is just one “O” from being eaten alive by Gwyneth Paltrow. 

Now it’s all starting to make sense…",1519000062575009793,Michoacan2Cali
"April 26, 2010 ""Iron Man 2"", directed by Jon Favreau, starring Robert Downey Jr. and Gwyneth Paltrow, premieres in Los Angeles #Today #OnThisDate #IronMan2 #People #Event #PR https://t.co/sY8Dw6zmEO",1518993694526824448,AmirAlhaj_ph
"Polish town remembers its Jewish community https://t.co/Z6JpkO5cWx The idea for the plaque, which came from the Foundation for the Preservation of Jewish Heritage in Poland, has been given financial support by Oscar-winning American actress, Gwyneth Paltrow,",1518988888139780098,McnabbTeddy
"And the MCU Thread Phase 2 begins now, with 2010's Iron Man 2, starring Robert Downey Jr, Scarlett Johansson, Mickey Rourke, Don Cheadle and Gwyneth Paltrow, directed by John Jon Favreau

1/",1518982693169639425,Dante_The_K9
"MoonPay, the company that lets consumers pay for digital assets with credit cards, has raised $86.7 million from celebrities, including Justin Bieber, Jason Derulo, Bruce Willis, Paris Hilton, Gwyneth Paltrow, and Matthew McConaughey #nft #nftcommunity #nftnews #crypto https://t.co/bMLFCe5uoA",1518981980989263872,nfthoos
The Happy Pear are what you'd get if you crossed Ross OCK and Gwyneth Paltrow. Doses.,1518958251831967749,maryenthuses
"Are you a fan of Gwyenth Paltrow?
https://t.co/bAZLSHk8gU",1518953094746361858,MamasUncutQA
just saw gwyneth paltrow 2 blocks from my apartment on my walk to class huhhhu it’s too early for this,1518952463402946562,boyleingtea
everyone should get into listening to the podcast on spotify bc i’ve finally figured out how to legally keep in our music so if you’re a paying spotify user you’ll get the songs still xxxxxxx (everyone get ready for landslide - glee cast (ft. gwyneth paltrow) this week),1518950955731263489,BudithButler
wait why am i just finding out that gwyneth paltrow and steve carell are related ?????,1518950009328349187,zoellastoes
“Work ethic is everything.” — Gwyneth Paltrow https://t.co/IylJklSiql,1518908009296056326,qc
A fast-growing crypto community wants to ensure women don’t miss out on a $100 trillion opportunity. Stars like Mila Kunis and Gwyneth Paltrow are already members. https://t.co/9bHzRGA7QX,1518908003461779456,EllevateNtwk
"In February,  Justin Bieber got  a #BAYC for $470,000 (roughly Rs. 3.5 crore). Paris Hilton, Jimmy Fallon, and Gwyneth Paltrow also hold BAYC #NFTs.

#baycHack #NFTCommunity #meta #web3",1518895824545144836,AyodejiAlo1
#GwynethPaltrow Reveals Why She Named Her Daughter 'Apple' https://t.co/0R9x16UT9z,1518892827320668161,thirstyfornews
"chris martin, the ex husband of gwyneth paltrow and current boyfriend of dakota johnson.. the true nepo lover king i respect his hustle so much",1518888964643450880,millaviche
"Gwyneth Paltrow reveals why her daughter is named Apple - The Madras Tribune 
#MadrasTribune #News #BreakingNews
https://t.co/J4SVvZUnb8 https://t.co/ufbYJlDQr7",1518859664355921920,MadrasTribune
Gwyneth Paltrow reveals why her daughter is named Apple https://t.co/CpT9H3HYpp,1518854228286091264,anand_market
"Lea michele slowly turning to be the new gwyneth paltrow, everything i am knowing about her so far has been against my will. https://t.co/jhhzM7weGU",1518836342339239941,MILFfish
If I'm not dressed like Gwyneth Paltrow in the Talented Mr. Ripley when I'm on holiday then what's the fucking point?,1518836019898036227,biquetteuh
Gwyneth Paltrow about to sue 💀 https://t.co/697aksSWPP,1518819011726913536,jjesse23
"Tucker Carlson becoming a Gwyneth Paltrow for MAGA bros would not be great for public health. But society would benefit greatly from Carlson having less time to spew toxic political rhetoric. @_NYMarg writes

https://t.co/cZCOu4jDD6",1518816563641606145,br00t4c
"When I rub my peppermint rosemary oil into my scalp, I KNOW this is what Gwyneth paltrow feels like at her goop factory. Fresh, luxurious, healing... It's all here",1518806322271109120,Woogily2
Icarly making a reference of Brad Pitt and Gwyneth Paltrow on se7en 😭,1518801086953721856,pinkhairpool
"Gwyneth Paltrow Reveals Who First Suggested Her Daughter's Name, Apple https://t.co/vl7gV2uxHX via @PureWow /",1518796770960199681,GinaLawriw
I wanna study at Gwyneth Paltrow elementary school,1518792808999493633,asianthemeparty
"Is it better not to drink alcohol and eat fried food and not have cheese and never have a cigarette at a party? Of course, but that's just not life.
Gwyneth Paltrow",1518788986390544384,SarcasmLiving
"Cucker's testical tanning is to men what Gwyneth Paltrow's vaginal jade eggs are to women. 
Products that two grifters are profitably promoting. https://t.co/XBEKStwc3d",1518787368291078148,deBeauxOs1
See Gwyneth Paltrow’s House Tour in Architectural Digest https://t.co/2mj9Wci8Vr,1518782490953109505,upsmagcom
"Gwyneth Paltrow owns a FlowerGirlsNFT 
Checkout our Celebrity NFT Tracker™ now to find what NFTs other celebrities hold https://t.co/MpQJxQyFSW

@FlowerGirlsNFT #FlowerGirlsNFT #NFTCommunity #NFT https://t.co/2Z5OOxHeha",1518753012730273797,nftartpedia
"Tucker Carlson becoming the Gwyneth Paltrow of the MAGA set would not be great for public health. But society would benefit greatly from Carlson having less time to spew toxic political rhetoric. @_NYMarg writes

https://t.co/x70GuQwyDd",1518744602693578752,br00t4c
"I had wild-caught fish and fresh brussel sprouts for dinner so basically I’m Gwyneth Paltrow now; from now on you may call me Gwyn, Gwynnie, or Pal (BFFs only)",1518741059647516672,Mandy_Ball
this gives me the same vibes gwyneth paltrow gives me with everything i hear about her https://t.co/gv7ktOV1bu,1518732407939207168,1987ALEC
Gwyneth paltrow and her vagina extracted under eye masks https://t.co/PrCxtOeBN7,1518722294159450112,lilqombila
THATS EMMA AND GWYNETH PALTROW WHAT THE FUCK MXHWWNSGKABKSJJS https://t.co/S3mGu0JJEr,1518721740435869697,lovedbyem
made broccoli &amp; salmon for dinner so I’m basically gwyneth paltrow now I think,1518710713946193920,dellapomme
Gwyneth Paltrow reveals why she and Chris Martin named their daughter Apple https://t.co/J1C0COLO2J,1518705856493371396,adabagcompany
Life Style Big News : Gwyneth Paltrow Explains How to Yawn Correctly  #lifestylebignews https://t.co/n54Yu6C8Lm,1518705416850624515,kalpak_savaliya
Iron man 2 Star gwyneth Paltrow ran over 90 year old man skiing https://t.co/E8IF10YU7L,1518704008373981188,nerdjpg
Remember this feud? https://t.co/YRFZWsaRfY,1518696540994514948,BestLifeOnline
"Emma Chamberlain, Gwyneth Paltrow, Dakota Johnson, Apple Martin at Derek Blasberg's 40th birthday party a day  or two ago: https://t.co/2nZZplZj9s",1518672441974792193,car_emmas
Women put a porous fucking stone in their vagina that didn’t even work correctly for kegel exercise because Gwyneth Paltrow told them to. And then she told them to buy NFTs. That bitch really don’t care about women at all.,1518669550409043968,gettingcomputey
Guys I’ve lost my AirPods named Gwyneth Paltrow. If you see her let a girl know. 😭,1518664084161536000,swagzelle
*fuck you Gwyneth Paltrow you know what you did audio* https://t.co/hZ46rfiAvK,1518663385168195586,_jjunies
Gwyneth Paltrow Explains Why She And Chris Martin Chose The Name ‘Apple’ https://t.co/WKXQzp1JJH,1518660683709222913,nazmulmarketer1
She's the new Gwyneth Paltrow: sharing everything we don't want to know about her https://t.co/FKoDzF1IGY,1518655246616121344,mystiquehawk
"Tucker Carlson becoming the Gwyneth Paltrow of the MAGA set would not be great for public health. But society would benefit greatly from Carlson having less time to spew toxic political rhetoric. @_NYMarg writes

https://t.co/XdCCqWhCIN",1518652961953656834,br00t4c
Gwyneth Paltrow Explains Why She And Chris Martin Chose The Name ‘Apple’ https://t.co/7b7Z0sHpNZ,1518651557461569537,ParentingHeaven
it's like Gwyneth Paltrow cracking eggs on corrupt politicians' heads,1518644249515859968,PoetryGrief
Just hating on a bloke for manspreading on the train but then he offered me his paper cos I was squinting at a headline about Gwyneth Paltrow so now I feel bad.,1518638486538137602,muninnherself
Plot twist: the Death Star candle smells like Gwyneth Paltrow's vagina https://t.co/CnnNJ8D9Ys,1518633016641441793,MsLizzieHill
mentalmente soy gwyneth paltrow fr https://t.co/igY50JKKzk,1518622174491389962,nem3s1s
The tik tok sound about gwyneth paltrow but it’s amber heard,1518618074588536833,eeveelite
Gwyneth Paltrow Reveals Chris Martin 'Came Up' with Their Daughter's Name Apple https://t.co/LzrafKheWH via @YahooEnt Hopefully it WILL fall far from the tree..,1518614812615315461,st6eve_loe1240
"Gwyneth Paltrow, Cameron Diaz and Drew Barrymore invest in Evernow, a startup that guides women through menopause https://t.co/IIhkjJ5hCx",1518607793560993793,fredhermelin
Gwyneth Paltrow will recruit a 'mentor' to help her with the menopause https://t.co/Cd02vnSo16 via @DailyMailCeleb,1518601173032390661,GinaLawriw
Greeks are my gwyneth paltrow fr i will forever have beef w them https://t.co/WOEJPBosQo,1518599347440603138,mooncount
Gwyneth Paltrow Recalls How She and Chris Martin Decided to Name Their Daughter Apple https://t.co/1MNtDlthHe #Gossip,1518591943432933376,15MinuteNewsEnt
gwyneth paltrow insane for singing “hey hey you you I don’t like your girlfriend”,1518585783845801988,huzz_uh
"GODDD IM CRYINGGGG 2015 johnny at the ellen show w paul bettany and Gwyneth Paltrow ""never have i every sexted"" AND THEN THE TEXT MESSAGES (""i have other uses for ur throat that dont include injury"") ARE FROM 2013 https://t.co/gbysulijp4",1518581092089057280,favdpp
So I don't think Gwyneth Paltrow is a bad or malicious. I think she's a new age idiot born and raised in privilege and views the world through bubble of stupidity and privilege.,1518571547258200065,Bee_Not_Bee
Gwyneth Paltrow must become the poster child for perpetually empty biscuit tins.,1518570195568119811,posterchildfor
"I was just thinking as I read this @DrJenGunter that you and I are likely to be right at the top of her list for ""mentor"" don't you think?  LOL

https://t.co/85gnuLsifi",1518570053859483649,amandathebex
"For just $5,000 you to can take a nine-day cruise around the Med with Gwyneth Paltrow's lifestyle brand goop and Celebrity Cruises ..
https://t.co/8HmC2rkGJx

#celebritycruises #goop #GwynethPaltrow #luxurycruises #luxurytravel #celebrity",1518559845745672192,BillionsPortal
"Are we really surprised that members of the so-called high society are the actual dregs of the country?

Cat Arambulok really thinks she's doing something. A decade ago, sumisinghot lang 'yan ng cocaine sa Embassy. Ngayon, feeling-Third World Gwyneth Paltrow na sa Tiktok. https://t.co/mMVZV977tQ",1518553872926900225,Watdahel_MarceI
Gwyneth Paltrow 'can't imagine' her daughter having another name https://t.co/UkjVgOGg6z,1518547778837770240,Celeb_News_UK
Gwyneth Paltrow Reveals Chris Martin 'Came Up' with Their Daughter's Name Apple - PEOPLE https://t.co/Q6JesojLQe,1518544386585513985,Sierracrazyahh
Gwyneth Paltrow gardening tips https://t.co/DDDWLSNWYv,1518543693845835776,HarrisonSmith85
Gwyneth Paltrow finally explains the meaning behind her daughter’s unusual name https://t.co/L52ZWDGU85 https://t.co/kANG6tShu5,1518538832404176897,MummyPagesUK
Gwyneth Paltrow sets the record straight on daughter Apple’s unique name https://t.co/2CKdnnCOpV https://t.co/wIGd2gU3Bl,1518538767660994560,ShemazingIE
Gwyneth Paltrow 'can't imagine' her daughter having another name: Gwyneth Paltrow cant imagine her daughter being called anything other than Apple. https://t.co/lrvVxeKP5z,1518537317039804416,love_runet
Sick of hearing about Gwyneth Paltrow. If it ain't her cunt it's her pissing ovaries. #ThisMorning,1518530922177519616,SlapstickSally
Gwyneth Paltrow 1990s https://t.co/g47B2eXb8H,1518527416196808704,cherrycolababy3
Gwyneth Paltrow ‘can’t imagine’ her daughter having another name https://t.co/O6JnNWcdX5,1518518853482987523,TheSahuNews
"https://t.co/0U7EEirJPW via @GoogleNews #hockey #NHL
#GuyLafleur #GoHabsGo Bruins
#Basketball
#NBA
#Suns at #Pelicans
#SellingSunset #BrandonIngram
#Korean #music #WithYou #JiminOSTOutToday #Trending #NFT #NFTCommunity #NFTGiveaway #NFTGiveaways #NFTdrop",1518506241621774337,Spooky1987Derek
I've had a very interesting career. I get to do amazing things and work with amazing people and travel and learn languages - things most people don't get the opportunity to do. - Gwyneth Paltrow #QotD #QuoteOfTheDay,1518500524596862977,InternetFount
Gwyneth Paltrow Reveals Chris Martin 'Came Up' with the Name Apple | https://t.co/cryw40uKwt https://t.co/dnNMBexhGp SPOILED BRAT.,1518497723762237440,ByronRu21077815
Gwyneth Paltrow is set to enlist a ‘mentor’ to help her navigate the menopause https://t.co/3yxidrOQyW,1518496781906202625,loppugly
Gwyneth Paltrow is set to enlist a 'mentor' to help her navigate the menopause https://t.co/gElFiwfjc7,1518496693662146561,bouncenationke
Gwyneth Paltrow is ready to recruit a ‘mentor’ to help her navigate menopause https://t.co/4TOpH6sZpZ,1518495341812740096,ny_breaking
Gwyneth Paltrow enlists ‘expert help’ as she prepares for menopause https://t.co/wekOVTxc3D,1518493281642065921,MSN_Singapore
Gwyneth Paltrow Recalls How She and Chris Martin Decided to Name Their Daughter Apple https://t.co/pblrfbt4Ld,1518492263319580677,JackStyner1
#buzzceleb https://t.co/dyLShzbMFg Gwyneth Paltrow Finally Revealed The Meaning Behind Her And Chris Martin's Daughter Apple's Name,1518487137708036096,netmobz
Why Gwyneth Paltrow’s Daughter Is Named Apple https://t.co/KI7TDxUoUv,1518483663326957569,eye9ja
Gwyneth Paltrow is set to enlist a ‘mentor’ to help her navigate the menopause https://t.co/MjttgDa65i,1518467393533657088,Mangakiko12
Boyfriend says he likes Marvel but won't watch every single YouTube video of Gwyneth Paltrow singing on Glee.......I can't stand a bandwagoner 🙄🙄,1518453645284503552,instagramber
"Everyone gets Rasputin wrong.

He was just Russian Orthodox Gwyneth Paltrow. Saved the prince’s life just by being anti-medicine, which kept him off aspirin (bad for hemophilia.)

Tabloids fascinated with him. Poor guy brutally murdered bc of rumors, which we still repeat today.",1518448500437970944,terronk
Gwyneth Paltrow is set to enlist a 'mentor' to help her navigate the menopause https://t.co/hfNGtYaELv #Gossip,1518446516675006470,15MinuteNewsEnt
Gwyneth Paltrow Recalls How She and Chris Martin Decided to Name Their Daughter Apple – E! Online https://t.co/gHgchRiXnZ,1518423599111192577,news89com
"Gwyneth Paltrow is set to enlist a 'mentor' to help her navigate the menopause
https://t.co/8ABxL09w5Z",1518423583478927363,NewsfeedsMedia
Gwyneth Paltrow Recalls How She and Chris Martin Decided to Name Their Daughter Apple https://t.co/fvPmRM3SAV,1518421300682797056,GetAsianNews
You better not let Gwyneth Paltrow know... https://t.co/Jvddi5K1Mg,1518420805025116161,wdrohrer
i’ll never forgive gwyneth paltrow for making vaginal eggs,1518418295271084033,baileycarrillo9
"fuck you gwyneth paltrow, you know what you did (robarle el guion a winona de shakespeare in love y terminar audicionando para el rol)",1518413099220447232,fetishIiar
"Gwyneth Paltrow Recalls How She and Chris Martin Decided to Name Their Daughter Apple

https://t.co/GM3Rqqsy5j",1518409976439447552,Nzgrim
I feel this question needs to be asked: Does Gwyneth Paltrow have any other cousins we need to know about? #WeCrashed https://t.co/RRlfubYAyK,1518409398816677893,martinmoakler
"Gwyneth Paltrow is said to be hiring a ""menopause mentor"" and honestly that sounds about right for her",1518407149562613762,EseConActitud
"Thank you @GwynethPaltrow for keeping the memory alive and funding a historical sign in a Polish Jewish cemetery. A mitzvah for sure. 
https://t.co/aCSMRQBVup",1518406549621776386,LanaMelman
I love gwyneth paltrow i dont care. someone get me her vagina candle,1518404639078637569,MONlCALEWlNSKY
I often sit and wonder if Gwyneth Paltrow has ever eaten an Ellios Pizza.,1518399701497917440,matthew_cunning
"Deal with it you big baby.

Gwyneth Paltrow will recruit a 'mentor' to help her with the menopause https://t.co/CsA6ABRabn via @DailyMailCeleb",1518393283734507520,WilkensJane
Gwyneth Paltrow Recalls How She and Chris Martin Decided to Name Their Daughter Apple https://t.co/sh2fepXfMJ https://t.co/eTP2eyw8jP,1518391584542400513,iscrypto1
Gwyneth Paltrow Recalls How She and Chris Martin Decided to Name Their Daughter Apple https://t.co/sh2fepXfMJ https://t.co/V5NwhhMae2,1518391181713059842,iscrypto1
Gwyneth Paltrow is set to enlist a 'mentor' to help her navigate the menopause https://t.co/5FH1toKEKB,1518389121047097344,smackgirls
"Gwyneth Paltrow Recalls How She and Chris Martin Decided to Name Their Daughter Apple: Gwyneth Paltrow is sharing some juicy details about her daughter Apple's unique name, During an Instagram Q&amp;A on April 24, the 49-year-old actress was asked how she… https://t.co/XyIi80V6fl",1518384561889054720,GossipBucket
Y’all remember when Gwyneth Paltrow was on Glee,1518381381897932800,QueenZoot
"Gwyneth Paltrow Says Chris Martin Chose Their Daughter Apple's Name
 https://t.co/HoSM1MEzBx",1518380207798898690,drocktrot
Gwyneth Paltrow Recalls How She and Chris Martin Decided to Name Their Daughter Apple https://t.co/tNZ1xfWFvg,1518380158889213957,underoneceiling
#latestnews Gwyneth Paltrow Recalls How She and Chris Martin Decided to Name Their Daughter Apple - https://t.co/2SUJEfRl2T (POST_EXCERPT} https://t.co/gkQoOiD7xc,1518373224580620289,ClickySound
"Eonline: Gwyneth Paltrow Recalls How She and Chris Martin Decided to Name Their Daughter Apple 
https://t.co/Yiy02Fhnm9 https://t.co/C7dNjO8Uqn",1518364782746914817,media_newsnoon
"Gwyneth Paltrow Finally Revealed The Meaning Behind Her And
Chris Martin's Daughter Apple's Name - BuzzFeed  https://t.co/rZWwKJmpzW",1518363217688375296,sarang_pokhare
Gwyneth Paltrow Recalls How She and Chris Martin Decided to Name Their Daughter Apple https://t.co/jV90lOvAFP,1518362393176330241,medicinehelp
#latestnews Gwyneth Paltrow Recalls How She and Chris Martin Decided to Name Their Daughter Apple - https://t.co/9aUALGO9l4 (POST_EXCERPT} https://t.co/IBMNamfG7a,1518358034485030915,ClickySound
I thought he was making fun of Gwyneth Paltrow https://t.co/JUwqAashM7,1518357345973248004,chiliSpaghetti
“I have a very highly developed sense of denial” (Gwyneth Paltrow),1518355856160550913,darkeyeshadow
"Andy Vermaut shares:Gwyneth Paltrow Recalls How She and Chris Martin Decided to Name Their Daughter Apple: Gwyneth Paltrow is sharing some juicy details about her daughter Apple's unique name, During an Instagram Q&amp;A on April 24, the… https://t.co/oSg4QGqx1R Thank you. https://t.co/dp70MoU5K2",1518355743409250304,AndyVermaut
Gwyneth Paltrow Says Chris Martin Chose Their Daughter Apple’s Name https://t.co/hWv19jdKBH,1518355299610021888,NikhilS18830535
Gwyneth Paltrow Recalls How She and Chris Martin Decided to Name Their Daughter Apple https://t.co/gKhVS9yv72,1518355146694176768,thedextazlab
Gwyneth Paltrow Says Chris Martin Chose Their Daughter Apple’s Name https://t.co/qw2lWXFZm0,1518354559961382913,Zeus_606
Gwyneth Paltrow Says Chris Martin Chose Their Daughter Apple’s Name https://t.co/f803ybqYmz,1518354549546889217,Muhabarishaji
Gwyneth Paltrow Finally Revealed The Meaning Behind Her And Chris Martin's Daughter Apple's Name - BuzzFeed https://t.co/uw9L3NnC3r #news #topstories #berkleybearnews,1518352356387082240,BerkleyBearNews
gwyneth paltrow is a work of art https://t.co/BqMsXDyd45,1518350575032844291,paltrowart
Gwyneth Paltrow Reveals Chris Martin 'Came Up' with Their Daughter's Name Apple https://t.co/Uy4uhC2WOd,1518350531483377665,GPBGeorge
gwyneth paltrow may be problematic but that doesn’t change the fact that she’s very hot,1518342999683575813,PerriesKazoo
Gwyneth Paltrow Reveals Chris Martin 'Came Up' with Their Daughter's Name Apple https://t.co/16XliHyYEa,1518339190731296768,jerrykoch69
fuck u gwyneth paltrow you know what u did! https://t.co/d6O7T33Z0J,1518326219661619200,herasjarrus
"Check out ""Landslide (Glee Cast Version)"" by Glee Cast [feat. Gwyneth Paltrow] on Amazon Music. https://t.co/G5oI5TUtaO",1518323392511823872,BCPumpkincat
Gwyneth Paltrow Funds Preservation of Ancestors’ Jewish Cemetery in Poland | United with Israel https://t.co/L1waKQ4tMZ,1518322562689904642,gal_judi
"""A woman famished for prestige, frantic for validation, who pursued an upward trajectory at all costs, curating her life &amp; airbrushing her past. She dreamt of turning The Tig into Gwyneth Paltrow’s Goop; she hustled a speech for the UN. Then she went career-fishing in London.. https://t.co/M0fO4Tjnh3",1518322025491795974,Redredred80
"Top story: Gwyneth Paltrow, Cameron Diaz and Drew Barrymore invest in Evernow, a startup that guides women through menopause https://t.co/7X0IsVJIHM, see more https://t.co/HUTSp9sCg3",1518319693634977795,qtttutors
Gwyneth Paltrow as Viola de Lesseps in “Shakespeare in Love” because she DESERVED it for her outstanding performance. https://t.co/UsbPfK7eYQ https://t.co/JwfSeypKfH,1518318219148279808,adoringis
"Why is Gwyneth Paltrow selling a candle that smells like her vagina? And it is all sold out! 

Our moral degeneration really has no limits https://t.co/2c8vR9hZ38…",1518309298928902144,sudhirksingh
Gwyneth Paltrow is genuinely really good in Shakespeare in Love. Yeah I said it https://t.co/2JxeKMw8Mq,1518308076142706690,emeramchugh
I can't wait until Lois Lane and Gwyneth Paltrow get married! Their circumcision is going to be so delicious!,1518307665771786240,FinnVonFritter
Gwyneth Paltrow Explains the Story Behind the Decision to Name Her Daughter Apple https://t.co/RAPewI6llA,1518304856972402690,babyname_finder
Gwyneth Paltrow funds signboard at her Jewish ancestors’ Polish cemetery - The Jerusalem Post https://t.co/pIhX4nHEUi,1518303317146980352,judka1
He think he Gwyneth Paltrow 😒 https://t.co/KkXXRSytHx,1518294836302000128,LIFESIZEL3SBIAN
Why Gwyneth Paltrow’s Daughter Is Named Apple https://t.co/VlBphex1mO,1518291896027680769,NikhilS18830535
"style inspo? — cbk, bond girls, gwyneth paltrow, carrie bradshaw, emrata, kate moss and basically how everyone dressed in early 2000s rom coms https://t.co/ujXHlypzxj",1518289165368139776,mojaveghst
"The Daniels watching the Gwyneth Paltrow romantic comedy Sliding Doors and cursing the heavens, ""someone got to our ideas first!!!!"" https://t.co/qiUX9HnQqi",1518288907611389955,devtesla
watching a movie with my worst enemy in it gwyneth paltrow,1518287544798130185,dontbesadwittek
Gwyneth Paltrow Reveals Chris Martin ‘Came Up’ with Their Daughter’s Name Apple https://t.co/5NGiMYWDHu,1518284628204953600,gossip_17
"Gwyneth Paltrow Finally Talked About Why She And Chris Martin Named Their Daughter Apple, And It Sounds Like It Was Chris' Idea https://t.co/3KJjZb3ABx #SM https://t.co/apKB7PN2lt",1518284068122619904,Knewz_Currently
"Gwyneth Paltrow Finally Talked About Why She And Chris Martin Named Their Daughter Apple, And It Sounds Like It Was Chris' Idea: ""I fell in love with it.""

---

View Entire Post › https://t.co/7oxAtexofi https://t.co/aPu8d6chHh",1518284021884628992,BetterknowYou
the only reason i wanna be famous is so i can take gwyneth paltrow down,1518282475604045825,iamtrentrush
WHO ASKED ME WHY I FOLLOWED GWYNETH PALTROW YESTERDAY BECAHSVEYHQB,1518277273925087232,unlikelysoup
I spend a good portion of my dinner-party conversation defending America because no matter what the political agenda its still a fantastic amazing place.  -Gwyneth Paltrow,1518275587340656640,dgtlyf
"Gwyneth Paltrow Funds Preservation of Ancestors’ Jewish Cemetery in Poland

https://t.co/1kyhFYmnIl",1518266657130663939,NewsraelApp
"Still available:

Shakespeare in Love (DVD, 1998, Widescreen)

Starring Ben Affleck, Colin Firth, Geoffrey Rush, Joseph Fiennes, Gwyneth Paltrow, &amp; Judi Dench.

$5.07 shipped!

#eBay #eBayDeals #BuyItNow #DVDsAndMovies #ShakespeareInLove #DVD

https://t.co/iQXW1fXrCO via @eBay",1518266029037670400,fuchinkans
to me it makes perfect sense that the two people connecting david fincher and glee are gwyneth paltrow and jonathan groff,1518265781217288193,enviousvenus
"'This Is What My Vagina Smells Like': Gwyneth Paltrow's perfume.

If @elonmusk came out with his own cologne would it drive liberals more insane?

What would he call it?",1518265048866643969,phil200269
Gwyneth Paltrow Reveals Chris Martin ‘Came Up’ with Their Daughter’s Name Apple https://t.co/giWX8ipnkF,1518264815470395395,post_asia
"Gwyneth Paltrow: Nude Cover Discusses New H2O Tattoo,  Metal Band's Lead Singer to China",1518263604646227968,ThisIsFBNews
gwyneth paltrow mia linda um beijo,1518261481799929857,venstxles
"gwyneth paltrow anti or not, she kinda gave here https://t.co/rDDhgsHgfH",1518260905770991616,seIfcare
Waiting for Gwyneth Paltrow to comment #WeCrashed 👀,1518259278339051522,AnneHathabae
This sorta reminds me of when Gwyneth Paltrow talked about drinking alkaline water with a squeeze of lemon. https://t.co/OX5NrIcxtz,1518250197167620101,TheUrbanWhip
Gwyneth Paltrow Reveals Chris Martin 'Came Up' with Their Daughter's Name Apple https://t.co/n5JxQaCDDI,1518243222547484673,gospaddiction
remember when gwyneth paltrow put sunscreen on her nose and called it a day,1518241029928865798,nadinesstella
We need more women like @KennedyNation and fewer like Gwyneth Paltrow. https://t.co/ud0ByunARu,1518240834449285121,skyewatcher_
Gwyneth Paltrow reveals that ex-husband Chris Martin came up with their daughter Apple's name https://t.co/TxOmhovAC8 #Gossip,1518234091648344066,15MinuteNewsEnt
"""A very, very angry man': #Harry had '#Olympic #rows' w/ #William...

""Mrs Brown has claimed that Harry &amp; #Meghan are '#addicted #to #drama' -  and says one day the duke will 'wake up &amp; realise he's living in Gwyneth Paltrow's Goop."" 🤣

https://t.co/9OaBIwo2ec",1518223929898242049,lou_twin
Gwyneth Paltrow grande crush,1518222380803448833,inabunnysuit
"What I've learned is I want to enjoy my life, and food is a big part of it. - Gwyneth Paltrow #QotD #QuoteOfTheDay",1518219008092295171,InternetFount
"Courteney Cox, Gwyneth Paltrow  https://t.co/TW2OR9t0hk",1518217821507010560,GinaLawriw
Gwyneth Paltrow tells fans Chris Martin came up with daughter&amp;#39;s name https://t.co/pw3MVaaVgy,1518216848910819328,WomanSBuzz
glee mentioning gwyneth paltrow before she was cast as a character begs the question; does gwyneth paltrow look totally different in the glee universe or does everyone just think holly holliday looks eerily similar to gwyneth paltrow?,1518212418849370117,campbelIbain
Gwyneth Paltrow Funds Preservation of Ancestors’ Jewish Cemetery in Poland https://t.co/ZZ5WZXM5uC https://t.co/ZkKwZJ2cOb,1518209555426996224,MESSIANICSWORLD
