full_text,tweet_id,screen_name
#NP Natural by Imagine Dragons on https://t.co/3JZ7qlaLov https://t.co/TwpKkp7Uqj,1520915779742584832,The_Fox_Rocks
#NBA2K22 #MothersDay2022 tournament music credit: Bones by Imagine Dragons https://t.co/OYkpYwWCck,1520915280905400323,AllWrestlingFig
PSA: Aspen is a closeted imagine dragons fan. I said they suck and she tried to slow bleed me like a pig,1520915221694402561,jibsterman
"black eyed peas, onerepublic, imagine dragons, twenty one pilots, the script, dermot kennedy, kodaline, bastille https://t.co/zpPCWN6Sez",1520915107005538304,jeffersoonfs
Demons - Imagine Dragons,1520913634490142721,some_day401
Song is still annoying jid can’t carry imagine dragons enough https://t.co/5yhYs7Ak5o,1520912818291150848,bobcalamardo01
Now playing Natural by Imagine Dragons!,1520909222992617472,RadioTiktok
The best funk dance clubbing music nowplaying FOLLOW YOU - IMAGINE DRAGONS on https://t.co/Wg3ueOYXGF https://t.co/WrYX3lHa6P,1520908483289395201,POPXXICENTURY
Imagine Dragons fans are the worst.,1520907085474500609,the_dolphin07
"As an elder emo from DC, I have to make a statement on the public record - I turned on @DC101 this afternoon and was horrified to hear IMAGINE DRAGONS on the air",1520906624579387394,forked_queer
watching the  vlog is charlie slimecicle wearing a fucking imagine dragons shirt,1520906302700068865,shaggylvr77
@DONTKNOWYETSO Have you heard that new Imagine Dragons song?,1520905822011801602,JessicaLynn9750
Imagine Dragons 🫂🫶🏻,1520904471613775872,liwevp
*does the breathing in part from radioactive by imagine dragons*,1520901543142498305,actual_eren
"the weeknd camila cabello shawn mendes taylor swiftie imagine dragons justin bieber 
ariana grande coldplay miley cyrus 
demi lovato selena gomez jonas 
sonhei https://t.co/qMjFyWEqKS",1520901528822988803,milaquiets
Idk why but John Krasinski is the Imagine Dragons song “On Top of the World” personified,1520896811132764162,MoFromStreamr
"Now playing Enemy by Imagine Dragons!  
Tune in at https://t.co/t2BDbXF4gy",1520896447524265984,RadioTuak
Imagine Dragons - Bones (Official Music Video) https://t.co/LgqBK8NAcq @YouTubeより,1520896024679968769,TATU24681
Now playing Wrecked by Imagine Dragons!,1520895768135147520,RadioTiktok
"Imagine Dragons Heardle #11

🔊🟩⬜️⬜️⬜️⬜️⬜️

https://t.co/zcIeGJ8LdF",1520894693772599298,SrMitigor
no miguel radioactive its not a imagine dragons rip-off please dont sue us,1520893421245718528,MiguelMiguelin8
Omw to Imagine dragons 🎤🎛,1520892582418690053,kawaii_josi
#NowPlaying Enemy by Imagine Dragons / J.I.D. #listen at https://t.co/RGN0Gpb57I,1520891850760290304,kdrsplaylist
"My guilty pleasure is Beat Saber, Billy Eilish and Imagine Dragons. #BeatSaber",1520891828488314880,SthanDust
"00:19: ""Enemy"" von Imagine Dragons feat. JID &amp; League Of Legends",1520890669144973322,OE3
Imagine Dragons &gt; Queen,1520890276738482183,valentinlqx
Imagine Dragons - Bones (Official Music Video) https://t.co/hk7h6By9SR via @YouTube,1520889369770536966,katiedyd2
Now playing Radioactive by Imagine Dragons!,1520888641383550976,RadioTiktok
"ffh Weekly 33x: Enemy (Imagine Dragons), Remember Me (Michael Schulte)",1520888318422093825,I__Radio__I
"#QuebecCity Imagine Dragons @Imaginedragons and AVIV @itsaviv_ are performing at @centrevideotron 
If you're going show us your photos! https://t.co/PTLU2n92gA",1520886279210156034,rocktheview
imagine Dragons - Believer (Fairlane Remix) Trap. https://t.co/nvSG15eb3k,1520885919368290304,MaxSun_MusicaE
Heart Upon My Sleeve (Radio Edit) by Avicii f. Imagine Dragons now playing on Asylum Station Rocks #GamerRadio #AsylumStationRocks,1520885489519271936,DJinferus
"@JayzTwoCents since you asked, here's a song suggestion: I Was Me by Imagine Dragons. It has strumming and some single note passages in it, should be fun! I really enjoyed the stream. 
https://t.co/mLSWWmFWWE",1520883420385226755,zahnfee144p
"Hey, say what you will about Nickelback, but they walked so that Imagine Dragons could walk slightly faster.",1520883353955844104,20sidedhero
when the imagine dragons comes on 🥵😈😈😈🤤🤤😵‍💫😵‍💫😵‍💫,1520882551568666624,crybbyshame
"En el aire: IMAGINE DRAGONS - On Top of the World, la escuchas en: https://t.co/7UW3Kraq8S",1520881242648064000,TopLatinoRadio
My cousin just told me he got into imagine dragons after following me on Spotify and listening to my playlists how do I feel about this,1520877512913526784,maairimtiaz
My bf needed an app where he can connect numbers to things and he connected one number to imagine dragons so I couldn’t resist making this the image for that number lol https://t.co/jDMZi46kHS,1520874360826912768,loveyoutakecare
"It's OK -Imagine Dragons 【和訳】

https://t.co/UtKhDAcu6E
#応援ソング #ImagineDragons #和訳",1520874357995995136,cat426906
"Imagine Dragons (the fact that they’re still going, along with their songs being used in movie trailers, and performing at awards shows means a considerable population of people thinks they’re great) https://t.co/S0hMRkfWFi",1520872235417829376,dyllan_jay
disco electro techno pop music now Radioactive - IMAGINE DRAGONS on https://t.co/Wg3ueOYXGF https://t.co/MU5ITcdDwU,1520872231043223553,POPXXICENTURY
Imagine dragons these nuts across your face @MarioandSonic20 @HollowHugo https://t.co/V1Llkjr9zY,1520871502958129154,OfficialMemeKi3
Enemy by imagine dragons makes me want to blow my brains out https://t.co/0buoicVFLv,1520871247793512448,CRat512
Radioactive - Imagine Dragons,1520868596217307136,Calculate_
Imagine Dragons - Bones,1520868530891206656,PolyglotRadio
#NowPlaying Enemy by Imagine Dragons / J.I.D. #listen at https://t.co/RGN0Gpaxia,1520867710816690182,kdrsplaylist
Imagine Dragons- Radioactive,1520865627308707840,Captain_Rioma
"Imagine dragons? More like ""imagine"". This shit is painfaul to listen to. And I unironically dig aqua's aquarium.",1520865128266276864,StephenLynx
"It’s been too long since I last said it, so here it is: I love Imagine Dragons.",1520863710587277313,Stay_Always
"🤖~""Someone near me is playing Dancing In The Dark by Imagine Dragons""
#NowPlaying #Music #MyLifeInSong #AmbientNoise #AmbientMusic #AmbientLife #AmbientBot",1520863315597082625,DJDole
Imagine Dragons - Natural,1520862552552521729,Nucleorockradio
@coldplay Is it possible for there ever to be a Coldplay/Imagine Dragons collab? My family and I all agree that would be awesome 😎,1520861775159345153,LadyHawk_2006
"""i love dan reynolds"" HIS NAME IS IMAGINE DRAGONS https://t.co/ffzQ56C3Yq",1520860769734336514,wilsoup
"So great to see ( on stage always so far away).

@DanielPlatzman @vicfirth One more time?

Daniel Platzman: ""Rocks"" by Imagine Dragons https://t.co/8jAqSkakyz via @YouTube https://t.co/I9DEKOjLSh",1520858610171101184,livepositive70
Top music. Now playing Wrecked - Imagine Dragons on https://t.co/mvGwqYdzO8 https://t.co/XonyZjBEgo,1520856374263128064,blow_inthewind
Imagine Dragons 🐲 https://t.co/1eIUspgFMG,1520856156054380544,131genius
#NowPlaying Imagine Dragons - Follow You https://t.co/UNYWft5VJi,1520855849555611649,POWER1079
lolla ano q vem podia ter the weeknd e imagine dragons,1520855771176747011,rnbkidrauhl
If I was the director of a reality show I'd definitely play Believer by Imagine Dragons whenever things get tense !,1520855653094506496,monroeborneo
Imagine Dragons - Believer https://t.co/8LXdSKCefi,1520852382413897730,THE_STIZY_SHOW
"The ONE day I forget my headphones, my Uber driver is playing imagine dragons",1520850805443551232,versacemoma
Putting imagine dragons between Descendents and the lillingtons was why I'll never trust AI,1520850627353579520,axematty
Imagine Dragons - Whatever It Takes https://t.co/BrOMHaEOq1,1520849198974910467,securenet
Now Playing:  Imagine Dragons - Demons   Listen Live: https://t.co/HdPs3ksq6g,1520848882024038400,ADLWebRadio
Johnny Manziel’s heisman tape catapulted Imagine Dragons career,1520848649147883522,MrSlideInYourDM
I fucking hate enemy  by imagine dragons so fucking match,1520848570206670848,bobcalamardo01
Enemy by Imagine Dragons is still in my top 5 favorite songs of all-time 🥺,1520847981808959490,TrendTechBlog
Imagine Dragons - Believer (Official Music Video) https://t.co/oJS6GCGfj2 via @YouTube,1520847918869082112,DiamondTrailz
the audio is terrible but here’s ‘It’s Time’ by Imagine dragons 🫣 (idk if the video is working but anyways 🙄) https://t.co/rxSbACNkX9,1520846729402368001,outro_cooky
Enter to see Imagine Dragons at Banc of California Stadium from @1043MYfm. https://t.co/rbIn211XeJ,1520846619687587840,bryansm44133574
Imagine Dragons - Natural (Lyrics) https://t.co/VBx2DnIyeD via @YouTube,1520845881473331200,DiamondTrailz
Imagine dragons 🤯😍,1520845478618873856,mmigueel30
"i get crazy everytime i remember that a dance of dragons came out 11 years ago, the same year that game of thrones started. the show has been over for 4 years now and twow is still in the drafts imagine how sick i am https://t.co/1iEFBUISTp",1520844342595829761,moraIesfilm
Imagine Dragons is obviously influenced by Nick Jonas.,1520843886343557120,bradtastemuslc
imagine dragons saying “everybody wants to be my enemy” no it’s just @kalynnkoury,1520843527189680128,missbelief
Imagine Dragons Believer. @tweetgrubs,1520841060355919872,Tiffanylat
#NP Natural by Imagine Dragons on https://t.co/3JZ7qlaLov https://t.co/jsHiT8t3wk,1520841030769299456,The_Fox_Rocks
Imagine Dragons is so bad i actually think they are the 2nd worst music act ever,1520841024465084417,BigApeAllCity
@tweetgrubes Andrew says “Radioactive” by Imagine Dragons! https://t.co/QK5umgmwhW,1520841016235986948,twlong75
tweeting slurs at the personal accounts of every member of imagine dragons until one of them learns how to play a fucking guitar,1520839514033373188,localbord
"True, in the same sense that Maroon 5 are better than Imagine Dragons https://t.co/AqgAgW2YwK",1520837903672348673,ErinT_251
the dude from coldplay and the dude from imagine dragons have the exact  same voice,1520836228190552064,ilywyj
chris pratt looks like a member of imagine dragons,1520835801986252801,rahliitou
"#SaidDuringSexAndDinner Just imagine the strong grip of a muscular, sexy dragon’s scaly, hard, and slippery talons. BUT the thing is, dragons usually have less or no scales at the bottom of their sexy, wet and slippery talons because of fact that they need to move their",1520835670922702850,StinkySluketto
If we can clone a mouse from blood. Imagine cloning Jesus from the holy blood in Belgium.,1520834311506829312,Dragons_Quest
"Wait, Enemy by Imagine Dragons is the opening credits music for Arcane? Lmaooooo this fancam ass opener",1520833358703513605,EvanReadsComics
100% if astrid wett had a stand half off football twitter would be there. imagine cal the dragons old man holding up magical messi when trying to get a photo https://t.co/axe2QggoVQ,1520832341517688833,AshFazzer16
"Imagine we dated and I filled your head with numerous stories about a group of dead gay wizards, a very complex show about dragons and incest and poetry",1520831857411174402,Orionrry
“Imagine all the dragons” - John Lennon,1520830306646953984,acertainben
Imagine Dragons - I Bet My Life https://t.co/LMcMmI539q,1520828793597968384,Funkykidsradio
hiphop reggaeton soul RnB music np WRECKED - IMAGINE DRAGONS on https://t.co/Wg3ueOYXGF https://t.co/LFrWFTqwCL,1520828467994058755,POPXXICENTURY
"I'm listening to too much of Imagine Dragons to not name a title after their song~ 

#catradora #spop #shera #princess #knight #fanfiction #catra #adora 

https://t.co/Fc6Mz1pDxP",1520828408313401345,Wildcat_Catra
Imagine dragons has me throwing it back to freshman year,1520828372640669696,bahena_vb
Imagine Dragons - Birds is playing now. ID: 1651428662,1520828156407599105,NGRadioShow
It’s time by Imagine Dragons is speaking to me spiritually,1520827952447082498,Lupezapata_15
theyre playing imagine dragons in the beauty store,1520827898747359233,cybersaturnian
A totally random thread of Imagine Dragons songs that IMO would fit as OP/ED songs for #EdensZero,1520827499923623937,6ixDragons
Imagine Dragons - Bad Liar (Lyric Video) https://t.co/9CS1SDG0e2 via @YouTube,1520825965118738432,ebele210678
"CLASS OF 2014: Billboard Hot 100 Year-End Top Song Artists

1 : Katy Perry
2 : Pharrell Williams
3 : Iggy Azalea
4 : John Legend
5 : OneRepublic
6 : Jason Derulo
7 : Lorde
8 : Sam Smith
9 : Ariana Grande
10 : Imagine Dragons https://t.co/gFYVRvVIEO",1520825467896356869,The_Hot_Sheet
i’m crying since when did JID have a song with imagine dragons,1520821546453024772,w0rldst4rm0ney
THEY PLAY IMAGINE DRAGONS IN MY RADIO ??? HUH (it’s enemy),1520821195037454337,navigaytor
Now Playing: 'IT'S TIME' by 'IMAGINE DRAGONS',1520821052498235404,3FMradiomusic
enemy by imagine dragons is a need on a high playlist,1520820735828271104,datdisorderfuck
Now playing Believer by Imagine Dragons!,1520820685735706626,RadioTiktok
i used to unironically listen to imagine dragons💀 https://t.co/XlZb4Vnz6j,1520819623465160704,333galaxydog
this isn't easy but im finally coming out as an imagine dragons fan,1520819353096101888,neandersaul
Now playing Enemy by Imagine Dragons/JID!,1520818202212712448,RadioTiktok
Roots by Imagine Dragons,1520817635990061058,WRPSNowPlaying
My biggest peeve with Arcane is that the music choice screams “a 50 year old corporate man chose this” like not only did y’all put imagine dragons… y’all let them SING too???,1520816903974883328,PanDxlce
"The worst music opinion I ever heard given unironically was during a highschool presentation where the presenter said ""Imagine Dragons is the 2nd best indie band of all time, ONLY behind The Killers""",1520816720566530048,thatpunkcory
Imagine Dragons - WhateverItTakes,1520815314782543873,MoveRadio3
What’s the worst of punishment y’all have had from losing a bet? Mine by far was having to listen to the Imagine Dragons album “Evolve” from cover to cover,1520814688099000321,carter_Bock
"Imagine Dragons - Birds
#ListeningNow 🎧 https://t.co/zRfZkMbOpE",1520814202344120322,TisGreatness
Now playing Follow You by Imagine Dragons!,1520813131873898498,RadioTiktok
#chr3 Best rock pop dance music Now Enemy - Imagine Dragons feat JID on https://t.co/rj45PfLqb3 https://t.co/MKryRTNQtc,1520812883038322691,classichitradio
the imagine dragons playing humble and uncensored the profanity 🗣️🗣️,1520812524551262208,sahloana
Imagine Dragons - Walking The Wire (Official Audio) https://t.co/QlFypDN7Bv via @YouTube # Love One Another,1520811595907088386,Terri66987597
"TMN Top 100
Highlights
Week Ending: 4/30/22

No. 16 (+1)

Imagine Dragons - Monday

https://t.co/lWHqLjScCN 

@Imaginedragons",1520810924927598592,TheMuzicNation
Imagine Dragons - Whatever It Takes (Official Music Video) https://t.co/I04ee6qDXo via @YouTube https://t.co/8Sifdq4qVS,1520809078955687947,Terri66987597
#NowPlaying on RadioMaxMusic:  Bones (22) by Imagine Dragons Listen Now-&gt; https://t.co/EJivlZi7Wh,1520809058361655298,RadioMax
#NowPlaying on RadioMaxMusic:  Enemy From League Of Legends (22) by Imagine Dragons Listen Now-&gt; https://t.co/EJivlZi7Wh,1520808316389183488,RadioMax
Chord Guitar Imagine Dragons - Bones https://t.co/juH5Qk2cul,1520808146889019392,Godplay93648595
Imagine Dragons - Rise Up (Extended) https://t.co/yhDGoIdwfT via @YouTube # Rise up ⬆️ for the Children all of the children no divisions all together for the sake of the Children! No Wars no starving children 👶,1520807698262114304,Terri66987597
Imagine Dragons - Birds (feat. Elisa)  https://t.co/utUxCLyLar,1520806242528243712,RadioNovesei96
Shocking development and very popular opinion. I hate imagine dragons. Same ass sounding songs repeatedly being produced.,1520804059225100288,uziair
Imagine Dragons - Radioactive https://t.co/3XaPU40FDa via @YouTube https://t.co/tw7bXhG5KL,1520804050303963137,Terri66987597
"Top 50 - Global CLEAN 🌎:

🥇 Harry Styles (30 days)
🥈 Glass Animals
🥉 The Kid LAROI, Justin Bieber
4️⃣ Camila Cabello, Ed Sheeran ⬆️
5️⃣ Elton John ⬆️
6️⃣ Imagine Dragons ⬆️
7️⃣ Becky G ⬆️
8️⃣ Future ⬇️
9️⃣ Anitta ⬆️
🔟 KAROL G ⬆️

#SundayFunday #LazySunday
https://t.co/Dfb3TmJUdH",1520802733003100164,Top50Clean
Thanks to SiriusXM I now know there's an acoustic Imagine Dragons album. It's as awful as that sounds.,1520799786554863622,cdude9590
#chr1 Your favorite songs music rock pop dance latino Natural - Imagine Dragons on https://t.co/y3r3hZoWCX https://t.co/s6URCrzBq5,1520798276269785089,classichitradio
Listen the best music. Now Enemy - Imagine Dragons on https://t.co/YulNJVfF7T https://t.co/KXdRN4q7J6,1520798263804313600,_Hits_music_
"Watch ""Imagine Dragons x J.I.D - Enemy (from the series Arcane League of Legends)"" on YouTube https://t.co/fvUCdYY9yS",1520798191679115265,KevinMo95499403
Now playing Whatever It Takes by Imagine Dragons!,1520797291212328961,RadioTiktok
"Imagine Dragons “Not Today” is a song that “sounds” motivational but the lyrics say otherwise lol.
“It’s gonna get easier and easier somehow ...but not today...”😂",1520796027883769856,GhostedIgo
"Just had a conversation with my 12 year old about the differences and similarities between Linkin Park and Imagine Dragons.

Been looking forward to these years.",1520795956790374403,RShutts
Ely is repeatedly listening to Imagine Dragons because he is gay let the little gay man have his little gay tunes.,1520795281532489729,Loluhhha
"♫ My Top 5 #lastfm artists: Coldplay (53), Imagine Dragons (37), Humlan Djojj (11), Kygo (11) &amp; Benjamin Ingrosso (6) via @tweeklyfm",1520795226297626624,ilselinden
"How come Cyberpunk never mixed with Lovecraft? Both have clear xenophobic roots and would probably mesh quite well. Basically, imagine Shadowrun but instead of dragons and vampires, you'd have Cthonic beings.",1520795143254683649,KeithPatch
Imagine Dragons x J.I.D - Enemy ( from the series Arcane League of Legends ) https://t.co/jxlbpl7ZOu,1520794337579175937,cyclamenq_
Enemy - Imagine Dragons x J.I.D. https://t.co/y0hBmbJfA3,1520794083262099456,Kittenboiz
enemy — imagine dragons x j.i.d https://t.co/4Bi8CrG6ni,1520794005658869760,oncektime
enemy - imagine dragons https://t.co/MTRH6CZvzl,1520793953829675008,lastxnightxz
"You are safe tonight GABB! ✨🥹

Enemy By : Imagine Dragons
#GabbSkribikin #MNL48Gabb
#PbbTeen5thEviction #GabbXine @_gabbskribikin https://t.co/FTQXeNj1xw",1520791597151305729,GabbXine
It’s an Imagine Dragons type of day @Imaginedragons 🫶🏼,1520789370503979013,MelyssaaRosee
"Tbf though thats a very cinematic way to talk about a move that causes dragons to land. Imagine how much better skyrim would be if they just stopped attacking, started like crying and screaming instead of just landing and continuing as normal",1520788955163201539,bradbutcool
no fr like i’m not listening to imagine dragons while reading your love scenes 💀😭 https://t.co/KfCk52Sasi,1520787997632995334,sandikivereads
My dad just said imagine dragons is an inspirational band and their music fires him up,1520787425135632387,finnicksloot
"⠀   
https://t.co/aFfJKVOiTY 

bakugo mun was talking about enemy by imagine dragons and it made me think about how much toga would've loved jinx 🫡",1520786175899885574,TWISTEDBLOODS
Follow you (Imagine Dragons) ❤️🎾 #EstrellaMusic,1520786097030193153,jorcha5_
"1. Helloween
2. Nazareth
3. Matchbox Twenty
4. Zz Top
5. Lynyrd Skynyrd
6. Imagine Dragons
7. Deep Purple
8. Scorpions
9. Gun N Roses
10. Nickleback https://t.co/RzBIayN20J",1520786053967142914,quarantinedape
"ㅤ

     &lt;— definitely thought ""enemy"" by imagine dragons was the best when he was younger

ㅤ",1520785861901799424,bakushounen
not to sound like sam but i miss this day i wanna see imagine dragons again 😭😭😭 https://t.co/7MBXyett6t,1520785534708240387,schuylermoores
"Nu op ZTACK: Born To Be Yours van Kygo ft. Imagine Dragons! 🎶
📻Tune in op https://t.co/XYjsqE6MaU!",1520785205468045314,NuOpZTACK
It's official: @Imaginedragons' Enemy is the #1 song at pop and hot adult contemporary radio https://t.co/vVhZWKgAcS,1520785158630264832,headlineplanet
Now playing: Follow You by Imagine Dragons #nowplaying Listen live: https://t.co/DswV8KHFmv https://t.co/ZBTPICkOjA,1520778871544573952,mixfm_now
disco electro techno pop music now FOLLOW YOU - IMAGINE DRAGONS on https://t.co/Wg3ueOYXGF https://t.co/Np6ttB5vxf,1520776358829379584,POPXXICENTURY
no miguel radioactive its not a imagine dragons rip-off please dont sue us,1520775168066564096,MiguelMiguelin8
Kingslee Thunder listens to ‘Radioactive’ by Imagine Dragons before he battles. https://t.co/8A1d7nphxs,1520774038242705412,ScottMoore0
Imagine Dragons – Bad Liar (Official Music Video) | BAKHTECH https://t.co/cjpxDQVOs0,1520773779131150339,BAKHTECH_
down bad (a ouvir Imagine Dragons),1520773111414726659,dentrodaparede
I forgot I had another vid of the imagine dragons concert https://t.co/tssfkfblIp,1520770810834739200,slut_sunset
"Last week on the countdown, Imagine Dragons moved to the top spot with their hit Enemy. Can they hold on to #1 again this week?  Find out now on the Daly Download with Carson Daly!  Listen on 95.7 FM, iHeartRadio, Audacy, the Merf Radio app, and online at https://t.co/L0rRyPXHTz. https://t.co/F87whizZwV",1520764990424117248,MerfRadio
Imagine dragons❤,1520764682667270144,Karla_SCG
"Kygo &amp; Imagine Dragons - Born To Be Yours (Lyric Video) https://t.co/DUIYUPxq8D @YouTubeより 
🎵",1520764635367964673,SW_Hiroshi501
Imagine Dragons - Bones,1520764256198836224,radiofmfaleria
[ when we talk about imagine dragons and enemy comes on my playlist,1520764137445462017,EYEOVERZAUN
🎧Imagine Dragons,1520763881785753601,CJS_Ukwn
DUNKIN DONUTS:  “It’s Time” - Imagine Dragons,1520763014181441539,Rt9Jams
NP Natural - Imagine Dragons on https://t.co/YulNJVfF7T https://t.co/xHCroK9JCf,1520762072014929921,_Hits_music_
Wiggling to the Imagine Dragons music. She likes it.,1520760634840961024,PIXIMANDERS
It’s an imagine dragons kinda day 😏🔥🐉 https://t.co/MpOIjMtxAk,1520760333836632064,Tipsywitch4
Imagine Dragons - Believer,1520759618296852485,Nucleorockradio
#chr3 Enjoy with the best music all over the world. Now playing Follow You - Imagine Dragons on https://t.co/rj45PfLqb3 https://t.co/icbV5cjH5f,1520758989386092545,classichitradio
"A lot of people I love and respect told me to watch League of Legends Arcane, and yet I'm just now learning that the theme song is by Imagine Dragons. Who got all of you together to pull a little prank on Russ man?",1520758501143826433,pissGoblin
"Enemy 😈 (Valorant Montage)

song: Enemy - Imagine Dragons ft. JID

❤'s &amp; ♻'s are appreciated 

YT link: https://t.co/qdzSO0y76N https://t.co/QZZpFpijp7",1520758085459058688,fuyiofficial
"#As20mais
#RadioOndasulfm
#Carmodorioclaro
20 - Imagine Dragons - Enemy
19 - Jordan Davis - Buy Dirt
18 - Olivia Rodrigo - good 4 u
17 - Lil Nas x  Jack Harlow -  INDUSTRY BABY
16 - Camila Cabello - Psychofreak
15 - The Weeknd - Take My Breath
14 - Adele - Oh My God",1520757191401254913,bambui2022
Now playing Believer - Imagine Dragons on https://t.co/2a1RGLgDn4 https://t.co/uzNU7xgQX2,1520753722023981058,_Top_Radio
someone buy me an imagine dragons ticket for next month pls,1520753693678788608,alotlikeclouds
"[May 1, 2022 at 6:13 am] Believer by Imagine Dragons",1520753662548606976,thezoneplaylist
IMAGINE DRAGONS PLAYING IN THIS HOTEL IM AT,1520751862974197760,GoblinBringles
Our Last Night - Radioactive (Imagine Dragons cover),1520750101102178304,LahBagen
Imagine Dragons - Wrecked (Lyric Video) https://t.co/RaOzqngUsn,1520748024275914752,85_5Radio
Imagine Dragons - Thunder https://t.co/eYNjQukUzg via @YouTube,1520747325441908736,wizard000111000
"Imagine Dragons - Believer has moved up 13 places from 99th place to 86th. #ImagineDragons  

https://t.co/mL8UisMzsp",1520745132420734977,chartMovers
imagine dragons should count as /mu/core,1520742918419632128,vengabitch
Imagine dragons is great. I only know 2 of their songs but they're both good,1520740202859442176,remi_uwu
imagine dragons were right everybody does want to be my enemy,1520738157691830273,suiseeis
Listen the best music. Now Enemy - Imagine Dragons on https://t.co/YulNJVfF7T https://t.co/PC5VNAsxZB,1520737845161439232,_Hits_music_
Now playing: Natural by Imagine Dragons #nowplaying Listen live: https://t.co/DswV8KZOAD https://t.co/SEv4xWZA1t,1520734895538335744,mixfm_now
"Imagine Dragons pls i beg you, chose the ziggodome or gelredome too for mercury i really wanna go see you, but i can’t travel in europe, and i can’t chose pinkpop :(((",1520732274848899073,levelofdragons
".@Imaginedragons’ “Enemy” is officially #1 on US Hot AC Radio (Mediabase) this week becoming the bands 4th career chart-topper. 

Congratulations, Imagine Dragons 🎉 https://t.co/KLJ3wdwbBj",1520730575270780929,USRadioUpdater
"hc ว่า playlist ของซาคุสะเต็มไปด้วยเพลงของ radiohead, the killers, green day, mcr, the cure, imagine dragons, the 1975, panic at the disco",1520729784426590208,MyIyhlcx
".@Imaginedragons’ “Enemy” is officially #1 on US Pop Radio (Mediabase) this week becoming the bands 3rd career chart-topper. 

Congratulations, Imagine Dragons 🎉 https://t.co/77fVCPuDpI",1520728274694979585,USRadioUpdater
Ben Haenow sings Imagine Dragons' Demons | The Final | The X Factor UK 2014 https://t.co/YVvcMGtDgK via @YouTube,1520728019496747011,lauraoncesmilez
"Now playing Believer by Imagine Dragons!  
Tune in at https://t.co/t2BDbXF4gy",1520725249301561345,RadioTuak
Imagine Dragons - Thunder https://t.co/NO4GAGuJB8 via @YouTube,1520724661218254849,TommyArikan
imagine dragons are the worst band ever.,1520719908274810880,kissmemateo
[07:58] Imagine Dragons - Radioactive #nowplaying @BIZwebradio https://t.co/dNCmG0FZNI,1520719252751278080,BIZwebradioPlay
"NEXT LIVE||Sunday, May 1, 2022||LIVE||PHNOM PENH CITY LIVE SHOW TOP HITZ (Pallas Mix)LIVE&gt;&gt;
LIST
1.JNR CHOI &amp; Sam Tompkins-To The Moon!
2.Latto-Big Energy
3.Tyga X Doja Cat-Freaky Deaky
4.Imagine Dragons X JID-Enemy
5.Lil Baby-In A Minute
7.Becky G X Karol G-MAMIII
8.Tiesto &amp; Ava https://t.co/9DbAFeDdeq",1520718449257107461,OnlineAfro
#np west coast by imagine dragons,1520717307718381568,tmdinfinity
Caleb is on KSLQ right now!   Extreme Electrical is the company to call for anything electircal.   https://t.co/7hmfg0F1JS Caleb listens to KSLQ.  But he LOVES https://t.co/dSSjFLXDjr.   His favorite song Enemy by Imagine Dragons JID is on https://t.co/GERg9sQyaC right now!,1520716371855921153,kslq
Now playing Demons by Imagine Dragons!,1520715131394613248,RadioTiktok
"Thank you SoundCloud, you finally give me a song I know like the back of my hand and you do this.
https://t.co/t0K8HxSVab https://t.co/IM2dVGCgkN",1520714407256465408,NeonGreeny4
Listen hits music rock pop dance now playing: Follow You - IMAGINE DRAGONS on https://t.co/euPh0ZZYk8 https://t.co/AAst1xKHPT,1520708672124555266,Musicstradio20
Imagine Dragons ft Lil Wayne - Believer,1520706779809734656,Major_Noize
#NowPlaying Imagine Dragons - Follow You,1520705602292494336,RadioVeep
no miguel radioactive its not a imagine dragons rip-off please dont sue us,1520704601137106945,MiguelMiguelin8
"wst how similar out music taste?

10% Imagine Dragons 
10% OneRepublic
10% The Script 
10% NIKI
10% Taylor Swift 
10% Kacey Musgraves 
10% Yuna 
10% Justin Timberlake 
10% Alicia Keys 
10% Jason Mraz",1520704582850019328,westenthu
"11:55: ""Enemy"" von Imagine Dragons feat. JID &amp; League Of Legends",1520703345467473920,OE3
#NP Natural by Imagine Dragons on https://t.co/3JZ7qlaLov https://t.co/lXuE7Q0hk1,1520702885402759169,The_Fox_Rocks
Now playing Bones by Imagine Dragons!,1520701549420363778,RadioTiktok
Imagine Dragons - Bones  https://t.co/utUxCLyLar,1520699227290091520,RadioNovesei96
Imagine Dragons - Thunder https://t.co/BxuWekoERK via @YouTube @Imaginedragons @Homeboy89X @89xtimewarp  @CadillacNews @TCFF Near @CrystalMountain,1520698491927875584,Heilegenacht
i’m driving with my uncle over to my cousins place and he’s an imagine dragons fan… am i gonna sit here and listen to imagine dragons for 1 and a half hours???!,1520697348648837120,gyuczn
"#nowplaying IMAGINE DRAGONS, JID &amp; LEAGUE OF LEGENDS - Enemy",1520696183282307072,thedetour
Imagine Dragons - Demons (Official Video) https://t.co/hgBemM0LtU via @YouTube,1520693474395262976,valentinekidboy
"Spare the sympathy
Everybody wants to be my enemy 

This song!🔥

Imagine Dragons x J.I.D - Enemy (from the series Arcane League of Legends) https://t.co/W8ZF9RtPvk via @YouTube",1520692814845120512,ShailySinghP
#chr1 All classic music hits rock pop latino #np Whatever It Takes - Imagine Dragons on https://t.co/y3r3hZoWCX https://t.co/6fvo1PeAsL,1520692053759430656,classichitradio
"[06:01] Imagine Dragons, JID, Arcane &amp; League of Legends - Enemy #nowplaying @BIZwebradio https://t.co/dNCmG0FZNI",1520689891314647041,BIZwebradioPlay
disco electro techno pop music now WRECKED - IMAGINE DRAGONS on https://t.co/Wg3ueOYXGF https://t.co/klTIDSgqzZ,1520688012056801280,POPXXICENTURY
Imagine dragons!! https://t.co/nxalwZ8s0v,1520687150731251712,deathxna
Bones do imagine dragons e hayloft II do mother mother https://t.co/ENbaKoUasY,1520687096117223431,deathxna
Imagine dragons makes music for 12 year old white people,1520686434440654849,FerfMxn
Adesso in onda Imagine Dragons - Bones https://t.co/NPVs5dgKny,1520685890695225344,RadioOlbiaWeb
Imagine Dragons - Radioactive (Lyrics) https://t.co/rZninHneix,1520685298790940672,evelyncarrey
Imagine Dragons :Whatever It Takes https://t.co/GL3jOLNUZo,1520684652347936768,Gracro5
The best all timegreatest hits. Listen now Believer - Imagine Dragons on https://t.co/mvGwqYdzO8 https://t.co/ZN3NGkWtrz,1520683611996962822,blow_inthewind
Imagine Dragons - Radioactive (Lyrics) https://t.co/NQ64tTFgy3 via @YouTube,1520683009426575362,Chasetine100
"ONLY 6 @DragonsArena_io EGGS left on https://t.co/eOumNxIc6X - wow !

Hatching an egg is the only way right now to capture one if those 6 legendary dragons which have not yet been minted. Can you imagine if one is hidden inside one of the last eggs! https://t.co/NP879y2ufo",1520682910034141185,PernillaAmbjor1
"[May 1, 2022 at 1:22 am] Radioactive by Imagine Dragons",1520680428998258688,thezoneplaylist
Now playing Thunder by Imagine Dragons!,1520679548886659072,RadioTiktok
NP Enemy - Imagine Dragons on https://t.co/YulNJVfF7T https://t.co/RVBIojaHsm,1520678204419325953,_Hits_music_
Imagine Dragons - Radioactive,1520677349901099008,Nucleorockradio
#chr3 Enjoy with the best music all over the world. Now playing Enemy - Imagine Dragons feat JID on https://t.co/rj45PfLqb3 https://t.co/FGh0LK2q14,1520676951530295296,classichitradio
lol gamer soobin being imagine dragons fan and singing enemy by imagine dragons with lyrics https://t.co/srTVuaJUO0,1520676063461924865,txtreactionvid
The best all timegreatest hits. Listen now Thunder - Imagine Dragons on https://t.co/mvGwqYdzO8 https://t.co/gK5YAKik7b,1520675194205048832,blow_inthewind
"Imagine Dragons Women Crop top
Tag a friend who would love this!
Fast Shipping From UNITED STATES
Get it here ---&gt; https://t.co/lGo9A2LO0n
#womentshirt https://t.co/74ORjwDNbK",1520674739307614209,DFisaki
I love death grips enjoyers I love imagine dragons. /j,1520674411468115969,YourGoobis
Now playing Natural by Imagine Dragons!,1520670994783944706,RadioTiktok
imagine dragons em 2022,1520670802907172866,FKAsantana
#NowPlaying Enemy by Imagine Dragons / J.I.D. #listen at https://t.co/RGN0Gpaxia,1520668371498512384,kdrsplaylist
Imagine Dragons - Whatever It Takes https://t.co/BrOMHaEOq1,1520667950189056000,securenet
"Top 50 - UAE CLEAN 🇦🇪:

🥇 Harry Styles (6 days)
🥈 Glass Animals
🥉 The Kid LAROI, Justin Bieber
4️⃣ Elley Duhé
5️⃣ Camila Cabello, Ed Sheeran
6️⃣ Imagine Dragons, JID ⬆️
7️⃣ anees
8️⃣ Justin Bieber ⬇️
9️⃣ Future 🆕
🔟 Lil Nas X ⬇️

#SundayFunday #LazySunday
https://t.co/fiJx4nCBHC",1520666836651720705,Top50Clean
"With attack like this, I can't imagine the Dragons being competitive next week v Storm. #RedV #NRLDragonsTigers",1520665307215372289,mightydragons
Dexter really just played imagine dragons at Kelly’s? Do I block delete,1520663749073543168,fortykay1
Imagine dragons https://t.co/IcYTPhd2DQ,1520663054693715968,CondemnNazism
Imagine Dragons = Post Malone,1520662500219359232,boldbrains
"Oh, we all are living in a dream
But life ain't what it seems
Oh, everything's a mess

And all these sorrows I have seen
They lead me to believe
That everything's a mess

But I wanna dream
I wanna dream
Leave me to dream

Dream - Imagine Dragons",1520662150733254656,say_mahdi
9 times out of 10 imagine dragons enemy song comes on the radio when I’m about to leave the car RAWWWRRGHHHHH @arcaneshow @Imaginedragons,1520660819050070017,jadeheartlmao
"Like and Share if you want this  Imagine Dragons Unisex Hoodie
Tag a friend who would love this!
Fast Shipping From UNITED STATES
Get it here ---&gt; https://t.co/BUAofkSz9h
#tshirt https://t.co/ZpVjkPd3BZ",1520659611535257600,DFisaki
"Top 50 - Saudi Arabia CLEAN 🇸🇦:

🥇 Harry Styles (2 days)
🥈 BAWS ⬆️
🥉 BAWS ⬆️
4️⃣ Elley Duhé ⬇️
5️⃣ Glass Animals ⬇️
6️⃣ BAWS ⬆️
7️⃣ Imagine Dragons, JID, Arcane, League of Legends ⬇️
8️⃣ The Weeknd ⬇️
9️⃣ Jimin ⬆️
🔟 Lil Nas X ⬇️

#SundayFunday #LazySunday
https://t.co/RXnrXPSS2d",1520659289207185408,Top50Clean
Now playing Wrecked by Imagine Dragons!,1520657514295173120,RadioTiktok
"Imagine not liking dragons.
If you don't, why?",1520655050858586112,DragonsPlease
"En el aire: IMAGINE DRAGONS - On Top of the World, la escuchas en: https://t.co/7UW3Kraq8S",1520654655600082945,TopLatinoRadio
so @theaustinmiller really used to like imagine dragons huh,1520654649275080704,allisonsavocado
"It's not a bad song like Thunder by Imagine Dragons, but I don't think there has been a single song out there that makes me want to bash my skull in like Watermelon Sugar. I have to leave the fucking room every time it comes on",1520654278754508803,SyphroJ
He said his favorite band is imagine dragons. It took everything in me not to say it 😭,1520651969937002496,bsa_xngela
Now playing Radioactive by Imagine Dragons!,1520650372645281792,RadioTiktok
"My life by Imagine Dragons || A short Vani-centric video (it's so short that I myself felt that I was left hanging before I got to the good part😅)

Please give our Vanitasu some love 💙🤲

#Vanitas
#VanitasNoCarte https://t.co/UAdFOmcZCk",1520650004998008832,meloneater03
"Coldpla, imagine dragons ,U2, twenty one pilots concert on my bucketlist  hillsong united too",1520648044039090177,A_fening
"My actual biggest flaw is I really like Imagine Dragons' song for that stupid LoL animated show (I've heard almost nothing but good things abt Arcane, I just have no interest in it)",1520647618635968513,AvocadoArms
Now Playing Imagine Dragons - Follow You -escuchala en https://t.co/Om4r4u1aQu,1520647358064771072,RIflorida
Imagine Dragons - Thunder,1520644852098256898,otuneradio
"My fav song from imagine dragons is always Amsterdam. 
No matter how much you hate your life there always a way out. (Although I cannot afford to go to amsterdam—)",1520644331786633219,gemuzi_
#chr3 The Best songs rock pop dance latino np Enemy - Imagine Dragons feat JID on https://t.co/rj45PfLqb3 https://t.co/FeRo0poqzt,1520644265554198528,classichitradio
"e imagine dragons, one republic, the script, the score, puedo seguir ah https://t.co/9p0u0oNSNU",1520644240157470720,xiovannag
Imagine Dragons x J.I.D - Enemy (from the series Arcane League of Legends) https://t.co/1LSo8kGhlx via @YouTube,1520642591204999168,fuckin_bitch___
hiphop reggaeton soul RnB music np Next To Me - IMAGINE DRAGONS on https://t.co/Wg3ueOYXGF https://t.co/jwOa3Ml0uF,1520641956078043136,POPXXICENTURY
No ar: Imagine Dragons - I Bet My Life,1520638093069631488,fmraizesnoar
"May is mental health month. Mental health is an  important issue for Imagine Dragons and it should be important to everyone. 

Here are some key tweets from the band’s frontman Dan Reynolds 
A Thread. 1/6 https://t.co/4ByyWojPt9",1520637453052305408,maya0811
"07:31: ""Whatever It Takes"" von Imagine Dragons",1520637123816300545,OE3
Nick Meanie turns into a champion at @storm imagine what they will do for Tariq. @NRL_Dragons,1520636387736780800,original__jt
imagine dragons // bones,1520636119846514688,elcojebagres
"Imagine Dragons Heardle #10

i still would’ve gotten this in one, so it’s fine

🔊🟩⬜️⬜️⬜️⬜️⬜️

https://t.co/BCASb8bHdJ",1520635234294931456,emberquade
Demons - Imagine Dragons,1520634322575069184,some_day401
"Better and better has the imagine dragons vibe? Okay let me bring this edit back WOODZ x Imagine Dragons - Bones
#WOODZ #난너없이 #COLORFUL_TRAUMA 

https://t.co/pwzAQtwNdJ",1520634283815186432,mz_sjwoodz
"Better and Better - Imagine Dragons? 
😭😭😭 
3 more days to me hogging Better and Better as my anthem!!!🥺🥺 https://t.co/RVHPCNE59y",1520632855042269184,joyfulwdz
@Ask_Spectrum Y'all like Imagine Dragons?,1520632385238413312,loserleo4425
#NP Natural by Imagine Dragons on https://t.co/3JZ7qlaLov https://t.co/MYiej0V2rE,1520628472250617856,The_Fox_Rocks
🎵🎵 NOW PLAYING: I Bet My Life - Imagine Dragons 🎵🎵,1520625108347408384,UryNowPlaying
Imagine Dragons - Walking The Wire (Audio) (192  kbps),1520624615147675649,TRadio6
"It’s Time to watch a #happyDan doing a little fun dance. This is a clip from Imagine Dragons concert in Calgary, 🇨🇦 
Happy Sunday 😁😁😁
🎥pjames_13, oyedrhee https://t.co/vz683Cffmh",1520623897674145793,maya0811
asked alexa to play thunder and she played imagine dragons https://t.co/3BYtYVRqTZ,1520623746406653955,matthewokay
the first time i heard Tom's Diner i gensrs thought it was a cover of Radioactive by Imagine Dragons...,1520623204372566016,cghstbur
By the way… fuck imagine dragons,1520622035378053120,airwrecka128
"🎶❤️J'adore❤️🎵
Imagine Dragons, JID - Enemy (Live From The MTV EMA/2021) https://t.co/decunnCik2 via @YouTube",1520621590848937985,Goebeert1
NP Enemy - Imagine Dragons on https://t.co/YulNJVfF7T https://t.co/uxujCNg7gM,1520617805867016193,_Hits_music_
Imagine Dragons https://t.co/Y3Kxd0tHn9,1520616668686430213,SARR_J
Imagine Dragons - Thunder https://t.co/F1jYSStVNw via @YouTube,1520610145390129153,drewschoonover
Doing a project grad thing at my school and they are playing imagine dragons https://t.co/zTBI5jIw8z,1520609200376004608,TheHatalwayswin
"Great pictures and amazing review about Imagine Dragons show in London, Ontario.

Check it out! https://t.co/7AgSCRuw06",1520605835033931778,IDragonsDaily
Imagine Dragons - Thunder-  #kbradiothp #indiemusic #internetradio    #indie https://t.co/fmsTepObLH  #incurablespowerhour,1520605705010655237,KBRadio_Canada
Puts todas do imagine dragons https://t.co/oZO2cZllxR,1520602867987451904,lewiimessi
The best funk dance clubbing music nowplaying WRECKED - IMAGINE DRAGONS on https://t.co/Wg3ueOYXGF https://t.co/aqi01i49I4,1520602709245796353,POPXXICENTURY
Imagine Dragons - Bones https://t.co/RaOzqngUsn,1520602455427399680,85_5Radio
"05:09: ""Enemy"" von Imagine Dragons feat. JID &amp; League Of Legends",1520601199778619392,OE3
"como diria imagine dragons 

oh the misery",1520593582222151682,lahmills
"Linkin Park
Van Halen
Kiss
Imagine Dragons https://t.co/N5EmgF0R4T",1520591126528364545,trax123
#chr1 Your favorite songs music rock pop dance latino Natural - Imagine Dragons on https://t.co/y3r3hZoWCX https://t.co/TkhzYUDa7y,1520587354754494464,classichitradio
Now playing Believer by Imagine Dragons!,1520582897526317057,RadioTiktok
a man just recommended Imagine Dragons to me completely unprovoked. i feel sick.,1520581159557730305,noteliolol
Now playing Enemy by Imagine Dragons/JID!,1520580410455076865,RadioTiktok
Beatmix by Shawn Mendes / Imagine Dragons / Selena Gomez / Miley Cyrus now playing on BigmanRadio #NowPlaying  #StreamingLive  https://t.co/2lOXdlC0Gg,1520579538429820928,bigmanradio
Solo Bullet - Imagine Dragons &amp; Clean Bandit ft. Demi Lovato (Mashup) https://t.co/sWv8t99wkP via @YouTube,1520578088723263488,Chasetine100
"I wouldn’t mind Sonic 3 and it’s trailers using Imagine Dragons’ Enemy as its main song. 

It fits Shadow perfectly. https://t.co/xpdGWSlPvy",1520577862851436546,EquesTr0n
"the beginning of holiday party sounds like thunder by imagine dragons
https://t.co/C5aegqgIt8",1520577307890487296,teenytwt
Now playing Follow You by Imagine Dragons!,1520575329173225475,RadioTiktok
Imagine Dragons take 2 demain 💃,1520568657985904641,AyyAndreanne
"Seasons, they will change
Life will make you grow
Dreams will make you cry, cry, cry
Everything is temporary
Everything will slide
                      Birds - Imagine Dragons",1520568244461056001,EiiaRaf
[03:54] my mom said if I listen to imagine dragons any louder she would bang my head in my keybardddefbwifhdauhsafrbfh,1520568210772402179,TXTformice
Imagine Dragons x J.I.D - Enemy (from the series Arcane League of Legends) https://t.co/lYhOEbNlVR via @YouTube,1520567548747657218,gsn108
everything everything é apenas imagine dragons,1520565274176638977,odiomusica
"“Why don't you understand? I'm never changing who I am."" - Imagine Dragons",1520563729007534081,TommyBlunt95
What's your favorite imagine dragons song?,1520562504044363777,Sandkle2612
"fav artists &amp; bands
- Flavour
- Shenseea
- Joeboy
- Tommy Lee Sparta
- Youssoupha
- 1da Banton
- Fireboy 
- Pop Smoke
- Marshmello
- Koffee
- Imagine Dragons
- OneRepublic
-",1520562344715329536,wifeofkratos
"#NowPlaying Sucker For Pain (Radio Edit) by Lil Wayne, Wiz Khalifa, Imagine Dragons, Logic, Ty Dolla $ign &amp; XA 'X Ambassadors'https://t.co/KUTRIqMuGJ https://t.co/gdkOxGUrDZ",1520562146190532611,BoostradioOne
"1. Jordanian Band
2. US Coast Guard's Amazing Silent Drill
3. US Air Force performance of Believer by Imagine Dragons https://t.co/dvcHO5SGJ8",1520561218104274945,Killswitch275
Imagine dragons should release the album already ugh,1520560306736537600,brakutzz
Now playing Whatever It Takes by Imagine Dragons!,1520559448166707201,RadioTiktok
It’s time by imagine dragons I suppose https://t.co/JfwhtmROyE,1520557436318490631,MooshieBlue
#NowPlaying Believer by Imagine Dragons #listen at https://t.co/RGN0Gpaxia,1520553631279468552,kdrsplaylist
hiphop reggaeton soul RnB music np Believer - IMAGINE DRAGONS on https://t.co/Wg3ueOYXGF https://t.co/6eAtvZTJdX,1520553630436405248,POPXXICENTURY
"Like and Share if you want this  Imagine Dragons Women Crop top
Tag a friend who would love this!
Fast Shipping From UNITED STATES
Buy one here---&gt; https://t.co/T6ZbsAEP0A
#phonecase https://t.co/DCRrYCpAF8",1520553369777197056,DFisaki
Has anyone actually tried to imagine dragons? https://t.co/MVf5Pr2Zrx,1520553218018725889,ETnKnuckles
one of these is a life changing musical masterpiece and the other is an imagine dragons song https://t.co/QGy0wEMYCh,1520552881442725891,kystsg
predicting it rn enemy by imagine dragons is going to be in my spotify top 10,1520551740088664066,eriiegg
Imagine Dragons - Radioactive https://t.co/BRbHXM30qo via @YouTube,1520549122863992836,grahamemegan
Imagine waiting this long for the next batch of stone ocean episodes only for it to end on the dragons dream fight (imo the worst fight in the whole part) LMAOOOOO,1520543688199327744,probably_david
man i truly don't understand putting maz in the booth when eck is an option. it's like having the beatles at your disposal and going with imagine dragons,1520542221749137408,fenwayweather
Imagine Dragons - Radioactive,1520541737663533056,rokeronet
"Creo que fue beliver de imagine dragons

I vote #MONEY for #MúsicaInternacional at this year's #SECAwards https://t.co/DCb36yChdR",1520540051054075904,Lu72Blinku
Imagine Dragons https://t.co/dIQhOrEu0T,1520539472823156736,TheLTFiles
Dean Winchester || Bones by Imagine Dragons https://t.co/8QQ3ccSKpr via @YouTube,1520537609256468480,steffybrintle
"Fuck imagine dragons
Imagine monkeys https://t.co/VfQVoJYHo1",1520535960613797889,Pixel2use
"I'm so tired of waiting too long for a Imagine Dragons and Ariana Grande collab LP, please make it happen",1520535483532554240,ArtistCollab_
Loba music pack but she sings Enemy by Imagine Dragons 🎤 https://t.co/LUowK47ieg,1520534705715781637,calszonee
Imagine Dragons - Bad Liar (Lyric Video) https://t.co/ZmSCZlqtsl via @YouTube,1520534198553124865,flavromar
#chr1 Listen greatest hits now Radioactive - Imagine Dragons on https://t.co/y3r3hZoWCX https://t.co/pqa2uHXwHB,1520534009696112642,classichitradio
"Saudades viajar ouvindo Skank, U2, Stereophonics, Imagine Dragons, The Killers...",1520532820086644738,danizera1994
Imagine Dragons Monster is one of the best songs ever made🤝,1520531644834365442,BlayLemuel
Imagine Dragons - Thunder https://t.co/MjfsMRsmmf via @YouTube,1520530856825159680,DiamondTrailz
"Here’s a song for you… Bones by Imagine Dragons
https://t.co/cFTKFacM6m",1520529406724382720,Valabhh
Imagine dragons are underrated asf https://t.co/ioo4h9dm0J,1520528450867630080,CFC__Cameron
Who is the Imagine Dragons of college football?,1520527684870328327,Skeedap
Imagine dragons makes music for Kia Soul/cellphone commercials,1520527328241139713,Blayne_____
Imagine Dragons - Thunder https://t.co/6HoCfoB8Yp via @YouTube MKHS Lightning &amp; Thunder,1520527281776644098,PitofskyS
Imagine Dragons - Believer (Lyrics) https://t.co/ZvvpeeLFTp via @YouTube  🙏🙏🙏❤️☘️,1520526221083168769,pixielawyer
Imagine Dragons - Believer (Official Music Video) https://t.co/xguiVfRgw7 via @YouTube,1520526171603095552,PitofskyS
"Imagine Dragons x J.I.D - Enemy (from the series Arcane League of Legends)  # # # # # # # # #

https://t.co/eFJA14wt4P",1520523614860238848,CostaBlanca_FM
"I think @elonmusk’s theme song right now is “Enemy” - Imagine Dragons, LOL😂",1520523364670050305,CDE_Informed
Imagine Dragons - Believer cover via /r/coversongs https://t.co/FdZdXS4hJv,1520523232675352576,PulpPiano
Imagine Dragons - Walking The Wire (Official Audio) https://t.co/Byl9zLXYsl via @YouTube,1520522711587561473,paulmahler11
i am an imagine dragons hater before i am a person,1520522526471905280,joonsyeehaw
"( #OnAir ) "" Kygo &amp; Imagine Dragons - Born To Be Yours "" #LoMejor esta en https://t.co/MADDVlkbcR",1520521761695191040,RADIOHORUSmx
"Don't tell me to imagine dragons. I'll imagine whatever I want. Oh crap, it's dragons",1520520815749459968,notfunnyelle
"Imagine Dragons - Enemy Ringtone / Viral Ringtone 2022 / Trending Ringtone / Tone Mania

#ToneMania #newringtone #bestringtone #worldbestringtone #latestringtone #newringtone #ringtone #ToneMania

Ringtone Download Link 👇
https://t.co/3T5GxtKQ6M https://t.co/cZrJKcYf7X",1520519177362034688,tone_mania
Imagine Dragons songs are so memeable,1520517659078676480,jason_ngo1
Never heard a mf say they are excited to go to an imagine dragons concert,1520517601423544322,Poison_Dash
Imagine Dragons must be stopped.,1520517204420222976,gchavo15
hope imagine dragons know their popularity is just from 8 year olds,1520517131439271936,centergirI
shots by imagine dragons,1520517127135924224,LuisVerduzco280
I'm like obsessed with imagine dragons now,1520516728786141185,queeniepii
no miguel radioactive its not a imagine dragons rip-off please dont sue us,1520515889652592640,MiguelMiguelin8
#NP Demons by Imagine Dragons on https://t.co/3JZ7qlaLov https://t.co/wTp98rYFuo,1520510144907522056,The_Fox_Rocks
For the love of god if I find who ever it is on this train who keeps connecting their phone to my headphones and playing Imagine Dragons.,1520509318688346119,Upstate_Trash
"Imagine Dragons – Enemy Ringtone | Tone Mania

#ImagineDragons #DragonBallZ #ringtones #ToneMania

Ringtone Download Link 👇
https://t.co/M0vs6M5QLP https://t.co/GnSpEg6NQO",1520506664041926657,tone_mania
my sister told the alexa to play intense music and it started playing imagine dragons,1520504060461391872,melodicagain
"I should animate an edgy AU Papyrus from Undertale singing ""Bones"" by Imagine Dragons. I don't think I will, but I should.",1520503631400910848,Remerai
The bigger boys’ obsession with Imagine Dragons continues and now the baby yells “DUN DAH!  DUN DAH!” along with them in the car. 🥴,1520501585100562441,yooty
Imagine dragons https://t.co/nQ97bnjHxS,1520500067030945793,NetoMoraes01
"i am locking myself in my bedroom for 24 hours straight and listening to radioactive by the imagine dragons on loop while i study for my accounting final

when i return to society i will be a changed man ..",1520499651912384522,sutaries
if you think dragons are scary imagine dragons with ak-47s,1520499309317341185,HannahLastName1
"How did I not recognize red hot chili peppers, but i did get ed sheeran and imagine dragons???",1520496654301990912,thenobrainkiddo
Imagine dragons 🌃,1520496300449574918,ChNargess
disco electro techno pop music now FOLLOW YOU - IMAGINE DRAGONS on https://t.co/Wg3ueOYXGF https://t.co/8bn8W1HRDY,1520493247742754826,POPXXICENTURY
#NowPlaying Imagine Dragons - Follow You https://t.co/UNYWft5VJi,1520493205782941698,POWER1079
Imagine Dragons - Lonely (Official Lyric Video) https://t.co/cha5uMbdf6 via @YouTube,1520492259963252736,paulmahler11
"""I'm feeling far away, I'm feeling right there. I'm starting to cave, I'm losing my flame. I wanted your truth, but I wanted the pain to disappear, dream maker, life taker. Open up my mind."" - Imagine Dragons",1520491032235835392,OfPrefix
"i’m selling an imagine dragons platinum ticket (standing front of stage) for the 14th of june 2022 in hannover, germany. dm me if you’re interested",1520490684377145347,stilesxrose
Caleb is on KSLQ right now!   Extreme Electrical is the company to call for anything electircal.   https://t.co/7hmfg0F1JS Caleb listens to KSLQ.  But he LOVES https://t.co/dSSjFLXDjr.   His favorite song Enemy by Imagine Dragons JID is on https://t.co/GERg9sQyaC right now!,1520490012067909645,kslq
"Son is working at the music venue tonight for the 2nd time. 1st time was a concert by DeWolff, and tonight by Megaherz. The time of his life . So happy for him.😀 (Tonight as a bartender and stagehand).  Maybe one day he can work at an Imagine Dragons concert 😉 https://t.co/oaJ2644CFK",1520489180568211461,livepositive70
Emitiendo: Believer - Imagine Dragons en #RadioEncuentro #LaMejorMusica,1520489009415434243,radioencuentrok
Imagine Dragons in black and white 1/2 https://t.co/ssjrjNH5kV,1520488286766129155,maya0811
update: she said it was by Imagine Dragons….. https://t.co/3WELjEYzo4,1520487125740883969,BanditoGrey
"*Cleaning up my desk*

Me: WHO GOT ME INTO ALL THIS D&amp;D STUFF!?
Friends: Matt Mercer
Me: GET ME MATT MERCER I JUST WANNA TALK WITH HIM ABOUT MY ADDICTION TO DICE &amp; DRAGONS
Friends: Imagine having that power you could just pull up matt &amp; ask him how hes doing
Me: That'd be cool",1520486816733798400,Prisma_Lin
#chr3 The Best songs rock pop dance latino np Follow You - Imagine Dragons on https://t.co/rj45PfLqb3 https://t.co/osF6awgqxl,1520485173778960385,classichitradio
"#nowplaying IMAGINE DRAGONS, JID &amp; LEAGUE OF LEGENDS - Enemy",1520483779449479168,thedetour
"🚀Cowboys, Robots, Dwarves, Elves, Farmers, Dragons including Dinosaurs! All form of islands!
Sign up with the fast-growing #Discord club of the best #Metauniverse @AftermathIsland
Just imagine what lies in advance🔥

https://t.co/OTjHRmsGJz

#BNB #ADA #NFTCommunity #MetaverseNFT",1520483130439876608,7Days_space
"you know you're down bad for a pairing when you hear an imagine dragons song on the radio and think ""oh wow this is just like them""",1520482794215931904,thirdbike
I need this energy when i sing radioactive by imagine dragons https://t.co/KJlCUcidKI,1520480256485908481,__eyii
NP Enemy - Imagine Dragons on https://t.co/YulNJVfF7T https://t.co/GFM7FCMGID,1520479675251933184,_Hits_music_
Imagine Dragons - THUNDER,1520479608243638272,WhatsOnFM1021
"You would think the world would unite against the audio terrorism that is Imagine Dragons.

Yet here we are.",1520479467818438658,ShaneSpiker
Now playing Demons by Imagine Dragons!,1520477167779471360,RadioTiktok
#NowPlaying Enemy by Imagine Dragons / J.I.D. #listen at https://t.co/RGN0Gpaxia,1520475112952238080,kdrsplaylist
SO PROUD of 5th Grader Tochi who performed “Believer” by Imagine Dragons at the @GreeceCentral Talent Show today as part of the Family Fun Fest!🥰🎶🎷 @lakeshore1200 @GreeceCSDMusic @GCSDsuper @GCSDcommschools @PettiferSuz @Imaginedragons https://t.co/iyA09NX2xy,1520473898860658688,BandatLakeshore
"Imagine dragons... ok

#imaginedragons
#miniaturepainting 
(painted by me) https://t.co/abPfJ4wpAA",1520472573355728897,Elisabetta_Lem
*JOHNNY DEPP 🌹❤️🌹 || Rise Up - Imagine Dragons 🌟🎶❤️🎶🌟* https://t.co/VjxqyStg5R via @YouTube,1520471684482019330,jillsevenoaks
thinking ab the people who fuck to imagine dragons,1520470901892030464,4urportrait
"Every school year I get into a new band/artist without even knowing. 
High School Frshmen: Imagine Dragons
High School Sophmore: AJR
High School Junior: The Score
High School Senior: Zayde Wolf
College Freshmen: Skillet
College Sophmore: Bring Me The Horizon",1520470265876123648,JoeyC1368
Imagine Dragons &amp; JID - Enemy (aus der League of Legends-Serie „Arcane“)... https://t.co/JfeRftEdko via @YouTube,1520468359594315777,JealousWitch_
Imagine Dragons - Believer (Official Music Video) https://t.co/IdCdxCJcov via @YouTube,1520468150655102978,CarolineAlbrus
taylor singing radioactive with imagine dragons on the 1989 tour was really hot. actually,1520467999588769793,noitsmolly
There’s so much Nickelback hate but not nearly enough Imagine Dragons hate. Nothing enrages me more than one of their songs coming on,1520467829371420673,SHiVERSACE
Imagine Dragons https://t.co/LPRVEwvA0J https://t.co/ix53OsHgoQ,1520466076492042241,sokig100
Enter to see Imagine Dragons at Banc of California Stadium from @1043MYfm. https://t.co/eiRUraoYEH,1520464957225136128,bryansm44133574
You think there gonna be millions of documentary about imagine dragons one day,1520464059564724224,mandynthewizard
Now playing Bones by Imagine Dragons!,1520463586463821826,RadioTiktok
"@Imagine Dragons - Enemy Now playing on Radio Ocean City

Get the free APP &amp; Listen anytime. 

Like * Follow * Share 

Alexa Play Radio Ocean City

https://t.co/za5ZcOO5ie 

#internetradio #oceancitymaryland #beachvibes",1520463585134133248,ocdj
NP Bones - Imagine Dragons on https://t.co/YulNJVfF7T https://t.co/xuxvLs1RUz,1520462271222358017,_Hits_music_
Imagine Dragons - ENEMY,1520459473143357440,WhatsOnFM1021
Demons - Imagine Dragons,1520457981850263555,Nucleorockradio
Imagine Dragons 💓,1520456380989120512,ConytaCruzada
"Honestly I don't know much about human anatomy but someone should probably check up on that Imagine Dragons guy, I don't think you can have demons in your eyeballs. You might be imagining something else, entirely",1520454591145340928,cimebarrilete
#NP Radioactive by Imagine Dragons on https://t.co/3JZ7qlaLov https://t.co/iqDAOVvPfc,1520453602652921858,The_Fox_Rocks
"Facts about Imagine Dragons - Hard Core Fan Edition 😎

These facts relate not only to the band but also to the people behind the band.

Second pic: Wayne Sermon, Andrew w his wife Brittany Tolman &amp; Alex Sermon (at a TRF Gala)
Third pic: “Peaches“ 😉
Fourth pic: Ryan Walker w Dan https://t.co/p1Tof2lLIp",1520453383823441920,maya0811
imagine dragons is the white people drake except drake is the white people drake,1520453171340095490,budeuleouns
New Music from Imagine Dragons: Bones. Listen to their new video right now. https://t.co/mmYuph6Knh,1520451781989445632,cameroncowan
@altnation Bones - Imagine Dragons #Alt18,1520451307794046976,JoyJoyfuljag
"""Wrecked"" - Imagine Dragons 
(Dustin Phillips Cover)
 https://t.co/ygVFOOwKrn via @YouTube",1520451161186312192,sbkidde
"Now playing 🎵Imagine Dragons feat J.i.d, League of Legends  -  Enemy 02.01.22
Listen here: https://t.co/lTNBlEsX5O 🏆NO.1 RADIO STATION 🚫NO COMERCIAL BREAKS 🔀 24hr NO REPEATING SONGS",1520450415099355137,dfmliveradio
"Wow. I’ve been hearing that song “enemy” by imagine dragons. Its great. I assumed the rap was Kendrick Lamar, but I wasn’t 💯 sure. Just found out it’s that dude JID. He sounds exactly like KL. What a biter. Btw, my beat was used 4?Kendrick’s “blow my high” but I never got credit",1520449227947712513,SilvaRecord
Wrecked - Imagine Dragons,1520448997898530816,cVraiRadio
"Crazy how imagine dragons's Some and Mirrors is actually a pretty alright album and then they just never reached that height again

And I say ""height"" loosely",1520446276558594049,wsfroggy
Top Hits music. Now Enemy - Imagine Dragons on https://t.co/YulNJVfF7T https://t.co/ZYz0uultQU,1520445674176843776,_Hits_music_
"It's been far too long since a cover of Ballroom Blitz has graced the airwaves. Who is going to step up?  Dolly? Taylor Swift?  is this Kanyes redemption?  Lizzo?  Please not Imagine Dragons, please, please.",1520445634448445441,RealLeeBruns
"Imagine Dragons crooning with Otis Redding in a Mozambican folk dance style, produced by Brendan O'Brien",1520444439625273344,MashedUpBands
@BarkAndreFurry I will be in Vegas for the imagine dragons concert September 10. I gotta meet the best dog in the world.,1520443829773611008,SnIp3OuT1212
Imagine dragons - on top of the world https://t.co/f953WzBGep,1520443643840114688,Obikunii
somebody is playing imagine dragons ‘believer’ at full volume out of boom box at my bus stop. I’m allowed to beat the shit out of them right??,1520443029160660993,anxi_ettie
The best funk dance clubbing music nowplaying WRECKED - IMAGINE DRAGONS on https://t.co/Wg3ueOYXGF https://t.co/JiwkvBxswQ,1520442641476993024,POPXXICENTURY
Imagine Dragons - Bones,1520441806105845762,radiofmfaleria
Norwich just got relegated. Can you imagine the Reds getting dropped down to the minor leagues and playing the Dayton Dragons instead of the St. Louis Cardinals?,1520441772220026886,bobreyna
Now playing Thunder by Imagine Dragons!,1520441604582125568,RadioTiktok
"Top 50 - Global CLEAN 🌎:

🥇 Harry Styles (29 days)
🥈 Glass Animals
🥉 The Kid LAROI, Justin Bieber
4️⃣ Future, Tems 🆕
5️⃣ Camila Cabello ⬇️
6️⃣ Elton John
7️⃣ Imagine Dragons ⬇️
8️⃣ Lil Nas X ⬇️
9️⃣ Becky G
🔟 Elley Duhé ⬇️

#WeekendVibes #ShoutoutSaturday
https://t.co/Dfb3TmJUdH",1520440346353799170,Top50Clean
woah radioactive by imagine dragons becomes seelkies 4th theme song https://t.co/th0TbpVZ5J,1520440290737274880,VO1DSTUD1OS
imagine dragons unproblematic af. i’ve never heard of them doing something bad,1520439978127470592,kaitlovesuu
Imagine Dragons - Thunder-  #kbradiothp #indiemusic #internetradio    #indie https://t.co/fmsTepObLH  #incurablespowerhour,1520439624367329280,KBRadio_Canada
#chr3 Best rock pop dance music Now Enemy - Imagine Dragons feat JID on https://t.co/rj45PfLqb3 https://t.co/noA6KQ7aLA,1520438906218598400,classichitradio
probably bones by imagine dragons or waiting by woodz https://t.co/M23pyNAvVy,1520438277349720064,qyeugist
So many good Imagine Dragons songs 🔥,1520435590847684608,palmbeachd
Imagine Dragons - Bones,1520435316020195328,WhatsOnFM1021
Now playing Natural by Imagine Dragons!,1520433072931487749,RadioTiktok
Ely is repeatedly listening to Imagine Dragons because he is gay let the little gay man have his little gay tunes.,1520432892668616704,Loluhhha
We got a Wawa in my hood now AND they were playing Imagine Dragons AND the Cuban Roast was fresh. Quality of life way up.,1520431984383778816,DanicaRachele
Radioactive - Imagine Dragons,1520430709672116224,Calculate_
On a road trip and taking turns with my wife and daughter picking the song we listen to. My daughter has now picked “enemy” by Imagine Dragons 3 straight times. Pray for me.,1520430230044921857,conant_dc
"after the dragons fase I cant even imagine how its gonna go, my bet is that it will rewind everything back again",1520429745879633920,bIue_nat
"Hot Hits USA CLEAN 🇺🇸:

🥇 Justin Bieber, Don Toliver 🆕
🥈 Latto
🥉 Harry Styles ⬇️
4️⃣ Tiësto, Ava Max ⬇️
5️⃣ Glass Animals ⬇️
6️⃣ Lizzo ⬆️
7️⃣ Future, Tems, Drake 🆕
8️⃣ Doja Cat ⬇️
9️⃣ Imagine Dragons, JID ⬇️
🔟 Elle King ⬇️

#WeekendVibes #ShoutoutSaturday
https://t.co/wxIZfFRUvY",1520429022689255426,Top50Clean
"En el aire: IMAGINE DRAGONS - On Top of the World, la escuchas en: https://t.co/7UW3Kraq8S",1520429002619555840,TopLatinoRadio
"Imagine Dragons - Bones (Official Music Video)
https://t.co/qaI9hr397v",1520428002265518080,SecretSoSHHiety
Adesso in onda Imagine Dragons - Bones https://t.co/NPVs5dgKny,1520427408662351876,RadioOlbiaWeb
Imagine Dragons - Whatever It Takes https://t.co/BrOMHaEOq1,1520426405695209472,securenet
forgot how much I love imagine dragons omg,1520425747848077314,hyyhwhore
"Nu op ZTACK: Enemy (from the series Arcane League of Legends) van Imagine Dragons, JID &amp; League of Legends! 🎶
📻Tune in op https://t.co/XYjsqE6MaU!",1520423854736392192,NuOpZTACK
"🚀Cowboys, Robots, Dwarves, Elves, Farmers, Dragons furthermore Dinosaurs! All sort of isles!
Sign up with the fast-growing #Discord crew of the leading #Metauniverse @AftermathIsland
Just imagine what exists ahead🔥

https://t.co/OTjHRmsGJz

#BNB #ADA #NFTCommunity #MetaverseNFT",1520422731556311048,7Days_space
rock pop dance classic hits now: Bad Liar - IMAGINE DRAGONS on https://t.co/euPh0ZZYk8 https://t.co/XKFP6NJ6Qy,1520421768414048263,Musicstradio20
This is killing me no updates.... I've rocked out hard to Imagine Dragons songs all day as my adrenaline is too high worrying about if he is okay. I know he will be but.... it's like I'm worrying like I do about my little bro who is also army officer in the UK. @CanadianUkrain1 https://t.co/rWtKVZcpCi,1520420538312765440,Si42sr
Now playing Wrecked by Imagine Dragons!,1520419621710573568,RadioTiktok
Smoke + Mirrors https://t.co/oD5wQ3rauh,1520417187902541824,boxticker
Demons - Imagine Dragons https://t.co/BPGr8VJAy4,1520417086966837250,imagineyuri
#chr1 All classic music hits rock pop latino #np Whatever It Takes - Imagine Dragons on https://t.co/y3r3hZoWCX https://t.co/clCqLAB4Lf,1520415291905302530,classichitradio
"16:41: ""Enemy"" von Imagine Dragons feat. JID &amp; League Of Legends",1520413178231988225,OE3
Now playing Radioactive by Imagine Dragons!,1520412495827152897,RadioTiktok
Imagine Dragons - Follow You https://t.co/RaOzqngUsn,1520410701998788608,85_5Radio
Now Playing: 'IT'S TIME' by 'IMAGINE DRAGONS',1520408223047720960,3FMradiomusic
"Finally finished my Cohort 3 entry for @ThePossessedNFT radio contest. 

I used both Space and Keyboard sound fx from the team while the main song is ""Radioactive"" by Imagine Dragons. #pssssdvibes #posse 

I hope y'all like it!

@tmw_buidls @whatthefurr @ggDaydreams @luuminize https://t.co/sRIMxxGizQ",1520407680984121346,CryptoBraggs
"A hela lot of them honestly

But recently i think alot abt au with mir and vampire hunter norton
With enemy by imagine dragons on background https://t.co/M3y9EswUUb",1520407222840352769,wiki2world
"First: KLB
Last: Emicida e Rael Convidam Mano Brown (acho)
Best: Mumford &amp; Sons, Of Monsters And Men &amp; Djonga
Worst: Caetano Veloso
Loudest: Imagine Dragons 
Seen the most: Pitty, Froid, Liniker 
Next: Glória Groove, McFly, DPR 
Wish: Stray Kids https://t.co/7JMNhkfPV7",1520406709818245120,ohsugarcube
"I'm like, listening to Imagine Dragons and Queen for all day",1520406390271275009,whynot15317
Imagine Dragons - On Top of the World https://t.co/LMcMmI539q,1520406084774731777,Funkykidsradio
"Shows

First: Maroon 5
Last: Imagine Dragons
Best: Nickelback
Worst: Muse 
Loudest: Imagine Dragons 
Seen the Most: n sei fodase
Wish: Pearl Jam/Little Mix 😭 https://t.co/WA2uci8fn1",1520405065600835585,izavecz
Imagine Dragons - It's Ok (Official Lyric Video) https://t.co/0yDDQlGBEz via @YouTube,1520403320258633729,paulmahler11
Now playing: Shots by Imagine Dragons #nowplaying Listen live: https://t.co/DswV8KZOAD https://t.co/rSkLMj0NpR,1520400874182709249,mixfm_now
Someone told me that imagine dragons is the new puddle of mudd and I could not agree more.,1520400516743933952,jasylvia
Ben Haenow sings Imagine Dragons' Demons | The Final | The X Factor UK 2014 https://t.co/YVvcMGtDgK via @YouTube,1520400295469232128,lauraoncesmilez
im in my own personal hell (imagine dragons radioactive and oh the misery are stuck in my head),1520399021109837824,rekka236
Imagine dragons makes music for 3rd grade basketball warmups,1520398626584944640,_tyler_jones11
"Imagine Dragons Heardle #9

🔊🟩⬜️⬜️⬜️⬜️⬜️

https://t.co/f2rLaWJXS5",1520397441924833280,GoldPlatzman
Except it’s only 2019 back for Bastille and 2015 back for imagine dragons. https://t.co/LOivuy4R7s,1520397259992887296,caseydoingart
Radioactive-imagine dragons https://t.co/nwcDfCQEhL,1520396237291196416,e3_king
Imagine Dragons - Whatever It Takes https://t.co/BrOMHaWphz,1520396147445043204,securenet
Listening Bastille and Imagine Dragons again. This feels so good.,1520395745245134848,caseydoingart
The best funk dance clubbing music nowplaying Bad Liar - IMAGINE DRAGONS on https://t.co/Wg3ueOYXGF https://t.co/fOgMFg1m4f,1520394329428267009,POPXXICENTURY
"Imagine Dragons Heardle #9

🔊🟩⬜️⬜️⬜️⬜️⬜️

This one wasn’t easy 😮‍💨

https://t.co/pSNHZtx0vx",1520391712341901313,Its_Time_10
Imagine Dragons omg 🔥,1520389952957210624,Keeshay_
Imagine (that they would stop making music) Dragons,1520389323883008002,alexcusemewhat
Listen the best music. Now Enemy - Imagine Dragons on https://t.co/YulNJVfF7T https://t.co/17lqlUr4Qw,1520389087022174208,_Hits_music_
"More fine music in the Top24

7. Adore by Amy Shark
6. I Won’t Be There by @FallsPetal 
5. Read My Mind by The Killers
4. Bastards by Machine Head
3. Thunder by Imagine Dragons
2. Yours Truly by Drive Yourself Away

Enjoy it here https://t.co/BJaB0c5Fkg https://t.co/TbPWoO7ZVx",1520388750970220544,RadioTfsc
Our Last Night - Radioactive (Imagine Dragons cover),1520387695041687552,LahBagen
imagine dragons https://t.co/U78KMAoifG,1520386812140793856,deadbytomorroww
Imagine Dragons - NATURAL,1520385484702334978,WhatsOnFM1021
Imagine Dragons - Believer,1520384603026079745,Nucleorockradio
The last time I went to a GP - COTA 2019 - we had Imagine Dragons and Pink. Now THAT was $350 well spent. For seats at T12 too. This is  just ..... underwhelming #MiamiGP https://t.co/ImaFS2tp8L,1520384289661239297,JackieF1nut
Imagine Savatage featuring a hardcore drums with lyrics about dragons,1520383889444728832,CoolMetalBands
Listen the best music. Now Bones - Imagine Dragons on https://t.co/YulNJVfF7T https://t.co/n9FGl0GKTq,1520383022520016897,_Hits_music_
#NP Natural by Imagine Dragons on https://t.co/3JZ7qlaLov https://t.co/zylqd7whNl,1520381060323942400,The_Fox_Rocks
"#nowplaying ""Zero - From the Original Motion Picture ""Ralph Breaks The Internet"""" by Imagine Dragons https://t.co/pUlrgceSuK https://t.co/26Wm28rOL5",1520378932071182336,asrultomen
#NowPlaying Imagine Dragons - Enemy (Radio Edit) https://t.co/5bQQhH9RrS,1520378200228081667,huetpatrick1
"Imagine Dragons - Believer has moved up 16 places from 97th place to 81st. #ImagineDragons  

https://t.co/mL8UisMzsp",1520374944403755008,chartMovers
"Look around you and Imagine.

Dragons.",1520372657350483969,PurpCubeTrooper
Imagine Dragons - Thunder https://t.co/MnOypPs5WR via @YouTube,1520372180265181184,TonyTheDBZJedi
"When was the last time you heard Imagine Dragons‘ “Cha-Ching“? For me this song is almost like an energy drink, it gives me energy and power. Enjoy this clip from the Reading Festival 2013.
https://t.co/wCiP8OovC3 https://t.co/RTi3J2trqK",1520372113064050692,maya0811
