full_text,tweet_id,screen_name
natalie portman wearing jean paul gaultier in 1997 https://t.co/4OU1MD5MTd,1520889824424738816,margieIic
i love jean paul gaultier,1520875662440951808,p1zzap4rty_
going to nordstrom rack and then getting mad that the clothes don’t fit like jean paul gaultier designed them specifically for me,1520854667923795968,ladymarmalard_
Jean Paul Gaultier Vintage Silk Scarf 35 x 35 inches by FloralStreetArt via @Etsy https://t.co/HKEWMo8nVj,1520847092725465090,floralstreetart
"initial designs jean paul gaultier envisioned for michael jackson’s dangerous era. 

the girlies were about to go jobless! https://t.co/dHEvXVmaED",1520824685117816834,dolnini
Mankind UK |  | Save 20% on Jean Paul Gaultier Fragrance | https://t.co/4sGzYa30ea,1520774179443912707,tailored_deals
"Joe Royle is a City icon. Also, doesn't Peter Reid look like Jean Paul Gaultier? He does!",1520773512817954816,LizTray
what if we kissed and i were wearing the 1996 Jean Paul Gaultier pajamas https://t.co/SY0HVSeaNj,1520767990001713153,ChuteNations
Jean Paul Gaultier Vintage TEE maat XL @ Second Best Selected Treasures https://t.co/7bnGnZw6BH,1520726598856499200,AylaSmit
Jean Paul Gaultier vintage Blouse maat S @ Second Best Selected Treasures https://t.co/KkjiGkBXkF,1520725931496718336,AylaSmit
Jean Paul Gaultier vintage Tee  maat S @ Second Best Selected Treasures https://t.co/jZ41Tr5WVA,1520725299020894209,AylaSmit
Check out this listing I just added to my #Poshmark closet: Jean Paul Gaultier Bag Suede Crossbody Satchel Purse Free Shipping. https://t.co/rndYYKdSRM #shopmycloset @poshmarkapp,1520723766933790720,lyndilane
Perfume Price |  | Jean Paul Gaultier: New Arrivals &amp; Perfumes from £26.95 at Perfume Price | https://t.co/6Mjdu9raoB,1520692848840036352,tailored_deals
"Heading out wearing Supreme hat,Jean Paul Gaultier shades from before i was born, Carhartt vest from like 2004,Unborn Society hoodie,Richardson chain,Stussy Pants,Civilist Socks and loafers from Matchstick https://t.co/2ImATcN0Wl",1520689039564627968,BARKISTAN
"""I don't know exactly what is my impact, but I can say I am doing fashion my own way."" -- Jean Paul Gaultier
#jeanpaulgaultier #quotes #quotesandsayings #motivation #inspiration #sayings #quote #quoteoftheday""",1520661916858957824,itsazeena
Jean Paul Gaultier Spring 2022 Couture https://t.co/PNy5NMj19u,1520659287860781057,ravenstrut
fuck i also missed the jean paul gaultier one😫😫😫😫😫😫😫😫,1520656987834388482,rinaposa
"""I don't know exactly what is my impact, but I can say I am doing fashion my own way."" -- Jean Paul Gaultier
#jeanpaulgaultier #quotes #quotesandsayings #motivation #inspiration #sayings #quote #quoteoftheday""",1520641420398239744,q_and_s_net
"💰 Looking for a steal? Women's Perfume La Belle Le Parfum Jean Paul Gaultier EDP is now selling at £145.20 💰
👉 Product by Jean Paul Gaultier 👈
 Grab it ASAP https://t.co/XrukKFvST2 https://t.co/Rk19uBDh12",1520614810559430656,UniqPerfumes
Collection couture Jean Paul Gaultier spring-summer 2022 💗🌸 https://t.co/ieKuN4gPXx via @YouTube,1520514257187745792,LiliyaLrworld
woke up thinking about the jean paul gaultier mcdonald's uniform from fifth element https://t.co/xmOGJ9zloZ,1520503272070651905,BaraTiddys
"Jean-Paul Gaultier, as seen on Toni Childs 😇

Just hit the shop: https://t.co/IaxP3cUtOE https://t.co/HoGgt6AX4p",1520431151734611968,lamb_vintage
"Jean Paul Gaultier in NYC, 1984 by Andy Warhol https://t.co/Msjc5rWKQ1",1520417926129594368,Fusedmagazine
JEAN PAUL GAULTIER Vintage Black Alpaca Knit Crepe Inset Tie Front Top S https://t.co/00Lf4jYoEV eBay https://t.co/hqcRWn0uuk,1520398955590209538,tops_women
"durin da same season too.. between Jean Paul Gaultier, Diesel &amp; YProject; he owned PFW https://t.co/rcc0DIJEPA",1520387293604941824,Mystic_xo
Honestly still thinking about how 2015 Australia's Next Top Model got Jean Paul Gaultier,1520383567335137280,mkr790
"I am very lucky because I am realizing my childhood dreams, and after presenting my shows it's like a party.
-Jean Paul Gaultier
🇸 🇮 🇩  🅑🅓
MUNAWAR FOR THE WIN https://t.co/UmRZGGpF44",1520363036355092480,Mr_Dewan_BD
"I don't like dreams or reality. I like when dreams become reality because that is my life.
-Jean Paul Gaultier
🇸 🇮 🇩  🅑🅓
MUNAWAR FOR THE WIN https://t.co/erD5QLzKoF",1520357288178987008,Mr_Dewan_BD
Jean Paul Gaultier Spring 2003 https://t.co/txjnSwqv2X,1520355459714191360,highrunway21
"Bia (@BIABIA) with the Queen, Nicki Minaj, in vintage Jean-Paul Gaultier, sourced by Lamb Vintage. https://t.co/rsqx84al92",1520253668213149698,lamb_vintage
got her pregnant cuz I only had the jean paul gaultier left and I need it to resell,1520216198604259330,dumbsurferrr
"“Elegance is a question of personality, more than one’s clothing.” – Jean Paul Gaultier

ANJI FeelsTheConcert
#AnjiSalvacion || @anjisalvacion https://t.co/IMGKoT4dnp",1520206205355929600,elykimika
"this is a complete guess, but could cl go to the met gala in jean paul gaultier by glen martens? cl has a longstanding relationship with jpg himself, notably, getting looks fresh from the runway for lover like me. her makeup artist was just at a jpg showroom. coincidence? https://t.co/MQWJ1L42rc",1520202116912267265,sashashchi
Vogue by Jean Paul Gaultier - Madrid Bohemian Culture Group https://t.co/2Sn9dpSOLj,1520190695998472194,carlos_reid_
Jean Paul Gaultier - Fall 1997 RTW https://t.co/ygjmace6gi,1520182796031074304,gaultiergirlie
"Linda Evangelista @ Jean Paul Gaultier Fall/Winter, 1994 Ready-to-Wear https://t.co/fkCZEiR0Ob",1520177212485472258,ErinMorreale
Check out this listing I just added to my #Poshmark closet: Jean Paul Gaultier Bag Suede Crossbody Satchel Purse Free Shipping. https://t.co/rndYYKdSRM #shopmycloset @poshmarkapp,1520161226583543808,lyndilane
The feminine urge to spend an obscene amount of money on Jean Paul gaultier,1520155471386189828,audreyap99
Kendall in Jean Paul Gaultier https://t.co/DxyIDqhPr9,1520151432535719937,anwarstylisthf
Jean Paul Gaultier Couture Fall 1991 https://t.co/yvsF9ybwpZ,1520145399482257408,brownfashiongal
"""#Eurotrash"" is a term for certain Europeans, particularly those perceived to be socialites, stylish and affluent. 
1/ https://t.co/dti2csNaBD

2/ https://t.co/BkKL3MCcYo
Eurotrash is a 30-minute magazine-format programme  #Jean_Paul_Gaultier and produced by Rapido Television.",1520143223049830400,owhy3
Robin Williams wearing the iconic 1996 Jean Paul Gaultier muscle shirt. 📸 https://t.co/YMawC6vdXx,1520139135792603137,97thVintage
Jean Paul Gaultier S/S 1995 just landed. https://t.co/wuVYE6tpWP,1520138332654772227,plugyuri
My Versace Blazers and my Jean Paul Gaultier Blazer arrived today! It’s fucking giving!,1520134056071122944,thatssomuhleek
sure i would love to wear these by jean paul gaultier ‘98 couture at the met gala https://t.co/56lhzF3s13,1520116522064261122,hadidjolie
y/project fall 2022 menswear in collaboration with jean paul gaultier https://t.co/KMwbMY0aIv,1520108150124421122,versacedetails
"Favorite❗
Jean Paul Gaultier For Hermes Fall2004
#jeanpaulgaultier #Hermes https://t.co/loBsfIfNQO",1520098905706311680,ruocai324
"Jean Paul Gaultier: Scandal

Sold Out ❗ https://t.co/prkeRHLGuf",1520092715857362954,Lekunutung_E
caught a whiff of jean paul gaultier’s le male at the store today. enticing scent. but the bottle isn’t levelling up.,1520091891823431683,nauteeq
can't sleep I'm thinking about this vintage jean paul gaultier bag that I saw the other day lol I should've gotten it :(,1520088410165108736,skintybambola
"Bella Hadid wearing Jean Paul Gaultier 1996 to The Met Gala after party, 2019 https://t.co/zzlJg5Gs8k",1520045048875913217,fashionfaguette
Look 64 from Jean Paul Gaultier “The Modern Man” collection fall 1996 https://t.co/C5hb2eSmoQ,1520035177946398725,Vogueland_
"esperando muito ver esses no met gala: vivienne westwood, alexander mcqueen, balmain, givenchy, jean paul gaultier e schiaparelli",1520027663678775296,festeyer
"34% ($78) under retail
31% ($67) lower than last sale!
Supreme Jean Paul Gaultier Floral Print Hooded Sweatshirt Black
Size: M — Retail: $228
Last sale: $217

BUY NOW ➡ $150
https://t.co/S0jdRvK369 https://t.co/Dr8DkEoT2h",1520011094277988353,StockXSupply
Burna tear Jean Paul gaultier shirt for stage. Well he has the money 😭😭😭,1519992974746210304,chinexlo
"Scarlet/inspiration: Scandal Jean Paul Gaultier

WhatsApp:067 127 0151 https://t.co/Rns8GRB5Bx",1519987722085015552,sfalset
"fashion designers that share my venus (aries)
alexander mcqueen, jean paul gaultier, donatella versace and vivienne westwood https://t.co/Tg61l1WGIt https://t.co/2slOF2nQ9B",1519938717988925440,maurane_wuyts
"Check out this product 😍 Men's Perfume Jean Paul Gaultier Le Beau EDP (75 ml) 😍 
by Jean Paul Gaultier starting at £161.00. 
Show now 👉👉 https://t.co/2hFeb3SIO7 https://t.co/LJ7uA0L7Fl",1519890228139499520,UniqPerfumes
#diadelanimal #melorepondria Vintage Jean Paul Gaultier 1990s Leopard Cheetah Animal Print 90s Sash Dress https://t.co/aPgLi7y8m1,1519889209389060096,SilM_DG
"21% ($48) under retail
Supreme Jean Paul Gaultier Floral Print Hooded Sweatshirt Black
Size: L — Retail: $228

BUY NOW ➡ $180
https://t.co/aAK4u2QJbz https://t.co/VjBXXmYX5t",1519851912945876993,StockXSupply
"packing up my apartment and finding multiple pairs of shoes and clothing i didn’t know i had
found a box under my bed i forgot about filled with raf and 80s jean paul gaultier",1519843621532581888,ravenmoxon
jean paul gaultier x lotta volkova is very promising 👀,1519828602371592194,pinsgwreloaded
I might be obsessed with vintage Jean Paul Gaultier,1519826918782210053,ErickkaSpencer
Vintage Jean Paul Gaultier Body-Print Blazer ✨ https://t.co/3pGXM8USQA,1519820972349665285,brotep_
If I had the money/status blah blah blah I would only wear Jean Paul Gaultier for the rest of my days,1519812869483012096,dhscoikon
"Jean Paul Gaultier So Scandal! by Jean Paul Gaultier Eau De Parfum Spray (Tester) 2.7 oz for Women
Price $ 123
https://t.co/ByTvhSg1QJ",1519805420843511809,ismystore
Jean Paul Gaultier: Black and White X-Ray Long Sleeve Shirt (1990) https://t.co/Ehtknl7mRl,1519774227427176449,suraStudios
It was a thing back then on runways for designers like Jean Paul Gaultier. The slick hair gives an androgynous vibe to the whole ensemble. https://t.co/fQVmc3JUSY,1519760321321537536,kdrama_phs
Check out this listing I just added to my #Poshmark closet: Jean Paul Gaultier Bag Suede Crossbody Satchel Purse Free Shipping. https://t.co/rndYYKdSRM #shopmycloset @poshmarkapp,1519738492846153728,lyndilane
jessica stam at jean paul gaultier ⋅ ss 07 https://t.co/fTLijdB0zh,1519708016060284929,pixts
"I can confirm she will be attending the Met Gala this year, but she will not be wearing Dior; she will be wearing a custom Jean Paul Gaultier gown! https://t.co/Rhxzt7vTXC https://t.co/TT8BuxbXLN",1519698978526351364,forevasznn
Actually cannot believe I never twigged that the artwork is based on Jean Paul Gaultier’s corsets of this era! Details 😍 https://t.co/VYEIo7Zsne https://t.co/43SpYB0A4G,1519669994891718656,lowriangharadw
"The rich fragrance of Jean Paul Gaultier Le Male Eau De Toilette reflects man's complex nature. Men who are not afraid to show their strength and vulnerability wear this scent with confidence to any event during any season.
#jeanpaulcaulitierlemale
 https://t.co/xCRyfcLcxE https://t.co/dW3I5lBphd",1519655169935429640,Vogue1Perfumes
"25% ($58) under retail
Supreme Jean Paul Gaultier Floral Print Hooded Sweatshirt Heather Grey
Size: L — Retail: $228

BUY NOW ➡ $170
https://t.co/YhnZyEGUrq https://t.co/F4FtWExu6x",1519633736492531712,StockXSupply
Why Jean Paul Gaultier's Cyber Show Is the Best Show Ever | Vogue https://t.co/avh4VFhLGX via @YouTube,1519617625478746112,10110____
"🧛🧙...over there, the one wearing Jean Paul Gaultier black lace over her naked body -- just with built-up underwear. 
13📚 https://t.co/gmyV0urcOD 
@rodrigo.garcia.olza
España 13📚
https://t.co/2WIAcJzOWT
🧛🧙
#horses #spain #romance
#books #bookstagram #witchesofinstagram",1519582013027663872,GarciaOlza
So Scandal by Jean Paul Gaultier 80ml edp Women New. https://t.co/CNdZlx7FdZ eBay https://t.co/iE6YlsHJjD,1519503306548121600,fragrances_and
"Check out this product 😍 JEAN PAUL GAULTIER - Classique Eau De Parfum Spray 😍 
by Jean Paul Gaultier starting at $96.00. 
Shop now 👉👉 https://t.co/jtkzgeTsBZ https://t.co/vFYfSnDsOs",1519496958766891008,Divas7Queens
"Symone at the Jean Paul Gaultier dinner last night in Italy.
🎥 lajedet https://t.co/0mTElbCn58",1519490300107841536,capriciacorn_
all a girl needs in life is a good nights sleep and vintage Jean Paul Gaultier is that too much to ask for,1519489640197206018,existTtrace
Everybody on Twiddle seems to be talking about @elonmusk I've never smelt it before. Is it as nice as Jean Paul Gaultier?,1519477383023280128,lifeofbryony
Jean Paul Gaultier 56-8102 Steampunk Gold/ Copper Sunglasses https://t.co/174dbkeldx eBay https://t.co/5bv0B1LErt,1519465180995805184,VintageClothi19
"Jean Paul Gaultier×BLACKPINK

#kpoppredictions #kpopprediction #LISA",1519460807259602944,predict_rumor
Jean Paul Gaultier - How To Do That (Official Music Video) https://t.co/E7eFwd8m1Z https://t.co/XNKqqozfu8,1519455363375894529,Videos80s
I just want a bottle of “La Belle” by Jean Paul Gaultier and “Perfect” by Marc Jacobs without spending my own money.,1519433368349200384,__shaylinn
Jean Paul Gaultier Women's Sweater Size S ivory Stripes cotton navy blue https://t.co/wZIlh0Xb3G eBay https://t.co/QkzGoYmGQn,1519425038247555072,SweatersWomens
"23% ($38) under retail
21% ($35) lower than last sale!
Supreme Jean Paul Gaultier Belt Black
Size: L/XL — Retail: $168
Last sale: $165

BUY NOW ➡ $130
https://t.co/MjFNEEEEVV https://t.co/P1tRJtazbE",1519409871027904512,StockXSupply
"@RoundhouseLDN have announced an explosive combination of a musical revue and fashion show, depicting the sensational life of @JPGaultier 💫

https://t.co/XV8DIlHgv8

#fashionshow #jeanpaulgaultier #fashionblogger #fashioninlondon https://t.co/mDXQkMIYG2",1519392370516766722,CultureCalling
it is soooo much fun to say jean paul gaultier,1519391550593282050,srahzz
JEAN PAUL GAULTIER CAUSE THEY MATCH W HER PERSONA,1519384619183132672,yassandslayy
the leopard motif embroidery in jean paul gaultier's haute couture f/w 1997 https://t.co/c8TJ2oBcaO,1519377460634300416,caamiIoo
Jean Paul Gaultier Spring '13 https://t.co/b9dQ9hArhM,1519356481963180033,devaloom
Jean-Paul Gaultier Black Jumpsuit (Italy) https://t.co/R8AlQtXwHO via @Etsy,1519354073417461763,PJSpreckelsen
My money was thinner than Sean Paul's goatee hair…..Now Jean Paul Gaultier cologne fill the air,1519340929919987713,AntEscrow
"21% ($48) under retail
27% ($65) lower than last sale!
Supreme Jean Paul Gaultier Floral Print Hooded Sweatshirt Heather Grey
Size: M — Retail: $228
Last sale: $245

BUY NOW ➡ $180
https://t.co/I2ra2k3WuC https://t.co/r3ZezuDvZx",1519330353277767680,StockXSupply
"i wouldn’t say i personally know @GreenVelvet_, but pre-transition, i opened for him once and we drank tequila and talked about “the fifth element” and jean-paul gaultier and it was a really nice conversation.

happy belated, uncle velvet!",1519296789492510721,BabyWeightMusic
"A new offer on International Stores Online..... 
Save 20% on Jean Paul Gaultier Fragrance from Mankind

Find more discounts &gt;&gt;https://t.co/sFB9i09JwT

#vouchercode",1519292348945076224,StoresShops
"Save 20% on Jean Paul Gaultier Fragrance from Mankind https://t.co/LVWwF0ltWW 

#discount #code #share",1519287196154568704,SENDITdotTo
"Tax includedShipping calculated at checkout

Read more 👉 https://t.co/Pz4d1lptrH

#ExclusiveMenSPerfume #PersonalPerfume #CheckoutDefaultTitle https://t.co/WIjg2uqJAx",1519268460924219392,BlackFr29827905
"Luxury designer inspired car diffuser 🚘

-Inspired by; Jean Paul Gaultier: Scandal (women) 
-Price: R80
-Based in Midrand
-Nationwide delivery
-Please DM for enquiries

#Ad #ThembaBroly Kempton Park https://t.co/8q1UXX9ZYU",1519258937182363648,Lekunutung_E
Jean-Paul Gaultier Haute Couture Fall/Winter 2000 https://t.co/44PfsFvA0j,1519224363165396992,140ghostdance
"The Face Magazine, Issue 72, April 86, Jean Paul Gaultier, Gary Oldman #eBay🇺🇸 #Magazines https://t.co/aYBsUUKJwt",1519223085832065025,MagazinesAlert
Jean Paul Gaultier by Jean Paul Gaultier EDT Spray 3.4 oz Snowglobe Collector Ed https://t.co/N0KQOmidL3 eBay https://t.co/JVRQwatyUK,1519192757771771904,fragrances_and
Jean Paul Gaultier by Jean Paul Gaultier EDT Spray 4.2 oz Snowglobe Collector Ed https://t.co/wGeceF5qun eBay https://t.co/VUU8rc7W7k,1519180816076615681,fragrances_and
Jean-Paul GAULTIER Floral Printed Sleeveless Shirt Size 38(K-104441) https://t.co/PiynWVcG2I eBay https://t.co/Qj76C48kvs,1519152996809990144,tops_women
Vintage Jean Paul Gaultier my absolute beloved. https://t.co/vwHXpBdtX5,1519139501645438976,_meownsignor_
In Nordstrom arguing about how to say Jean Paul Gaultier,1519131095727497219,Asapchristi
Hyped: Y24 (by @) https://t.co/tWHmUeVxNw,1519117802866622467,ThomasGouard
"💖💖💖💖Jean Paul Gaultier💖💖💖💖 
The male meets the female 😏
Scandal For Men
{100 ml EDT} - $1,395.
Scandal For Women
{80 ml EDP} - $1,450.
Link up today at 715-5732 or WhatsApp at 348-2078. https://t.co/cQOkgSipsq",1519109839141670915,FragranceHubTT
"Jean Paul Gaultier Le Beau by Jean Paul Gaultier Eau De Toilette Fraicheur Intense Spray (unboxed) 4.2 oz for Men
Price $ 87
https://t.co/fn7Jrw6CUO",1519094985639043074,ismystore
Jean Paul gaultier cause it match with her persona,1519090521679044609,cunterexic
In a haze of sheer black tulle.. Jean Paul Gaultier Spring 2022 Haute Couture Collection by Glenn Martens. 🖤✨ https://t.co/2kXKS5CMRv,1519086873997721600,NoraBNora
Vintage Cavalli and vintage Jean Paul Gaultier are my kryptonite https://t.co/LSKepsBn25,1519073713886580736,susuajoke
naomi wearing jean paul gaultier https://t.co/Xdb6aOwfaH,1519071530705166337,MOSSYVIBES
Check out this listing I just added to my #Poshmark closet: Jean Paul Gaultier Bag Suede Crossbody Satchel Purse Free Shipping. https://t.co/rndYYKdSRM #shopmycloset @poshmarkapp,1519067239353249793,lyndilane
I act like I’m okay but I wish it was 1994 and I’m walking for Jean Paul Gaultier.,1519057583348367367,Cameoecho
Jean Paul Gaultier ring. Very rare. 100% Genuine / Authentic. Sterling Silver. https://t.co/fN7IqF8tju eBay https://t.co/C8vHjQQGXi,1519031444412067840,jewellery_men
Modelling for Jean Paul Gaultier is a dream. https://t.co/fvj88zj2Xn,1519024972580196352,Brunoflawless2
"This is one of the stars of the show, disinfectant with a Jean Paul Gaultier  inspired fragrance, smells amazing! #SpanishCleaningProducts #fragrancelover #springcleaning #hygiene #las3brujas @ Kendal, Lakedistrict https://t.co/RrKR2TAvxt",1519002821693255681,fresh_spanish
"late 80s- early 2000s fashion shows were so much more iconic than today’s i’m telling u. they’ve become so boring and yeah we have famous models but we have no SUPERmodels anymore. watch some old jean paul gaultier, patrick kelly, mugler, shows and see for urself.",1519000228908703748,tennisshelbow
"Hit the museum in style with @JPGaultier's new capsule dedicated to audacious art.

#JeanPaulGaultier #lemusee

https://t.co/8zwheyq9b8",1518968504254451715,lesfacons
"I'm a prodigy, R.I.P Thun-Thun
Got these bitches shook, they shocked, no stun-gun
I'm the billy, billy goat, the goat, the goat's here
Vintage Hermès by Jean Paul Gaultier

@NICKIMINAJ ilysm mamas https://t.co/eWFpOXhGNP",1518960964753707009,dumplingbabie
* Jean Paul Gaultier: Fashion Freak Show: From 15 July 2022 - 28 August 2022 / Ticketmaster  UK https://t.co/8bfG8KM4Jt,1518943677317529603,panchoteejay
* Jean Paul Gaultier: Fashion Freak Show: From 15 July 2022 - 28 August 2022 / Ticketmaster  UK https://t.co/09gtsvMLxv,1518943641594736641,T9Cents
"There is comment on one of my favorite games:
""Granado Espada is a game for those in whose soul Jean Paul Gaultier and Yves Saint Laurent are asleep.""
I sincerely love every pixel of it. https://t.co/OenCu8UXg3",1518900955978342401,MarkSven_
NWT Vintage 1994 Jean Paul Gaultier Women's Tiger Bull Vest IT48 Sz SM Italy https://t.co/EnobnNxqCP eBay https://t.co/a4sC5SrDuo,1518865231182655488,coats_men
"Luxury designer inspired car diffuser 🚘

-Inspired by; Jean Paul Gaultier: Scandal (women) 
-Price: R80
-Based in Midrand
-Nationwide delivery
-Please DM for enquiries

#Ad #BBMzansi Shower | Alostro https://t.co/1DlB4PnIuE",1518864078327975936,Lekunutung_E
Jean Paul Gaultier Dragon Tatoo Powernet Mesh Stretchable Shirt size 40 Women's https://t.co/898t32Ru7a eBay https://t.co/dF67FtgHrl,1518857425280929792,tops_women
which perfume do i splurge on next? carolina herrera or jean paul gaultier 🫶🏼,1518844027344277504,IiIspice
my money was thinner than sean paul goatee hair now jean paul gaultier cologne fill the air.,1518823754264055808,onnagfolx
“My pockets was thin as Sean Paul’s goatee hairs.. now Jean Paul Gaultier cologne fill the air yea”,1518816371026526208,ScholarworldC
ugh no babe u dont need to buy me new jean paul gaultier u can just buy me ebay jean paul gaultier,1518794119585439744,heart_analog
"vogue’s “Alice in Wonderland” dec 03 starring Natalia Vodianova shot by Annie Leibovitz and styled by Grace Coddington. It featured designers like John Galliano, Christian Lacroix, Donatella Versace, Marc Jacobs, Karl Lagerfeld, Jean Paul Gaultier Rolf Snoeren and Viktor Horsting https://t.co/y6hTdRAZtA",1518790297853231104,churchofysl
Oh it’s jean paul gaultier AND al Pacino’s birthday today! GREAT!!! Are you my parents?? 🥺🥺 https://t.co/0nze7j3wVS,1518786273070227457,GayCrossfit
"NEW ARRIVAL

＜Lady’s＞ Jean Paul GAULTIER × Target / Set-up

¥7,480 https://t.co/K4roe6Pfet",1518780733422452736,joe_shibuya
Just checked out Jean Paul Gaultier IG and most of these models look so boring ok fuck it I’ll sign up to a model agency and then I’ll get booked by Gaultier and Mugler. I didn’t plan to go down this path but I’ll give my face as offering in the name of aesthetics and couture.,1518765100647211010,sukiinthesky
"some hf icons in 2000s jean paul gaultier (his birthday is today): lily cole, naomi campbell, vlada roslyakova, jessica stam 💕 https://t.co/Vp2guT9rcw",1518756588504375300,wunderkimmy
"Jean Paul Gaultier, Spring 2014 Couture https://t.co/anca1p8ObJ",1518737151550177280,imthespecialk
In case you missed it: New From Jean Paul Gaultier: La Belle and Le Beau Fragrances https://t.co/DnsoNzFkkE,1518718967728283648,tsncblog
"watched most of the fifth element, swag movie very camp, i want to be milla jovovich and i would do heinous things for some jean paul gaultier",1518716333780873216,isabelthecowboy
"Costume with Tutu and Ballerina Legs by Jean Paul Gaultier , c. 1985 https://t.co/jD26HJ7W4P",1518712253146701824,VTGTHINGS
"17% ($38) under retail
Supreme Jean Paul Gaultier Floral Print Hooded Sweatshirt Black
Size: L — Retail: $228

BUY NOW ➡ $190
https://t.co/KS840uEPz3 https://t.co/Umewzq46p5",1518699148589125632,StockXSupply
"Jean Paul Gaultier Scandal A Paris by Jean Paul Gaultier Eau De Toilette Spray 2.7 oz for Women
Price $ 123
https://t.co/7mBOnuLDPy",1518697620704837632,ismystore
Natalia Semanova for Jean Paul Gaultier Spring 1997 Couture https://t.co/YaF5G7GrbK,1518696448887504903,dietrosedoll
Carmen Dell'Orefice at Jean Paul Gaultier Spring 1997 Couture https://t.co/o5Hi2jvoKV,1518695394347208705,peppermintfroot
if I ever get access to a Jean Paul Gaultier archive it really is over for you bitches.,1518694342780719104,DengiNash
Jean Paul Gaultier at Couture Spring 2007 https://t.co/rSSzeHuemB,1518676654540959747,LeifurEirikson
footwear by pierre hardy in collaboration with chitose abe (sacai) for jean-paul gaultier. https://t.co/A6HPYaO0kz,1518670259678498819,lunardeiity
"https://t.co/ubp5d1U52v
Fashion &amp; Fragrance for men and women | Jean Paul Gaultier https://t.co/dlbxysB7Bu",1518657653286662144,HvFVnz3m9bk9Yk9
"Designers whose sun is in Taurus: Donatella Versace, Issey Miyake, Jean-Paul Gaultier, Christian Lacroix, Valentino, Dries van Noten, Miucca Prada, Pierre Balmain…",1518654773138006023,MadnHeavn
"Happy 70th Birthday Jean-Paul Gaultier !!
🎂🍪🍭🥂🍾🎈🎉🎀🎊7️⃣0️⃣🎇🎆
#JPG Paris 🇨🇵 https://t.co/gcxmIOpGS6",1518644554169257989,chris_kell4
bought myself some Jean Paul Gaultier earrings for my bday because I deserve it im so excitedddd 😇,1518644514117898240,liboness
"Jean Paul Gaultier Scandal by Jean Paul Gaultier Eau De Parfum Spray 2.7 oz for Women
Price $ 132.6
https://t.co/HsZ0gd5dhJ",1518638985886711810,ismystore
#DragRace Jean Paul Gaultier is rumored to be the special guest judge on the first episode of #DragRaceFrance 🇫🇷 https://t.co/3ljZOvSixA,1518622668907503619,bestofrpdr
i cannot read jean paul gaultier without singing breaking my heart,1518615571251834880,puellacurae
Check out Jean Paul Gaultier Scandal by Jean Paul Gaultier Eau De Parfum Spray 1 oz for Women #JeanPaulGaultier https://t.co/ahSiO3kCzx #eBay via @eBay,1518609331687768070,airsoft_bull
"Gm! Yesterday was Jean Paul Gaultier’s 70th birthday— in celebration of the designer extraordinaire, here is my lovely Leo NFT, donned in JPG from his Spring 2009 Couture collection! 

#CelestialBodiesMMIX #JeanPaulGaultier #NFTcollection #WomenInNFTs #fashionillustration https://t.co/fSrOFUZ2Pz",1518602416375009281,JamieLeeReardin
The way jean paul gaultier has me in a chokehold,1518596707751235584,xangelyse
"17% ($44) lower than last sale!
Supreme Jean Paul Gaultier Floral Print Sweatpant Heather Grey
Size: L — Last sale: $259

BUY NOW ➡ $215
https://t.co/Axi2kZwTa1 https://t.co/sJGFEuD3UJ",1518594769022296065,StockXSupply
happy birthday jean paul gaultier 💐 https://t.co/lnoqci0nzj,1518593143280603137,millaviche
anything jean paul gaultier is fucking bomb https://t.co/Y4tZpsVb9w,1518590191921147904,darlynbooc
I want to die in one of Jean Paul Gaultier’s haute coutures.,1518589167852462080,mischievousIy
This week's podcast is a fascinating discussion with Monique Brown - amazing to hear her experiences working with Jean Paul Gaultier and Luc Besson on The Fifth Element! #scifi #films #costumedesign https://t.co/5hBm6Y36wb,1518584004991143937,GarethMarkLong1
jean paul gaultier's 1989 track 'how to do that' (often stylised as 'aow tou dou zat') is the song of the summer believe you me,1518572398701858816,KateBlowers
Scandal by Jean Paul Gaultier and Narciso rodriguez. L’Interdit by Givenchy is also 🔥! https://t.co/k3MknvR1Y9,1518556074365886464,blvck_Witch
if we're talking about jean paul gaultier then i'd just like to say that his costumes in the cook the thief his wife and her lover fucked,1518536726200918018,j1ddies
jean paul gaultier spring 2003 couture https://t.co/mlokZjJCGg,1518520081499652098,duperditch
"Side-by-side testing of two nineties legends: Dolce &amp; Gabbana pour femme (red cap) and Jean Paul Gaultier Classique. Two very soapy openings, courtesy of aldehydes and orange blossom, respectively.",1518519295852138496,natachef
"Scandant by Night/inspiration: Jean Paul Gaultier-Scandal By Night

WhatsApp:067 127 0151 https://t.co/8IdiwFR7Xq",1518516901869142017,sfalset
"Check out this product 😍 Jean Paul Gaultier Ultra Male 200Ml EDT Eau De Toilette Spray 😍 
by creationzstore starting at £121.41. 
Shop now 👉👉 https://t.co/WbdJbgBSjn https://t.co/XDZSI9BVUy",1518500302315528192,creationstoreuk
No one on my daily walk route knows I’m wearing archival Jean Paul Gaultier,1518497053168775168,Mymumsfavourit2
"Happy Birthday to Rob Hyman, Ron Arad, Christian Bobin, Nigel Harrison, Enda Kenny, Jean Paul Gaultier, Ralph Winter, Eric Bogosian, Captain Sensible, Jack Blades, Mumia Abu-Jamal, Marion Caspers-Merk, John De Mol Jr, Eamon Gilmore, Margaret Moran and Guy Neve (d. 1992).",1518434927754334211,NORTHTRENTON
JEAN PAUL GAULTIER by Jean Paul Gaultier Men’s After Shave 4.2 oz – 100% Authentic https://t.co/mVtOuvNbY2,1518430659999580165,GoygarLand
"45% ($101) lower than last sale!
Supreme Jean Paul Gaultier Tee White
Size: XL — Last sale: $226

BUY NOW ➡ $125
https://t.co/4ZWKaUjVoU https://t.co/2zOlmwJVpd",1518427382675349504,StockXSupply
omg it’s jean paul gaultier’s birthdayyy,1518418132012093442,TrixiesMother
Boy George styled by Jean Paul Gaultier. ✨ https://t.co/EbftXRFOqi,1518414218587820032,CandyDhami
Jean Paul Gaultier is a Taurus… remember that ♉️,1518412815828021248,gabrielrene__
"42% ($96) lower than last sale!
Supreme Jean Paul Gaultier Tee White
Size: XL — Last sale: $226

BUY NOW ➡ $130
https://t.co/vbggRWO1ys https://t.co/xri4eYlFfG",1518411701724622849,StockXSupply
"Birthday suits from the birthday boy, Jean Paul Gaultier! 

Jean Paul Gaultier, Spring/Summer 1993
Michel Arnaud Fashion Photography Archive/Special Collections
SC2000.1095.1 AS059816

#jeanpaulgaultier #fidmmuseum #fashionliveshere https://t.co/A2j3B1HVtp",1518409566270242820,FIDMMuseum
"40% ($91) lower than last sale!
Supreme Jean Paul Gaultier Tee White
Size: XL — Last sale: $226

BUY NOW ➡ $135
https://t.co/KuoCTh8G3w https://t.co/47vqXKG3lb",1518392765922615296,StockXSupply
HAPPY BIRTHDAY JEAN PAUL GAULTIER YOU WILL ALWAYS BE FAMOUS,1518387478016712704,ghostbabel
Victoria Abril and Jean Paul Gaultier are one of my favourite muse/designer relationships: https://t.co/t7eyRdFlyX,1518379823252443136,TheKimbino
"38% ($86) lower than last sale!
Supreme Jean Paul Gaultier Tee White
Size: XL — Last sale: $226

BUY NOW ➡ $140
https://t.co/dToDh0Vyyi https://t.co/GsY9Z5CpWe",1518366826547363840,StockXSupply
"bella hadid wearing vintage jean paul gaultier
🔗: https://t.co/zNUqAK7xno https://t.co/Zj2SPJ6fQW",1518345666375868417,khairgallery
The day I get a Jean Paul Gaultier mesh top everybody hide,1518343606074961920,slivinglegend
"Jean Paul Gaultier #BOTD and Madonna at the AIDS Benefit gala show LA, 1992. https://t.co/NYOjROZ4Eh",1518337758510469121,JupiterSpurlock
"French fashion designer Jean Paul Gaultier #BOTD with actors wearing some of the costumes he designed for 'The Fifth Element' (Luc Besson,1997). https://t.co/E1q5vRVqBQ",1518331904285569025,JupiterSpurlock
Jean-Paul Gaultier Black Jumpsuit (Italy) https://t.co/fx412iObdn via @Etsy,1518327613437141001,PJSpreckelsen
This was 86? Jean Paul Gaultier was ahead https://t.co/TX5mhv5zmy,1518325321958834182,Sazi_Number9
Check out this listing I just added to my #Poshmark closet: Jean Paul Gaultier Bag Suede Crossbody Satchel Purse Free Shipping. https://t.co/rndYYKdSRM #shopmycloset @poshmarkapp,1518322161995313152,lyndilane
jean paul gaultier is a taurus period nails done 💅,1518319309935849474,mysacredungeon
bringing back the costume design in the fifth element (1997) by jean paul gaultier in honor of his birthday https://t.co/RPBXAfz9Ts,1518317282589560834,saintdoII
happy birthday to jean paul gaultier https://t.co/MqxrrKhFzF,1518305975106781188,highendhomo
"happy birthday jean paul gaultier, you would’ve loved taeyong https://t.co/m5o02rHWMk",1518303151450824704,tyongstial
"#LGBTQ History 3. b. Apr. 23, 1952, Jean-Paul Gaultier, Arcueil, France, creative and unconventional fashion and fragrance designer, founded his label in 1982; supporter of the Gay Games. https://t.co/49XPSX1iqY",1518291317285130248,GreenmanOhio
anybody wanna buy me the entire Jean Paul Gaultier ss96 collection,1518287586158120962,APHEXTWINKLE
"36% ($81) lower than last sale!
Supreme Jean Paul Gaultier Tee White
Size: XL — Last sale: $226

BUY NOW ➡ $145
https://t.co/3lpLUvDxvs https://t.co/Oe49SpTef2",1518283182990413828,StockXSupply
"""I love and admire everyone who is different. I love that. The 'jet set' is banal. 'Good taste' is banal. Eccentricity is chic."" ~Jean Paul Gaultier, born on this day in 1952

Photo: Pierre et Gilles. Jean Paul Gaultier, illustration for the book ""A nous deux la mode,"" 1990. https://t.co/NUcdy9YeJs",1518267023305891842,Miss_Rosen
Happy Birthday Jean Paul Gaultier 🎂 https://t.co/L2EGATUw8O,1518262238150160384,evilrashida
Jean Paul Gaultier Haute Couture Spring - Summer 2020. #SundayArtExchange https://t.co/pMTOyrMHOX,1518261630332805120,PinkSheepNews
HISTORY: Martin Margiela walking for Jean Paul Gaultier (1986) https://t.co/BVPYBLASE9,1518253413611581440,StreetFashion01
I really just wanna wear Jean Paul Gaultier for the rest of my life.,1518253110581465089,thatttgirlDC
i just realized i share a birthday with THE jean paul gaultier 😍,1518253101970558976,misbhvloser
Happy Birthday Jean Paul Gaultier! https://t.co/1TYs7e0vhq,1518250716472782849,ryvnlovve
"I was the first bitch in my age range in my town wearing Jean Paul Gaultier. Even told bitches where to get it from. Ottolinger, Carolina Herrera, Heron Preston etc lol it’s not on you it’s in you♨️",1518250259310419968,reinlindaa
Jean Paul Gaultier and I born on the same day? That’s real shit.,1518231857090994176,amateriaIboy
"Happy 70th Birthday Jean-Paul Gaultier

A thread ⬇️ https://t.co/kTgsfdlSmt",1518227836359819264,ScottAndPark
HAPPY BIRTHDAY ICON! Jean-Paul Gaultier! 🎊❤️🎂🎈 @madonna #JeanPaulGaultier https://t.co/Mm1Dqq3vqa,1518215859738710017,imperioMadonna_
"Happy Birthday Jean Paul Gaultier! 
Born  #OnThisDay in 1952, Gaultier became known as one of the most provocative designers of the late 20th century. In 1985, he showed his first man’s skirt, an example of Gaultier’s interest in androgyny.
#OTD #OTDH https://t.co/KUJdXfPEyx https://t.co/YcFrPBrfl8",1518213314983174144,museumatFIT
Happy birthday Jean Paul gaultier ♡ https://t.co/VShPDyFLzR,1518211175581945858,pinkmochhi
