full_text,tweet_id,screen_name
Martin Ferhevary really does compliment John Carlson quite well. https://t.co/PsSFNs7Cxe,1520915841872797702,HowYaDrouin
John Carlson just to call me Boboy 💀 https://t.co/jrgeKMccJh,1520896508815884288,jcmithnoy
Check out 2021 Topps Update Dylan Carlson Rookie Debut Gold Parallel 1277/2021  https://t.co/ELng0Ogl8v #eBay via @eBay,1520874657662083074,John_Moore_IV
"2021: 
John Oliver on Tucker Carlson: 'The most prominent vessel for white supremacist talking points' https://t.co/Y73GiJGqan",1520846466117427200,25thcenturygirl
Tucker Carlson: Last Week Tonight with John Oliver (HBO) https://t.co/zsztUWyt2k via @YouTube,1520845354584797184,oden_sven
He’s a prime example of being an “enemy of the people” https://t.co/QAVw5QIPyD,1520803735152304128,NBPT_John
Who thinks Tucker Carlson's show should be taken off cable?,1520792652815474689,John_Beckham14
Check out 2021 Topps Update Dylan Carlson Rookie Debut Gold Parallel 1277/2021  https://t.co/wINNWAU7J9 #eBay via @eBay,1520780039616352258,John_Moore_IV
"@GovChristie on ABC This Week:  Concerning Kevin McCarthy denial of what is said on the tape, Christie states, “Voter’s don’t care about this.”  No, Gov Christie.  While the issue of the lie itself may not be important to voter’s, the COVER-UP is important!  John Carlson is ..,",1520778731375280128,PamPalmerJD
"John 3:17 (@ Emmanuel Christian Center in Spring Lake Park, MN) https://t.co/VPC3jg6FaR",1520762360071340032,Brad_Carlson
"Tucker Carlson Ratings Support 'White Nationalism' Talking Points: NYT            Bloody, red meat news… https://t.co/5x2fKq35KY",1520745718599888896,NBPT_John
"""America's not racist""

""Carlson dismissed those protesting the [Floyd] killing as criminal mobs. Companies like Angie’s List &amp; Papa John’s dropped their ads. The following month,“Tucker Carlson Tonight” became the highest-rated cable news show in history.""https://t.co/CxtfthsQdt",1520738432397586433,RealCryptoQue
John Carlson Washington Capital #hockeycards https://t.co/fAneeyFrB3,1520696179138383872,gems_card
Everyone is just jealous of Tucker Carlson.,1520523954678644736,john_qvd
"I thought I would read the whole article from MYT about Tucker Carlson, but I don’t feel like wasting my time on this liberal vomit.",1520523811199852549,john_qvd
"When the entire American regime and its propaganda apparatus unconditionally support anything, we should immediately be suspicious. The fact that Tucker Carlson  didn’t jump on the #Ukraine bandwagon is a testament to his character and to his respect for the American people.",1520521886001737735,john_qvd
"It is hilarious to me that we still pretend that FOX news is a conservative outlet. With the important exception of Tucker Carlson they are five minutes to the right of CNN! Don’t be fooled, folks, FOX news hates you just as much as the rest of them.",1520517694507917313,john_qvd
Tucker Carlson was right. Immigration DOES make our country poorer and dirtier. The New York Times is blatantly manipulating you. Why should I care if immigrants are impoverished? Our country is at max occupancy for non-Americans.,1520516506454568962,john_qvd
Tucker Carlson is the only true conservative left in the mainstream. He has refused to change his positions on moral issues like so many other “fauxservative” FOX hosts have. The reason why they haven’t gotten rid of him yet is because he is much too popular.,1520514376779902977,john_qvd
"Bill Barr reminds me that Roseanne Barr's ex-TV husband John Goodman could play him in a movie entitled, ""Satan's Lovechild #DonaldTrump2024 Always Betrays Everyone."" But who'll play Tucker Carlson, Marjorie Taylor Green, Bobo and the other criminals? https://t.co/mwiL4d6pSm",1520500159376990208,factandrumor
"Josh Bailey gets lots of hate directed at him from some Islanders fans but only 5 players selected in the 2008 draft have more points than Bailey (555) who was the 9th pick. Stamkos 972, Erik Karlsson 660, Jordan Eberle 595, John Carlson 593 and Drew Doughty 567.",1520441810056843264,jmont226
John Carlson Washington Capital #hockeycards https://t.co/OZBpiEQoZV,1520425396801617921,gems_card
"Apr 29, 2022: NHL Special Teams Icetime Leaders

Forwards (PP)
Evgeny Kuznetsov 7:47 #allcaps

Defence (PP)
John Carlson 7:21 #allcaps

Forwards (PK)
Joel Eriksson Ek 4:35 #mnwild 

Defence (PK)
Jack Johnson 7:11 #goavsgo",1520424553922449408,CcCMiddleton
"The movie The Marine (Theatrical) went on sale today for $4.99 on a couple of the streaming services.

The movie stars John Cena, Kelly Carlson, Robert Patrick

 https://t.co/0wAorSUZib

.",1520231734549360641,StreamingVideo_
Charles Arthur and John Carlson absolutely SPENT!!!  #besttopsever https://t.co/rbn0TtuyoK,1520230105947254784,VISTOPS2022
"The movie The Marine (Unrated) went on sale today for $4.99 on a couple of the streaming services.

The movie stars John Cena, Kelly Carlson, Robert Patrick

 https://t.co/kbeNGlr4NJ

.",1520228773236547584,StreamingVideo_
Rudy Giuliani. Debra Birx. Ronna McDaniel. Sarah Huckabee Sanders. Jim Jordan. Bill Barr. Tom Cotton. Omarosa Maginault. Hope Hicks. Ron Johnson. John Bolton. Kimberly Guilfoyle. Tucker Carlson. Sean Hannity. Just think of all the disgraceful things any one of them has done.,1520216894439010305,BGMc4Wy
John Carlson....forever a Norris Candidate.,1520207302250438657,Hellbengt
John Carlson stinks,1520203109125042176,seoaneball
john carlson 🤦‍♂️,1520200794699616256,TheWuWu
"John Carlson is garbage. 

#Caps #CapsNYR #CapsRangers #WSHvsNYR #ALLCAPS  #NYR  #NHL #RockTheRed #UnleashTheFury #StanleyCup  #StanleyCupPlayoffs #nhlplayoffs",1520200583470272513,MattyNats_
Ohhhhh John Carlson,1520200389362163715,SotoLamarKing
John Carlson uses his powerful shot to thread in a great power play goal to take the lead #NYRvsWSH #NoQuitInNY #ALLCAPS https://t.co/c6VaFgbLyP,1520199192475488267,nopClips
JOHN CARLSON!! PPG!!! 2-1 CAPITALS!!! #ALLCAPS,1520196124082163714,MDSportsblog
"🚨Power Play Goal by John Carlson .. assists by Evgeny Kuznetsov &amp; TJ Oshie
#Capitals 2 #NYR 1 P2 https://t.co/GqQGnjfx6w",1520195315483217920,Sports_24x7_
JOHN CARLSON GOAL https://t.co/28X0o8JI0v,1520194853329645569,hndrixlapierre
John Carlson,1520194839471661056,tuthill_travis
"93/20/55/23 with more amazing PKing, but John Carlson bombs one past Georgiev with 14:47 to go. 2-1, bad guys. Ugh. #NYR",1520194829690580992,NYCTheMiC
John Carlson is good.,1520194826418987008,DickOshie
JOHN CARLSON! CAPS LEAD 2-1!,1520194808702251008,realwilliam59
"John Carlson PPG. 2-1, WSH. https://t.co/qTtfDw5Gu3",1520194749390536705,ColinSNewsday
FUCK! PPG JOHN CARLSON... 2-1 CAPS.. @NYRangers #NYR,1520194723406880769,Jayyoshi1
"Point Props for tonight

1u

Conor Garland vs EDM -120
Elias Pettersson vs EDM/Tage Thompson vs CHI +132
John Carlson vs NYR/Josh Norris vs PHI +149

#Bettingtwitter #GamblingTwitter",1520164917596336128,Bets_Just_In
john carlson has one of the most underrated cellys https://t.co/MqWe1irE21,1520164663958417422,dicnowder
"Happy birthday Willie!  It’s about time we reconfigured a few of your hits though.  #willienelson Tucker Carlson Take My Mind! — Willie Nelson Songs Repurposed For Modern Conservatives.” by John Sandbach
https://t.co/D0SHTFB3PO https://t.co/d7eEjD9QTx",1520125392681521152,sandboxspeaks
John Carlson Washington Capital #hockeycards https://t.co/K9L6cBW6sH,1520068230177607683,gems_card
Tucker Carlson Tells Viewers Biden Is Sending ‘Men with Guns’ to Hunt Them Down Because They ‘Think the Wrong Things’ #SmartNews         Tucker Carlson again proves to be a 3rd rate lying hack of “journalists” employed by a 3rd rate “news” organization  https://t.co/IkK68n2KWy,1520051362347814914,NBPT_John
"Tucker Carlson needs to shut his fucking mouth.

Tucker Carlson Says Biden Will Send 'Men With Guns’ If You Say The Wrong Things
https://t.co/ccUKC1P3f3",1520002692508270594,John_Anti_Trump
"John Magyar Charley Yap, CID Charles Pfeil @ThisIsCamaryn @AltiumJudy @schattke Benjamin Kitzinger Chris Carlson

I hope you like this. Please share. https://t.co/2UNBFi5nKj",1519875278608076800,jordanyte
John Carlson 2.5SOG ✅,1519848894011625472,dj_mitchell94
Vintage John Carlson defense,1519845447229186051,DanDanNoodles78
"Seattle talk host John Carlson reports that nearly 40% of all outstanding student loan debt is held by people with advanced degrees.

So Biden wants to force you to pay not only for someone's sociology degree, but also for someone's law, medical, dental degree, etc?

**NO**",1519837493188694017,MicheleDianeDR
#ALLCAPS John Carlson runs his mouth like an idiot and gets an unsportsmanlike https://t.co/86g6GaORci,1519824143637790721,capsreplays
john carlson unsportsmanlike conduct for having a fat ass,1519823538122895360,vitekvanecek
"john carlson in the penalty box for talking shit. free him, he did nothing wrong",1519823360032661505,abbyanselll
"4 seconds into the kill and John Carlson heads to the box for unsportsmanlike conduct at 14:26. 4-on-4 for 1:56

#isles catch a break as Carlson was mouthing off to someone about something. Couldn't quite catch what was going on down there",1519823348439695364,cjhenn0208
JOHN CARLSON IN THE BITCH BOX,1519823089047007233,02SKJEI
"Plays for tonight Anthony   Duclair over 2.5 sog Huberdeau Barkov Giroux are out will open up more sog opportunities Sam Reinhart over 2.5 sog  John Carlson over 2.5 sog had 6,3 and 3 last 3 games has been on fire recently Evan Bouchard over 2.5 sog 6,3,4 last game",1519810851699576832,Betitjon
Tucker Carlson: Last Week Tonight with John Oliver (HBO) https://t.co/WnKBsW8kVZ via @YouTube,1519748127070330880,Clarenc83766009
"John Carlson o2.5 SOG +115

Loving his volume lately. Great spot v NYI allowing 35.6 s/g L10 at home. Carlson over in 2/3 v NYI, and Ovi is out. Should be shots to go around. WSH still motivated here. https://t.co/xC4fq6QJjp",1519745134782468096,WallaBets
"""Russian media regularly amplify the voices of Fox News host Tucker Carlson and other Biden administration critics seen as useful to the Kremlin’s purposes""

Exactly, yes @alexnazaryan @john_sipher 

The alignment between Murdoch and Putin is unconscionable, a curse on us. https://t.co/XLCOc9m1a3",1519722790978572289,dissident_the
"Gibraltar Carlson's John Schreiber is back in the big leagues.

https://t.co/8HR7KIHyal",1519689003783667712,NilesKruger
"Clear Creek-Amana Jazz Ensemble, feat. John Carlson—Mercy, Mercy, Mercy https://t.co/O2kCyNpPH3",1519684850516692995,KCCKWhatsPlayin
"John Causby
Sam Trimble
Richard Chee Quee
John Scholes
Bob Zadow
Phil Carlson
Ian Brayshaw 
John Maclean
Dave Renneberg
Malcolm Francke 
Andrew Sincock https://t.co/RSafvoTK3o",1519640301035433984,McAlmanac
John Carlson Washington Capital #hockeycards https://t.co/K9L6cBW6sH,1519634455190777856,gems_card
Autumn Beeches (c. 1908-15) - John Fabian Carlson https://t.co/Rad3vsaPXQ,1519526117123764224,Valent6228
i blocked a shot on an empty net with my ass and i felt like john carlson,1519517361543467011,MizReformed
2009 10 UPPER DECK HOCKEY YOUNG #hockeycards https://t.co/O1QtOFMbUm,1519424945524256769,gems_card
"#JohnnyWad

The day Tuckkker Carlson met John Holmes…

🗣💨🍆 https://t.co/Fs0zfy61Z0",1519413364161753089,Brick715
John Carlson Washington Capital #hockeycards https://t.co/OJziG2R8G3,1519368128068833284,gems_card
"From MacArthur's personal library: Under Cover: My Four Years in the Nazi Underworld of America (1943) by John Roy Carlson. Carlson was the pen of Arthur Derounian, an Armenian-American investigative journalist who infiltrated fascist &amp; communist groups. #MacArthurArchives https://t.co/NZSDxRtp86",1519360729962459137,MacArthur1880
"Tucker Carlson warns Kevin McCarthy is poison for GOP, ‘a puppet of the Democratic Party’ via @BIZPACReview - https://t.co/IiqQ8fpdR5",1519333412422701057,holywell_john
Check out 2021 Topps Update Dylan Carlson Rookie Debut Gold Parallel 1277/2021  https://t.co/ELng0Ogl8v #eBay via @eBay,1519301289477292034,John_Moore_IV
"So, when will @GOPLeader go on Fox to suck Carlson's dick to get back on Carlson's good side? It seems to have worked for @tedcruz

Tucker Carlson Declares Kevin McCarthy A 'Puppet Of The Democratic Party'
https://t.co/zfO0T0Z9hL",1519280486060802048,John_Anti_Trump
2009 10 UPPER DECK HOCKEY YOUNG #hockeycards https://t.co/KYp44wgYE5,1519206820342120451,gems_card
I’ll always remember the time when John Oliver referred to Tucker Carlson as “Captain Virgin”.,1519164097593589761,ItsDrDemonic
John Carlson O2.5 ✅,1519112476381659136,dj_mitchell94
John Carlson 2 SOG halfway through the 1st,1519098030342955009,dj_mitchell94
Straight bets… and John Carlson/Timo/Terry… I get not betting them all just a whole bunch to work from here https://t.co/41p4BxRnEo,1519087694235803649,dj_mitchell94
"Play #6 for Apr 26/22:

1u - John Carlson (WSH) O 2.5 Shots @ +108

-NYI allowing 34.2 SA and 3.3 PPOA in L10
-NYI has allowed the 4th-most shots to DEF since AS game (10.18/GP)

#GamblingTwitter #NHL #NHLBetting #NHLGambling #PlayerProps https://t.co/emwlT2Q7pk",1519076455270989824,ShotPropz
Carlson on Musk Twitter Takeover: ‘One Platform Going Rogue Is Enough to Break the Monopoly’ ⁦@Jim_Jordan⁩  https://t.co/QpaUGS7lXU,1518988016190173192,holywell_john
"Tucker Carlson, Mark Levin Return to Twitter Following Musk Buyout ⁦@elonmusk⁩ ⁦@TuckerCarlson⁩ ⁦@DonaldJTrumpJr⁩  https://t.co/wZlJVtdzRu",1518987902021246988,holywell_john
JOHN CARLSON SIGNED MY JERSEY OKGMGMGMGMG,1518975429218078720,hndrixlapierre
"The best D of the regular season NHL 2021/2022:
1-2. Roman Josi 🇨🇭
1-2. Cale Makar 🇨🇦
3. Victor Hedman 🇸🇪
4. Kris Letang 🇨🇦
5. Charlie McAvoy 🇺🇸
6. Aaron Ekblad 🇨🇦
7. Adam Fox 🇺🇸
8. John Carlson 🇺🇸
9. Moritz Seider 🇩🇪
10. Quinn Hughes 🇺🇸",1518956017224196096,NikitaM11934685
"From Pharmaceutical Statistics ➡️ ""A flexible mixed data model applied to claims data for post-market surveillance of prescription drug safety behavior.""

Read it here: https://t.co/wzxdJaXLqz

(Harris Butler, John D. Rice, Nichole E. Carlson, Elaine H. Morrato) #OpenAccess 👏 https://t.co/wxorypRn0B",1518953715176284165,Wiley_Stats
John Carlson Washington Capital #hockeycards https://t.co/kkCXKVBhID,1518934495424098305,gems_card
"Jim Nancy Avon 
Austin wilton brand on
Jim Ford Wisconsin
tom from rowayton
diners
dives
falls malls
knives out
road to richmond+key west
Cindy Williamson
Terry Costello
Mary Sullivan
Larry Huber
Barb and John Thomas
Nashville
MaryAnn Cob Carlson
Mrs Carson 3 Mile harbor Hamptons",1518896351089729537,WillMatter4
"Margaret Carlson Aby Rosen RFR
Ralph Lauren 
Steve Mnuchin
John Scott Prudenti
Regina Cigna Julie Van Der Blue Kathy Fingelly 
Adele Ball Rachel in Moriches
Disney
ESPN
AB Bern Stein
TD Bank
Merrill Michelle Lynch Mob
Aetna 
Rich Sue Paul Serv Pro",1518894659988295680,WillMatter4
"Without Jon Stewart’s Daily Show, there’s no Colbert Report, no Last Week Tonight With John Oliver, no Daily Show With Trevor Noah. But maybe no Tucker Carlson Tonight, either.",1518762969936637953,thebrianfink
John F Carlson. https://t.co/mfwX6Mv7OM,1518750647549677572,rugarteh
"Some of the worst people today appear to have patterned themselves after 80's movie villains - John Hughes movies (Carlson), Bond movies (Musk), Trump (Trump)...who am I missing...?",1518696793306980355,perdidostschool
John Carlson Washington Capital #hockeycards https://t.co/qEnElmR4Ah,1518689398426066948,gems_card
"St. Paul police chief: Rep. John Thompson tried to ‘bully’ officers at woman’s traffic stop, misused his position https://t.co/fQriFjc1Tg",1518676056890392578,Brad_Carlson
"Do not forget those who repeatedly LIED to the public the election was stolen:
Sidney Powell
Rudy Giuliani
Michael Flynn
Mark Levin
Steve Bannon
Donald Trump Jr.
John Eastman
Lou Dobbs
Tucker Carlson
Sean Hannity
Jeanine Pirro
Laura Ingraham
All GQP enablers",1518609575800446976,DMLyons25
Tucker Carlson: Last Week Tonight with John Oliver (HBO) https://t.co/JLMuNJPRbI via @YouTube,1518609019279077376,TDen2020
Oswego Girls Basketball announces David Lay as our new Head Coach.  Coach comes to us from Plano HS and replaces John Carlson who had stepped down after this past season.  Welcome and Good Luck to Coach Lay! https://t.co/2pVcj4c7iA,1518604544179064835,OHS_GoPanthers
"John Oliver is a profit. Tucker Carlson is an #asshole, liar, and a traitor to America. 

Tucker #Carlson: #Last Week Tonight with John #Oliver (HBO) https://t.co/JLMuNJPRbI via @YouTube",1518602218437419009,TDen2020
John Carlson's empty-net goal with less than a minute left to play put the finishing touches on the night,1518521347768741891,WeiyanShi1
"Upon review, John Carlson appeared to pay at the puck with his glove on a board battle.",1518519821901524992,magician_shyam
"Toronto was called for too many men on the ice and the Caps sent out Oshie, Nicklas Backstrom, Evgeny Kuznetsov and John Carlson.",1518519667757035521,SandieMazviita
"Apr 24, 2022: NHL Most Icetime

Forwards
01 Auston Matthews 25:19 #leafsforever 
02 Kevin Fiala 24:18 #mnwild
03 Nick Suzuki 24:04 #GoHabsGo 

Defence
01 Roman Josi 28:28 #preds 
02 Brent Burns 28:23 #sjsharks
03 John Carlson 26:53 #allcaps",1518458768043896832,CcCMiddleton
"How John Carlson has exemplified Capitals’ urgency heading into playoffs
https://t.co/iw95hbgvxy",1518435646263775232,VCP_Hockey
absolute john carlson disaster class today man mother of pearl,1518407634575151105,JonMikeyDEEV1
certified John Carlson moment,1518407268378857473,bigwes26
John Carlson is garbage. #Caps #CapsLeafs #NHL #TORvsWSH #GoLeafsGo #ALLCAPS     #LeafsForever     #RockTheRed #UnleashTheFury,1518404758771576835,MattyNats_
can we get a john carlson thunderclap straight to the dome?,1518400069724160000,Lhamrs892
"Hey guys, Ben here again

Just wanted to stress that John Carlson has 70 (seventy!) points AGAIN, and is extremely good at hockey

This shouldn’t need to be said so often, but it does

@ChirpinDMV #ALLCAPS https://t.co/UThbM3hU1b",1518398963518521345,Bdotlittle
Garbage truck fleet overseer for Fox News - Mr Tucker Carlson. https://t.co/7PDkh5lDan,1518398781943087104,john_cronin48
"WSH: Lars Eller (13) assists: Martin Fehervary (8), John Carlson (54) Goalie Erik Kallgren (WSH 2, TOR 1 - 03:32 3rd)",1518398145801109504,GoalNHL
"marty trying to get john carlson back in my good graces by grinning like a little fool at carly's ""good job"" nod.......but i WILL not let it work!!!!",1518397877847961601,boysgirlsbabes
John Carlson is a bum. #Caps #CapsLeafs #NHL #TORvsWSH #GoLeafsGo #ALLCAPS    #LeafsForever    #RockTheRed #UnleashTheFury,1518393878965108737,MattyNats_
THEY DID NOT JUST CALL JOHN CARLSON A FUCKING 200-FOOT PLAYER,1518390617239437314,dicnowder
john carlson defensive masterclass,1518390489879298048,bruhznetsov
Guys they didn’t mean to say “John Carlson hand pass” what they actually meant to say was “John Carlson HAS ASS” so good goal! 2-1 caps!!,1518390432564187137,samsHOEnov
Looks like John Carlson did indeed use his hands to bump the puck up. This should come back. #LeafsForever,1518389855243407369,RaihanSays
Unironically John Carlson's best skill might be his ability to keep pucks in at the blueline,1518389728759922694,TJCaps89
"Who is this John Carlson fellow, and what did he do with the old, slow #74? #ALLCAPS",1518370230451507200,PeteAnthan
Stupid: Trump Ted Cruz Josh Hawley Gym Jordon Matt Gaetz Marjorie Taylor Green Lauren Boebert John Neely Kennedy Rand Paul Rick Scott Jim Banks Laura Ingraham Ron Johnson Andy Biggs Mo Brooks Marsha Blackburn Tom Cotton Tucker Carlson racist maggots forever and ever re 1-6-21,1518344135047999489,Rockygator
How John Carlson has exemplified Capitals’ urgency heading into playoffs — on and off the ice https://t.co/YwM2Z8ftcQ,1518339642117943296,BerkleyBearNews
"Couple Point Props for tonight!

Kevin Fiala/Alex Ovechkin
Robert Thomas/John Carlson
William Nylander/Jonathan Marchessault",1518320920334454784,Bets_Just_In
