full_text,tweet_id,screen_name
"⛸️🇺🇸🏳️‍🌈 This is a cosy and also highly educational chat between @jessicawluther and @AdamRippon discussing Kamila Valieva, Cookies Over Texas ice cream, and slutty mesh skate costumes. We highly recommend. https://t.co/rxtCBMnUCS",1520879321140891652,SportsMediaLGBT
"#olympics #iceskating #figure
Vladimir Putin Personally Gave Kamila Valieva A Birthday Present https://t.co/fVtPCNzqem https://t.co/h3sZpooz5F",1520865751711715330,dla_detej
🥇 KAMILA VALIEVA IS RELAXING ON THE BEACH IN DUBAI https://t.co/dnTWEk9X97 https://t.co/TwYviu2lbx,1520781770551091200,dla_detej
"Who is Kamila Valieva? Aged 15, Family, Parents, Mother, Height, Weight, Birthday https://t.co/8eB31r59my",1520776906085482496,petgroomerNG
"She was brutally pushed by the so called 'Olympic association, Vladimir #Putin loudly congratulated Kamila Valieva on her 16th birthday. The head of state presented her with a silk scarf.she is a legend #Russia #UkraineRussia #ukraine #RussiaArmy https://t.co/VzXfILVAvH",1520737568786059265,middleeasttime
"She was brutally pushed by the so called 'Olympic association, Vladimir #Putin loudly congratulated Kamila Valieva on her 16th birthday. The head of state presented her with a silk scarf.she is a legend #Russia #UkraineRussia #ukraine #RussiaArmy https://t.co/FoXwUp6XQ1",1520737116988268547,coope125
KAMILA VALIEVA⚡️ over the years https://t.co/pxCDBeWond,1520706400602628096,dla_detej
kamila valieva with putin a war criminal I feel sick #KamilaValieva https://t.co/l0STSpCw6D,1520580978930073602,sapphirosie
https://t.co/175WO6fhQS Russian skater Kamila Valieva cleared to compete after appealing doping ban https://t.co/dibu4Ue7FW,1520573113972318211,lekulpp
Anna Shcherbakova and Kamila Valieva - RELATED... ● Figure Skating 2022 https://t.co/E6cSQC2dR9 via @YouTube,1520500227198836736,u1h64XIpg9Ml9Hp
"#olympics #iceskating #figure
KAMILA VALIEVA🔥 Appeal to the fans! https://t.co/wBiFFINvDM https://t.co/fRHJbq2j6L",1520489913527021568,dla_detej
What ever happened to the figure skating gold medal on the team event when Kamila Valieva tested positive? Was it taken away. Did Canada get the bronze on the team event? #Olympics #goldmedals #figureskate #Russian,1520411520743755776,kouk_nadene
"Russia’s Kamila Valieva was found guilty of doping.  If Russia is banned from the Olympics, I hope they won’t be allowed to compete under ROC like the last time.  Their atrocities in Ukraine should preclude them from participating.",1520376327861383169,Sherry00262830
"Today I posted a new gallery of Kamila Valieva. Link below 

#KamilaValieva 

Link: https://t.co/v8iuaAr7j9 https://t.co/M9NuvLpDBd",1520375785865027584,MagiaGelada
"First the IOC, now Nato: how Putin’s Russia refuses to play by the rules https://t.co/0SVg6mgkge",1520359310257229824,scottwintrip
"First the IOC, now Nato: how Putin’s Russia refuses to play by the rules https://t.co/lRm83Dp5x8",1520314262450847744,CognitionCoach
How much money KAMILA VALIEVA earned ● Figure Skating 2022 https://t.co/974agI10nT via @YouTube,1520119030392274944,u1h64XIpg9Ml9Hp
"Well, he also insisted he wouldn’t invade Ukraine but here we are! https://t.co/G0R7nQDfeu",1520094818059268098,lindask8fan
Kamila Valieva and Eileen Gu: Young Women Athletes as Enemies of Empire https://t.co/XENeHnHGgm,1520063395407486979,XGuoforWaterloo
KAMILA VALIEVA - Wonderful Lass (edit) ● Figure Skating 2022 https://t.co/RqbALkFGue via @YouTube,1520047417605095424,u1h64XIpg9Ml9Hp
Kamila Valieva becomes fourth woman to land triple axel in Olympic histo... https://t.co/YzANsKj77y via @YouTube,1520034796977668098,EileenJiang15
What a joke rules and the law are for Russia. This is why the GOP admires Putin’s Russia. No decency needed.  https://t.co/VTL9fM2Wap,1520027776262279168,2020eScribbles
How KAMILA VALIEVA lives after the OLYMPICS ● Figure Skating 2022 https://t.co/1Hhq1aEPZE via @YouTube,1519899262154326016,u1h64XIpg9Ml9Hp
"Sports

Menu
Kamila Valieva, Putin's latest sports puppet
In the midst of the war, the Russian president has paid tribute to the young skater, accused of doping, and has used her figure to attack Europe for the measures taken against Russian athletes https://t.co/nCHilnbf8x",1519878991888408579,Guerrer55550150
"ICYMI: 
NEW Op-Ed ✍️: What does no one want to admit about the #Russia team event win with #KamilaValieva at the Winter #Olympics2022  ⛸️⛸️??? 

#FigureSkating Factory gets into it - below https://t.co/ChWuKPJFUJ:",1519827725967577088,FSkatingFactory
WTF? Kamila Valieva in SEVENTH PLACE... ● Figure Skating 2022 https://t.co/Hwu2Vbxkxv via @YouTube,1519750612056948737,u1h64XIpg9Ml9Hp
"Kamila Valieva: “I want to finally try myself in new artistic images in competitions” 

Click the link to read full comment ⛸
https://t.co/ccU3pEmbGY

#figureskating #figureskate #iceskating #iceskate",1519747479088078848,fs_gossips
Vladimir Putin in staunch defence of Kamila Valieva as he slams ban on Russian athletes #UkraineRussianWar #UkraineUnderAttack https://t.co/AVxm2l85oe,1519711806910078976,UkraineDispatch
Putin said to Kamila Valieva ● Figure Skating 2022 https://t.co/cx5rZrL0wy via @YouTube,1519699425827987458,u1h64XIpg9Ml9Hp
"Kamila Valieva: Figure skater could not have achieved 'perfection' while doping, says Vladimir Putin
By Mitchell McCluskey and Issy Ronald, CNN
https://t.co/c9BJkFyavo",1519563523361234944,ANTIDOPINGS_EU
"Figure skater Kamila Valieva could not have achieved ‘perfection’ while doping, says Putin https://t.co/wl4yXYY49D",1519486271244144642,e_Broky
"Figure skater Kamila Valieva could not have achieved ‘perfection’ while doping, says Putin https://t.co/a0AaocsliJ",1519483233787953153,jyostna59883008
"Russian President Vladimir Putin defends teenager figure skater Kamila Valieva, arguing it would be impossible to achieve 'perfection' while using banned substances. https://t.co/jx0QtsYBbp",1519472892144394240,sportsdeskph
"He lies about everything else, so why not this?  https://t.co/Jefw1q87z6",1519460343990292480,SlugtalesNews
⛸#Figure #skating #news  The main thing - do not pay attention to it #Vladimir #Putin hinted that he does not believe in #doping #Kamila #Valieva ... https://t.co/exWt8XA7lo через @YouTube https://t.co/BhVfqKUweh,1519447914606596097,R1FigureSkating
How nice to see Kamila Valieva happy! Unpacking gifts for 16th birthday https://t.co/FDnuwKXJCx,1519443504686059520,dla_detej
"Putin’s a Fing liar, her blood showed signs of banned substances on an initial test then again during a more advanced test. By Putin’s logic anyone that fails a drug test isn’t guilty of using drugs which is BS.  https://t.co/b4o6PDXZsG",1519417392014794753,DijohltTy
"Putin gives award to skater Kamila Valieva, dismisses role of PEDs https://t.co/JM7mumy9Mc",1519414423688994816,crvaughn1368
"Kamila Valieva: Figure skater could not have achieved &amp;apos;perfection&amp;apos; while doping, says Vladimir Putin  Russian President Vladimir Putin has defended  https://t.co/5J9uUph9ck https://t.co/FY6qyT5evv",1519408660463632387,_oftoday_
Putin says Kamila Valieva's skating 'perfection' unattainable with doping https://t.co/RMjqCmLrmc,1519379094709936128,SportEDGE_CAN
"The Russian president defied reality on Kamila Valieva, whose doping case dominated this year’s Winter Olympics in Beijing. https://t.co/zTVD7r6h7a via @HuffPost",1519372745460563970,kumaichi523
"Kamila Valieva: Figure skater could not have achieved 'perfection' while doping, says Vladimir Putin - CNN https://t.co/mloD6V0xEr",1519367162682437632,rogue_corq
"Kamila Valieva: Figure skater could not have achieved 'perfection' while doping, says Vladimir Putin - CNN https://t.co/WUtMRk3kKx",1519367153547284480,StopVladdyDaddy
Putin (Biden Family Sugar Daddy) misspoke that ass backwards. https://t.co/fNaxwrygYv,1519366685618229252,retiredcop1949
https://t.co/tcGhAg8plD Kamila Valieva fights back tears after skating under searing spotlight https://t.co/WSxFyFqm17,1519357428332044288,bnpimn
Kamila Valieva - Her eyes tell you everything - Kill Em With Kindness https://t.co/10q6eBy8uI via @YouTube,1519354170255552512,CavalrySam
"Kamila Valieva: Figure skater could not have achieved ‘perfection’ while doping, says Vladimir Putin https://t.co/Y9EH8bqchg",1519350612038725632,BreakingScams
Vladimir Putin in staunch defence of Kamila Valieva as he slams ban on Russian athletes https://t.co/9rjkKPhImj,1519344455559614464,bundall
Bull 💩🖕🏼 https://t.co/pmQKQCzTJk,1519326334769631233,nypapajoe
Russia stripped of hosting figure skating Grand Prix event | AP News @Apple  https://t.co/mHUUAANvLN,1519325244850425857,Eden_Kenyon4
"News - Russian President Vladimir Putin has defended teenager figure skater Kamila Valieva, arguing it would be impossible to achieve ""perfection"" while using banned substances.  #News #Today #BreakingNews #World",1519315140763656199,FlashNews7oday
"Ya, bull shit.  @iocmedia

Figure skater Kamila Valieva could not have achieved 'perfection' while doping, says Putin

https://t.co/GDryl46Xr9",1519313693003165698,307WindyWyoming
Russian President Vladimir Putin Finally Stands Up for Controversial Olympian Kamila Valieva; Denies Dishonesty on Her Part During Beijing Games https://t.co/FiY3VGJJwn #FigureSkating #News,1519308424344788992,CunningSports
"Russian President Vladimir Putin has defended teenage figure skater Kamila Valieva, who was at the center of a doping scandal at the Beijing Winter Olympics.
@ians_india @ANI @PTI_News @AFP @Reuters @NADAIndiaOffice @ianuragthakur @SunielVShetty https://t.co/ClBqYpXm2z",1519303595706839042,DrSaranjeet14
"Vladimir Putin has expressed support for the Russian figure skater Kamila Valieva, saying she did not compete “dishonestly” after her doping case dominated the Winter Olympics in Beijing this year.
https://t.co/xv8I8hENNn",1519300812215889921,Maytechummia
"is she his girlfriend too?

https://t.co/XyK6pvM2Qv",1519300750739865601,MeauxDawn
"Vladimir Putin hits out at bans on Russian athletes

But, they are not “bans” - they are simply “limited administrative exercises” that will be over once their objectives are met. No civilians will be harmed in process. Saying otherwise will result in…

 https://t.co/HkFggdzxYa",1519299060255293440,TooSimple11
"Kamila Valieva: Figure skater could not have achieved “perfection” in doping, says Vladimir Putin https://t.co/WJwAStBbuN",1519296519165329410,ColoHeadlines
"And we all know #Putin always tells the truth. 

#PutinLies

https://t.co/Uph5R3k54H",1519296156332867584,CarolArmen
"Putin gives award to skater Kamila Valieva, dismisses role of PEDs https://t.co/a3P0VNxgVu 
The next Girl Friend",1519293954805714944,crbobba
"Kamila Valieva: Figure skater could not have achieved ‘perfection’ while doping, says Vladimir Putin https://t.co/DGiSRLvESp",1519286580900286464,DemocracyInn
"Kamila Valieva: Figure skater could not have achieved 'perfection' while doping, says Vladimir Putin Russian President Vladimir Putin has defended teenager figure skater Kamila Valieva, arguing it would be impossible to achieve ""perfection"" while using b… https://t.co/jA7ECS2357",1519281468035538945,darinel_aizp
"Kamila Valieva: Figure skater could not have achieved 'perfection' while doping, says Vladimir Putin
https://t.co/TXCX3cr2DX",1519280365768265729,Virgini73432660
"« Such perfection cannot be achieved dishonestly, with the help of some additional means, manipulations. » 😐
https://t.co/7sWzL49sSv",1519277345424777216,NelsonCarterJr
"Updated story: Russian President #VladimirPutin tells #KamilaValieva to ignore criticism after positive drugs test and that ""everything that is not related to sports must be discarded"" https://t.co/Ld8kt9XZz2 @ISU_Figure @Olympic_Russia @Olympics #Olympics #skating #Beijing2022",1519276246227632129,insidethegames
"Figure skater Kamila Valieva could not have achieved ‘perfection’ while doping, says Putin https://t.co/u3b6z7igYg",1519274323818782720,Sportscri_tweet
"Kamila Valieva: Figure skater could not have achieved ‘perfection’ while doping, says Vladimir Putin https://t.co/yYe435AYtc",1519270598618324994,LatestN72062740
"Kamila Valieva: Figure skater could not have achieved 'perfection' while doping, says Vladimir Putin

https://t.co/CR7Q7zvRT5

#TabbedNews #News #NewsToday #Breaking #BreakingNews #today #story https://t.co/BZ8xUtGw0G",1519268291751075840,tabbednews
"Kamila Valieva: Figure skater could not have achieved ‘perfection’ while doping, says Vladimir Putin https://t.co/whQeWJghBr",1519267987693391872,JaunNews
"Kamila Valieva: Figure skater could not have achieved 'perfection' while doping, says Vladimir Putin
https://t.co/0DmQAZM578",1519267615360700417,CaryZheng
"Russian President Vladimir Putin has defended teenager figure skater Kamila Valieva, arguing it would be impossible to achieve ""perfection"" while using banned substances. https://t.co/FCf6VoGjOK",1519265372779687936,StrawberryNG
Vladimir Putin defends Kamila Valieva and hits out at bans on Russian athletes https://t.co/0FsZNeczfd,1519264820498939905,BrianRoweSports
"Kamila Valieva: Figure skater could not have achieved 'perfection' while doping, says Vladimir Putin - https://t.co/2eTmx2aXI8 

#IDCORNER",1519263490334392320,IDCorner
"Kamila Valieva: Figure skater could not have achieved ‘perfection’ while doping, says Vladimir Putin https://t.co/YCuWv0QN0i",1519262884894810114,ThriftWallet
"Kamila Valieva: Figure skater could not have achieved 'perfection' while doping, says Vladimir Putin https://t.co/mIKt7CZHSu",1519262880226553856,thedextazlab
"@null Kamila Valieva: Figure skater could not have achieved 'perfection' while doping,  https://t.co/Y7LYBPKmhs",1519262704107593728,DemiLovatoTH
"@AnimalsHolbox: Kamila Valieva: Figure skater could not have achieved 'perfection' while doping,  https://t.co/WpDYJgCPkR",1519262663506759680,AnimalDefenceMX
"@null Kamila Valieva: Figure skater could not have achieved 'perfection' while doping,  https://t.co/CLwMFSqHRv",1519262657060413440,gdibarry
"Kamila Valieva: Figure skater could not have achieved 'perfection' while doping, says Vladimir Putin",1519262580161884160,Urch_mann
"Kamila Valieva: Figure skater could not have achieved 'perfection' while doping, says Vladimir Putin
https://t.co/KZ0qEzTyua",1519262423030636545,feedpushr
"Kamila Valieva: Figure skater could not have achieved 'perfection' while doping, says Vladimir Putin https://t.co/vPc0NdDlMt",1519261352887414784,MeloniFulvio
"Kamila Valieva: Figure skater could not have achieved 'perfection' while doping, says Vladimir Putin https://t.co/FpLlXKC9ev Earn money now. Work on the Internet! https://t.co/XBKDNZ447g",1519261170242306049,smorffer
"Kamila Valieva: Figure skater could not have achieved 'perfection' while doping, says Vladimir Putin https://t.co/AMnQWdBOCX",1519259584103600128,ErieNewsNow
"Yeah, and the moon is made of green cheese!! Oh, and pregnant women can be just a ""little"" pregnant!      #Putin Insists #Olympic Skater Caught In Doping Scandal Didn’t Compete ‘Dishonestly’
https://t.co/hpn37h4mpO",1519244049848410113,2dialogue
Russia stripped of hosting figure skating Grand Prix event | AP News https://t.co/OIVSgWGICw,1519240821190635520,petrovdempski
Putin claims Valieva Olympic winning performance was achieved without doping https://t.co/Vu4YE306v4,1519237243331878912,JoshMunthali
"The Russian president defied reality on Kamila Valieva, whose doping case dominated this year’s Winter Olympics in Beijing. https://t.co/T6Kb1lFs1v via @HuffPost",1519231749842251776,JoeKing3333
https://t.co/CP2DE9p1oY (LV.8) Putin Insists Olympic Skater Caught In Doping Scandal Didn’t Compete ‘Dishonestly’ | HuffPost Latest News https://t.co/nSqL3arhZW,1519227978114211840,eztango
Why is it disgraced figure skater Kamila Valieva but not disgraced coach Eteri Tuberitze,1519223915142393859,nateskate6
https://t.co/tcGhAg8plD Attention shifts to team behind Kamila Valieva following failed drug test https://t.co/xDuIuSfwir,1519216427906990080,bnpimn
genuinely curious why didn’t the rest of the olympians decline the invitation like anna did and why was kamila valieva invited even if she didn’t get a 🏅,1519211238404009984,pei4y
Vladimir Putin backs figure skater Kamila Valieva as she faces doping case https://t.co/uGHpfRm130,1519184095254831105,JaunNews
"trrian170@terrian
Vladimir Putin backs Russian skater Kamila Valieva as she faces doping case

What Putin has to say that you cant be that good,if using Dope,i think you are better if you are using Dope, thats why Russians and Chinese are known for it.Putin must think we'r idiots",1519177161562763265,terrian170
"terrian170@terrian
Vladimir Putin backs Russian skater Kamila Valieva as she faces doping case

Unfortunately Russia is well known for its Doping, and Putin inviting foreign sports people to Russia? Is this despot for real??? https://t.co/iP11Fibbr7",1519176447864180736,terrian170
Sport and politics at a time of war  https://t.co/Mnccg1LV2j,1519174846311284737,sportingbrief1
Andy Vermaut shares:Vladimir Putin defends Kamila Valieva’s ‘perfection’: Russia's president said the teenager's performances at the Beijing Olympics were free of doping after her positive test from December cast a shadow over the ... https://t.co/5al2mOVzY8 Thank you. https://t.co/0TWuLh122f,1519162972899217409,AndyVermaut
OnlineColumnist.comRussian President Vladimir Putin praised teenage Olympic figure skater Kamila Valieva for her gold medal at a Kremlin ceremony.Putin said it was outrageous the World Anti-Doping Agency [WADA] gave Kamila a hard time for finding a performance enhancing drug.,1519155615070785537,drjmcurtis
"Valieva’s ‘perfection’ cannot be achieved by cheating, says Putin https://t.co/ZD3XnDCUZI",1519143710809804800,khanaamir101112
"@olyphil I have seen news of Vladimir Putin honoring  Kamila Valieva on live TV in Russia Tuesday and I am wondering:
Other than on the generic term ""STATE TV"", can you help me identify the name of the network that aired this presentation?
Thanks.",1519139663260307459,MarcinKeene
"@JuliaDavisNews I have seen news of Vladimir Putin honoring Olympic skater Kamila Valieva on live TV in Russia Tuesday and I am wondering:
Other than on the generic term ""STATE TV"", can you help me identify the name of the network that aired this presentation?
Thanks.",1519139144756346880,MarcinKeene
Putin's startling claim about besieged teen skater https://t.co/ugl6WBGhX1 #News,1519134895280652288,CunningSports
"He does know it's not that kind of drugs, right?
""Putin defends disgraced figure skater Kamila Valieva, saying her Olympic gold-worthy 'perfection' couldn't have been done on drugs"" https://t.co/7xHfuzZraK",1519133562808803329,DannyMathewsPAO
Vladimir Putin says it is “impossible” for figure skater Kamila Valieva to dope at the 2022 Beijing Games https://t.co/RFgg5D3LYc,1519132475213053952,awn_site
Vladimir Putin defends Kamila Valieva and hits out at bans on Russian athletes https://t.co/CmGXg7CNCT,1519121741821452291,wizz_media
Putin says Kamila Valieva could not have won skating gold 'dishonestly' https://t.co/2fBYRkYjUO,1519111578368446464,ABrosnikoff
Putin says Kamila Valieva's skating 'perfection' unattainable with doping | CBC Sports https://t.co/nemBvpmdT5,1519084300817248256,marcosarellano
"Kamila Valieva’s skating ‘perfection’ could not be achieved with doping, says Putin https://t.co/BMBV879WKN",1519077875076505606,HeraldNGNews
"JeanieBeanie - Kamila Valieva - Storm | ""In Love With Figure Skating"" - Gala Ice Show 2022 - https://t.co/jVamyaml53",1519075847004688384,Otmar_Ballmann
"Really Puti.  Who gives a fukk what that lying butcher says?  He has cheated in multiple Olympics. 

Putin says Kamila Valieva could not have won skating gold 'dishonestly' https://t.co/e1kcr5mfuB",1519073317579157504,Pulsa48
Putin says Kamila Valieva's skating 'perfection' unattainable with doping https://t.co/NzoaHhj8mQ WHAT A JOKE HE IS.,1519070136354975746,ByronRu21077815
"Putin says Kamila Valieva could not have won skating gold 'dishonestly' https://t.co/6i7HWLBgdz Yeah, well that's bullshit. Cheaters gonna cheat.",1519065992088801280,sweetnonnie
"#olympics #iceskating #figure
Putin said that Valieva brought the sport ""to the height of real art"" | Today is Kamila's birthday https://t.co/J9STzyeBfR https://t.co/gYvPdXSAL9",1519063572730552322,dla_detej
A doping denial seems the right way to lead commendation for such an achievement... https://t.co/qbWF8ugTLf,1519054770656641025,f800gecko
"Band Russian athletes, plain snd simple. 
https://t.co/S0BZ1KA3yH: Putin says Kamila Valieva's skating 'perfection' unattainable with doping.
https://t.co/iCySKoEjzc",1519050187049783296,Victor_Liu_57
"Kamila Valieva is FIFTEEN years old. She was victimized, all right - by Putin, his government, her coaches, and the entire Russian system that destroys CHILDREN by brutalizing their bodies in an endless quest for medals.

God. This is Elena Mukhina all over again. https://t.co/OjxwOsWMYc",1519047809793769477,ourqueenrachel
happy bday to kamila valieva and brooklin cooley aka the most talented 16 year olds to ever exist,1519039166109167622,vladasbraid
Putin says Kamila Valieva could not have won skating gold 'dishonestly' https://t.co/g9jOBi0IPK,1519034095308886023,DarbysCastle
Putin: Olympic skater Kamila Valieva's win couldn't happen with doping https://t.co/EBL8Pmmw12,1519032994270302208,HaoleThai
Putin said to Kamila Valieva ● Figure Skating 2022 https://t.co/LEHvni2HQJ via @YouTube,1519031873342685184,u1h64XIpg9Ml9Hp
"Russian President Vladimir Putin said on Tuesday that teenage figure skater Kamila Valieva's performances could not have been achieved with the help of any banned substances. Valieva, who turned 16 on Tuesday, failed a doping test at the...

READ MORE: https://t.co/hTIHIWQNjB https://t.co/mx8fE4UvXf",1519029972605747202,GhanaTalksRadio
Vladimir Putin defends Kamila Valieva and hits out at bans on Russian athletes #swimnews #swimming #swimmingpool https://t.co/FSXnlXtk41,1519029034159591424,WaterSportNews
Putin says Kamila Valieva could not have won skating gold 'dishonestly' https://t.co/Vat7l05oFL,1519028909135831040,HOPE4THE_FUTURE
Vladimir Putin defends Kamila Valieva and hits out at bans on Russian athletes - The Guardian https://t.co/twN7NppAVg,1519017030518657025,rogue_corq
Vladimir Putin defends Kamila Valieva and hits out at bans on Russian athletes - The Guardian https://t.co/XZMRUgIQat,1519016993734594560,StopVladdyDaddy
Vladimir Putin defends Kamila Valieva and hits out at bans on Russian athletes https://t.co/twN7NppAVg,1519016985060773889,rogue_corq
Vladimir Putin defends Kamila Valieva and hits out at bans on Russian athletes https://t.co/gUbqaBbY3I,1519016970347159553,StopVladdyDaddy
Putin says Kamila Valieva could not have won skating gold 'dishonestly' - Raw Story - Celebrating 18 Years of Independent Journalism https://t.co/LpcPmzsDyK,1519008411798679553,klassalle
"While continuing his genocidal invasion of Ukraine, Russia’s president had reception for country’s 2022 Olympic “champion"" figure skaters today at the Kremlin.  That included the Russians in team event, for which no medals yet awarded because of Kamila Valieva’s doping case.",1519007392670920712,olyphil
Putin says Kamila Valieva’s skating ‘perfection’ unattainable with doping https://t.co/KQU7DmdrOk,1519003584133840896,MetaJaunNews
Putin says Kamila Valieva's skating 'perfection' unattainable with doping | CBC Sports https://t.co/WQJQRvTyqS,1519000922709536772,clm1950
Putin says Kamila Valieva could not have won skating gold 'dishonestly' https://t.co/6ff5vw1jUU,1519000437009047554,joemac1114
Putin says Kamila Valieva could not have won skating gold 'dishonestly' https://t.co/yfVlTjuK2S,1518994636844507139,creeper6548
#KamilaValieva celebrated her 16th birthday today with a special event hosted by Russian President #VladimirPutin at #TheKremlin https://t.co/KIzsfjsu0Y #Olympics #Beijing2022 @ISU_Figure @wada_ama @Olympic_Russia #skating,1518993994633687040,insidethegames
Putin says Valieva's skating 'perfection' could not be achieved with doping https://t.co/PEK5JYPUQL,1518989012752420864,MMCOWRD
Russia stripped of hosting figure skating Grand Prix event - The Associated Press - en Español https://t.co/9zBwixExYX #AndyVermautLovesAP #Whatsapp0032499357495 https://t.co/llGPBZdyns,1518987916084596736,AndyVermaut
Kamila Valieva - The IDEAL of our figure skating! https://t.co/9mkOsKITCR via @YouTube,1518985238394785792,u1h64XIpg9Ml9Hp
Putin says Kamila Valieva could not have won skating gold 'dishonestly' https://t.co/5sphrF0eRX,1518981753460899842,chrisdanne2
Putin says Kamila Valieva could not have won skating gold 'dishonestly' https://t.co/qGYq0dKBlF,1518981626868371456,mlauriat
Putin says Kamila Valieva could not have won skating gold 'dishonestly' https://t.co/wQLnN9vdOE,1518981089292959745,thomaskaine5
"Valieva’s perfection cannot be achieved by dishonest means, says Putin https://t.co/LfDBaVnThz #",1518981026944798721,rtushar_ind
Putin says Kamila Valieva could not have won skating gold 'dishonestly' https://t.co/cEUblMsj4d,1518979380084682754,bmangh
Via @RawStory: Putin says Kamila Valieva could not have won skating gold 'dishonestly' https://t.co/RqnKvJLxme | #politics #trump #corruption,1518978098313588736,thejoshuablog
"Valieva’s perfection cannot be achieved by dishonest means, says Putin https://t.co/jLoh2h8vdX",1518976135417282566,pmasner
"Valieva’s perfection cannot be achieved by dishonest means, says Putin https://t.co/USKwaIOv9o",1518975903581106177,derrick_houska
#Putin's speech at a meeting with #Kamila #Valieva #iceskating  #figure  #olympics  #teamtutberidze https://t.co/fJqkipdj7j,1518957614842867712,R1FigureSkating
Kamila Valieva’s Skating Perfection Could Not Be Achieved With Doping – Vladimir Putin https://t.co/I5WBILypOD,1518954613214429184,KOKO_TV
"Russian President Vladimir Putin awarded Russian figure skater Kamila Valieva with the Order of Friendship

#Russia #KamilaValieva #VladimirPutin https://t.co/u1fnjwbYcb",1518952788587425792,ReadovkaWorld
"Valieva’s perfection cannot be achieved by dishonest means, says Putin https://t.co/yu1qVl9SIL #",1518952643737047042,MastMal26616807
Vladimir #Putin awarded the 16-year-old #Russian figure skater Kamila Valieva with the Order of Friendship and congratulated her on her birthday:#Russian #Ukraine️ https://t.co/PsIXvwdjtx,1518944141904084993,middleeasttime
"Kamila Valieva, Victoria Sinitsina, and Anastasia Mishina supporting Putin at his meet and greet. Nikita was there too of course. 😬 https://t.co/W2MrDQmRei",1518941651804246017,sasssurlaglace
Valieva's figure skating performances could not be achieved with doping: Putin Russian President Vladimir Putin said on Tuesday that teenage figure skater Kamila Valieva's performances could not have been achieved with th... #Sports by #TimesofIndia https://t.co/TXgqhBiZQc,1518939968420339713,MarketsCafe
Putin's speech at a meeting with Kamila Valieva #iceskating #figure #olympics #teamtutberidze https://t.co/19q5M9k4gX https://t.co/63A3D4YBWN,1518939928192634881,dla_detej
KAMILA VALIEVA - Wonderful Lass (edit) ● Figure Skating 2022 https://t.co/dZBWvbMi5Z via @YouTube,1518939463140917248,u1h64XIpg9Ml9Hp
"""Russian President Vladimir Putin said on Tuesday that teenage figure skater Kamila Valieva's performances could not have been achieved with the help of any banned substances."" https://t.co/QXfoF5iZh6",1518932315698782209,EmirCrowne
"Russia has been stripped of hosting an event on figure skating’s Grand Prix circuit next season because of the country’s war on Ukraine.
https://t.co/hCdCmYzFpL",1518923560886095874,lise_latulippe
".

.
            🇷🇺

⚡️#Putin congratulated figure skater #Kamila_Valieva on her birthday  
　　at the awards ceremony for the Olympians. 
　 .. Also, a skater was awarded the Order of Friendship.

.
.
.
.
  #TelegramРоссия https://t.co/m0jHryupIE",1518920225223102464,MilkyWa34808762
"Happy birthday,#Kamila_Valieva! https://t.co/ockd3biKk3",1518919683986100225,omnipresent311
Vladimir #Putin awarded the 16-year-old #Russian figure skater Kamila Valieva with the Order of Friendship and congratulated her on her birthday:#Russian #Ukraine️ https://t.co/m4vhrcmOpV,1518918003139788807,coope125
"Happy birthdays to (1 of 2): @MELANIATRUMP, @imcarolburnett, @channingtatum, Marcus Aurelus, @KevinJames, Kamila Valieva, @quiethandfilms, @jetli_official, Jessica Lynch, Bobby Rydell, Ma Rainey, John James Audubon...",1518917421188489217,fasfan
"#life #Tutberidze #beijing2022
Alexandra Trusova, Kamila Valieva in the Kremlin waiting for the event! https://t.co/Z3d99q3kUE https://t.co/NXL3O1Oipq",1518882103601115136,dla_detej
"#life #Tutberidze #beijing2022
❤✨ Happy birthday, Kamila Valieva! 🦋 https://t.co/2y8SYovBfP https://t.co/TUFD7T1nQ6",1518870013117087745,dla_detej
Russia stripped of hosting figure skating Grand Prix event (from @AP) https://t.co/BWpUJIxyk8,1518867779369066497,drumr54
"EVERYBODY SHUT UP KAMILA VALERYEVNA VALIEVA IS 16😭😭😭😭 hope this year brings you happiness, success and many good memories 💕💕💕 #happybirthdaykamila https://t.co/5aBBPiE5X4",1518842247034322944,Trusobsessed
Happy birthday Kamila Valieva 👑 💫 ✨🎂🥳❤️  #kamilabday16 #КамилаВалиева #kamilavalieva https://t.co/vv3UP3I19M,1518828314005229570,Lilly__Duarte
"Happy Birthday🎉🎉🎉✨✨✨#Kamila #Valieva 
#ice  #champion #sport #花樣滑冰新聞 #figure #skating #Beijing2022  https://t.co/AncJ1PT9PE https://t.co/jl1FYIZunY",1518804131200200704,R1FigureSkating
As of April 26 Kamila Valieva is no longer a protected person,1518784364741550082,QuadAxel3Toe
The International Skating Union said Monday it is looking for a replacement host for the Nov. 25-27 event after its ruling council took the Rostelecom Cup off the schedule because of Russia’s military invasion. …Russia stripped of… https://t.co/Ai5Shbopmj,1518735047758520320,ChrisKowalkows2
@dailykamila ❤️Happy Birthday Ms Kamila Valieva ❣️❣️❣️❣️❣️❣️❣️❣️❣️❣️❣️❣️❣️❣️❣️❣️❤️We wish you  live  for a long long long time and fascinate us forever  thru our grad grand children will enjoy your splendid  wonderful  skate❣️❤️,1518715891294240768,0wpRX0U0TGLKWYM
"""Here's hegemonic politics, ruthless patriarchy and racism coming together. In its overwhelming power, the US Empire has made evil all things Chinese and Russian, and women athletes have not been spared the weaponizing of that hate.""

Via @Countercurrents

https://t.co/ieTWhNa36w",1518699302008274945,socialist_china
"Russia stripped of hosting figure skating Grand Prix event
https://t.co/fMKEyUQvOA",1518684540532891648,PaulCogan
"Russia stripped of hosting figure skating Grand Prix event 

#iceskating #figureskating
#Russia #sports #news  https://t.co/kdMlzLtM7k",1518663161234210816,ChyMik
"Russia stripped of hosting figure skating Grand Prix event
https://t.co/KhIYaq0kPU",1518650255868411906,tommyboy0690
HAPPY BIRTHDAY MY SUNSHINE KAMILA VALIEVA,1518646549361872897,VALIEVEAS
"Russia stripped of hosting figure skating Grand Prix event, figure skating has Chipped Away from Russia 
https://t.co/E3ix1SnW2C",1518644504869408769,tmsnbb
Wonder if we will see an invitation to #Ukraine to host this now. #skating https://t.co/srZCMGV4YG,1518641104832413697,JessicaStoneTV
Russia stripped of hosting figure skating Grand Prix event (from @AP) https://t.co/20rFNsfe5E,1518639152207605765,dwatchnews_eur
Russia stripped of hosting figure skating Grand Prix event | AP News https://t.co/swPSPl1ASK,1518635191094464513,namaste90111
Russia stripped of hosting figure skating Grand Prix event (from @AP) https://t.co/z67u7XurLr,1518633163320438785,mgoldsmith
"HBD🎂🎂🎂kamila valieva
May everything you encounter from now on can give you the power to yearn for love. https://t.co/gAa4SONWXV",1518625296391368705,Jasmine42479936
good morning fs mutuals i’d like to say that i share my bday with KAMILA VALIEVA that’s it wish us well tomorrow https://t.co/4Y5Jy8b8jH,1518550172833390592,manuismo
Kamila Valieva: Avatar. 2022 champion of Moscow ice show https://t.co/IFzmlCv3FU,1518489328913371137,dust_of_sky
Kamila Valieva: in memory. 2022 champion of Moscow ice show https://t.co/MbaCbKNQxe,1518489102479675392,dust_of_sky
+ Intl Testing Agency on Kamila Valieva’s positive doping test + Jason Brown’s post-FS press conference.,1518334454959325184,shitfsstanssay
"Kamila Valieva showed an impressive series of elements in training today 3Lz+3Lo, 4T+3T, 4S , 3A  https://t.co/JzEKGLpK8n https://t.co/VQGpktgvHi",1518333786022371329,dla_detej
"#life #Tutberidze #beijing2022
Kamila Valieva and Mark Kondratyuk performed a synchronized quadruple sheepskin coat in training https://t.co/EgUPJ9Dk3t https://t.co/EsA5J6t2ON",1518325191843012609,dla_detej
I think if people had stuck up for Kamila Valieva much of this tragedy would have been averted. What's wrong with you.,1518305709087092736,kudojeff
KAMILA VALIEVA YOU ARE JUST AMAZING. JUST AMAZING.,1518266870826160131,Daerves13
