full_text,tweet_id,screen_name
Lin-Manuel Miranda Says He Doesn’t Want To Make an ‘Encanto’ Sequel Just Yet &amp; Reveals The Reason Why https://t.co/yibRS4jn1n,1520911512671383552,NikhilS18830535
"Love it 😍😍👏👏👏👏Lin-Manuel Miranda and Raul Esparza sing  ""A Boy Like That"" from West Si... https://t.co/GXQkkoFavq via @YouTube",1520910362467389441,Artgeek851
"The Diary of Anne Frank (animated, with music by Lin-Manuel Miranda)",1520906218906308608,myeongwen
And when Johnny starts rapping like Lin-Manuel Miranda on the next 127 track then what 🤣🤣🤣 https://t.co/nglPhNUB67,1520905717171073025,THEHOTTESTPEPI
"If you or someone in your house loves Encanto and you’d like to switch it up, don’t sleep on Vivo on Netflix, also featuring lots of great songs by Lin-Manuel Miranda (and the girl main character definitely has ADHD)",1520892770738753536,djschwin
i hate lin-manuel miranda,1520879333400891399,gl00mytuesday_
Who is Lin-Manuel Miranda’s wife Vanessa Nadal? https://t.co/fOWKBQc2tb,1520867214634762240,adabagcompany
Who is Lin-Manuel Miranda’s wife Vanessa Nadal? https://t.co/S7IMvMHE9R,1520866970358407169,adabagcompany
"Alice Paul, Carrie Catt and Ida B. Wells meet..@HillaryClinton at SUFFS. With Lin-Manuel Miranda in supporting role at @PublicTheaterNY  What an amazing moment. Brava to @shainataub and the  entire cast. @jennyschuessler brings the news: https://t.co/RDMn2cQupz",1520855382603804672,efweiss5
"Lin-Manuel Miranda | National Virtual Mainstage | June 30, 2021 https://t.co/jCeEnC7gEl via @YouTube When people trust you by being their most vulnerable self. No acting. Just ribs cracked open emotions. This Wednesday will be a day I’ll never forget 💙🥹💙",1520849750794379266,Zetastar1226
"#NowPlaying Lin-Manuel Miranda, Ynairaly Simo - Keep the Beat #musicforfamilies #musicforkids #children",1520847784114630656,TOTSRADIO
"Lin-Manuel Miranda Claims Imagineers Are Currently Developing an Encanto Attraction for Disney Parks

I’m sure you’ll ban that .⁦@GovRonDeSantis⁩  https://t.co/ym9fLGHWnc",1520840910464065537,summer7570
ENCANTO IS STUCK INSIDE MY HEAD BECAUSE OF LIN-MANUEL MIRANDA AGHHHHHH https://t.co/Q58wr8c90N,1520829673067929600,glaamrockz
"Best creative advice ever—Make what’s missing. No one’s going to make your dream show. It’s your dream—Lin-Manuel Miranda
@Lin_Manuel

https://t.co/N6MLHnpI5c",1520816086509305858,J_M_Maverick
Encanto: Lin-Manuel Miranda Wants a Theme Park Ride at Disneyon 1. May 2022 at 17:08 - https://t.co/YmgENdSCgU,1520813175985348610,ATGBrokers
Andrew Garfield and Lin-Manuel Miranda went to see Funny girl on Broadway https://t.co/2FqyEpeQIi,1520806289663832066,GarfySource
Day 2199: Lin-Manuel Miranda lost Oscars to the White Broadway Establishment and an actor from Glee,1520787018812436482,LMMPulitzer
Lin-Manuel Miranda in House is not what I expected today.,1520786622857740289,jinkies318
I just found out I attended the same Weird Al show as Lin-Manuel Miranda  and Paul Rudd 😯😯😯😯😯😯,1520779130459115520,clowchan
"“You are perfectly cast in your life. I can't imagine anyone but you in the role. Go play.”
― Lin-Manuel Miranda",1520775352817180672,eirianss
"Lin-Manuel Miranda has won the Pulitzer Prize for Drama for Hamilton. Also, another fun fact: Lin-Manuel Miranda is only lacking an Oscar to become an EGOT.",1520750031313154049,thisisQuiche
"Lin-Manuel Miranda e Andrew Garfield, (tick, tick...BOOM!) https://t.co/6mTBW3PA78",1520743542796267522,asteroidpic
Lin-Manuel Miranda puts his foot in the musicals man! He hasn’t missed yet.,1520734967621459969,WhySoSerious426
Lin-Manuel Miranda Wants to Make an ‘Encanto’ Theme Park Ride Before Working on Sequels: The composer has already pitched his idea for a ride to Disney CEO Bob Chapek. https://t.co/iQaj3Ue1fU | @IndieWire #Film #Video #IndieWire https://t.co/LMkcG4yyZr,1520732402758299649,theeaglesvision
"Repost from @IndieWire 

Lin-Manuel Miranda Wants to Make an ‘Encanto’ Theme Park Ride Before Working on Sequels. https://t.co/Gt0flw8a1q",1520680266028793856,morena_faenza
did she bring lin-manuel miranda? https://t.co/uCcuBn0yBh,1520661189436448768,isilanorien
just gonna start blaming all my problems on Lin-Manuel Miranda,1520635266847080448,AnArmAndAMeg
"So I take it whatever is the next installment of Encanto, chances are Lin-Manuel Miranda would not be involved.

https://t.co/bb6OBy4lAt",1520633039134502912,August_Macias
"""Imagine how you want to feel at the end of the day. Start working towards that now."" —Lin-Manuel Miranda",1520630024327499776,karanjaswal07
isn't lin-manuel miranda hosting the met gala,1520621834453995521,lunacIipsed
"Lin-Manuel Miranda - ""My Shot""",1520608831415455746,WERANowPlaying
Various artists : Jonathan Groff : Hamilton (Original Broadway Cast Recording) : I Know Him : Lin-Manuel Miranda : 2015 https://t.co/W29GqnkmN4,1520599686297530368,GlerumMusic
"Tonight I decided to dust off an old Lin-Manuel Miranda 3d sculpt! I'll have to decide on a costume. 

#ZBrush #Hamilton https://t.co/EuPaeeH5NL",1520595523912318976,jeanpascal_b
"“I know how it looks. But just start. Nothing is insurmountable.” – Lin-Manuel Miranda

ACOUSTIC JAM WITH ANJI
#AnjiSalvacion || @anjisalvacion",1520584947655872513,anjsalvacion01
Lin-Manuel Miranda Wants to Make an ‘Encanto’ Theme Park Ride Before Working on Sequels https://t.co/9szcoyu27v https://t.co/lEgtANE3eX,1520559011610775552,SkyBarFilms
are we done pretending Lin-Manuel Miranda is bad now that there's real problems,1520557050366939138,StopEatingBees
"Lin-Manuel Miranda Wants to Make an 'Encanto' Theme Park Ride Befor... (IndieWire)

The composer has already pitched his idea for a ride to Disney CEO Bob Chapek.

Add your highlights:
https://t.co/kDC4mhItzo
 #IndieFilms #Movies",1520521170742747136,IndieFilms_B
Encanto: The Attraction? Lin-Manuel Miranda Says Disney Has Something in the Works https://t.co/XJ5Skmd2Xd,1520520190378749952,MickeyBlog_
"Do you ever go like ""Omg I love Lin-Manuel Miranda and Oscar Isaac so much it's not fair"" or is it just me😭",1520515952131067910,michapolymiadou
me after my shift as lin-manuel miranda’s hand: https://t.co/rE28yq2wwd,1520499716647227399,ratdaddy69
This is Lin-Manuel Miranda https://t.co/aAkPdENhjh,1520494323426545666,bear_mq
Lin-Manuel Miranda Claims Imagineers Are Currently Developing an Encanto Attraction for Disney Parks - https://t.co/MVsHq4g9Vq via @wdwnt,1520482973287657473,chrispilz
"ICYMI: Lin-Manuel Miranda Claims Imagineers Are Currently Developing an Encanto Attraction for Disney Parks

https://t.co/QLEdzDU2zD",1520439102264463360,dlnt
"@Lin_Manuel 
let's talk about Lin-Manuel Miranda e how he is such a INCREDIBLE reference NOT ONLY as an artist, for us, artists, but as a fighter, a lover and such a passionate person with everything he does. https://t.co/Vq55lr8MGf",1520423794988437506,_1994S2
"The moment we’ve been waiting for! 🤩

Lin-Manuel Miranda Confirms an 'Encanto' Attraction Is In The Works at Disney https://t.co/K4cc8ADViO https://t.co/NMdAAgmZMW",1520416820431310850,AllEarsNet
Day 2198: Lin-Manuel Miranda lost Oscars to the White Broadway Establishment and an actor from Glee,1520415125622169605,LMMPulitzer
Lin-Manuel Miranda and Camila Cabello at the Hispanic Federation Gala in New York City photo by ⁦@Starshot9⁩ ⁦ https://t.co/5XnqFvkDRs,1520412859414589440,Starshot9
Lin-Manuel Miranda Claims Imagineers Are Currently Developing an Encanto Attraction for Disney Parks - https://t.co/3sWXWHBwnH via @wdwnt,1520412161134182403,Gentryland
🚨BREAKING: We're all gonna die! Miniclip kills dying Lin-Manuel Miranda,1520382706164584448,AwfulClickbait
"Will you be working together?

Camila: ""I'm ready""
Lin-Manuel Miranda: ""Yeah, we're ready whenever possible. Yeah"" https://t.co/fPGgeMAn5N",1520380062725378048,CC_Cinderella_m
"Lin-Manuel Miranda: ""She was incredible in Cinderella.""
Camila: ""Thank you.""
x x x

""I am promoting Familia. That is the only thing I have for now but I always, for the experience, what I just had with writing my album, I am inspired to keep creating music.""

- @Camila_Cabello ♥️ https://t.co/ng5EWvlYDf",1520374772470755329,CC_Cinderella_m
Is the guy lin-manuel miranda😭 https://t.co/STvqDfj0Cv,1520369970815062016,hyuntzusunshine
Lin-Manuel Miranda… that’s the tweet.👏🏾👏🏾👏🏾,1520364798017421312,NPeopley
In the Heights — Lin-Manuel Miranda &amp; 'In The Heights' Original Broadway Company,1520364450066411520,nowplayingwbar
"@hughlaurie Watching old House Episode; Baggage w/ the great and talented Lin-Manuel Miranda as ""Alvie Alvarez"" Did U realize U were in company of such talent? He did some riff after stealing a book 4 House; I knew it had 2B Lin-Manuel. Guess we all start from humble beginnings!",1520311091775086593,uphpkelglo104
"The name tag. 🥺『Hello, I'm Lin-Manuel Miranda. He/Him. Musicalist(? can't figure out what that word is but I guess it should be occupation?)』 https://t.co/UhndJKG1B0",1520293059103186945,bear_mq
#Now Playing Almost Like Praying by Lin-Manuel Miranda feat. Artists for Puerto Rico On https://t.co/ekBHb2YUDh https://t.co/rlaOXzX0IX,1520281958651150337,BCBHits
The consequences of lin-manuel miranda and Hamilton https://t.co/dbndEiflsK,1520237466195615744,bi4birymin
Lin-Manuel Miranda says he wants an 'Encanto' theme-park attraction before a sequel or TV series is made https://t.co/WicLH5f3FB,1520234184714997760,KathysBeauties
"📷 usergif: MOANA (2016) | music composed by Lin-Manuel Miranda, Opetaia Foa'i, Mark Mancina https://t.co/nhFWS2zA4T",1520231565078544385,NaylaKodiak
"#MetGala2022 Blake Lively &amp; husband Ryan Reynolds, Regina King, and Lin-Manuel Miranda (not as Alexander Hamilton) are all cohosting this year’s red carpet &amp; gala. 

Tom Ford, Adam Mosseri &amp; Anna Wintour will continue their roles as honorary co-chairs for the event.",1520226414829744128,BarkJack_
"If you are a new Lin-Manuel Miranda fan, here’s some friendly advice. Do NOT, and I must be firm here, do NOT go into the #linmanuelmiranda tag because most of it is just hate toward him. And you do not need that kind of negativity. Ever. #loveforLin #LMM #LMMpositivity https://t.co/aHyGPKTizI",1520210367619952640,marlytheadoptee
"You can really tell that Lin-Manuel Miranda was envolved with Moana’s soundtrack.
#wordplay",1520203371722031104,springmymble
"Lin-Manuel Miranda Claims Imagineers Are Currently Developing an Encanto Attraction for Disney Parks

https://t.co/goWVKz1A8s",1520199173756407808,dlnt
"Lin-Manuel Miranda Claims Imagineers Are Currently Developing an Encanto Attraction for Disney Parks

https://t.co/sQ0ImznPNa",1520199083486584836,WDWNT
"I want a Disney Sing-along Songs for Hamilton. Complete with bouncing ball and cheesy 80s computer text effects

Maybe get Lin-Manuel Miranda to sing a cover of the old theme song",1520198389652205570,CyrusTarber
Phil Collins is the Lin-Manuel Miranda of the 80’s.,1520184233691557890,lady_mcmeth
"#NowPlaying ""One Last Time"" by Christopher Jackson, Lin-Manuel Miranda, Original Broadway Cast of Hamilton on @TIDAL 

 https://t.co/WTgFtPsf4E",1520170658507993093,Danthemanmusic
"Based on Studs Terkel's book, 𝑾𝒐𝒓𝒌𝒊𝒏𝒈 𝑻𝒉𝒆 𝑴𝒖𝒔𝒊𝒄𝒂𝒍 is a collaboration of music by James Taylor, Mickey Grant, Stephen Schwartz and Lin-Manuel Miranda that brings the book's interviews to life.  

Tickets: https://t.co/Z7DOmo6Ahd

Poster: Jamia Carter '22 (SDP) https://t.co/vu6liLcMod",1520161438475722756,BaltSchoolArts
can’t watch until lin-manuel miranda &amp; disney makes the movie abt the puerto rican princess. i will truly be in my element 🥹 https://t.co/aBpHQfPszK,1520158786270511104,fieryhaIo
"Week #2 of the #FLRCChallenge brought our first finisher, the indomitable Rebecca Lambert! You'll also read about wildlife sightings and Pete Kresock's Lin-Manuel Miranda-inspired lyrical run report. And remember, sign up by Sunday if you want a T-shirt. https://t.co/YKsx3VAT4g https://t.co/5YZFyXC0vy",1520156178457763840,FLRCIthaca
"Taika Waititi is the new Lin-Manuel Miranda, and no I will not elaborate on that",1520152998395097088,dykelwj
Lin-Manuel Miranda says he wants an 'Encanto' theme-park attraction before a sequel or TV ... - https://t.co/Ao95rYQRIv https://t.co/BjL9LYgwLb,1520145818962911232,Refess
"This year’s hosts are Regina King, power couple Blake Lively and Ryan Reynolds, and Lin-Manuel Miranda. September’s slate of hosts included Timothée Chalamet, Billie Eilish, Amanda Gorman and Naomi Osaka. https://t.co/LrAvkINHft",1520130849009811467,eyeonpop
Taika Waititi is the work of an evil scientist trying to create regional variants of Lin-Manuel Miranda,1520123924494749696,Sparrow_Admirer
Wait Billie Eilish beat Lin-Manuel Miranda for Best Song at the Oscars?,1520121521712373762,SapphJack
"This year’s hosts are Regina King, power couple Blake Lively and Ryan Reynolds, and Lin-Manuel Miranda. https://t.co/BJf48KqWFW",1520100651233161217,sxswpop
"“The fun for me in collaboration is, one, working with other people just makes you smarter; that’s proven.” – Lin-Manuel Miranda

If you need help with a one off, contract recruiter support, project or end to end RPO or anything in-between...Let's get sma…https://t.co/9yh9HJHj8G",1520068955297050624,rpo101
Lin-Manuel Miranda in this movie as Vivo is perfection. Love the music. https://t.co/LOmOVgGPk8,1520062210684293122,Serranoclouds
Writers Who Kill: When Lin-Manuel Miranda Speaks by Warren Bull https://t.co/uTMPPkG3rA,1520045191977226243,kaitcarson
"Stay Alive from Hamilton, original lyrics: ""A hundred soldiers die in a thousand degree heat, as we snatch a stalemate from the jaws of defeat!""

Lin-Manuel Miranda's historic and scientific advisors, nervously knocking on his door: ""Sir... We had one small change to suggest...""",1520041258697252865,tjwebbmd
"Have you seen our fantastic new KS3 Lin-Manuel Miranda listening pack?

Includes sheets on:
Moana
Hamilton
In the Heights
Encanto

https://t.co/T1sux3edd8 https://t.co/Urq2jY435k",1520027199147065344,i_can_compose
"Lin-Manuel Miranda is cute, genius, sweet, kind, beautiful and perfect",1520026080916041728,InTheHeightsLy
"John Doe and Lin-Manuel Miranda garner accolades for their version of ""Rock Lobster.""",1520012275440050179,randomduets
Day 2197: Lin-Manuel Miranda lost Oscars to the White Broadway Establishment and an actor from Glee,1519997160405671937,LMMPulitzer
"#NowPlaying Lin-Manuel Miranda, Ynairaly Simo - Keep the Beat #musicforfamilies #musicforkids #children",1519949366508892166,TOTSRADIO
"Camila Cabello, Lin-Manuel Miranda and wife Vanessa attend the Hispanic Federation Gala in New York https://t.co/YnElK13xDr",1519940378031534080,USBreaking24
"Camila Cabello, Lin-Manuel Miranda and his wife Vanessa attend the Hispanic Federation Gala in New York https://t.co/wCeWnZ1tZh",1519933120006565888,Newyorkbreaking
"Camila Cabello, Lin-Manuel Miranda and his wife Vanessa attend the Hispanic Federation Gala in New York https://t.co/7tgfzFpwix",1519933092441513984,ny_breaking
"♫In The Heights by Lin-Manuel Miranda, from #SoundHound https://t.co/gDs6jaXERg",1519891993056333824,mbvukutaphiri
question why is lin-manuel Miranda one of them met gala chairs the second question which K-pop idols do we think will attend this year,1519889550780166144,sksnhn
so i saw andrew garfield today and lin-manuel miranda yesterday. i’ve been tick tick bamboozled.,1519879521834606592,itssamgarcia
"“Good night
You have earned that bed.
It’s okay.
Clear the table for your dreams,
get your guts right.” — Lin-Manuel Miranda https://t.co/htizyIiBhQ",1519874173094572033,qc
"Various artists : Daveed Diggs, Okieriete Onaodowan, Leslie Odom, Jr., Lin-Manuel Miranda, Original Broadway Cast of Hamilton : Hamilton (Original Broadway Cast Recording) : The Election of 1800 : Lin-Manuel Miranda : 2015 https://t.co/hEIsAoJHBc",1519856703436591104,GlerumMusic
"Lin-Manuel Miranda is brilliant, beautiful and cute",1519844882906750976,InTheHeightsLy
why must i suffer so much (james corden and lin-manuel miranda) to get camila content,1519833550836707329,sangriafalls
"#10sMusicInApril - April 29
""Found/Tonight"" - Lin-Manuel Miranda &amp; Ben Platt (2018) @Lin_Manuel ; @BenPlattNews
YT: https://t.co/ojqgDex5oT
Live perf. vid: https://t.co/3v5CcFx68r",1519828921889562629,robmccausland
Camila Cabello with Lin-Manuel Miranda at the 2022 Hispanic Federation Annual Gala. 🖤 https://t.co/fjk75MZl3K,1519827566441414656,BuzzingPop
"Replying to every Lin-Manuel Miranda tweet with ""win a real Kennedy Center Honor, Lin-ManFraud""",1519787835250946051,alexnichols11
"“Allow for the possibility that the best of you is still inside you, waiting to emerge.
Prepare the way, bit by bit” — Lin-Manuel Miranda https://t.co/htizyIiBhQ",1519783611532197895,qc
"I made a tier list of Lin-Manuel Miranda’s discography

https://t.co/xYIGllqPTy",1519782298442379264,MokerJaniac
"I think this is what he was referring to.

https://t.co/GvFq11tzYa

I think this is what a lot of people may be referring to when they call gay men “fruits”.

My reference to Lin-Manuel Miranda as a fruitcake should be tried as a hate crime and a murder attempt WITH CONSPIRATORS. https://t.co/Eo88PIVWGe https://t.co/Uy5tHRdxfF",1519779155516157952,DaniPrimas1
"My review for @FXNetworks #UnderTheBannerOfHeaven is here! It’s got praise for Episode 4, my favorite, that allows Andrew Garfield to as Lin-Manuel Miranda put it: “suffer beautifully”.  (Light on spoilers) 
https://t.co/fmCIqy0zS2",1519777573160382464,DestinyDreadful
"🚨BREAKING: Following viral fame on TikTok, Lin-Manuel Miranda beaten in tennis match by a variant of Dua Lipa in Miami, FL",1519703565282910209,AwfulClickbait
"#NowPlaying Lin-Manuel Miranda, Ynairaly Simo - Keep the Beat #musicforfamilies #musicforkids #children",1519695949760770049,TOTSRADIO
Day 2196: Lin-Manuel Miranda lost Oscars to the White Broadway Establishment and an actor from Glee,1519692723929767936,LMMPulitzer
Another day my child sings Surface Pressure on an endless loop while I parent in a pandemic &amp; unpack after a move &amp; wrestle with internet non-providers; another day I curse Lin-Manuel Miranda's linguistic clairvoyance,1519688337757552641,singing_regret
"Any other person in their 40's who was under an absolute chokehold by the amazingness of Mellon Collie and The Infinite Sadness? 

I haven't listened to it in a while and it still plays out like a Lin-Manuel Miranda production.",1519670749287624706,TransNursing
For my neurodivergent kid this helped lock in silent e rules.      Silent 'e' - Shock &amp; Lin-Manuel Miranda (The Electric Company) https://t.co/6X8EeuwEaY via @YouTube. #Neurodiversity #scienceofreading #structuredliteracy #LinManuelMiranda,1519668878762196993,docwayson
"Musicalsé? Lin-Manuel Miranda will co-chair the Met, I need him to meet Rosé but I need hér to be present first 😩",1519620656237019137,ysltiffanygirl
In order to fit all the reasons I'm depressed into a 55 minute therapy session I've taken a page from Lin-Manuel Miranda and begun rapping my miseries and agonies etc,1519616482514280449,bhangbhangducx
"Taika Waititi &gt; Lin-Manuel Miranda 

I will not elaborate.",1519565662397644800,TheWizardofYASS
"Forget the current cast, here's my dream cast for Wicked the movie:
Elphaba: Lin-Manuel Miranda
Glinda: Gary Busey
Fiyero: Haim
Doctor Dillamond: Timothée Chalamet",1519555282292015105,sam_hates_music
"blake lively, ryan reynolds and lin-manuel miranda co-charing the met. this is gonna be a good year",1519538009892265984,c_olleen18
Wild that they haven't gotten Lin-Manuel Miranda to update the Enchanted Tiki Room yet.,1519534853481455620,ResDolph
"wow! the best song written for visual media cateogy is already stacked for next year's grammys.

beyoncé, gaga, taylor, billie with finneas, lin-manuel miranda, h.e.r.,doja, ariana...

that's gonna be interesting for sure",1519534456771514368,folkswiftrep
If Lin-Manuel Miranda does anything well it’s making 5 people singing sound like a 1000 people singing,1519533472280641536,eyeslayah
"This is from several years ago, but I hadn’t seen it before and I really enjoyed it. So I wanted to share it with you!

Lin-Manuel Miranda on MARY POPPINS RETURNS, Revisiting HAMILTON &amp; More https://t.co/E9p5LJbAq6 via @YouTube",1519525349289123840,LighterWay2Live
Lin-Manuel Miranda &amp; Germaine Franco &amp; Encanto - Cast : Germaine Franco : Encanto (Original Motion Picture Soundtrack) : Meet La Familia : 2021 https://t.co/c1gUjtw9ER,1519491979314298884,GlerumMusic
"Me: *goes to bed, 2:40 am*

Brain: hey this would be an amazing fanart for Lin-Manuel Miranda!

Me: https://t.co/pqDdSfGps0",1519476859402133504,eirianss
"#NowPlaying Lin-Manuel Miranda, Ynairaly Simo - Keep the Beat #musicforfamilies #musicforkids #children",1519463166387884032,TOTSRADIO
Walked past a table and this girl was talking about how hard Lin-Manuel Miranda snapped on We Don’t Talk About Bruno,1519462506808414210,LukeSnywalker
I feel like Lin-Manuel Miranda would be the first to die in A Quiet Place 😭 https://t.co/pHOvsY2b8u,1519445625229688833,JohnnyNeff_
Hear me out:  an Asian-American musical crime-drama written and directed by Justin Lin-Manuel Miranda,1519426885054214144,Tokyo2Slim
"Lin-Manuel Miranda really *can* do anything, as long as it isn't acting or singing or dancing.",1519400447882276866,hotdogdynamite
Gaga writing all these songs has Lin-Manuel Miranda quaking in his boots,1519369766166687744,plxtinumco
"I found out recently that my fiance's abuela originally hailed from Washington Heights, NYC (say it like the Lin-Manuel Miranda song) via Jayuya, PR 🇨🇿",1519365443143622656,_deedelacruz
Day 2195: Lin-Manuel Miranda lost Oscars to the White Broadway Establishment and an actor from Glee,1519342977071542277,LMMPulitzer
"#NowPlaying Lin-Manuel Miranda, Ynairaly Simo - Keep the Beat #musicforfamilies #musicforkids #children",1519280456826564609,TOTSRADIO
You can have good ideas when you take a break from what you’re normally doing and don’t just go 100 miles an hour — Lin-Manuel Miranda,1519241911642603521,inginnyus
"Just had a dark thought, which was what if, instead of the Hamilton biography, Lin-Manuel Miranda had read Francis Wheen’s biography of Karl Marx",1519233241135431680,nerdosyndical
"my most hated people: 
ed sheeran 
lin-manuel miranda
any country artist",1519185137346433031,ddmoss8
Jamie Lannister doing a squat with Lin-Manuel Miranda on his shoulders is epic television ❤️ https://t.co/3ofwKthfGw,1519182858509852672,Not_a_real_mc
"""I would love to go!"" She grins. ""I love Lin-Manuel Miranda."" https://t.co/CJkkkbDYOL",1519173410911358977,TheWarriorMaeve
"When I don’t wash my hair for a few days, I look like Lin-Manuel Miranda in act 2 of Hamilton.",1519170573200347137,christina_may
"@DarinaDiosa , I'm listening to ""My Shot"" by Lin-Manuel Miranda from ""Hamilton."" Struck by raw passionate lyrics, inspired by young American revolutionaries in 18th century fighting mighty British army. Reminded of brave Ukrainian soldiers trying to expel Russian troops. https://t.co/9O7LbjJU1f",1519163065815617536,PSEfan2022
"Kafka’s top 5 rappers all-time:
1. Drake
2. Lin-Manuel Miranda
3. Eminem
4. Drake (baby father era)
5. One half of Logic",1519161355604922368,metalgearobama
Joell Ortiz Feat. Lin-Manuel Miranda - Gran Combo   https://t.co/M8RzQrsZMs you ain't listening yet #LETUSIN #EVERRISE @EVERRISE,1519151869339308032,hollywoodkc27
"Back on my hyperfixation bullshit. I think it’s weird that IRL the younger Schuyler sister Peggy died and Lin-Manuel Miranda couldn’t find time to include that in the second act, but turned the actor portraying her into her sister Eliza’s cuck. #Hamiltonthings https://t.co/6YoDKxjukU",1519143131366977537,JasperPeachSays
"“Every day has the potential to be the greatest day of your life.”

— Lin-Manuel Miranda",1519107873279815683,coachjason_GC2
"Just a few more days! #metgala2022 
Hosted by Regina King, Blake Lively, Ryan Reynolds, and LIN-MANUEL MIRANDA.✨️ @Lin_Manuel https://t.co/ziZhqehbyB",1519104366371819520,Chaim_DS
"BLAKE LIVELY, RYAN REYNOLDS, REGINA KING AND LIN-MANUEL MIRANDA??$68&amp;&amp;?!%?%&amp;$?!",1519099336214335488,nohaa_haniee
god saw that humanity needed to be punished so he sent lin-manuel miranda,1519098882617053184,erindwanm
This bot loves Lin-Manuel Miranda,1519097468302290944,InTheHeightsLy
"Lin-Manuel Miranda - ""My Shot""",1519096242197905411,WERANowPlaying
Lin-Manuel Miranda Donates $40K In Instruments To Wash Heights Schools https://t.co/P7rMxzuDF3,1519089588232507392,MaryBaney
"@lin_no_context  I can only hope this is actually Lin-manuel Miranda. 
But I have been reaching out to you in any way I could think of in hopes of getting your written permission to use a quote from Hamilton in honor tattoo for my mother who has terminal cancer.",1519076354280640517,phatbuddaVT
"For the first time ever: putting the name ""Miranda, Lin-Manuel"" in my academic book index. So fun! @Lin_Manuel 

This makes creating the book index less dull... https://t.co/cHW1HuSSXi",1519068137013923841,NijayKGupta
"The 2022 Met Gala takes place on Monday. It will be hosted by Regina King, Blake Lively, Ryan Reynolds, and Lin-Manuel Miranda.

This year’s theme is ‘In America: An Anthology of Fashion.’ https://t.co/kP3uBMkvqE",1519064476649205762,FilmUpdates
"#NowPlaying Lin-Manuel Miranda, Ynairaly Simo - Keep the Beat #musicforfamilies #musicforkids #children",1519050444986798081,TOTSRADIO
LIN-MANUEL MIRANDA I FULLY BLAME YOU FOR THE FACT THAT THERE IS SMUT ABOUT THE FOUNDING FATHERS,1519040576758243328,ThatBoleynMess
"everyone’s doing this soooo, how similar are we??

10% books
10% welsh
10% marvel
10% musicals
10% film nerd
10% lin-manuel miranda
10% singing
10% elton john
10% the beatles
10% can’t like something a “normal” amount - normal’s overrated anyway lmao",1519038367262023681,taronsanatomy
"🚨 According to @CapitalOfficial, Taylor Swift may return to the Met Gala for the first time since 2016.

This year's hosts are her friends Blake Lively &amp; Ryan Reynolds, Regina King and Lin-Manuel Miranda. https://t.co/7hY6LI0tHq",1519025928306839554,TSWorId
"If Lin-Manuel Miranda has a 1,000,000 haters I’m one of them. If Lin-Manuel Miranda has a 1,000 haters, I’m still one of them. If he has 1 hater, it’s still me. If Lin-Manuel Miranda has 0 haters, it means I have left this world - please pick up the mantle for me.",1518999126880534528,isthatscully
in my lane BUT shaun king is the lin-manuel miranda of white twitter,1518996060403761152,natural_strap
"Tick Tick Boom (Lin-Manuel Miranda, 2021) https://t.co/vpdA5Ebanz",1518983727682052098,watcherstw
Day 2194: Lin-Manuel Miranda lost Oscars to the White Broadway Establishment and an actor from Glee,1518965215928356865,LMMPulitzer
"Hamilton: The Musical By Lin-Manuel Miranda is a musical that will help you believe in yourself. By reading https://t.co/VxBWKDwhxn you will understand the essence of this work, and you will be able to motivate yourself to study. https://t.co/NuUJ3F5uN2",1518937749537046529,samplius
"Met Gala 2022 Co-Chairs Revealed! Blake Lively, Ryan Reynolds, Regina King and Lin-Manuel...https://t.co/JUHwIeXzZP",1518933834603143169,Jacklynnbj
lin-manuel miranda new pics when ?,1518930694721789952,fumi_linnamon
Lin-Manuel Miranda can't sing,1518896910291312640,NotChadRobincek
"#NowPlaying Lin-Manuel Miranda, Ynairaly Simo - Keep the Beat #musicforfamilies #musicforkids #children",1518839552928014338,TOTSRADIO
"I still can't believe that lin-manuel miranda didn't get his EGOT with Hamilton, Encanto, In the Heights. Incredibly talented. This was his time. May we experience more greatness.",1518828982119985152,DebbieCalandri
"The next episode is up! Composer Paul Nelson discusses the changing role of music in musical theater. We also talk about the song ""You'll Be Back"" from Lin-Manuel Miranda's 2015 musical Hamilton. https://t.co/QP2Bp9qarl",1518792627268820992,SceneSong
Lin-Manuel Miranda (crowd goes wild),1518788493287251968,linmanuelexe
Sending Billie Eilish a dozen roses for denying Lin-Manuel Miranda the EGOT,1518770446484787201,LibrarianPoster
Who Is Lin-Manuel Miranda's Wife? All About Vanessa Nadal https://t.co/gEkMgpB0WP,1518766731744976897,GinaLawriw
Elon Musk is like a reactionary Lin-Manuel Miranda,1518766221432434689,ramseisman
idk but y’all but imma find a way to blame Lin-Manuel Miranda on Elon buying twitter https://t.co/K72eSwW5mJ,1518759552556089345,slurredspeech
Author Silvia Lopez is a retired librarian and loves doing research. She had a lot of fun writing the #LittleGoldenBook about #FridaKahlo. Now she’s writing Golden Books about Sonia Sotomayor &amp; Lin-Manuel Miranda. @randomhouse #ReadLatinoLit https://t.co/0M19HkhodQ,1518754263949877248,ReadLatinoLit
"WRITTEN BY
LIN-MANUEL MIRANDA
and
MICHAEL RAPPAPORT",1518714862213681152,sawalrus
"On the topic of politics in the workplace, I recommend adhering to the words of Lin-Manuel Miranda's Aaron Burr: 
""Talk less. Smile more. Don't let them know what you're against or what you're for.""",1518668931166265346,katherineawrn
"Naur 💀 this was in a stuff article

""Those that we know will attend include 2022 Gala hosts Regina King, Lin-Manuel Miranda, and husband and wife Blake Lively and Ryan Reynolds (whose unique take on the ‘In America’ theme was marrying on a former slave plantation in 2012)""",1518661849683701760,gnat_fly
"FREESTYLE LOVE SUPREME, Co-Created by Lin-Manuel Miranda and Philly Native Anthony Venezaile, Comes to Kimmel Cultural Campus June 7-12 https://t.co/Fr5Nl9mU4r",1518649518924963841,RowHomeMag
Lin-Manuel Miranda Teases Possibility of Encanto Broadway Show https://t.co/CqDzbrmH27,1518642865617920000,991KGGI
"When I was in high school, I saw this clip on a rerun of @nbcsnl. 

Whenever I see it, I laugh.

Let us all appreciate how @SteveMartinToGo ""rapped"" about #history decades before Lin-Manuel Miranda. https://t.co/FgWMXTgZiA",1518639299675267073,AquaVenatus
"#NowPlaying Lin-Manuel Miranda, Ynairaly Simo - Keep the Beat #musicforfamilies #musicforkids #children",1518634706572648452,TOTSRADIO
Lin-Manuel Miranda &amp; Germaine Franco &amp; Encanto - Cast : Stephanie Beatriz &amp; Olga Merediz &amp; John Leguizamo &amp; Adassa &amp; Maluma &amp; Encanto - Cast : Encanto (Original Motion Picture Soundtrack) : All Of You : 2021 https://t.co/AIlYA3gA69,1518630531549696000,GlerumMusic
"https://t.co/KBTTh4UXvE What’s on Netflix This Week: Lin-Manuel Miranda’s Vivo, The Kissing Booth 3 https://t.co/7rT9J4dkS3",1518626500123058177,powoddde
Day 2193: Lin-Manuel Miranda lost Oscars to the White Broadway Establishment and an actor from Glee,1518616135838552064,LMMPulitzer
"Leslie Odom, Jr. &amp; Lin-Manuel Miranda — Dear Theodosia: right now on @whusradio",1518612621699735553,NowOnWHUS
"Stephen Sondheim via Lin-Manuel Miranda: ""he's good as anyone writing lyrics right now. And what he's doing is harder."" Yes, @RandyRainbow you are the Chosen One now. Go forth and conquer with song, jazz hands, and laughter. #nopressure #PlayingWithMyself https://t.co/34ju68ynjR",1518606807064887296,NotoriousPKP
"#MotivationalMonday “Unless you learn how to be in your head, you'll never learn how to create.” - Lin-Manuel Miranda",1518605501092798464,Stagecoach_GBR
"🎵🎵 NOW PLAYING: Take a Break - Phillipa Soo, Anthony Ramos, Lin-Manuel Miranda &amp; Renee Elise Goldsberry 🎵🎵",1518592627783909382,UryNowPlaying
If I posted a photo of Lin-Manuel Miranda you’d be crying,1518567101757378561,DreadedJai
"Lin-Manuel Miranda must go to heaven man, he just must. That man is a genius!",1518537024818630661,Shapeshifta_
"Just one song into ""In the Heights"" and I can already bet everything I own that Lin-Manuel Miranda has a hand in this movie🤌🏾🔥",1518497541968519169,Shapeshifta_
"Lin-Manuel Miranda and Andrew Rannells. Can't choose, but they were both the sweetest, most gracious people. https://t.co/AIvPX3A1mH",1518404878644752385,Gryff_4
"#NowPlaying Lin-Manuel Miranda, Ynairaly Simo - Keep the Beat #musicforfamilies #musicforkids #children",1518395123763195905,TOTSRADIO
thought i saw Lin-Manuel Miranda but it was just the sunset,1518388033011167232,linmanuelexe
"We Interviewed the Wrong Lin-Manuel Miranda, But At Least We Got to Meet a Polyamorous Couple https://t.co/bJsVtZl8OM https://t.co/jrf5nF4i6l",1518381552740311046,BwayBeatNews
"Legacy. What is a Legacy? It's planting seeds in a garden you never get to see.

Lin-Manuel Miranda, Hamilton: The Revolution

📸 @TheiSmooth https://t.co/t3ZTPNEe9i",1518298505273659395,iamcjstewart
