full_text,tweet_id,screen_name
2021 Parkside NWSL Mal Mallory Pugh Chicago Red Stars Card S45 https://t.co/RrJxzVf3Lh #eBay via @eBay https://t.co/DIFWQ0NURt,1520603914206277634,austin_gleaner
"Availability Report for @chicagoredstars v @RacingLouFC 
CHI 
OUT:
Tierna Davidson (right knee)
Morgan Gautrat (left calf)
Casey Krueger (maternity leave)
Mallory Pugh (concussion)
Kealia Watt (right knee)
Sarah Woldmoe (maternity leave)
LOU
OUT:
Nadia Nadim (right leg)",1520169437881643013,FleurdelisFC1
Mallory Pugh’s Nike ad is wild😂 But Sophia Smith’s caption is absolutely brilliant. #MKOT #NWSL https://t.co/BMGVWvRDZq,1520147105104515077,RedStarsReport
It’s Mallory Pugh’s birthday which can only mean Dansby Swanson is going 4-4 with three homers,1520075653374164994,BravesClayton
"#OnThisDay #DidYouKnow Mallory Pugh, American soccer player was born on April 29, 1998. https://t.co/zSmFjwsSAC #OTD #FactsApp",1520011179225018369,factsapptweets
"Born on this day in 1998: Mallory Pugh, American soccer player. She is ranked 16,807/16,923 for SOCCER PLAYERS. https://t.co/T37zxi3u0v https://t.co/F83iSCIffV",1519949728154370048,PantheonW
"Happy Birthday Mallory Pugh! 🎂

She became the youngest woman to play for the U.S. in an Olympic qualifier in 2016

A month earlier, she made her national team debut, scoring a goal against Ireland. 

She was also member of the 2019 World Cup-winning U.S. national team! https://t.co/Sm4yrmNK2s",1519934598729322496,classicshirts
hath my eye balls deceived me and Mallory Pugh’s fiancé hit a HR?,1519830493864378373,kelseytaysutton
"Chicago Red Stars injury report:
OUT: Ava Cook (yellow card accumulation), Tierna Davidson (right knee), Morgan Gautrat (left calf), Rachel Hill (left hip), Casey Krueger (maternity leave), Mallory Pugh (concussion), Kealia Watt (right knee), Sarah Woldmoe (maternity leave) #mkot",1518330962450468865,melinae07
