full_text,tweet_id,screen_name
Look: Favorite Maria Sharapova Sports Illustrated Swimsuit Photos https://t.co/H8FzunHUKD,1520876689751953424,TFPdaily
"All Religions Safety Party

Personally Like Maria Sharapova 💞 https://t.co/e6sBiJF61z",1520835870063947776,ARSP_HARSH
SST makes Munar look like maria sharapova,1520832872957030403,SMSTNS
"HAPPY BIRTHDAY APRIL 19th; Actor Caleel Harris,19; Soccer Joe Hart,35; Singer Luis Miguel,52; Reality Star Shakir O'Neal(Shaq's Son),19; WNBA Candace Parker,36; Tennis Maria Sharapova,35; Comedian Ali Wong,40; Rapper Arizona Zervas,27; BEST WISHES &amp; GOOD HEALTH TO ONE &amp; TO ALL!!!",1520804495399215104,PoetBronx
Tennis: Maria Sharapova announces 1st pregnancy https://t.co/rkVhJdXabc via @YahooCASports Best wishes Maria !,1520765034019835904,JosephVinci
Maria Sharapova great points in Montreal 2014 https://t.co/65GLc3TzeF,1520757299299893250,ShinichiCrux
"Maria Sharapova when asked about Caroline Wozniacki’s apology about dissing her at 2017 US Open scheduling conflict, simply replied

‘Is her last name Bouchard?’

There is no love lost between these two as of now. https://t.co/gm3BiLN4CB",1520691014457040897,Brar_JSB
Tennis: Maria Sharapova announces 1st pregnancy https://t.co/Jp774NbQhW via @YahooCASports,1520600025453133824,OceanRol1
Barry Cowan weighs in on Emma Raducanu pursuing ex-Maria Sharapova coach https://t.co/W9rGMxYjYf,1520433412837941248,itennis4
"Maria Sharapova's on-court grunt or shriek has been officially recorded at a volume as high as 101 decibels. That is louder than a motorcycle and small aircraft landing. It is also about the same volume as an ambulance siren. 🤯
📷 @raygiubilo https://t.co/5ozBcYlzd8",1520425260859985924,SEDTVTennis
"“If you’re able to help some people and make them smile and make them realize that life is good, then that’s worth so much more than buying a pair of shoes.” – Maria Sharapova

ANJI FeelsTheConcert",1520423221308231680,Aileen09101
"OMG MARIA FACED SHARAPOVA AND SERENA IN R128 OF AO IN 2018 AND 2019

https://t.co/7lstOZvxvy",1520415071935299584,silasofficial_
Barry Cowan weighs in on Emma Raducanu pursuing ex-Maria Sharapova coach https://t.co/moAfoXAC8e,1520371603309277185,Sportscri_tweet
Maria Sharapova vs Serena Williams: Wimbledon final 2004 (Extended Highlights) https://t.co/swyqdZkP40,1520339174397775874,itennis4
"Honorary Member #54/200 of  @BBRCOfficial
 Club. Love the art, love the clothing of BBRC. NFT + Fashion + Lifestyle = BBRC 
@donnyLFG @MrHaotoshi @MrGentleApe

#Ivygirls
Famous people who could be worthy to represent the 
BBRC brand.
Maria Sharapova - Tennis https://t.co/rlXLxpEe5M",1520327244031291392,SecularInvesti1
"Maria Sharapova, 35, Pregnant: Tennis Star Shows Off Baby Bump In Bikini https://t.co/VtbN4eNCX9",1520317848857595904,hi5connectgh
"It's easy to impress me. I don't need a fancy party to be happy. Just good friends, good food, and good laughs. I'm happy. I'm satisfied. I'm content.
~Maria Sharapova

#inspiring #motivation #quotes #sayings #thefinequotes",1520304205105446912,smrtquotes
"It's easy to impress me. I don't need a fancy party to be happy. Just good friends, good food, and good laughs. I'm happy. I'm satisfied. I'm content.
~Maria Sharapova

#inspiring #motivation #quotes #sayings #thefinequotes",1520304204446932992,QuotesAutomated
"A young Maria Sharapova once said When you find a cancer in an organization, you must cut it out before it can spread. They looked sad, Before turning to talk to DJ Kiss",1520232098862276610,DeepTalksWithA1
"""No matter what you study, the thing that you know best is what you grew up with."" Maria Sharapova #quote https://t.co/T7Kg6b6Mfk",1520170200762667012,miraclegrids
"Maria Sharapova Expecting First Child With Alexander Gilkes

#MariaSharapova #pregnant 

https://t.co/1pML03FcV1",1520160999969632261,uinterview
Maria #Sharapova and her baby bump at the MET Gala would be 😍🤩,1520158991749468163,AnaCzbn
"No matter what you study, the thing that you know best is what you grew up with.
~Maria Sharapova

#inspiring #motivation #quotes #sayings #thefinequotes",1520024866883346435,smrtquotes
"No matter what you study, the thing that you know best is what you grew up with.
~Maria Sharapova

#inspiring #motivation #quotes #sayings #thefinequotes",1520024866212261888,QuotesAutomated
"Maria Sharapova
Height- 6'1¾ (187 cm)
Weight- 75KG (165lbs) Due To Corona Virus",1520022896869056512,LSaikia4
"CSN is tough match up for Maria. 
Maria Sharapova vs Carla Suarez Navarro - Montreal 2014 3rd round Highlight https://t.co/IL4HYzClGd",1519998430483222528,ShinichiCrux
a thread full of my favorite moments of serena williams clearing maria sharapova 🥰 https://t.co/KTfGR8zplL,1519949771603324928,tiredeggggg
"""No matter what you study, the thing that you know best is what you grew up with."" Maria Sharapova #NimbleQuotes",1519883662967414784,RRodriguezJrMBA
"The responses to my tweet is so funny , I didn’t know that we all have been struggling with our serve and now we have finally known the reason behind our bad service game turns out it was Maria Sharapova all along!😂 https://t.co/O4Pe6VB4rz https://t.co/VFlcve6E9u",1519820358131589125,xmtkd
This is hilarious because I only play with her rackets too!! So are we now blaming head or Maria Sharapova?😭 https://t.co/sgIDMK87nx,1519815985775226881,xmtkd
"Serena Williams vs Maria Sharapova AO 2015 Highlights
https://t.co/x4hQyJ5nxH",1519813860676489217,monkey_viral
"It's easy to impress me. I don't need a fancy party to be happy. Just good friends, good food, and good laughs. I'm happy. I'm satisfied. I'm content. - Maria Sharapova #QotD #QuoteOfTheDay",1519771952587677696,InternetFount
"For the vast majority of my sports fan life, the Broncos, Arizona 🏀 and Maria Sharapova (now retired) have won enough that I consider myself a pretty fortunate sports fan. But good hell the #Orioles piss me off to no end at times. It all comes out in a wash",1519760970633068544,DoubletoughDyl
"With the start of #MMOPEN 
never forget the queen of clay and your 2014 champion Maria Sharapova! https://t.co/YwyNi0eNm6",1519738558038298625,bestofmasha
"My main goal is to stay healthy because when you're injured you realise how lucky you are to have your health.
~Maria Sharapova

#inspiring #motivation #quotes #sayings #thefinequotes",1519715331689877507,smrtquotes
"My main goal is to stay healthy because when you're injured you realise how lucky you are to have your health.
~Maria Sharapova

#inspiring #motivation #quotes #sayings #thefinequotes",1519715330913968130,QuotesAutomated
Do you all know that SharaFamily members who play tennis like me inherit Maria Sharapova's shoulder and double faults?,1519699183204282368,xmtkd
"No ? I pretended to be Maria Sharapova, Venus Williams, Ana Ivanovic and Elena Dementieva https://t.co/2gqkQPvez5",1519685784516939776,MDNASPEARSS
"Maria Sharapova is the last Russian woman to reach a Wimbledon final.
I don't think there is a Russian man who has reached the Wimbledon final.
Will there be points awarded in 2022 after Lawn Tennis Association made its decision to uninvite Russians and Belarusians?",1519567080496013312,_mdusk
"Greatest sports rivalries of all time | Michael Jordan vs Scottie Pippen, Serena Williams and Maria Sharapova, Steve Waugh and Shane Warne, Muhammad Ali v Joe Frazier https://t.co/nZUuXAr1tY",1519537359494258690,JaunNews
Emma Raducanu hoping to hire ex-Maria Sharapova coach https://t.co/WQ7B5hJlQz,1519513884012556291,postxcanada
"Will sports women like Serena Williams, Naomi Osaka, or Maria Sharapova speak out against men in women’s sports? 🤷‍♀️ #SaveWomensSports",1519389140021747713,gendermutation
The world if Maria Sharapova had a healthy shoulder: https://t.co/JNaC31JIqb,1519340753188802561,MySugarpova
"Maria Sharapova by Parlux Eau De Parfum Spray 1.7 oz for Women
Price $ 22.2
https://t.co/TNcdhxZlyK",1519321732791816193,ismystore
"The only match between Maria and Garibine on hard court. Great hitting from both here
Maria Sharapova vs Garbine Muguruza - Montreal 2014 2nd round Highlight https://t.co/rlqM2kkyh2",1519278515933360131,ShinichiCrux
Novak Djokovic and Maria Sharapova's ex-coach 'frontrunner' to work with Emma Raducanu https://t.co/iJ3QX9x3bn https://t.co/u8hEmFJY7N,1519261366384660480,Knewz_Currently
Emma Raducanu hoping to land Maria Sharapova’s former coach Riccardo Piatti https://t.co/K9ugh8LdPA,1519253488466804737,NewsbreakersNG
"I'm just a very tough person when I go on the court, and I really don't want to lose.
 ~ Maria Sharapova 
#quote
#mariasharapova
#WednesdayMotivation
#quotur https://t.co/2xUmehtbNC",1519219463396151296,quotur
"Lol I had a dream that Maria Sharapova was in the Madrid draw and I was shocked, because I was wondering how the hell did I miss it 😭",1519203844332429313,MariaSupporter
"""You can not ever say the words please and thank you enough."" #Quotes

-Maria Sharapova

Please Like and Share if you Agree! https://t.co/frlUHpsx9w",1519078354208661504,kevinmedicine
"'Piatti, 63, is well respected in the sport, with Novak Djokovic and Maria Sharapova on his list of former clients. His most recent partnership, with Jannik Sinner, ended this year after ... eight years.'
Why not say Sinner? Bizarre.
https://t.co/HKZ5pB17cX https://t.co/roA3M8Xu0Q",1519049992400424960,CristinaNcl
Maria Sharapova Expecting First Child With Alexander Gilkes https://t.co/4R5qIupfPn,1519041628371099648,TFPdaily
Former women’s tennis World No. 1 Maria Sharapova pregnant with first child: https://t.co/SQuos6OweE’s-tennis-World-No-Maria-Sharapova.htm,1519010964909305863,newsr_IN
Rick Macci talks a bit about this kind of coaching in the context of Maria Sharapova in his @MacciMagicBook https://t.co/M3s28qjCQZ,1518967682887991297,TennisPublisher
I promise not to marry Maria Sharapova https://t.co/CVq0XbuAaO,1518957864122998785,athreyaa
"There will be no American women competing as qualifiers at the 2022 Mutua Madrid Open.

This occurred in 2010 (Aravane Rezai winner), 2014 (Maria Sharapova), 2017 (Simona Halep) and 2019 (Kiki Bertens)

Back then there were only 8 qualifiers.
Now, there are 12 qualifiers in Spain",1518952511121641472,_mdusk
Maria Sharapova's former coach next in line for Emma Raducanu? https://t.co/RSyxhkRt9K,1518930656016752640,TrackerTennis
"🚨 A shocking return to the tour! 

Roland Garros tournament director Amélie Mauresmo is set to hold a press conference announcing a WC for 5X GS champion Maria Sharapova. 

On her return, Sharapova said “if Serena could win a GS whilst pregnant why can’t I?” https://t.co/NuYS7zHkHs",1518929667973128192,pavserenka
"In a recent interview with Ben Rothenberg, Caroline Wozniacki recalls the scheduling conflict at US Open 2017 &amp; apologizes to Maria Sharapova saying, 

“I haven’t been to school of business like Maria, so I didn’t completely understand the business side of things at that time.” https://t.co/XndnqTh6ye",1518879068636258304,Brar_JSB
Wanna feel old? Maria Sharapova is turning 374 today,1518794894394888193,wanna_feel_old
"Looking dumb ""famous person from X country"" in school and i swear it the most retarded choices

For Russia , Maria Sharapova. Who?
Only russian athlete i know is heavyweight boxer Ivan Drago.

Also for Ukraine it some random famous women claiming to be Ukrainian for attention lol",1518676940646932482,Judge_yourself_
Maria Sharapova's ex-coach believes changes to court surfaces enabled Rafael Nadal Novak Djokovic and Roger Federer to dominate tennis #tennis https://t.co/eal4oLXXeG,1518657144438071297,tennishead
"Just a thought, this year Wimbledon celebrate 100 years of Centre Court where I imagine they will celebrate past triumphs.

Following their decision to ban Russian and Belarusian players will they celebrate Maria Sharapova's title win in 2004 as a 17 year old?",1518641236067770368,Iain10912
Remember how the media treated serena Williams as if she was an aggressor compared to much taller racist maria sharapova ...it was nasty disgusting how blatantly racist media and society was and still is.,1518634306377330692,CurryGoatQueen
"«The way Bunny Ferguson grunts – oh! I mean, it's one thing if you're Maria Sharapova and you're 120 pounds and a 7-foot blond teenager. But if you're 5'3""…» - @GilmoreGirls",1518617588217135105,larabroxo
"Tennis Star Maria Sharapova Is Pregnant,Expecting First Baby With Alexander Gilkes https://t.co/jWd66z4QgU",1518595006189166594,hi5connectgh
Wanna feel old? Maria Sharapova is turning 104 today,1518523286551875585,wanna_feel_old
"TENNIS

Watching Sabalenka and Swiatek play today. There is no one in the game I really dislike. Everybody loses it occasionally except maybe Federer. But I disliked Maria Sharapova more than I even disliked Jimmy Connors, and that is a lot. Sorry, but I feel better now.",1518479431748231169,bruceaswanton
"normal people when they hear 'Maria': Maria Sharapova

me when i hear Maria: my down bad ass sees Maria Sakkari",1518353324474568705,igahardcourtek
