full_text,tweet_id,screen_name
"Report: Backlash over Ads Featuring Anthem-Kneeler Megan Rapinoe Adds to Subway‘s Woes
 https://t.co/MN4eneosiL via @BreitbartNews 

#TrueToxicMasculinty #NikeSlaveLabor #FakeTuna",1520913511320276994,Sam695411
Report: Backlash over Ads Featuring Anthem-Kneeler Megan Rapinoe Adds to Subway’s Woes https://t.co/pVxs7f8r2O,1520908759215886336,BordersUSA
"This is certainly a reason why I wouldn't go to @SUBWAY. That un-American soccer player is the worst! 

Report: Backlash over Ads Featuring Anthem-Kneeler Megan Rapinoe Adds to Subway‘s Woes https://t.co/0tZ1qhmhsm via @BreitbartNews",1520906960673062914,DarrenUtd
Report: Backlash over Ads Featuring Anthem-Kneeler #MeganRapinoe Adds to #Subway's Woes https://t.co/XaJMoeAa79 From @BreitbartNews,1520906929236631552,music_amigo
Report: Backlash over Ads Featuring Anthem-Kneeler Megan Rapinoe Adds to Subway’s Woes https://t.co/z9ZwneozXQ,1520904673640673280,MichaelPBryant2
JUST MET MEGAN RAPINOE. WTF IS MY LIFE,1520899756142342144,marina_loves_
"First Jared now this mutt

Report: Backlash over Ads Featuring Anthem-Kneeler Megan Rapinoe Adds to Subway‘s Woes https://t.co/3vja1VqdwP via @BreitbartNews",1520896040165027840,mcleary55
Report: Backlash over Ads Featuring Anthem-Kneeler Megan Rapinoe Adds to Subway’s Woes.    Bad move !!! https://t.co/L54dhoJC3b,1520894308836118529,Monica34987
Report: Backlash over Ads Featuring Anthem-Kneeler Megan Rapinoe Adds to Subway’s Woes https://t.co/DhA7sEoD8Z,1520893200243773445,MMCBELL
"Report: Backlash over Ads Featuring Anthem-Kneeler Megan Rapinoe Adds to Subway’s Woes

Oh this is awesome United States of America everybody is waking up call woke go broke worthless people https://t.co/aSP2zRfufL",1520893082350280708,CraneManMikey
Report: Backlash over Ads Featuring Anthem-Kneeler Megan Rapinoe Adds to Subway’s Woes 🤮⁦@Jim_Jordan⁩  https://t.co/7BWo3H3vhB,1520890437132820487,holywell_john
Report: Backlash over Ads Featuring Anthem-Kneeler Megan Rapinoe Adds to Subway's Woes https://t.co/XXD1qW2eaI https://t.co/ATr27xqGPU,1520885895741779975,real_DRN
Report: Backlash over Ads Featuring Anthem-Kneeler Megan Rapinoe Adds to Subway's Woes https://t.co/4qI7agsLGf,1520882733018492931,MR_PUNJABI
"Go woke, go broke, you arrogant, stupid assholes.

https://t.co/IqOdErvuUv",1520880299000872961,TimothyStraus1
Backlash over Ads Featuring Anti-American Anthem Kneeler Megan Rapinoe Adds to NYC Subway‘s Woes https://t.co/e40LAG1hV8 via @BreitbartNews,1520873554920701952,FishmanLevine
I have not eaten at Subway since Megan Rapinoe was sponsored by Subway.,1520871701235478528,LoganDon2
Report: Backlash over Ads Featuring Anthem-Kneeler Megan Rapinoe Adds to Subway‘s Woes https://t.co/6RTac7OgLh via @BreitbartNews,1520867626087596039,Rabbittgirl
Report: Backlash over Ads Featuring Anthem-Kneeler Megan Rapinoe Adds to Subway’s Woes #Go woke &amp; Go broke. Killing small family franchise business is all insulated elites with no stake in the game or boots on the ground rhsoe those striving to survive.SMH https://t.co/G8rksVyFYW,1520866854948024320,mkdfla
"Was my reason for no longer buying from this company. I now drive a longer distance to a competitor's store. 
https://t.co/uEmrnAJbuT",1520865183207469056,KulikSteve
Report: Backlash over Ads Featuring Anthem-Kneeler Megan Rapinoe Adds to Subway's Woes https://t.co/TROe8sTOSW via @BreitbartNews,1520864900049895425,Chris_1791
Report: Backlash over Ads Featuring Anthem-Kneeler Megan Rapinoe Adds to Subway‘s Woes https://t.co/ppBqNrze02 via @BreitbartNews,1520863039830077440,Tokaise
Report: Backlash over Ads Featuring Anthem-Kneeler Megan Rapinoe Adds to Subway’s Woes https://t.co/EtpuPkfobU,1520848835534364673,mwenger1993
"REGULAR SEASON IS HERE FOR OUR @OLReign ! Here is a clip of Megan Rapinoe and Lu Barnes reflecting on last years group!

So excited to see how this years group will do and the fun they'll have!

#BoldTogether #OLReign #NWSL #CueTheChaos #MeganRapinoe #LaurenBarnes #LuBarnes https://t.co/33qEuS3KwA",1520848027262636034,CirclingSports
"@OLReign Your 
@MultiCareHealth
 Injury Report for our match against 
@WashSpirit
 at 2pm: 

OUT 

Zsani Kajan (Covid protocol)
Megan Rapinoe (right calf)
Olivia Van der Jagt (Covid protocol)

QUESTIONABLE 

None

#WASvRGN https://t.co/iUECpDRdDl",1520837806846787589,_ShaneEdmundson
planning out my outfit like megan rapinoe and kelley o’hara will be able to see me in the crowd from the field,1520815292355694592,riomatt00
"Top NWSL soccer stars: Alex Morgan, Megan Rapinoe, Trinity Rodman and the best players for 2022 season | Sporting News https://t.co/vP5O2HOm6u",1520801119089307649,foxinthebox_13
"INJURY NEWS: Here is the injury report for the @OLReign season opener against the @WashSpirit 

OUT with COVID Protocol: Zsani Kajan, Olivia Van Der Jagt

OUT with right calf: Megan Rapinoe, who continues to train with the team and progress in her recovery.
#BoldTogether #OLReign https://t.co/0ndj4U3eiv",1520795178415570944,CirclingSports
"Mental Health Platform Real Announces Funding Round of $37 Million, Newly Appointed Adviser Megan Rapinoe https://t.co/XMG4OctuW0",1520789843491672066,QuantumBrainIns
@FA_NFS when did @BloomsburyFTSL sign Megan Rapinoe?,1520767722765828097,pancake_pirate
Alex Morgan and Megan Rapinoe U.S. Women's National Team Autographed 2019 Women'...👉 https://t.co/N0szRreHV8 https://t.co/qEMBLR0OZX,1520599070104031233,SeasonsGala
"Here's your OL Reign availability report for tomorrow's #NWSL regular season opener at Washington Spirit.

OUT: Zsanett Kajan (COVID protocol), Megan Rapinoe (right calf), Olivia Van der Jagt (COVID protocol)

This has been your OL Reign availability report.",1520585203130847234,rovalks
Lol the Abby Wambach Megan Rapinoe book swap #HomeEconomics S2E7,1520433308559155200,finding_jae
Megan Rapinoe given FIFA’s Best Woman Player award - The Hill,1520428522451308546,WonderWomanWho
Poor @MelanieLynneN has to work with Megan Rapinoe doing these dumb Apple TV games https://t.co/aJedaDa0Y0,1520195880598470657,ajprovost20
"MyNextSeat: Top NWSL soccer stars: Alex Morgan, Megan Rapinoe, Trinity Rodman and the best players for 2022 season https://t.co/RFhMJvdOBa",1520090174910214144,MyNextSeat1
"“You deserve the space that you can take up. And you can take up as much space as you need.” 

- Megan Rapinoe",1520086537727217671,danksunset27
"Top NWSL soccer stars: Alex Morgan, Megan Rapinoe, Trinity Rodman and the best players for 2022 season https://t.co/IZgeypWXFf",1520078845134606336,CunningSports
"Top NWSL soccer stars: Alex Morgan, Megan Rapinoe, Trinity Rodman and the best players for 2022 season https://t.co/bcsaVUwvv4",1520078844979384321,MyNextSeat1
FBF: Megan Rapinoe's full World Cup parade speech https://t.co/YpqLbBvyZl via @YouTube,1519991944230940672,BirdRapinoeStan
"Mental Health Platform Real Announces Funding Round of $37 Million, Newly Appointed Adviser Megan Rapinoe https://t.co/XMG4OctuW0",1519935170744356864,QuantumBrainIns
Bro look like Megan Rapinoe https://t.co/oFZHCAOxjE,1519875962732617728,kenveggies
"USWNT: 🅰: @mPinoe 

Megan Rapinoe is entering her 10th season with @OLReign. She is 1 of only 6 active players in the @NWSL to have spent every season with the same club since 2013. The other 5 players are Jess Fishlock, Lauren Barnes, Alyssa Mautz, … https://t.co/nnEFUvCXcU",1519804348431314944,IanO30469080
"Wow, these gender critical dudes are big women’s sports supporters! They must have been real big fans of Megan Rapinoe then! Let’s go back and check!",1519802511028371456,Domo_on_Demand
"Laura Harvey (answering @jacobcristobal) says Megan Rapinoe, Angelina, &amp; Tziarra King have been training &amp; will all travel with OL Reign for the two games against the Spirit. Sounds like Angelina &amp; King are closer to playing. #OneSpirit #BoldTogether #NWSL",1519769961086042113,JasonDCsoccer
"Megan Rapinoe is
A. A lesbian
B. A homosexual
C. A woman
D. All of the above

2500k to the first one to answer",1519722786746470400,6od666
"Backed by Megan Rapinoe and Eric Kendricks, This App Is Now Tackling the Mental Health Space https://t.co/SoAJ3nXVII",1519671903807496193,DanLHughes1
"Backed by Megan Rapinoe and Eric Kendricks, This App Is Now Tackling the Mental Health Space https://t.co/Se4Xcdh0LY #mentalhealth #leadership #futureofwork https://t.co/b3Z3u3Tawx",1519664491625123843,TrippBraden
TBT: Seattle Storm welcomes Megan Rapinoe HOME https://t.co/Ji3zUUfG16 via @YouTube,1519626110459334656,BirdRapinoeStan
"WNBA, Megan Rapinoe, Sue Bird, NBA, President Biden, and BLM aren't doing anything to facilitate the return of Brittney Griner from Russia.

How sad.",1519603213896495104,Mulder24
The Real platform wants to disrupt the mental healthcare space. @melissajourno  https://t.co/vwtN79hxZO via @Inc #femalefounders,1519418617183580165,Ventureneer
"I’m still not over @literallynotmac confusing Megan Rapinoe and Mae Martin 

also shoutout to #TheFlightAttendant and #LaughOutLoudCanada promo https://t.co/gXuFF77oa0",1519418464091394058,mblvckwood
"We're counting down the days till the @OLReign regular season opener on May 1st!

We're 4 days out, here is a highlight of Megan Rapinoe (@mPinoe)  !

#BoldTogether #OLReign #NWSL #CueTheChaos #NWSLChallengeCup #MeganRapinoe https://t.co/c41SiwcqL6",1519398477196935171,CirclingSports
when I eat a clif bar in 30 seconds before teaching I *do* feel like a high performance athlete. Thank u Megan rapinoe,1519376727344095238,zoe_dubno
"We're very interested in the topic of mental health in professional sports @join_real. We think it's a measuring stick for how society understands these issues. Could we see a future where there are mental health injuries in sport, with standard recovery… https://t.co/qdCoz4mnZ1",1519348211391029253,geneagency
Megan Rapinoe 🇺🇸 - Highlight😮-  Goals and skills World Cup in Parc Des Princes 🐐👀- 4K HD https://t.co/RXHEAxrvHT,1519322921604427777,baobab_tv
3/5. Inspirational role models achieve things against all odds. Megan Rapinoe is not only an award-winning soccer player but uses her platform to be a vocal advocate for change. #LesbianVisibilityWeek #LVW22 #RoleModels #LGBT https://t.co/mtuLG5PjwE,1519300786836094979,LGBTGreat
I would love to meet the team who put together this rebrand and discuss with them their eXecution plan. I’d also love to see their financial projections.  https://t.co/3MW78R76Qe,1519140023056150528,RMB2
Megan Rapinoe is the homie . com,1519064830509989891,goodhartmax1
"2012 Panini America USWNT featuring 2 of Megan Rapinoe’s earliest cards, the legend Abby Wambach, current captain Becky Sauerbrunn, Alex Morgan, Carli Lloyd, Hope Solo and more. 

All 28 cards for $18 shipped 

@sports_sell @SportsSell2 @HobbyConnector @TheHobby247 @chad_radesi https://t.co/SFFICgQItQ",1519007112650805248,DanPortnov
"How to Use Organization Development (OD) #64: R U Relevant?
https://t.co/ECBG1GOpmV
2021, Victoria’s Secret formally changes their marketing from “male-gaze sexy”. Long overdue? 10 years ago a cultural shift began among young females, the target audience. Young consumers wanted https://t.co/PLpgAamouZ",1518930149407875073,orgology
"After Snagging Two Star Athletes As Investors, this App Is Now Tackling The Mental Health Space - https://t.co/YCcJRt9xTw #GoogleAlerts",1518927305447333889,nxtrepathletics
"https://t.co/MtSZZiWt82 Victoria’s Secret Officially Ends Its Angels Era for Brand Overhaul Led By Priyanka Chopra, Megan Rapinoe https://t.co/Ou7W3flGbS",1518886030320885760,robowho1
"After Snagging Two Star Athletes As Investors, this App Is Now Tackling The Mental Health Space https://t.co/0fmKOJptLl",1518861578355068928,InfluenceGuy
"After Snagging Two Star Athletes As Investors, this App Is Now Tackling The Mental Health Space https://t.co/VCQpM9Jolh #HomeBusiness #Entrepreneur #SocialMedia #DigitalMarketing #SmallBiz #GrowthHacking #Startup #SmallBusiness",1518852765560279040,_Home__Business
"After Snagging Two Star Athletes As Investors, this App Is Now Tackling The Mental Health Space https://t.co/HnYTCMbEZV",1518852223060561920,worldbmf
"After Snagging Two Star Athletes As Investors, this App Is Now Tackling The Mental Health Space https://t.co/5xgqZ8pUGW #kakvarley https://t.co/hCMjZeD1rn",1518852184359723008,KakVarley
"I miss Megan Rapinoe kicking a stupid ball and Sue Bird hooping a stupid ball. 

Come back queens.",1518802753966862337,angsty_artemis
"If you can't take criticism, you can't reach your potential. (Megan Rapinoe)",1518795485347291137,ThomasMcDaniels
"After Snagging Two Star Athletes As Investors, this App Is Now Tackling The Mental Health Space – Despite the progress in breaking down stigmas associated with mental healthcare, there's ... https://t.co/rvASnAflkn https://t.co/pr6qq3SMHh",1518764255960608776,outrankoinc
"Christian McCaffrey out here looking like Megan Rapinoe

#NFL #USWNT https://t.co/oOmms0itNd",1518760565790883841,SavageSportsMMZ
"""After Snagging Two Star Athletes As Investors, this App Is Now Tackling The Mental Health Space"" Read it at: https://t.co/izO9tVREJj",1518721587465314304,YadiraSD
"After Snagging Two Star Athletes As Investors, this App Is Now Tackling The Mental Health Space https://t.co/W8fAdoLFwW #politics #feedly",1518715662453071876,paeznyc
"After Snagging Two Star Athletes As Investors, this App Is Now Tackling The Mental Health Space https://t.co/sLQLn8rd5D",1518703602084241408,tylersadek
"After Snagging Two Star Athletes As Investors, this App Is Now Tackling The Mental Health Space https://t.co/XLum2CoEXm",1518701573010075650,MarilynTruth
"After Snagging Two Star Athletes As Investors, this App Is Now Tackling The Mental Health Space

https://t.co/3WBqIFzrdh https://t.co/11UH0xXHz5",1518696952132734976,Im_AliMustafa
"After Snagging Two Star Athletes As Investors, this App Is Now Tackling The Mental Health Space https://t.co/LK84WyFfDf",1518696437227429889,AutomationWorkz
"After Snagging Two Star Athletes As Investors, this App Is Now Tackling The Mental Health Space https://t.co/gw1FcdcISG",1518692877349666816,ArtPixler
Someone show this to Megan Rapinoe asap https://t.co/2r34odPpdX,1518637560528056320,Ashleighhbr
I scrolled too fast and thought this was Megan rapinoe https://t.co/RU28xwwmcm,1518637118817550345,trashcrank
"US Olympic Soccer Star Blows Whistle On Megan Rapinoe, The Hate For Her  https://t.co/Vn3ryF8zE2",1518618677104553986,BergeronMarti
This is the standard and you have rockets like Megan Rapinoe campaigning for equal pay 😂 https://t.co/5KReOOuzmG,1518611868159459329,JohnMont711
"I saw Megan Rapinoe on TV and instinctively said to myself “damn she’s hot,” then realized that is a decidedly un-straight thing to say https://t.co/t7u6gexFs5",1518585221200887808,MaggieGreenVT
"Megan rapinoe was right, messi wages deserved! https://t.co/c986ZUtCpm",1518547799289303040,3jakz__
Megan rapinoe will argue that keeper deserves to be on the same money as David De Gea https://t.co/TCqy105RcO,1518500386004480001,JackGriffiths44
"10
people I would like to meet;

Rachel Maddow
Eddie Izzard 
Trevor Noah
Dolly Parton
Tim Minchin
Jane Goodall
David Attenborough 
Kamala Harris
Megan Rapinoe
Greta Thunberg https://t.co/zF0d6NmrIr",1518465366883995648,AlisonLPG
Let's do some WOSO!! Megan Rapinoe Bronze Topps Olympic and Parkside Black and white. Take the lot for $5 https://t.co/4gsEstvqnp,1518430052777570304,finished1003
I swear if Haula gets a Hat Trick tonight I'm going full on Megan Rapinoe!,1518393862976331778,Hellhammer9999
Lukaku is a demon on penalties why is this Megan Rapinoe Regen still at this club,1518240877818396673,privrxphael0
