full_text,tweet_id,screen_name
"Natti Natasha Net Worth: How Rich is Natti, Anyway? https://t.co/GMqpe0vBvR",1520891444684550149,fullcelebs
"Now playing Wow BB by Natti Natasha,El Alfa,Chimbala #like #oyentes #emisoras #o #retroradio #diversion #radios #periodismo #envivo #f #dise #entrevista #barinas #laquemanda #tendencia #operadores #rap #xtremeradiopty #comunicacion #radioenvivo #mix #tbt #tv #llano #radioshow ...",1520887987395039232,el_palabreo
Now playing Natti Natasha - No Voy a Llorar.mp3 by  #like #oyentes #emisoras #o #retroradio #diversion #radios #periodismo #envivo #f #dise #entrevista #barinas #laquemanda #tendencia #operadores #rap #xtremeradiopty #comunicacion #radioenvivo #mix #tbt #tv #llano #radioshow #...,1520860321602224128,el_palabreo
"for those who don't know, yummy yummy love is Momolands latest single that released in January featuring queen natti natasha~ https://t.co/wpobS8ij6V",1520838572139495424,jiyeon_land
.@DONOMAR and @NattiNatasha's “Dutty Love” has reached 400 MILLION views on YouTube. This is Natti Natasha's tenth video to achieve this.,1520835041408036864,latinxportal
"Now playing 🎵momoland &amp; Natti Natasha - Yummy Yummy Love  28.01.22
Listen here: https://t.co/lTNBlEsX5O 🏆NO.1 RADIO STATION 🚫NO COMERCIAL BREAKS 🔀 24hr NO REPEATING SONGS",1520823020532682753,dfmliveradio
"plssss remember natti natasha singing ""sin pijama"" to these kids 😭😭 me lmao https://t.co/OGt2fD5b3P",1520813949150670848,latinopicoso
"The classic “Dutty Love” (lyric video) has surpassed 400 MILLION views on YouTube. It is Natti Natasha’s 10th video to reach this mark! 

— This is the most viewed video by a latin female urban artist released in 2012. https://t.co/gT1chkdCZY",1520808001296289793,NattiChart
#NowPlaying Natti Natasha Ft. Nio Garcia Brray - Philliecito En https://t.co/OhxjVeGSmZ #elblokeradio,1520804839080480772,ELBLOKERADIO
"Loco Contigo (Remix)  - DJ Snake, J Balvin Y Ozuna ft Nicky Jam, Natti Natasha, Darell Y Sech https://t.co/xAmum9ri7p",1520792889961418752,spiceradioca
"Sebastián Yatra, Daddy Yankee, Natti Natasha - Runaway ft. Jonas Brother... https://t.co/E406j4TqrN via @YouTube run away on you boo #crushing JB biber",1520790274666078215,AngelzViolet
"Album of the hour:  Honey Boo by Natti Natasha #HoneyBoo #NattiNatasha #music #musicvideo #listen #free: Honey Boo by Natti Natasha
 #HoneyBoo #NattiNatasha #music #musicvideo #listen #free https://t.co/VIe7rdVqQo by https://t.co/3FGpOeJ6lx https://t.co/N5pHKjMveu",1520762492133122049,onemusic_tv
Now playing Natti Natasha x Ozuna - Criminal.mp3 by  #like #oyentes #emisoras #o #retroradio #diversion #radios #periodismo #envivo #f #dise #entrevista #barinas #laquemanda #tendencia #operadores #rap #xtremeradiopty #comunicacion #radioenvivo #mix #tbt #tv #llano #radioshow ...,1520725575480008706,el_palabreo
"Estas Escuchando la #1 en REGAETTON Now playing on LMM REGGAETON RADIO: Te Mueves by Zion &amp; Lennox, Natti Natasha! Tune in now: 
Android App https://t.co/czmKU8Q1sh
Iphone App
https://t.co/TjWioRhPAq",1520719980848898049,LatinMixMasters
Dj Snake and J Balvin Ft. Ozuna Nicky Jam Natti Natasha Darell and Sech - Loco Contigo (Remix),1520718956566392832,DFrontlineRadio
"Loco Contigo (Remix)  - DJ Snake, J Balvin Y Ozuna ft Nicky Jam, Natti Natasha, Darell Y Sech https://t.co/RFgmfkvfIi",1520703324156219392,spiceradioca
"Now playing Wow BB by Natti Natasha,El Alfa,Chimbala #like #oyentes #emisoras #o #retroradio #diversion #radios #periodismo #envivo #f #dise #entrevista #barinas #laquemanda #tendencia #operadores #rap #xtremeradiopty #comunicacion #radioenvivo #mix #tbt #tv #llano #radioshow ...",1520684500371525635,el_palabreo
Now playing Natti Natasha - No Voy a Llorar.mp3 by  #like #oyentes #emisoras #o #retroradio #diversion #radios #periodismo #envivo #f #dise #entrevista #barinas #laquemanda #tendencia #operadores #rap #xtremeradiopty #comunicacion #radioenvivo #mix #tbt #tv #llano #radioshow #...,1520676099440537600,el_palabreo
400 million: Don Omar - Dutty Love (Lyric Video) ft. Natti Natasha https://t.co/sVOJPtZ59d,1520671375798771712,YTMilestones
"Now playing 🎵Daddy Yankee, Natti Natasha &amp; Becky G - ZONA DEL PERREO  27.03.22
Listen here: https://t.co/lTNBlEsX5O 🏆NO.1 RADIO STATION 🚫NO COMERCIAL BREAKS 🔀 24hr NO REPEATING SONGS",1520610117028401152,dfmliveradio
"On Air =&gt;&gt; Natti Natasha ft. Fran Rozzano - Fue Tu Culpa

Latest Fresh Tracks =&gt;&gt; https://t.co/DNQcWrixKz

Tune In Now =&gt;&gt; https://t.co/3d3ZLtbhEP",1520599908889288704,radio5romania
"Estas Escuchando la mas En Variedad Now playing on LMM RADIO: Zum Zum - Remix by Plan B, Natti Natasha, Daddy Yankee, R.K.M &amp; Ken-Y, Arcangel! Tune in now. 
Android App
https://t.co/czmKU8Q1sh
Iphone App
https://t.co/TjWioRhPAq",1520593025986146313,LatinMixMasters
NowPlaying Me Gusta - Natti Natasha https://t.co/NTw7OPrbYj 01:51,1520581746332422146,RadioRoatan
"Loco Contigo (Remix)  - DJ Snake, J Balvin Y Ozuna ft Nicky Jam, Natti Natasha, Darell Y Sech https://t.co/PxnnfOsbcr",1520565636480516100,spiceradioca
"[OnlyHit K-Pop] Right now: Yummy Yummy Love
 by momoland, Natti Natasha Join us on https://t.co/nsGoir2cYH",1520552371776012289,OnlyHitNP
ENTER THE NATTI NATASHA LAKE   https://t.co/HEF47rNoxZ,1520552208303116289,behariehive
"Now playing 🎵momoland &amp; Natti Natasha - Yummy Yummy Love  28.01.22
Listen here: https://t.co/lTNBlEsX5O 🏆NO.1 RADIO STATION 🚫NO COMERCIAL BREAKS 🔀 24hr NO REPEATING SONGS",1520515205406593024,dfmliveradio
Now playing Natti Natasha - No Voy a Llorar.mp3 by  #like #oyentes #emisoras #o #retroradio #diversion #radios #periodismo #envivo #f #dise #entrevista #barinas #laquemanda #tendencia #operadores #rap #xtremeradiopty #comunicacion #radioenvivo #mix #tbt #tv #llano #radioshow #...,1520497933443125256,el_palabreo
NowPlaying Perdido en tus ojos - Don Omar Ft. Natti Natasha https://t.co/NTw7OPrbYj 20:17,1520497698025185280,RadioRoatan
Now playing Natti Natasha x Ozuna - Criminal.mp3 by  #like #oyentes #emisoras #o #retroradio #diversion #radios #periodismo #envivo #f #dise #entrevista #barinas #laquemanda #tendencia #operadores #rap #xtremeradiopty #comunicacion #radioenvivo #mix #tbt #tv #llano #radioshow ...,1520492195723325442,el_palabreo
NowPlaying Amantes De Una Noche - Natti Natasha Ft. Bad Bunny https://t.co/NTw7OPrbYj 19:32,1520486380111110145,RadioRoatan
"Now playing Wow BB by Natti Natasha,El Alfa,Chimbala #like #oyentes #emisoras #o #retroradio #diversion #radios #periodismo #envivo #f #dise #entrevista #barinas #laquemanda #tendencia #operadores #rap #xtremeradiopty #comunicacion #radioenvivo #mix #tbt #tv #llano #radioshow ...",1520463460680843265,el_palabreo
"https://t.co/oLTQgvg43t Now Playing - Ram Pam Pam by Natti Natasha &amp; Becky G-
Buy Now",1520398369193172993,WepaFmSpotlight
"Now playing 🎵Natti Natasha, El Alfa &amp; Chimbala - WOW BB  23.02.22
Listen here: https://t.co/lTNBlEsX5O 🏆NO.1 RADIO STATION 🚫NO COMERCIAL BREAKS 🔀 24hr NO REPEATING SONGS",1520306664049627136,dfmliveradio
Now playing Natti Natasha - No Voy a Llorar.mp3 by  #like #oyentes #emisoras #o #retroradio #diversion #radios #periodismo #envivo #f #dise #entrevista #barinas #laquemanda #tendencia #operadores #rap #xtremeradiopty #comunicacion #radioenvivo #mix #tbt #tv #llano #radioshow #...,1520294451230482432,el_palabreo
"Now playing Wow BB by Natti Natasha,El Alfa,Chimbala #like #oyentes #emisoras #o #retroradio #diversion #radios #periodismo #envivo #f #dise #entrevista #barinas #laquemanda #tendencia #operadores #rap #xtremeradiopty #comunicacion #radioenvivo #mix #tbt #tv #llano #radioshow ...",1520270166067666946,el_palabreo
"""Yummy Yummy Love"" by MOMOLAND &amp; NATTI NATASHA - [4K] #BeatSaber 

--&gt; Video - https://t.co/e7CNv9Lui4 &lt;--

Difficulty - Expert+
Mapped by  - pupupi
Map Download - https://t.co/amA9WWtyPS

#VR #Vtuber #Youtube #MOMOLAND #YUMMYYUMMYLOVE https://t.co/uBUGqun1is",1520221397716455425,Wcanywayz
Now playing Natti Natasha x Ozuna - Criminal.mp3 by  #like #oyentes #emisoras #o #retroradio #diversion #radios #periodismo #envivo #f #dise #entrevista #barinas #laquemanda #tendencia #operadores #rap #xtremeradiopty #comunicacion #radioenvivo #mix #tbt #tv #llano #radioshow ...,1520189203388248064,el_palabreo
"Loco Contigo (Remix)  - DJ Snake, J Balvin Y Ozuna ft Nicky Jam, Natti Natasha, Darell Y Sech https://t.co/oFSQe6MYaS",1520160340377579520,spiceradioca
"[OnlyHitUS] Right now: Las Nenas (feat. La Duraca)
 by Natti Natasha, Cazzu, Farina, La Duraca Join us on https://t.co/Q2ZfUngJan",1520138423293599747,OnlyHitNP
"Daddy Yankee f. Becky G, Bad Bunny &amp; Natti Natasha - Dura (ULTI-reMIX by No Mames!)",1520134703566790658,jamz403Radio
NowPlaying Te Mueves - Zion andamp; Lennox Ft. Natti Natasha https://t.co/NTw7OPrbYj 19:56,1520130288734679047,RadioRoatan
"Now playing 🎵Natti Natasha, El Alfa &amp; Chimbala - WOW BB  23.02.22
Listen here: https://t.co/lTNBlEsX5O 🏆NO.1 RADIO STATION 🚫NO COMERCIAL BREAKS 🔀 24hr NO REPEATING SONGS",1520122555834769409,dfmliveradio
Now playing Natti Natasha - No Voy a Llorar.mp3 by  #like #oyentes #emisoras #o #retroradio #diversion #radios #periodismo #envivo #f #dise #entrevista #barinas #laquemanda #tendencia #operadores #rap #xtremeradiopty #comunicacion #radioenvivo #mix #tbt #tv #llano #radioshow #...,1520113257515831297,el_palabreo
"Now playing Wow BB by Natti Natasha,El Alfa,Chimbala #like #oyentes #emisoras #o #retroradio #diversion #radios #periodismo #envivo #f #dise #entrevista #barinas #laquemanda #tendencia #operadores #rap #xtremeradiopty #comunicacion #radioenvivo #mix #tbt #tv #llano #radioshow ...",1520088972164321280,el_palabreo
"Now playing 🎵momoland &amp; Natti Natasha - Yummy Yummy Love  28.01.22
Listen here: https://t.co/lTNBlEsX5O 🏆NO.1 RADIO STATION 🚫NO COMERCIAL BREAKS 🔀 24hr NO REPEATING SONGS",1520045392989147136,dfmliveradio
"NowPlaying Runaway - Sebastian Yatra Ft. Daddy Yankee, Natti Natasha andamp; Jonas Brothers https://t.co/NTw7OPrbYj 14:11",1520043206771187713,RadioRoatan
"Loco Contigo (Remix)  - DJ Snake, J Balvin Y Ozuna ft Nicky Jam, Natti Natasha, Darell Y Sech https://t.co/gWEm6f7mJ7",1520041027838656513,spiceradioca
Now Playing Philliecito (Feat Nio Garcia / Brray) [E] - Natti Natasha /// Listen LIVE! El Party 102.5FM La #1 En Musica Tropical https://t.co/KDaO0VLgNk,1520019274168946689,elparty102fm
Now playing Natti Natasha x Ozuna - Criminal.mp3 by  #like #oyentes #emisoras #o #retroradio #diversion #radios #periodismo #envivo #f #dise #entrevista #barinas #laquemanda #tendencia #operadores #rap #xtremeradiopty #comunicacion #radioenvivo #mix #tbt #tv #llano #radioshow ...,1520002028512153600,el_palabreo
Now playing Natti Natasha - No Voy a Llorar.mp3 by  #like #oyentes #emisoras #o #retroradio #diversion #radios #periodismo #envivo #f #dise #entrevista #barinas #laquemanda #tendencia #operadores #rap #xtremeradiopty #comunicacion #radioenvivo #mix #tbt #tv #llano #radioshow #...,1519933292178513920,el_palabreo
"Now playing Wow BB by Natti Natasha,El Alfa,Chimbala #like #oyentes #emisoras #o #retroradio #diversion #radios #periodismo #envivo #f #dise #entrevista #barinas #laquemanda #tendencia #operadores #rap #xtremeradiopty #comunicacion #radioenvivo #mix #tbt #tv #llano #radioshow ...",1519898823442710528,el_palabreo
"""Yummy Yummy Love"" by MOMOLAND &amp; NATTI NATASHA - [4K] #BeatSaber #shorts 

--&gt; Video - https://t.co/K8AhxXCWG4 &lt;---

#VR 
#Vtuber 
#Youtube 
#MOMOLAND 
#YUMMYYUMMYLOVE https://t.co/K8KxGyyrQp",1519859013885698048,Wcanywayz
"Here’s a song for you… ANTES QUE SALGA EL SOL by Natti Natasha
https://t.co/FxlsS2g6Zc",1519836158087340032,stephanidiax
Now playing Natti Natasha x Ozuna - Criminal.mp3 by  #like #oyentes #emisoras #o #retroradio #diversion #radios #periodismo #envivo #f #dise #entrevista #barinas #laquemanda #tendencia #operadores #rap #xtremeradiopty #comunicacion #radioenvivo #mix #tbt #tv #llano #radioshow ...,1519819605744787456,el_palabreo
NowPlaying Justicia - Silvestre Dangond Ft. Natti Natasha https://t.co/NTw7OPrbYj 23:03,1519814705698779136,RadioRoatan
"No Lo Trates by Pitbull, Daddy Yankee &amp; Natti Natasha. https://t.co/Z7lnT25aLG",1519718383482294272,jennywalksdogs
"Now playing Wow BB by Natti Natasha,El Alfa,Chimbala #like #oyentes #emisoras #o #retroradio #diversion #radios #periodismo #envivo #f #dise #entrevista #barinas #laquemanda #tendencia #operadores #rap #xtremeradiopty #comunicacion #radioenvivo #mix #tbt #tv #llano #radioshow ...",1519716396862685186,el_palabreo
"Loco Contigo (Remix)  - DJ Snake, J Balvin Y Ozuna ft Nicky Jam, Natti Natasha, Darell Y Sech https://t.co/gYQVFoBfjc",1519683085796876288,spiceradioca
"Now playing 🎵Daddy Yankee, Natti Natasha &amp; Becky G - ZONA DEL PERREO  27.03.22
Listen here: https://t.co/lTNBlEsX5O 🏆NO.1 RADIO STATION 🚫NO COMERCIAL BREAKS 🔀 24hr NO REPEATING SONGS",1519669460361261057,dfmliveradio
Now playing Natti Natasha - No Voy a Llorar.mp3 by  #like #oyentes #emisoras #o #retroradio #diversion #radios #periodismo #envivo #f #dise #entrevista #barinas #laquemanda #tendencia #operadores #rap #xtremeradiopty #comunicacion #radioenvivo #mix #tbt #tv #llano #radioshow #...,1519665960004820994,el_palabreo
"Now playing 🎵Natti Natasha, El Alfa &amp; Chimbala - WOW BB  23.02.22
Listen here: https://t.co/lTNBlEsX5O 🏆NO.1 RADIO STATION 🚫NO COMERCIAL BREAKS 🔀 24hr NO REPEATING SONGS",1519663765125578752,dfmliveradio
Now playing Natti Natasha x Ozuna - Criminal.mp3 by  #like #oyentes #emisoras #o #retroradio #diversion #radios #periodismo #envivo #f #dise #entrevista #barinas #laquemanda #tendencia #operadores #rap #xtremeradiopty #comunicacion #radioenvivo #mix #tbt #tv #llano #radioshow ...,1519569767643893763,el_palabreo
"Now playing 🎵momoland &amp; Natti Natasha - Yummy Yummy Love  28.01.22
Listen here: https://t.co/lTNBlEsX5O 🏆NO.1 RADIO STATION 🚫NO COMERCIAL BREAKS 🔀 24hr NO REPEATING SONGS",1519542595306889216,dfmliveradio
Pitbull Ft Daddy Yankee &amp; Natti Natasha Dj Niuss Extended – No Lo Trates https://t.co/6Z9YholkOi via @YouTube,1519525919655964672,Danie0003
"[OnlyHit K-Pop] Currently: Yummy Yummy Love
 by momoland, Natti Natasha on TuneIn, OnlyHit K-Pop",1519517806416461824,OnlyHitNP
"( #OnAir ) "" Daddy Yankee ft. Bad Bunny, Natti Natasha  Becky G - Dura "" #LoMejor esta en https://t.co/MADDVlkbcR",1519516821484978178,RADIOHORUSmx
"Now playing Wow BB by Natti Natasha,El Alfa,Chimbala #like #oyentes #emisoras #o #retroradio #diversion #radios #periodismo #envivo #f #dise #entrevista #barinas #laquemanda #tendencia #operadores #rap #xtremeradiopty #comunicacion #radioenvivo #mix #tbt #tv #llano #radioshow ...",1519507948044800003,el_palabreo
"[OnlyHitUS] Currently: Instagram
 by David Guetta, Daddy Yankee, Dimitri Vegas &amp; Like Mike, Dimitri Vegas, Afro Bros, Natti Natasha, Like Mike Listen on all your devices with TuneIn! https://t.co/Q2ZfUngJan",1519506741444104195,OnlyHitNP
"New On Apple Music ""Reggaeton Expo Vol.7""ft Natti Natasha Karol G Farina Yandel Bad Bunny Sech Nicky Jam Almighty Y Mas Toca👇 https://t.co/zaTDgaopnt #Bklynskillz #Mixtapesuperstarz #AppleMusic #HipHop #Reggaeton #RNB #Freestyle #Mixtape #Music #AroundTheWorld #ReggaetonNoticias https://t.co/L5qOWzg2s3",1519498795343568896,Bklynskillz
"On Air =&gt;&gt; Natti Natasha ft. Fran Rozzano - Fue Tu Culpa

Latest Fresh Tracks =&gt;&gt; https://t.co/DNQcWrixKz

Tune In Now =&gt;&gt; https://t.co/3d3ZLtbhEP",1519477191897235458,radio5romania
"All my kids will sing and dance to Bad bunny, J Balvin, Grupo Firme, Wisin y Yandel, Natti Natasha &amp; Karol G!!! 🥹🔥👏🏼",1519310093426335745,jenniferamador_
"Now playing 🎵momoland &amp; Natti Natasha - Yummy Yummy Love  28.01.22
Listen here: https://t.co/lTNBlEsX5O 🏆NO.1 RADIO STATION 🚫NO COMERCIAL BREAKS 🔀 24hr NO REPEATING SONGS",1519304321581649928,dfmliveradio
#NowPlaying Natti Natasha Ft. Nio Garcia Brray - Philliecito En https://t.co/OhxjVeGSmZ #elblokeradio,1519272893875724290,ELBLOKERADIO
"Now Streaming DJ Snake ft J Balvin, Ozuna, Nicky Jam, Natti Natasha &amp; Darell Y Sech - Loco Contigo (Remix) on #lamezclaradio Live on https://t.co/regOfb9YtW or Download the Free LaMezcla Music App for Apple or Android",1519255069476147202,LaMezclaDotCom
Now Playing Arrebata [E] - Natti Natasha /// Listen LIVE! El Party 102.5FM La #1 En Musica Tropical https://t.co/FNomcahS0x,1519245479300800513,elparty102fm
I think Natti Natasha and Becky G should make a collab album cuz Sin Pijama and Ram Pam Pam are sooo good,1519215746131406849,stanrecordgirls
"MOMOLAND X Natti Natasha X Kelis X Britney Spears 

@MMLD_Official @NattiNatasha @nevarezpr https://t.co/E8vQGfmlWy",1519147711290818565,momolandinfo
god is a woman and her name is natti natasha https://t.co/Cv0vgV2GdB,1519122882068193281,LVSNATTI
Natti Natasha - Dutty Love (acoustic) https://t.co/SJVG6CQ613,1519122054737547264,NattiMedia
"Now playing 🎵Natti Natasha, El Alfa &amp; Chimbala - WOW BB  23.02.22
Listen here: https://t.co/lTNBlEsX5O 🏆NO.1 RADIO STATION 🚫NO COMERCIAL BREAKS 🔀 24hr NO REPEATING SONGS",1519053838468190210,dfmliveradio
"Loco Contigo (Remix)  - DJ Snake, J Balvin Y Ozuna ft Nicky Jam, Natti Natasha, Darell Y Sech https://t.co/epv6teA9Ni",1519051540522323968,spiceradioca
NowPlaying El Baño (Official Remix) - Bad Bunny Y Natti Natasha https://t.co/NTw7OPrbYj 20:07,1519045637773434887,RadioRoatan
"Listen to DJ Clau - Natti Natasha, Maluma - Imposible Amor (Bachata Remix) @ https://t.co/c4HJE05brZ  or download the App! #BachataSensualRadio #BachataSensual #Bachata",1519018305192964096,BachataSensualR
"Dimitri Vegas ft Like Mike, David Guetta, Daddy Yankee, Afro Bros &amp; Natti Natasha - Instagram",1518944589020811264,Latinradiouk
"Daddy Yankee f. Becky G, Bad Bunny &amp; Natti Natasha - Dura (ULTI-reMIX by No Mames!)",1518931179466113028,jamz403Radio
"Now playing 🎵Daddy Yankee, Natti Natasha &amp; Becky G - ZONA DEL PERREO  27.03.22
Listen here: https://t.co/lTNBlEsX5O 🏆NO.1 RADIO STATION 🚫NO COMERCIAL BREAKS 🔀 24hr NO REPEATING SONGS",1518878704994328577,dfmliveradio
"Now playing 🎵momoland &amp; Natti Natasha - Yummy Yummy Love  28.01.22
Listen here: https://t.co/lTNBlEsX5O 🏆NO.1 RADIO STATION 🚫NO COMERCIAL BREAKS 🔀 24hr NO REPEATING SONGS",1518854595317059584,dfmliveradio
"Listen to DJ Clau - Natti Natasha, Maluma - Imposible Amor (Bachata Remix) @ https://t.co/c4HJE05brZ  or download the App! #BachataSensualRadio #BachataSensual #Bachata",1518834148307259393,BachataSensualR
"#3 years of the success ""No Lo Trates"" by Pitbull x Daddy Yankee x Natti Natasha, first single from Libertad 548, certified by the ""RIAA"" in the United States of 11 x Platinum (Latin), 261 Million views on YouTube currently. A great success in Latin America and the United States. https://t.co/wdx4RE8INd",1518829858570350593,Pit305Novedades
"MVs de grupos femininos da 3ª geração mais vistos de 2022:

#1 Yummy Yummy Love (MOMOLAND X Natti Natasha) — 34M 🔥
#2 Feel My Rhythm (Red Velvet) — 33M
#3 MAISON (Dreamcatcher) — 19M
#4 Real Love (OH MY GIRL) — 16M
#5 WILDSIDE (Red Velvet) — 9M https://t.co/baApjmeGPl",1518788071407370241,momolandinfo
"( #OnAir ) "" Daddy Yankee ft. Bad Bunny, Natti Natasha  Becky G - Dura "" #LoMejor esta en https://t.co/MADDVlkbcR",1518776297723465728,RADIOHORUSmx
Natti Natasha x Becky G - Ram Pam Pam [Official Video] https://t.co/cDAHry7eql via @YouTube,1518771620936101888,ChacarePerez
"On Air =&gt;&gt; Natti Natasha &amp; Becky G - Ram Pam Pam

Latest Fresh Tracks =&gt;&gt; https://t.co/DNQcWrixKz

Tune In Now =&gt;&gt; https://t.co/3d3ZLtbhEP",1518764862989602816,radio5romania
momoland yummy yummy love ft. natti natasha solista https://t.co/I8hC0MzWcd,1518713302154719234,crszzn
momoland yummy yummy love ft. natti natasha solista https://t.co/WoadSLoTnM,1518712948981653504,nadchprincess
"LOCO CONTIGO REMIX DJ SNAKE  J BALVIN  OZUNA  NICKY JAM  NATTI NATASHA  DARREL &amp; SECH / DJ Snake
https://t.co/IfUuDElexa",1518682915214921728,maria6tata
"Now playing 🎵Daddy Yankee, Natti Natasha &amp; Becky G - ZONA DEL PERREO  27.03.22
Listen here: https://t.co/lTNBlEsX5O 🏆NO.1 RADIO STATION 🚫NO COMERCIAL BREAKS 🔀 24hr NO REPEATING SONGS",1518625486468956161,dfmliveradio
"Loco Contigo (Remix)  - DJ Snake, J Balvin Y Ozuna ft Nicky Jam, Natti Natasha, Darell Y Sech https://t.co/du17qkTwrD",1518599592060796928,spiceradioca
"Now playing on OnlyTunes: Dura (Remix) by Daddy Yankee, Becky G, Bad Bunny, Natti Natasha! Tune in now: https://t.co/QSc4YvXbpO",1518577161594150912,onlytunesnp
"I FINALLY REALIZED WHICH SONG SIREN BY SUNMI REMINDS ME OF

ITS QUIEN SABE BY NATTI NATASHA i knew i wasnt imagining things istg",1518572696711446528,hyuck00lol
"Loco Contigo (Remix)  - DJ Snake, J Balvin Y Ozuna ft Nicky Jam, Natti Natasha, Darell Y Sech https://t.co/61k9CnFC1j",1518571313316741123,spiceradioca
"So this is the story behind momoland &amp; natti natasha's collab

#momoland #nattinatasha https://t.co/qjxYdrEU2V",1518570138437521408,itsbulkangnancy
It's party time. Now Instagram (R3hab Remix) - Daddy Yankee;David Guetta;Dimitri Vegas;Like Mike;Natti Natasha on https://t.co/b97MPDulOx https://t.co/RPWaeZumfM,1518524297622478848,Top_Radio_
"Now playing 🎵momoland &amp; Natti Natasha - Yummy Yummy Love  28.01.22
Listen here: https://t.co/lTNBlEsX5O 🏆NO.1 RADIO STATION 🚫NO COMERCIAL BREAKS 🔀 24hr NO REPEATING SONGS",1518522652448727041,dfmliveradio
#NowPlaying Natti Natasha Ft. Nio Garcia Brray - Philliecito En https://t.co/OhxjVeGSmZ #elblokeradio,1518508846397931520,ELBLOKERADIO
"On Air =&gt;&gt; Natti Natasha ft. Fran Rozzano - Fue Tu Culpa

Latest Fresh Tracks =&gt;&gt; https://t.co/DNQcWrixKz

Tune In Now =&gt;&gt; https://t.co/3d3ZLtbhEP",1518495894546567169,radio5romania
Dj Snake and J Balvin Ft. Ozuna Nicky Jam Natti Natasha Darell and Sech - Loco Contigo (Remix),1518489554776469504,DFrontlineRadio
queen of 🇩🇴 NATTI NATASHA  https://t.co/a34j1PEAO3 https://t.co/EJZLmjmM2e,1518469293968531456,muahlilyy
"[OnlyHitUS] Right now: Ram Pam Pam
 by Natti Natasha, Becky G Join us on https://t.co/Q2ZfUngJan",1518461090878959616,OnlyHitNP
"MOMOLAND BANGLADESH (@aminuli55929886) Tweeted:
#MOMOLAND &amp; #Natti Natasha's ""Yummy Yummy Love"" MV has reached 700k likes on Youtube.
-2nd female collaboration to reach this milestone in 2022. https://t.co/hoJ3X9UvqJ https://t.co/WeY5Zj8PAW",1518276736596668417,ryumavanessa
