full_text,tweet_id,screen_name
💟💜✧･ﾟ: *✧･ﾟ: 💜💟Nelly Furtado Ft Tupac - Say It Right Remix https://t.co/FMybsbI6KH via @YouTube,1520913397742804993,littlerose7474
I think Nelly Furtado was my bisexual awakening when i was like 10 lmfaoo,1520911885960302592,Champagn_yachty
No ar: Nelly Furtado - Say It Right,1520909468955033601,fmraizesnoar
no shade but what ever happened to nelly furtado,1520908435411382272,arikenobi
"The don’t make music videos like Timberland’s Morning after dark anymore. He, Nelly Furtado and Soshy gave us vampire and vampire hunter realness. Buffy who? We don’t know her.",1520906805643251719,whycollinswhy
Nelly Furtado - Turn Off The Light (Official Music Video) https://t.co/QPtXdHticf via @YouTube,1520905197870014464,Sir_Majadero
"#NowPlaying: Broken Strings by James Morrison, Nelly Furtado on https://t.co/UC2bB6jnX6 https://t.co/RNOdqdeB32",1520903965159870464,SmileRadio_
Now Playing:  Nelly Furtado - All Good Things (Come to an End)   Listen Live: https://t.co/HdPs3ksq6g,1520903582568136709,ADLWebRadio
"If you ask Apple Music to play ""I Like Birds"" by Eels, it follows it up with Nelly Furtado's ""I'm like a bird"", because now Apple Music thinks you like birds. It's a good system if you like songs about birds.",1520899483680206848,RossFloate
Now Playing KNAAN (feat. Nelly Furtado) - Is Anybody Out There -escuchala en https://t.co/Om4r4u1aQu,1520899187939979264,RIflorida
How out of FUCKING NOWHERE is Nelly furtado suddenly everywhere again like what,1520898407681990657,w0rld_
listening to Nelly Furtado’s  “Maneater” got me thinking about Gaga and Gwen,1520886986776530944,dezzii____
Nelly Furtado - Say It Right (Official Music Video) https://t.co/aqtzBHh7vj via @YouTube,1520884769449459717,PamelaMcOmish84
"My ★★★★★ review of Ariana Grande, Nelly Furtado - Motive X Promiscuous (TikTok Mashup) [Lyrics]",1520879179398631430,sthefobia
Nelly Furtado - All Good Things (Come to an End) is just great! ID: 1651437843,1520866662836277251,NGRadioShow
On Air Now Promiscuous by Dj SharonG is now playing: Nelly Furtado #yousoulfoodformusic #thestationforeverygeneration #gsmelodycafe https://t.co/860u52dCRU,1520855667162206209,GsMelodyCafe
"Nelly Furtado - I'm Like A Bird https://t.co/MonzgClhhc
💕☺️💖",1520855458701090824,4llbym1s3lf
Omg Nelly Furtado is so beautiful and so are her songs❤️‍🔥 😍😍,1520852732864782336,piecesofanita
"Nelly Furtado ♥️
I love her music so much 
https://t.co/L4e7zB46qG https://t.co/a8HrIz0FIb",1520843112511381504,JeanDracolosse
Nelly Furtado - Say It Right,1520839808309940226,RadioWywm
Me bee bopping around nyc blasting “Maneater” by Nelly Furtado as if I haven’t had massive social anxiety around men all my life,1520836843528495111,DanielleRackle2
#nowplaying #NellyFurtado ~ Nelly Furtado | I'm Like A Bird ||| #bbradio #rockt #brandenburg,1520836524564221953,_BB_RADIO_MUSIC
"My brother is singing Nelly Furtado's ""Do It"" in his bedroom. I swear I love this guy❤",1520832918859534337,ZintelM
Nelly Furtado - All Good Things (Come To An End) https://t.co/BrOMHaEOq1,1520823240880529409,securenet
NELLY FURTADO AND I SHARE THE SAME SUN AND MOON SIGNS YALL THIS IS NOT A DRILL,1520812829489565696,jupiterignited
Nelly Furtado - Promiscuous (Feat. Timbaland) https://t.co/BrOMHaEOq1,1520807412445364224,securenet
@OfficialBongile my 12 year old cousin has been singing Say it right by Nelly Furtado since Friday and it is all thanks to tik tok,1520802821137911811,uSiphokuhle_
Now playing Promiscuous Live Festival de Viña 2008 by Nelly Furtado!,1520790114796019713,simmons1
"I'm like a Bird    Nelly Furtado

https://t.co/ozJReW31II",1520785644137730053,trinidad33angel
obi-wan is currently listening to: maneater by nelly furtado https://t.co/iYqZwfdghC,1520768485260890112,obisspotify
Nelly Furtado wow🖤✨,1520767806631030784,divinelustx
I’m like a bird not in the Nelly furtado way but in the if you put me in front of a mirror I will never stop staring at myself way,1520766660084387844,cherloqholmes
For some reason I feel the need to listen to Nelly Furtado’s Loose. Maybe just out of 2000s nostalgia.,1520760221517422595,Muneca69117
Nelly Furtado - All Good Things (Come To An End) (US Version) (Official ... https://t.co/U6ILyl3WLz via @YouTube,1520759200095293441,NadiaSchaad
"A hill I’m willing to d*e on. She was Timbaland’s best muse since Aaliyah (yes, even over Brandy and Nelly Furtado). Shame what became of her career. https://t.co/1f1kiYiqsO",1520740945238634503,Coolness941
The best funk dance clubbing music nowplaying Say It Right - NELLY FURTADO on https://t.co/Wg3ueOYXGF https://t.co/wtVwmNS6Ds,1520740100715470852,POPXXICENTURY
Now playing Say It Right by Nelly Furtado!,1520721381700288514,DESIFOTOLISBOA
Now playing Say It Right by Nelly Furtado!,1520713571159756801,RadioTiktok
Then he follows it up with Promiscuous girl - Nelly Furtado 🔥🔥 https://t.co/LHoWATpBGh,1520710082895491072,RonPipes
Nelly Furtado - In God's Hands  #nowplaying #radiostation #listenlive #goodmusic #80s #newhits #eradiosa #gardenroute #Knysna #George #Mosselbay #CapeTown #southafrica #westerncape - Tune in: https://t.co/yaayRJxmoU,1520706369611046913,eradio_sa
Nelly Furtado was truly ahead of her time,1520702959247511552,tribbiabing
Nelly Furtado was in her bag😭😭😭 damn,1520701870553063424,Sia_Mausi
Nelly Furtado - Say It Right (Lyrics)_160k (3),1520699531435909120,thecooknshare
NFT is short for Nelly FurTado https://t.co/8sz5NRmA6j,1520697426134323202,dj_Bamboo
NOW PLAYING : James Morrison (ft. Nelly Furtado) - Broken Strings,1520691757285093380,Goodtimesradio_
James Morrison &amp; Nelly Furtado - Broken Strings,1520688860807766016,J7Radio
Nelly Furtado - All Good Things,1520681816436494338,ApollodjsRadio
03 James Morrison. Feat Nelly Furtado - Broken Strings,1520678407750701059,ApollodjsRadio
VERSUZ xtina vs Queen of Pop aka NELLY FURTADO - THREAD,1520673523735310336,GetBackBritknee
Nelly Furtado - Say It Right,1520666684641755136,RjlRadio
if Maneater by Nelly Furtado wasn’t playing in the bowling alley on a Friday  between 2006-2010 then honey? you weren’t Cosmic Bowling !,1520655927992532993,djmausner
They not making hits no more….someone wake Nelly Furtado up !!!!,1520644390221680640,lazytauruss
Kimbrel’s walk up song should be “I’m like a bird” by Nelly Furtado,1520631470506659841,jeanineshattuck
Nelly Furtado - Night Is Young,1520627046933803008,radiosines
"Listen to Nelly Furtado - Maneater (Kapstick Festival Mix) by Kapstick on #SoundCloud
https://t.co/fSZ3hTjlTo
超新作 EDM
BigroomTrance",1520624629743685633,TAKA22F0REVER
Nelly Furtado - Promiscuous (Feat. Timbaland) https://t.co/BrOMHaEOq1,1520596096699056128,securenet
Top Hits music. Now I'm like a bird - Nelly Furtado on https://t.co/nzuGyJoJj4 https://t.co/cXJcQeYIt0,1520593364273569793,_Hits_music_
Listen hits music rock pop dance now playing: Broken Strings - JAMES MORRISON Feat. NELLY FURTADO on https://t.co/euPh0ZZYk8 https://t.co/3snFCreGGy,1520590880125693954,Musicstradio20
"Nelly Furtado really did what she was supposed to do, then left",1520587081814315011,WhyNotFixx
Ohhh you don’t mean nothing at alll to meeee -Nelly Furtado 💋,1520586894622535682,MySpaceAnggie
The remix with Nelly Furtado&gt;&gt;&gt;&gt; https://t.co/t3yzcPzsvR,1520586604364152836,jazzyfizzle____
Nelly Furtado - All Good Things (Come to an End) is playing right now. ID: 1651370103,1520582540326805506,NGRadioShow
Nelly Furtado - Promiscuous (Official Music Video) ft. Timbaland https://t.co/R260bm2Smh via @YouTube See ya!,1520581649301389312,zizjag2
"Nelly Furtado
Big Hoops
https://t.co/yZweMDCbzA",1520573985800478722,MarieBarrieau
Timbaland ft Nelly Furtado &amp; Justin Timberlake - Give It To Me,1520571425186361344,RadioKnc
Mazikeen smith maneater nelly furtado edit  https://t.co/kFsYICVlKt,1520560658718277632,kkufans
James Morrison - Broken Strings (Feat. Nelly Furtado),1520558780781678593,radiosines
a nelly furtado encerrando o loose com all the good things come to an end por causa do sucesso dela acabando https://t.co/Z4K5HyUUeA,1520534345240518656,himjira
"#1 on the Billboard Hot 100 chart 15yrs ago this week-&gt;Timbaland - Give It To Me ft. Nelly Furtado, Justin Timberlake https://t.co/MIuYhHyVy4 via @YouTube-2007 #fave #ShockValueLP #terrifictrio",1520534281302515716,EmilyN7914
Now playing Promiscuous Live Festival de Viña 2008 by Nelly Furtado!,1520533470799400960,simmons1
"「WELL,WELL」 NELLY FURTADO 07:30",1520531229329612800,jwave
"Fair enough she isn’t a huge music person but my sister is 16 and she’s just said she hasn’t heard of these names - Nelly Furtado, Keri Hilson, T-Pain, Akon (lol?), Timbaland, Soulja Boy, Natasha Bedingfield then I stopped asking cos it was doing my head in",1520521639045525504,NewValyrian
Nelly Furtado - Say It Right (Official Music Video) https://t.co/BlAMvNrC7R @NellyFurtado,1520519822391619585,djunagi
"Nelly Furtado
Say It Right
https://t.co/Af4RwGwP41",1520516598662152195,MarieBarrieau
[18:30] Nelly Furtado - Give It To Me,1520516034545004545,Energia97play
Nelly Furtado - Maneater - maximum music! ID: 1651353063,1520511069692772352,NGRadioShow
streaming nelly furtado debut,1520508412416737280,bklynb4by
#NowPlaying Give It To Me by Timbaland / Justin Timberlake / Nelly Furtado #listen at https://t.co/RGN0Gpaxia,1520501268917231621,kdrsplaylist
If you wanna get me in my bag just play Say it Right by Nelly Furtado,1520500812522348545,karleezysway
trouble tones x maneater nelly furtado https://t.co/PDanujsyfD,1520491603571486722,gleerkive
#nowplaying #NellyFurtado ~ Nelly Furtado | Say It Right ||| BB RADIO - In #Potsdam #Brandenburg #GER auf 107.5,1520487858406047744,_BB_RADIO_MUSIC
Nelly Furtado - Say It Right (Official Music Video) https://t.co/wZ35Gl6xmP via @YouTube,1520487452653375488,Serpentkingz
i’ve been playing back nelly furtado’s loose album a lot lately. it brings me straight back to my childhood. a classic.,1520482489181081603,crazydionneee
"This album kicked on the jets from the start and never fucking let up. Shame she did a masterclass on how to completely derail all momentum you can possibly have with the follow up album. 

Kids today will never know how white hot Nelly Furtado was in 2006. https://t.co/vL7YSh1oJs",1520476417259098119,DonChytil2dot0
Now playing Say It Right by Nelly Furtado!,1520475607108313088,RadioTiktok
The Nelly Furtado Font! 🤣,1520474051717701633,eve_lyn_lulu
"hey siri, play i’m like a bird by Nelly Furtado. https://t.co/O2fQit9bEN",1520473798214144000,karismacolee
Are we all in agreement that promiscuous by nelly furtado is the greatest song ever made?,1520472314449698816,HarrisBueller_
Now playing broken strings by james morrison feat nelly furtado!,1520463407744528386,DESIFOTOLISBOA
"Promiscuous by Nelly Furtado feat. Timabaland, 2006. https://t.co/rAVC9IMWa9",1520462993137360896,bestsongsofall
Nelly Furtado - All Good Things (Come To An End) https://t.co/BrOMHaEOq1,1520460918337028098,securenet
I don’t think y’all understand how much I love Nelly furtado,1520457378646433795,sushiisokay
Nelly Furtado - Say It Right,1520451749227728896,RadioKnc
Nelly Furtado - Say It Right (Lyrics)_160k (3),1520451070710927362,thecooknshare
No lie fell in love with this when I was little 🥺 https://t.co/Jzb61I57ri,1520450052199649280,MiguelFasho
"Viral Hits CLEAN:

🥇 Harry Styles
🥈 Nicky Youre, dazy ⬆️
🥉 Pharrell Williams ⬇️
4️⃣ Labrinth
5️⃣ Nelly Furtado
6️⃣ WILLOW ⬆️
7️⃣ ALTÉGO, Britney Spears, Ginuwine ⬇️
8️⃣ Ruth B., slater
9️⃣ Miley Cyrus 🆕
🔟 AnnenMayKantereit

#WeekendVibes #ShoutoutSaturday
https://t.co/Uqq0VyQJEY",1520444120547921920,Top50Clean
nelly furtado was it,1520436536671711232,ficklefucck
"Now playing on WestMan Internet Radio:
Nelly Furtado - I'm Like a Bird
#WMIR #NeepawaRadio",1520418686154289153,WMIRadio
WAIT FOR YOU - nelly furtado https://t.co/nL2VsnCbad,1520415141988343809,PieceOfArke
baizhu's bad bitch anthem during his college years was nelly furtado's maneater,1520413436575981568,baizhu_weekly
Now playing Turn off the Lights by Nelly Furtado!,1520401714901356545,IMBSSOLUTIONS
Now Playing KNAAN (feat. Nelly Furtado) - Is Anybody Out There - More Beautiful Than Silence -escuchala en https://t.co/Om4r4u1aQu,1520398171192631299,RIflorida
"woke up with nelly furtado in my head, it’s gonna be a good day https://t.co/1xvTsBMwb8",1520396415050129410,sharktater
"Timbaland, Justin Timberlake &amp; Nelly Furtado – MTV Video Music Awards 2007  (1080p) https://t.co/s9LD83LH5W",1520392791557292039,TimbalandPage
"Timbaland, Justin Timberlake &amp; Nelly Furtado – MTV Video Music Awards 2007  (1080p) https://t.co/SXHu2nBIul",1520392789271404544,TimbalandMusic
Nelly Furtado - Promiscuous (Feat. Timbaland) https://t.co/BrOMHaEOq1,1520384698073108480,securenet
Nelly Furtado - Say It Right,1520380536765751297,ferndalectgFCR
"#np: Promiscuous by Nelly Furtado, Timbaland Listen here on https://t.co/UC2bB6jnX6 https://t.co/uVpVZj3H7k",1520379488521134080,SmileRadio_
when nelly furtado in that timberland song said when you see us in the club we be acting all nice i felt that cos i’m actually a nice polite girl,1520366896184541185,bleachellie
Is Anybody Out There by K Naan Feat. Nelly Furtado now playing on BigmanRadio #NowPlaying  #StreamingLive  https://t.co/2lOXdlC0Gg,1520365888112939009,bigmanradio
Nelly Furtado Reportedly Set to Sell Catalog Rights for $50 Million https://t.co/KYvLMzulKb #SmartNews,1520359915876864004,TeeMichelle57
Nelly Furtado - No Hay Igual ft. Residente Calle 13 (Official Music Video) https://t.co/tdYIlGjPKj via @YouTube,1520339210397437952,italy2france
#nowplaying #NellyFurtado #ReaGarvey ~ Nelly Furtado feat. Rea Garvey | All Good Things (Come To An End) ||| #bbradio plays the #hits,1520332226604453889,_BB_RADIO_MUSIC
"Deer was a great  wordsmith, some of her adventures beyond belief! Deer baked bread, she  listened to Nelly Furtado, and she still managed to eat dinner at the same time every night.",1520330049559285760,alt_tales
"to save the world, i would like to see the musical holy trinity of nelly furtado, timbaland and justin timberlake reunited",1520327955637014528,lissi_SW
Turn Off the Light — Nelly Furtado https://t.co/8oqyWqmJkV,1520325697184620544,MicksMixRadio
Say It Right by Nelly Furtado,1520314726592528384,wikdplaylist
"Played Maneater by Nelly Furtado on April 30, 2022 at 12:14AM",1520306652783644672,soIspotify
Always Gretest Hits. Now Broken strings - James Morrison feat Nelly Furtado on https://t.co/nzuGyJoJj4 https://t.co/eznWdtlx1J,1520299951875571712,_Hits_music_
ive never related more to a song than I’m Like A Bird by nelly furtado lmao,1520295875012358149,michhmich
"You can ask me anything &amp; I’d be open to speak on it.. death, flowers, travel, US healthcare, Nelly Furtado like you name it",1520290600691671042,Kggrammer
"Oprah is one of my all-time favorite heroes. Mary J. Blige doesn't get enough respect. Nelly Furtado, Green Stefani, and Amy Lee also inspire me.",1520288622703824896,randyabbie
Nelly Furtado - Turn off the light,1520282680344076293,RVallesina
Nelly Furtado - All Good Things (Come To An End) (US Version) (Official ... https://t.co/27eR3VwNA6 via @YouTube,1520279020927131649,zizjag2
Now playing Promiscuous Live Festival de Viña 2008 by Nelly Furtado!,1520274718171049986,simmons1
"A young Trevor Donovan once said They're not looking for a story that tells them who they are. They already know who they are. They're here because they want a glimpse of who they could be. They looked determined, Before turning to talk to Nelly Furtado",1520262332894515200,DeepTalksWithA1
Now Playing: 'POWERLESS (SAY WHAT YOU WANT)' by 'NELLY FURTADO',1520255718707941379,3FMradiomusic
Now playing Say It Right by Nelly Furtado!,1520238071270289414,RadioTiktok
Where is Nelly Furtado? I like miss her music?,1520237241226133504,whittykitty21
Nelly Furtado - I'm Like A Bird (Official Music Video) https://t.co/JPpTSyx51S via @YouTube,1520235011672535040,AngelGGuadiania
We don’t talk about Nelly Furtado enough,1520231223544750082,vitaminkait
"i got: nelly Furtado 
do i stan?: idk who this is 
fav song: none

i got: lil baby
do i stan?: nope
fav song: Bussin

i got: tinashe 
do i stan?: no but i love her 
fav song: can't remember the name",1520224122856480769,PLAYBOIANA__
Nelly Furtado - All Good Things (Come To An End) (US Version) (Official ... https://t.co/enBWB3DPTg via @YouTube,1520223798007640066,italy2france
"Timbaland - Morning After Dark ft. Nelly Furtado, Soshy (Official Music ... https://t.co/S4CbyhICSk via @YouTube",1520209928555802628,DiamondTrailz
#REVOLUTIONXRADIO Jump by Flo Rida Feat. Nelly Furtado R.O.O.T.S. https://t.co/eLA7ZYOPbp,1520208428513308675,metalTalent
reminder that Do It by Nelly Furtado is a perfect pop song,1520204782019006464,aplaceformy_
Nelly Furtado - Promiscuous (Feat. Timbaland) https://t.co/BrOMHaEOq1,1520203325551038464,securenet
Nelly Furtado - Powerless,1520200647097868289,radiosines
Nelly Furtado - Say It Right (Official Music Video) https://t.co/1lOElFD9vI @YouTubeより,1520192653891346432,KaZaAShaMiKo
Streets need a Nelly furtado sample on a drill beat expeditiously,1520191686017753089,bobby_bah
Nelly Furtado in the “Say It Right” music video is what girls think they look like with bangs.,1520189340995014659,meowsloan
"Listening to Nelly Furtado's ""Promiscuous"" while sitting on the floor reading a textbook on logical proofs",1520189145754259458,tsortwehttam
That Nelly Furtado - Timbaland combo in the 2000s was goated,1520181108339777536,_Clarktopus
Nelly Furtado’s Loose album is top tier idc,1520162284559126531,breegv14
We put Nelly Furtado's pet squirrel (who works as an baker) and their needle in a honeydew and now they are feeling benevolent,1520155156322545664,purpsbear
Nelly Furtado - Say It Right https://t.co/ej3HyayhjV via @YouTube,1520154497162567683,mariambeing
"Timbaland, Nelly Furtado and Justin Timberlake https://t.co/qgXdUiB8Rj",1520153552752099328,YakuzaBooza
"Nelly Furtado, JT

Timbaland - Give it to me

https://t.co/4dKTcOe0V5",1520146703164313601,MlLefranc
Nelly Furtado had to have been one of the hottest artists ever https://t.co/OQwajIZchM,1520145955269582848,hmmmm1289
"Timbaland - Give It To Me ft. Nelly Furtado, Justin Timberlake https://t.co/7uqhySefln via @YouTube #music #Dance #FridayVibes 💟🎶💟🌈🇺🇦 https://t.co/GBPYCGSSlk",1520140549235294210,PaulMcD85988004
"Nelly Furtado is a Canadian of Portuguese origin. She was born and raised in Victoria BC (British Columbia), Canada

https://t.co/XQ9USpdAvx",1520140435162812417,MlLefranc
Me singing both the Timbaland and Nelly Furtado part on Promiscuous https://t.co/objlbz7ub9,1520136453065515008,Screwtapez
Nelly Furtado - Do It,1520135495648530433,radiosines
The Nelly Furtado of 2000's was really in her bag. Not a single bad song,1520132988138360840,The_Kaigi
We fucking love you Nelly Furtado https://t.co/EWmEgufHaP,1520132648143892480,eIrismilf
Nelly Furtado - Say It Right (Official Music Video) https://t.co/a97ubUu2Wc via @YouTube   #Nachtschicht #RuheStörung,1520127150271209479,TimeSpirit2
Timbaland and Nelly Furtado were just giving us a crazy amounts of hits in the 2000’s,1520126241050746880,Grxzzly93
Now playing: Turn Off The Light by Nelly Furtado #nowplaying Listen live: https://t.co/DswV8KZOAD https://t.co/HEA3wOxteF,1520125366798798848,mixfm_now
Now playing Promiscuous  by Nelly Furtado Feat. Timbaland!,1520124593108889603,Rageneo
Nelly Furtado Reportedly Set to Sell Catalog Rights for $50 Million https://t.co/gn6ZcavjLs via @thatgrapejuice,1520120697254731776,JosephAParker
Nelly Furtado ft. Timabland - Promiscuous,1520117524112805888,Cashbox_Canada
Say It Right — Nelly Furtado,1520113903652511750,MicksMixRadio
Kesha Cannibal and Nelly Furtado Maneater same energy,1520113466459181059,NYC2o
Timbaland ft Nelly Furtado &amp; Justin Timberlake - Give It To Me,1520105216187715586,RadioKnc
"I am asking, yet again, where the heck is Nelly Furtado?",1520104565370236935,jamieamalea
"Mamás ¿Con qué canción piensan en sus hijos? 

Yo: Nelly Furtado: Try. 

Then I see you standing there
Wanting more from me
And all I can do is try
Then I see you standing there
I'm all I'll ever be
But all I can do is try
Oh, try, try",1520101420409626624,reneeangelica
Nelly Furtado - All Good Things (Come To An End) https://t.co/BrOMHaEOq1,1520098412351442945,securenet
"guys does this make any sense? so i was talking with someone ab a song i rlly like (he wasnt man enough), and they told me they dont like the song bc its not their genre. i asked them what do u do like? and they told me “knrb and nelly furtado” … https://t.co/gdaE99K6UH",1520091206436462592,kirakunis
The best funk dance clubbing music nowplaying Say It Right - NELLY FURTADO on https://t.co/Wg3ueOYXGF https://t.co/RZoa9yIB4A,1520088573885747205,POPXXICENTURY
#REVOLUTIONXRADIO Big Hoops (Bigger the Better) by Nelly Furtado Big Hoops (Bigger the Better) - Single,1520074863855214595,metalTalent
"I miss Nelly Furtado. She’s not gone, but she’s disappeared from tv.",1520062815700234241,_EugenieGeorge
Nelly Furtado - Glue x Say It Right (Switch Disco Edit) [23:13],1520058659937521664,triplejplays_wa
"Bro Nelly Furtado x Timbaland collabs went incredibly,unnecessarily hard https://t.co/OGMjlWmuhC",1520050941910781957,mehUTD
Say it right. Nelly Furtado. https://t.co/Dna7Gu2UbW,1520049562118930432,rookie007gr
I need nelly furtado loose on cd! Another no skip gem,1520045747235872774,CandidBritney
Man eater by Nelly Furtado was ahead of its time,1520043844183674883,TraceyManus
Nelly Furtado favorite meal at my shop are the carnitas tacos,1520043663182639104,JonnyStocks43
Check this out cuz I’m Nelly Furtado. https://t.co/LeTWMscOmN,1520041996546719747,DungeonGlitch
"Timbaland - Give It To Me ft. Nelly Furtado, Justin Timberlake https://t.co/SeIV5JerTZ via @YouTube",1520040251925929984,Matt_Nogueira
"I had the most insane attraction towards Nelly Furtado

Then again, it was the Canadian in me screaming out loud 

Say it Right is still a jam",1520039648407478272,Nkjnr
James Morrison - Broken Strings ft. Nelly Furtado (Official Video) https://t.co/vM8XQhNCIe via @YouTube,1520038313989754880,eastlibs
"Which version of the song ""Maneater"" was better, Hall &amp; Oates or Nelly Furtado?",1520037972514684930,CheeseheadBrian
Nelly Furtado - Glue x Say It Right (Switch Disco Edit) [23:13],1520036010687492096,triplejplays_sa
"Say It Right

Nelly Furtado (2006)

#Pop #PopMusic https://t.co/Qre8sCLiFa",1520030285248618496,KnortixPop
"Timbaland - Morning After Dark ft. Nelly Furtado, Soshy (Official Music Video) https://t.co/bX3jZwe5Nh",1520026709382336513,MIRASLAVAWOLF
When I was 13 “Maneater” by Nelly Furtado gave me butterflies and that’s when I knew I was a whore,1520025748614098945,Jimmycoco1
Nelly Furtado I’m Like A Bird https://t.co/E7jMvKzGPJ,1520019535478276096,Kolourmegold
Now playing Promiscuous Live Festival de Viña 2008 by Nelly Furtado!,1520017013401341952,simmons1
"WERUradio is on 24/7 with a great mix of hip hop , R&amp;B and House Music featuring Nelly Furtado &amp; Timbaland Christine Ariya and Renni Rucci Listen on our website, Alexa skill, Iheart Radio, iTunes Radio and our app. Just lookup ""https://t.co/LoNnkYLBpg The Urban Sound Of Pride",1520010086797750274,WERUradio4Real
"13:42: ""Say It Right"" von Nelly Furtado",1520005732477042688,OE3
Now playing Say It Right by Nelly Furtado!,1520000535071502338,RadioTiktok
Nelly Furtado - I'm Like A Bird,1519996443469172736,cuco_radio
Nelly Furtado - Promiscuous (Feat. Timbaland) https://t.co/BrOMHaEOq1,1519992056164368385,securenet
Loose by Nelly Furtado is an excellent album. An exceptional Hispanic pop record with the laid back vibe of just chilling in the studio with her and Timbaland,1519970375031042048,Migscellin
Nelly Furtado - Say It Right (Lyrics)_160k (3),1519960475311775745,thecooknshare
"Played Maneater by Nelly Furtado on April 28, 2022 at 12:30AM",1519944305779032066,soIspotify
nelly furtado knew what she was doing with say it right,1519936434467082242,solcastellonn
Nelly Furtado - I'm Like A Bird https://t.co/lgwRIDj29j via @YouTube,1519932013733576704,bringdaboom
Is that a “promiscuous”- Nelly Furtado sample I hear???   Nicely done!! https://t.co/JNL8O0YOKD,1519926757427757058,_ZIGGY5
obsessed with Nelly Furtado,1519926560421289984,marie_ppn
her nelly furtado moment https://t.co/krWtiNtJXG,1519920414109089793,hoodeyecircle
i loooove the back and forth in promiscuous girl nelly furtado and. timbaland play so well off each other,1519917807529566209,howldain
Promiscuous (with Timbaland) — Nelly Furtado,1519914448642887680,MicksMixRadio
"So many. Elton John- Bennie and the Jets, Madonna Crazy for You, Matchbox 20 Back to Good, Alanis Morisette -Hand in my pocket, Lee Ann Rimes, How Do I Live, Eagles-One of These Nights, Steely Dan -Deacon Blue, Nelly Furtado- I'm like a Bird, Fleetwood Mac-Dreams https://t.co/jZxvbxPUkz",1519907686707466240,JoyPerfection
Nelly Furtado - All Good Things,1519897816478404609,radiosines
Nelly Furtado - Promiscuous (Official Music Video) ft. Timbaland https://t.co/Q9AdoPL8F1 via @YouTube ...is your game MVP like Steve Nash??!,1519887037121253376,JuelzK77
Nelly Furtado - Promiscuous ft. Timbaland,1519882239156367360,gabrieldepaula0
How fuckin class is nelly furtado but,1519880011632812032,michaelirvine11
people died https://t.co/FjexYxPFg7,1519873823167946752,chl00000e
Now playing Turn off the Lights by Nelly Furtado!,1519866051957342209,IMBSSOLUTIONS
"timbaland and nelly furtado were in their mf bag w the bangers, what a time 🎶",1519859624098336770,iluuvkandii
nelly furtado you are such an icon,1519858774286209025,aabbymahan
Only elder Gen Z and Millennials understand the impact of Nelly Furtado.,1519855987397730305,MauroruizW
Deadlifting to slipknot and Nelly furtado,1519844052111343618,GlazedKylie
How many suicide death rates this year to Nelly furtado- say it right lol,1519830680804331521,Budkillah_
Timbaland ft Nelly Furtado &amp; Justin Timberlake - Give It To Me was top of Billboard chart on this day in 2007 https://t.co/x4OWrbsab0,1519830593965596673,UltChart
WTF is Score: A Hockey Musical and what is Nelly Furtado doing in it? 💀💀💀💀,1519828264918913027,SarahsJustHere
Nelly Furtado - Say it Right,1519825518723543041,nicolasgusttavo
Nelly Furtado - All Good Things (Come to an End) is now playing. ID: 1651188782,1519822027305148418,NGRadioShow
Nelly Furtado - Say It Right (2007) https://t.co/mc77KPHsra,1519816186036428800,973TheBoss
Nelly Furtado - Promiscuous (Feat. Timbaland) https://t.co/BrOMHaEOq1,1519810832082907137,securenet
guy who thinks Nelly Furtado is just rapper Nelly's full name,1519806302943383553,nickhexum311
nelly furtado has one of the most consistent discographies in pop history…shame on y’all for only acknowledging “loose” https://t.co/O3tMvlLgPo,1519805661806219266,poemtoahoe
Nelly Furtado - Try,1519802066515935232,radiosines
Nelly Furtado - Say It Right,1519794196089090049,RjlRadio
“Im like a bird” by nelly furtado https://t.co/SLHeGegCdE,1519790672651296768,allymeowcat
Nelly Furtado - All Good Things (Come to an End) now playing on https://t.co/KG44w6dXCc ID: 1651180262,1519786291281510400,NGRadioShow
I wished Nelly Furtado continued to release smash hits after smash hits,1519780763113345024,youcomeinwaves_
"I always go back to the few favorites and I play them on repeat for a while. 

Nelly Furtado - Say It Right (Lyrics) https://t.co/xTtVHuVICU via @YouTube",1519778440483946496,Hopeforested
Now playing Say It Right by Nelly Furtado!,1519768878884208641,DESIFOTOLISBOA
"Con una señora al teléfono hoy:

- Your last name is Hurtado like Nelly Furtado?
- Yes ma'am, but it's an H instead of an F
- Ok that sounds funny... ""Jurrrtado"". https://t.co/SD6M6Cklad",1519765961380962304,mikhurtado
Now playing Say It Right by Nelly Furtado!,1519761195825352704,RadioTiktok
"@michaelmiraflor listening to Nelly Furtado’s Loose atm. Thank you for the rec, I love this sound",1519759278613188608,CandidBritney
"Three music truths: 1. 90's pop music is unrivaled; 2. Nelly Furtado's ""Whoa, Nelly!"" is the best album to listen to on a spring day; 3. Late-night MTV2 in the late-90's/early-00's was the pinnacle of (actual) music television.",1519757207537176576,xminustDC
"He's also one of Canada’s most accomplished recording engineers with credits on a who’s who of multi-platinum artists including Arkells, The Tea Party, Our Lady Peace, DMX, Danko Jones, Big Sugar, Nelly Furtado, Blue Rodeo, The Trews, I MOTHER EARTH and Kardinal Offishall.",1519757048875040768,joelmastery
Nelly Furtado shouting out Steve Nash on Promiscuous is a Canadian heritage moment,1519756504349433857,265Kilometres
Now playing Promiscuous Live Festival de Viña 2008 by Nelly Furtado!,1519756014031101952,simmons1
Nelly Furtado - All Good Things (Come To An End) https://t.co/BrOMHaEOq1,1519736055599190017,securenet
The fact that I’m just finding out “Give It To Me” by Nelly Furtado was a diss track to Fergie 💀💀💀,1519735056734081024,LexiiiDee
Maneater by Nelly Furtado will have me wanting to stop dead in my tracks and do a catwalk,1519733137798045696,sirenaa_e
Nelly Furtado - All Good Things (Come to an End) is currently playing on our station. ID: 1651165862,1519725894516056067,NGRadioShow
Nelly furtado wrote promiscuous about me,1519725448661553155,flaviaredpanda
I successfully got a Nelly Furtado song into a pre-show montage (edited beautiful by Kat) at Nitehawk. My work here is done. 😈,1519725326225522694,DesmondThorne
Nelly Furtado - Promiscuous (Official Music Video) ft. Timbaland https://t.co/UuSo6A7ev6 via @YouTube,1519724712611385344,Unmasked_Kim
Nelly Furtado - All good things (ft Zero Assol,1519722790437408769,RVallesina
Nelly Furtado - Maneater or Promiscuous Girl https://t.co/iIFYG9j0Xq,1519720284424704001,shy2matlala
Timbaland feat. Nelly Furtado - Promiscuous,1519718946387247107,NetZ108
"We need a thread of people that got hotter as they got older/gained weight.

Off the top of my head: Rihanna, Nicole Kidman, Nelly Furtado",1519715615644295168,TomAandTom1
"Drop the needle on Nelly Furtado's ""I'm Like a Bird"" while you read this:
https://t.co/xNAI9C6zJv",1519712282472861697,mainetoday
Nelly Furtado - Say It Right (Lyrics)_160k (3),1519712015345930242,thecooknshare
"NELLY FURTADO TO EARN MILLIONS FROM A DEAL BACKED BY BLACKSTONE TO ACQUIRE SINGER’S CATALOGUE.

#NellyFurtado #Blackstone #Celebritynews #YEEEAAHNetwork #YEEEAAHNetworkNews
https://t.co/JNptlJ5ah7",1519710382801235970,yeeeaahnetwork
"If y2k fashion is back can we also bring y2k music back too??

Nelly Furtado, Vanessa Carlton, Colbie Cailat, Jack Johnson .... oh the good days 😌",1519700837299363841,lailabelle24
Tech House Remix of Turn Off The Light- Nelly Furtado - Premiere https://t.co/0QSkbUWx5j,1519699682309550085,MickyStardust
Nelly Furtado said that french fries is a great alternative for torture,1519698868350251008,Penny03336931
why is the get ur freak on remix ft nelly furtado still not on streaming platforms https://t.co/7dZge9uGbF,1519689462183256065,iIlverse
Nelly Furtado was really that girl,1519688988172615680,parisssshiltonn
im like a bird by nelly furtado shhhhhhhhhhhhhhieeet thats my jam https://t.co/1TVLnsoQDj,1519687724466421762,blisztar
Now playing: Is Anybody Out There by K'Naan ft. Nelly Furtado #nowplaying Listen live: https://t.co/DswV8KZOAD https://t.co/VigujYwHxn,1519682383125315585,mixfm_now
nelly furtado was sooo ahead of her time,1519677924147875843,Karla_Jamel
Timbaland x Nelly Furtado ate every mfkin time,1519673889592418304,PelLovez
"15:43: ""Say It Right"" von Nelly Furtado",1519673779475169285,OE3
I’m so thankful to Nelly Furtado and her invention of aircraft! Without her we wouldn’t have beautiful Nelly Furtado helicopters in our skies https://t.co/TMUxHYRDRi,1519673193102991363,pussy_shirley
Now playing Promiscuous Live Festival de Viña 2008 by Nelly Furtado!,1519671544360083456,simmons1
Nelly Furtado - Promiscuous ft. Timbaland (Official Music Video) 28.04.22 14:52 https://t.co/evqrb2PFuB,1519660804093657088,musicwithoutend
"Nelly Furtado, the Grammy award-winning singer, is to become the latest international music star to reap rich rewards from her catalogue by striking a deal with a venture backed by Blackstone, the private equity giant. 
@VoiceofToro 
#VOTRushHour https://t.co/ppKlIc7UD3",1519658497964756993,BIGDaddyAmooti
"Timbaland - Give It To Me ft. Nelly Furtado, Justin Timberlake https://t.co/k0Iw3iaEkJ via @YouTube
🔊🔊",1519653491391668247,cloughylad_kris
$SONG Sky News reports Hipgnosis will buy up Nelly Furtado's back catalogue so I checked out Hipgnosis's share price and it turns out we should've bought when everyone was fretting about the company losing revenues because of a Spotify boycott. https://t.co/bj0mHHfTko #SONG,1519653458688856067,JournoJohnH
Nelly Furtado - turn off the light https://t.co/XlsSci8fkr,1519652563209048064,kxrlymiyagi
"Somebody need to tell 'em t-t-they can't do it like I can 😎

https://t.co/noAq7ln43b",1519644862089420800,okasatvrn
Timbaland ft Nelly Furtado &amp; Justin Timberlake - Give It To Me,1519644044967743488,RadioKnc
I wonder if @NellyFurtado will return to the music business someday... 😢😢😢 https://t.co/ZC89ybZyPj,1519637935578038272,SergioPardal
"Whenever I hear Nelly Furtado I'll never not sing... ""I don't know where my hole is...""",1519637276858499072,MarkLennyskillz
Nelly Furtado - Say It Right (Official Music Video) https://t.co/aqtzBHh7vj via @YouTube,1519625996189769728,PamelaMcOmish84
Grammy award-winner Nelly Furtado strikes right note with Blackstone deal https://t.co/OCMO1eMApy,1519622231382499330,RKCasting
empowering myself with nelly furtado's maneater,1519619244220387329,missjealousgirl
"https://t.co/VshNyUio7s
Grammy Award winner Nelly Furtado strikes right note with Blackstone deal for her back catalogue https://t.co/WvySfn2Nf0",1519617269999017984,AntBlanchard34
"Got asked by the lovely people at Somewhere Between Tapes to make a mix. Includes stuff from @bogdanraczynski Katarina Gryvul, Nina Pixel, @jonasgruska @pekurek Kristin Oppenheim, Nelly Furtado and more ❤️

https://t.co/EJVhg4dJZ2 https://t.co/9W9CdLw55V",1519616007257698304,adelkamed
"Grammy award-winner Nelly Furtado strikes right note with Blackstone deal | Business News - https://t.co/15nDoyIqUj{ 

        Nelly Furtado, the Grammy award-winning singer, is to become the latest international music star to reap rich rewards from her catalogue by strik... https://t.co/6hShmx3th2",1519611148294889472,isearch247
Nelly Furtado - Maneater sounds just great. ID: 1651138383,1519610637042831360,NGRadioShow
New post: Grammy award-winner Nelly Furtado strikes right note with Blackstone deal https://t.co/hH95OZi0OZ,1519606298135965696,WhiteRoseAccs
New post: Grammy award-winner Nelly Furtado strikes right note with Blackstone deal https://t.co/kJuhKhmbM6,1519605658210996224,WhiteRoseAccs
Grammy award-winner Nelly Furtado strikes right note with Blackstone deal https://t.co/LIbGg9dbwF,1519604080926199810,NewsItech
"Nelly Furtado's catalogue, which includes the hit I'm Like a Bird, is to be sold to a venture backed by the giant buyout firm Blackstone, Sky News learns.... https://t.co/aqENSvxfO9",1519602973034180615,SkyNetPlatform
Nelly Furtado - Promiscuous (Feat. Timbaland) https://t.co/BrOMHaEOq1,1519599435025633280,securenet
Nelly Furtado - Promiscuous (Lyrics) ft. Timbaland https://t.co/8G96vPJRzD via @YouTube I enjoy a bit of Nelly… whatever happened to her…,1519581941116411906,AreCapes
"Played ""Promiscuous"" by Nelly Furtado",1519576578694520837,spotifyelisheva
Nelly Furtado - Promiscuous (Feat. Timbaland) https://t.co/BrOMHaEOq1,1519569174980349952,securenet
Nelly Furtado - Maneater (US Version) (Official Music Video) https://t.co/xRKkTOMwHd via @YouTube I love this @BenjaminEnfield,1519566833258360832,Barbara96464529
Nelly furtado goddess fr i stan,1519565241087975424,wuiemotional
I wonder what Nelly Furtado is doing right now at this exact moment,1519556187720716288,MilVikda
I’m Like a Bird by Nelly Furtado.😎🤷🏿‍♂️ https://t.co/83i6BYJXeP,1519547019253190657,mike_inago
Nelly Furtado - Promiscuous (feat. Timbaland),1519536691282948096,RadioWywm
#nowplaying #NellyFurtado ~ Nelly Furtado | I'm Like A Bird ||| BB RADIO - In #Eberswalde #Brandenburg #GER auf 95.4,1519536597326303232,_BB_RADIO_MUSIC
Nelly Furtado - Say It Right (Official Music Video) https://t.co/wZ35Gl6xmP via @YouTube,1519531969951981568,Serpentkingz
i dont think we as a society thank nelly furtado enough for all her contributions to the early 2000’s pop music scene,1519531613788708864,poopipoopoo001
Promiscuous by Nelly Furtado Ft. Timbaland,1519531030557999105,wikdplaylist
Nelly Furtado - Promiscuious Girl,1519525782737104896,ApollodjsRadio
Nelly Furtado - Say It Right,1519524369021775874,RadioKnc
literally any Paramore song because I know all of them or I’m Like A Bird x Nelly Furtado https://t.co/M99Ww7GPnD,1519523569755115520,kirasays_
Nelly Furtado - All Good Things (Come to an End) is just great! ID: 1651116783,1519520040634175489,NGRadioShow
"Nelly Furtado~ 
5+5+33+7
313+7
77
70×7
""Golden""
99401
Levi's 401 Jeans
🤣",1519512805896032257,JaneDav95570456
Now playing broken strings by james morrison feat nelly furtado!,1519512413992886272,DESIFOTOLISBOA
"#NowPlaying Nelly Furtado - Say It Right (Sprint Music Series) 
https://t.co/wQXwHzTnTI https://t.co/UTWTAn1Rs4",1519511986094370816,AxoneRadio
"Nelly Furtado is a Dec Sag, no wonder I been riding w her since the beginning 😭",1519510236859576320,nicooolibre8
High while driving back home from work with Nelly furtado - sat it right playing is such a vibe,1519508340098822144,forgot2exist
"Justin Timberlake Senorita 

sweet Caroline

It ends tonight 

Any Bobby caldwell song 

Sara cry 

Wake me up when September ends

Nelly furtado maneater https://t.co/fIFfZ8ouvk",1519502529385558017,linzekahmil
Now Playing: 'TURN OFF THE LIGHT' by 'NELLY FURTADO',1519491972523778049,3FMradiomusic
Nelly Furtado Ft. Timbaland - Promiscuous,1519489106505609216,spinwaxradio
The OG hot girl song is maneater by Nelly Furtado and you cannot change my mind. Tell me I’m wrong. I’ll wait.,1519472792395296770,Casslefras
Nelly Furtado - Say It Right (Lyrics)_160k (3),1519463553983553537,thecooknshare
Nelly Furtado might have made the best song ever with promiscuous! Top tier!!!,1519445132445200386,burntchikinnugz
where are you nelly furtado,1519443398423318529,t0pang4
I am back on Twitter and for my first tweet I would like to say that I really love Nelly Furtado,1519441273928695809,sorbetsurfer
"There was no better trio in the mid-2000s than Timberland, Justin Timberlake, and Nelly Furtado.",1519435631864299525,A_M_D_16
Nelly Furtado - I'm Like A Bird,1519427360856154115,bridgeradiopa
"As Nelly Furtado once sang: why do All Good Things Come To An End? Like my fave Xtinct's career 💔

I tried my best, but quickly noticed being her stan also brings you flop, her career is cursed atp so my Xtina stan era is over, now her only stan on Earth is @tatveganteacher 🥺 https://t.co/ifipyqIrBj",1519424349878558721,saltstatue
"Fill Me In - Craig David
Oops!... I Did It Again - Britney Spears
Ms. Jackson - OutKast
I’m Like a Bird - Nelly Furtado
Yellow - Coldplay
Ho - Ludacris https://t.co/6rvn9yH1Cx",1519422619514064897,DMkpanam
Nelly Furtado - Say It Right,1519420047831281667,RadioWywm
Now playing Promiscuous Live Festival de Viña 2008 by Nelly Furtado!,1519413728181211136,simmons1
The best funk dance clubbing music nowplaying Broken Strings - JAMES MORRISON  NELLY FURTADO on https://t.co/Wg3ueOYXGF https://t.co/tthXeOqy0e,1519412129853542408,POPXXICENTURY
Nelly Furtado - All Good Things (Come To An End) https://t.co/BrOMHaFmfz,1519399398836686848,securenet
Me and fabos favorite songs and Nelly Furtado - say it right lol. RIP I love u brother 🕊 https://t.co/W2uGPRM4z9,1519389720945598468,sendtittypic
"Now Playing ♪ ♪ ♪
Nelly Furtado - Promiscuous | @NellyFurtado
#Hiphop #Pop #Afrobeat &amp; #Reggae
https://t.co/V2X1ZH1tYa",1519389710925410305,RadioYmr
Morning After Dark - Timbaland x Shoshy x Nelly Furtado 🎵🎵,1519381748446081025,Toluspinnn
My lil 4 year old self had no business listening to Maneater and Promiscuous by Nelly Furtado. Forever a bop tho https://t.co/Zxc0nPjgXx,1519378909204262916,FinesseEness
Promiscuous by nelly furtado literally goes with any song it's insane,1519377588300431363,Auroraturee
Nelly Furtado - All Good Things (Come To An End) https://t.co/BrOMHaEOq1,1519373677216817152,securenet
"this summer, I’ll be having conversations with men strictly using Nelly Furtado’s lyrics from Promiscuous",1519370335769923584,thehaileemurphy
"Missing the era when Nelly furtado, Justin Timberlake, and Timbaland were making absolute bangers together. unmatched",1519367758055673856,asap__sav
I really miss Nelly Furtado bro,1519363852646985728,AlexTeamLH
Nelly Furtado can get it,1519361436971057154,GrantTheGreat2
Nelly Furtado - Promiscuous (Feat. Timbaland) https://t.co/BrOMHaEOq1,1519357851818500097,securenet
i need nelly furtado to come out of retirement 🙃 because i still the Loose album like it came out yesterday lmfao.,1519355588223897600,nattysuee
"Nelly Furtado, wherever you are in this world, I miss you.",1519348230491942919,tommynuc
"Internationally acclaimed Punjabi-Sufi singer-songwriter Satinder Sartaaj has a long list of hit songs, riveting performances, and collabs with Nelly Furtado and other global stars. ✨

Enjoy his enchanting music and poetry on May 8. Find tickets at https://t.co/RExSd6x9t2 ▶ https://t.co/dsGgFx3BXy",1519346416832987136,MuscoCenter
"Has anybody written a think piece of the hand Black music producers had in revolutionizing pop music in the early 2000s--i'm talking britney spears and danja working together for ""blackout"", or timbaland and nelly furtado on ""loose""",1519343809825579008,heyitsdenisa
listening to maneater by nelly furtado rlly baked w ear buds in,1519343694880681985,maya_eliza_beth
When I first started watching Inuyasha this song. Reminded me of Nelly furtado's  say it right https://t.co/b2BPbnH9Hd,1519339494079561729,Jonathanfurta10
Nelly Furtado - Say It Right (Nikko Culture Remix) https://t.co/PlDgvsHERG via @YouTube,1519339245114216453,hazelnutcovfefe
Maneater by Nelly Furtado just came on at work time to be as annoying as possible and make sure everyone knows I know all the lyrics,1519339047646285825,jacbyoung
Liked on YouTube: NELLY FURTADO - MANEATER (AUREL X FLAWS CUSTOMISATION) https://t.co/peHVSpxw9y,1519336436469841920,JTinsmar
SCREAMS Nelly Furtado https://t.co/PqOH9JnVUx,1519335397372870656,finxdua
"Timbaland - Morning After Dark ft. Nelly Furtado, Soshy (Official Music ... https://t.co/WrFWFETpE4 via @YouTube x",1519333245606895617,ryan_wormald
"siri, play nelly furtado's all good things (come to an end)
#ThankyouBbomdi
#덕분에_행복했어_베프가_뽐디에게",1519329808722890753,skywaymp3
"Timbaland - Morning After Dark ft. Nelly Furtado, Soshy (Official Music ... https://t.co/6OYF8F8k5O ผ่าน @YouTube",1519329509421449216,boomer8222
"#NowPlaying ""Give It To Me"" by Timbaland, Justin Timberlake, Nelly Furtado on @TIDAL 

 https://t.co/MFdRv3gSdj",1519328557708816384,Vanilla_Pleshur
How did Nelly Furtado make that “I’m just scared that we may fall thruwuhwoowuhwoowuhwoo ooo” sound so good on I’m like a bird?🤔,1519326386984558592,Zach_Bush_
"on Thursday, president The Situation appointed Nelly Furtado to the head of dogs and the accurate people are sleepy",1519319335071715329,FinnVonFritter
"Have you heard the stories of Turkey? They  hit the lottery and folded dough. Day in and day out though, they  listened to Nelly Furtado. But Turkey most enjoyed  watching reruns of Living Single....",1519318385128919040,alt_tales
Nelly Furtado - I'm Like A Bird,1519316894062460929,cuco_radio
Nelly Furtado - Promiscuous (Official Music Video) ft. Timbaland https://t.co/iAfK9Z6KXF via @YouTube,1519315784065073152,ryan_wormald
one trick pony by nelly furtado...,1519304804249522177,dippersmommy
Harry played: I'm Like a Bird - Nelly Furtado for the 3rd time.,1519286908383375360,BongersFM
Always Gretest Hits. Now I'm like a bird - Nelly Furtado on https://t.co/nzuGyJoJj4 https://t.co/zqY2cyAEKC,1519284251837054977,_Hits_music_
"Tiesto ft Nelly Furtado
Who wants to be alone https://t.co/nWvcoE83bM",1519273276530434056,VesneRivasTatoo
Now Playing: 'SAY IT RIGHT' by 'NELLY FURTADO',1519250842993500161,3FMradiomusic
Whoa Shark bait - Nelly Furtado #np Back to write a hug* If there's that predictable God can answer my town by this show.,1519242790655377409,Popnlocks_ebook
"10:55: ""Say It Right"" von Nelly Furtado",1519238764287217665,OE3
Now playing Promiscuous  by Nelly Furtado Feat. Timbaland!,1519235914261749760,Rageneo
"Cant wait for my best of Nelly Furtado Furtado CD to arrive on Friday, gonna be a staple in the Mazda 2.",1519231122374287361,ggaaazz
issei matsukawa absolutely listens/listened to promiscuous by nelly furtado and i will take no criticism 🧎🏻‍♀️,1519220044034568197,hispasian_otaku
Nelly Furtado - Say It Right (Lyrics)_160k (3),1519215094462390273,thecooknshare
#nowplaying #NellyFurtado ~ Nelly Furtado | Maneater ||| #bbradio plays the #hits,1519214266590666752,_BB_RADIO_MUSIC
"When Nelly Furtado sang “I don’t know where my soul is, I don’t know where my home is.” I felt that 😌",1519210554274959360,stnync
We need a nelly furtado resurgance,1519209691456319494,hardest2Iuv
"Gotta do a top 10

Britney
Madonna
Christina
Nelly Furtado
Taylor Swift (yes she made it omg)
Barbra Streisand
Beyoncé
Whitney Houston
Jessica Simpson
Shakira https://t.co/LJTVc0DHeN",1519209217365884934,OmarNGolding
I JUST THINK MANEATER BY NELLY FURTADO FITS THE RIDDLER,1519196020357443587,GODLXST
James Morrison - Broken Strings (Feat. Nelly Furtado),1519188060092706816,radiosines
My deepest darkest secret is how many words I know to Nelly Furtado songs,1519185602071179264,DanePHowell
Timbaland ft Nelly Furtado &amp; Justin Timberlake - Give It To Me,1519177835956551680,RadioKnc
I used to be such a Nelly Furtado fan. Listening to her music always brings back the BEST memories. ❤️🙏🏽,1519175391973363712,MelissahPrato
"god was in the studio when nelly furtado made ""say it right""",1519171352724353024,fka__alexis
Reels discovered Nelly Furtado it’s over for everyone else now,1519170861273849856,mediocregandhi
Nelly Furtado - Say It Right (Official Music Video) https://t.co/EM8GlHmdfE via @YouTube,1519170636769206272,toddxz
Nelly Furtado &amp; Timbaland - Promiscuous is one of our favorite songs. ID: 1651033322,1519169981984002049,NGRadioShow
nelly furtado knew what was up in 2005,1519168232233619461,xyzaicat
Can Nelly Furtado come out w a banger ?¿,1519167780481761282,Arieschulaa
"The Weeknd
The Dream
Jorja Smith
Syd
Nelly Furtado
L_z_o
✂️
Mahalia https://t.co/teZ4YsLkru",1519166404955717632,MrLawson
Now playing Promiscuous Live Festival de Viña 2008 by Nelly Furtado!,1519155809774714880,simmons1
"loose by nelly furtado, breakaway kelly clarkson, any alicia keys album, any j cole album, and any linkin park album are go to https://t.co/I1kfOyFLd6",1519146720885620739,analise_top
Nelly Furtado - Promiscuous (Feat. Timbaland) https://t.co/BrOMHaEOq1,1519146472415154176,securenet
nelly furtado wrote maneater about me &lt;3,1519139866822410240,brattybirkin
What happened to Nelly Furtado,1519139752565522432,lame_vegan21
Promiscuous by Nelly Furtado really is one of the best songs to come out of the mid 00s.,1519139566640263168,d00mfather
Nelly Furtado - Say It Right (Official Music Video) https://t.co/VxiuQrUG3W via @YouTube https://t.co/zIcVXaPGSk,1519130966396125184,FredericReid2
#nowplaying #NellyFurtado ~ Nelly Furtado | Say It Right ||| BB RADIO - #bbradio #ger #radio #stream,1519113690095788037,_BB_RADIO_MUSIC
Nelly Furtado &amp; Timbaland - Promiscuous is playing right now. ID: 1651018922,1519109582995570688,NGRadioShow
Nelly Furtado feat. Rick Ross - Promiscous Girl (Remix)  https://t.co/M7obaEntfg https://t.co/CeVmCZ61ST,1519108578635702272,dirtysouthradio
"Lindsay ""loses"" her phone. A LOT. Now, rather than help her look for it, I  sing (to the tune of Nelly Furtado's ""I'm Like a Bird""): 
You Lost your phone
Did it get up and fly away?!
I don't know where ya phone is
Probably under your butt
So maybe you should check under your BUTT",1519105873909633029,Man_onFrier
when is Nelly Furtado's concert? I need to make sure I don't forget my jeep.,1519105463429656578,FinnVonFritter
there was never a day i looked at nelly furtado and didn't see a white woman.,1519104037404172288,Atmvn
Loose by nelly furtado. I don’t usually listen to full albums in one sitting but this one just kept getting better and better after every song and even to this day it has not aged the production is top notch https://t.co/PgDSgndiQy https://t.co/txzKPSE2oj,1519103495646945281,linksabo
"Nelly Furtado and Fergie really dominated 2006 with their biggest albums ever with their biggest hits (both Loose and Last Duchess sold 12M ww) and after that, both of their careers were on the decline. Music industry sisters fr",1519100690185994241,hmmmm1289
The classic  https://t.co/b3ELOUNUFP,1519100387734835200,ZG1999_
I miss u Nelly Furtado 😢❤️,1519098598692163590,swtnrluis
IM LIKE A BIRD BY NELLY FURTADO IS STUCK IN MY HEADDD,1519087934556758016,MeggsXO_
"@JMV1070 The Trout check swing homerun was a hoax .. made up of yesterdays check swing triple and a previous homerun. Nelly Furtado Promiscuous... 2006.    
I got something that you gon' like
Hey, is that the truth or are you talking trash?
Is your game M.V.P. like Steve Nash?",1519070019312775168,tuscanbruin
Nelly Furtado really did her thing on “I’m like a bird” !,1519067627338928128,lesliedidit
Always Gretest Hits. Now Broken strings - James Morrison feat Nelly Furtado on https://t.co/nzuGyJoJj4 https://t.co/0hXiFJzXnB,1519063277262757888,_Hits_music_
"He's also one of Canada’s most accomplished recording engineers w credits on a who’s who of multi-platinum artists including Arkells, Tea Party, Our Lady Peace, DMX, Danko Jones, Big Sugar, Nelly Furtado, Blue Rodeo, Leanne Rimes, The Trews, I Mother Earth &amp; Kardinal Offishall",1519058912112173057,joelmastery
"for what it's worth, if i'm ever on a lip sync battle for whatever reason i'm either doing doctor jones by aqua or maneater by nelly furtado",1519058202498936832,speckletoad
Nelly Furtado - Say It Right,1519058160564191236,RadioKnc
Coworker playing the tik tok slowed and reverb maneater-Nelly furtado this is blasphemous https://t.co/58KB5uudS2,1519053125306490884,fartshopping
Nelly Furtado - Big Hoops,1519047320641458176,DeevaOfficial
The lyrical and instrumental genius of Nelly Furtado’s Promiscuous 👏🏾👏🏾👏🏾 Pop like that isn’t being made anymore.,1519045557406347264,marvv_martian
"What ever happened to Nelly Furtado?! 
This track tho 🔥🔥👇 https://t.co/KuL7QVymoA",1519040251137867777,j4syb
Maneater Nelly furtado never misses what a song,1519034307347722241,RobynOByrne1
@LexG_III HD - Nelly Furtado - Powerless [60fps]  = https://t.co/tmSWJyUOxn,1519030229754331137,sanjmovies
Nelly Furtado Sayit right🇺🇸🇺🇸👆 https://t.co/GQXC6YuYIF,1519027361454477314,PeepCrybaby3
"1. @NellyFurtado is like a bird
2. Birds Aren't Real 
Therefore
3. Nelly Furtado isn't real and is just a government drone",1519027257662136320,burgerman2772
Maneater by Nelly Furtado is one of the best songs ever you can't change my mind,1519026136478482432,boldbeckytattoo
Nelly Furtado - All Good Things (Come To An End) https://t.co/BrOMHaEOq1,1519011290362040326,securenet
NELLY FURTADO ASS MOOOD,1519010866573680640,brandyylionn
Nelly Furtado - Turn Off The Light (Official Music Video) https://t.co/qba2AbfARK vía @YouTube,1519009803913371648,romaninicolle
"Oh, you don't mean nothing at all to me (Hey, hey)
No, you don't mean nothing at all to me (Hey, hey)
But you got what it takes to set me free (Hey, hey)
Oh, you could mean everything to me (Hey, hey)🎶

Nelly Furtado - Say It Right (2007)❤️
#RetroCutsTube
#music https://t.co/4kP6CkYD9S",1519005889377755137,RetroCutsTube
"Nelly Furtado - I'm Like A Bird (Official Music Video) https://t.co/3ZmWwsO4qd via @YouTube 
dont kill your father now emer because of me and the farm and money very jealous girl",1519001998728835076,brianmagee31
Nelly Furtado Ft. Timbaland - Promiscuous,1518999102033383424,spinwaxradio
Game - Mama Knows (feat. Nelly Furtado) https://t.co/RaOzqngUsn,1518993878631821312,85_5Radio
Nelly Furtado - Promiscuous (feat. Timbaland),1518991659027030016,RadioWywm
I tried to hook him up with Nelly Furtado https://t.co/10R9iqoMb9,1518984571156680704,AmandaR99717676
Now playing Promiscuous  by Nelly Furtado Feat. Timbaland!,1518978738574303233,Rageneo
"So im checking out a disc golf playlist on spotify and through all of these rap songs and CCR old school songs... 
this dude has 'I'm Like A Bird' by Nelly Furtado on here 😆

whatever gets you goin, i s'pose",1518978120136671235,dweeler
Nelly Furtado came out with some BANGERS!!!! Especially her remixes. https://t.co/qt0rq484Lj,1518977391133171714,kvngglex
when any song with nelly furtado comes on https://t.co/1r1g2wZEXP,1518977342953037824,cruelomens
Timbaland and JT’s verses. 👌🏾 https://t.co/QfWldf2dLS,1518974504659259393,ClariceFelicia_
What happened to nelly furtado,1518973924876369920,King_Nelle
"Nelly Furtado - Say It Right (Official Music Video) https://t.co/Jfnov6dRcx via @YouTube Honestly G don’t know how U hold A Career,Bills, and Also Marriage with children Together! That’s Amazing let’s say it Right !",1518972925793165313,AlbertPattee
Nelly Furtado - Te Busque is one of our favorite songs. ID: 1650984902,1518966891448094725,NGRadioShow
Nelly Furtado - Say it Right https://t.co/WiXODuodOg,1518961315804590080,NYTRO_10
what kind of bird was nelly furtado when she was like one,1518956389690978305,porksweats1
Nelly Furtado - I'm Like A Bird,1518955334727094272,cuco_radio
"the cultural reset nelly furtado's loose caused... maneater, promiscuous, say it right... i mean c'mon https://t.co/YawzkvopsC",1518953825457127430,sonjasajzor
need to go to lost and found so i can make the dj play promiscuous by Nelly Furtado while the bouncers yell at me that he doesn’t take requests but then he plays the song anyways,1518953002870226945,toridaquano
"im bench pressing to either yeat, Harry styles, or nelly furtado",1518949717782278145,weeniehutjewnye
gemma chan as astrid leong in crazy rich asians 2018 ; maneater by nelly furtado | don't interact or tweet video unless posted on @alexandraslevy https://t.co/0IV8ftoVBe,1518949265325932544,cinemaniston
Nelly Furtado   --   I'm Like A Bird,1518943665317715971,theeMatano
listening to maneater by nelly furtado on replay in school,1518939725037510656,buenasvegas
Nelly Furtado - Promiscuous (Feat. Timbaland) https://t.co/BrOMHaEOq1,1518935071704719360,securenet
Nelly Furtado had more hits than she gets credit for https://t.co/fUDu6JGFcC,1518934440742957057,monettmitchell
life is pretty awesome! i own an oil rig just so that I can sit on it and light matches that I throw off with my eyes closed i wake up evrry morning w the barrel of a gun shoved down my throat my morning breath smells like gunpowder. maneater by Nelly Furtado,1518934054061547520,swaginator5004
"Nelly Furtado claims she's ""like a bird"", and you know what? I believe her. Because in 2005 she took a huge shit on my car, ran into a store window &amp; died",1518933473897164800,StopEatingBees
"Timbaland - Morning After Dark ft. Nelly Furtado, Soshy (Official Music ... https://t.co/WrFWFETpE4 via @YouTube",1518920980768374787,ryan_wormald
Nelly Furtado - Promiscuous (Official Music Video) ft. Timbaland https://t.co/iAfK9Z6KXF via @YouTube,1518920650529939462,ryan_wormald
Nelly Furtado - I'm Like A Bird (Official Music Video) https://t.co/nlUmIklHPH via @YouTube,1518913596331335681,Ha_Ha_Ha_Ha_254
Promiscuous by Nelly Furtado.,1518906996216545281,TawnyDrip
Nelly Furtado - Say It Right (Official Music Video) https://t.co/aqtzBHh7vj via @YouTube,1518902681523429378,PamelaMcOmish84
Nelly Furtado snapped hard af when she made I’m like a Bird,1518900109873868800,DanseTSaint
Now playing Promiscuous Live Festival de Viña 2008 by Nelly Furtado!,1518899382258655232,simmons1
Nelly Furtado has a special place in my childhood. https://t.co/Mh2GsEt4aI,1518886137720365057,TaylorBAFC
#nowplaying #NellyFurtado ~ Nelly Furtado | I'm Like A Bird ||| #bbradio,1518867006207967232,_BB_RADIO_MUSIC
"No one told me Nelly Furtado gives Mark Wahlberg the Old Chief Brody Slap in the movie MAX PAYNE. 

I assume because it’s MAX PAYNE and no one knows.",1518864386286399489,allflicker
"We, as a society, peaked with Nelly Furtado's Maneater",1518856046609145857,ItsSongbird
"Ciara was never blackballed she was still getting major promo spots and decent radio play in 2008.

she was a victim of a changing musical landscape. She just failed to transition well after crunk lost steam and R&amp;Bs sound changed after Timberland's JT and Nelly Furtado records.",1518855743411216384,TheTitanBaddie
nelly furtado &amp; timbaland PROVE ME WRONG u cant https://t.co/FLKCE4sohk,1518854728276316160,Jessiexthexmess
Nelly Furtado - Turn Off The Light (Official Music Video) https://t.co/BnyVCqSs5I via @YouTube,1518854219129835520,AntPlamen
"I know JT isn’t here but that Nelly Furtado, Timbaland and Justin Timberlake era was lethal. https://t.co/fOEK4Gy576",1518849639025414146,ncobyle
Nelly furtado say it right pretty good tbh,1518848323934904320,PettitJesse
blonde jimin blondemin say it right nelly furtado edit https://t.co/l81vZrGZyE,1518847287124017154,hiphophiIer
Once I asked Nelly Furtado if she knew that Like A Bird was gonna be a smash and this is almost exactly what she said https://t.co/w8Mgk4GIEM,1518843919630536706,nthnashma
[03:45] Nelly Furtado - Turn Off The Light,1518843619544907783,Energia97play
"08:41: ""All Good Things"" von Nelly Furtado",1518842660378886144,OE3
"Top 10 
Nelly Furtado - Say It Right https://t.co/xUnS3hdhoW",1518835804373626880,mirrorbreakr
Now Playing: 'ALL GOOD THINGS (COME TO AN END)' by 'NELLY FURTADO',1518819397174968321,3FMradiomusic
Now playing Say It Right by Nelly Furtado!,1518817215415566338,DESIFOTOLISBOA
young me would of did anything for nelly furtado https://t.co/h1mgKNV4lG,1518816298737750021,heelStJOHNSON
"A$AP Rocky and Nelly Furtado cover ""It Takes Two.""",1518804317138034689,randomduets
No cuz Nelly Furtado and Timbaland were unstoppable for that one year,1518795357496528896,capitaocaribe
wasn’t Nelly Furtado &amp; hodgy beats in a whole ass relationship? LMAOOOOO https://t.co/Tn0A5hJDtJ,1518791169324507140,domsthe6er
Aql da Nelly Furtado: what u waiting for?,1518789127793225730,Williammdsf
Maneater by Nelly Furtado was made for me!,1518789082624757760,steezyyelly47
"Nelly Furtado, Quarterhead - All Good Things (Come To An End) (Nelly Furtado x Quarterhead)",1518788461523783680,samiswoiradio
Nelly Furtado - Say It Right (Official Music Video) https://t.co/HS2gBIE0Fb via @YouTube,1518787380341350401,Samuel10MM
2006 Mets vibes. I'm about to throw on Promiscuous by Nelly Furtado before the new episode of Heroes. Let's do this.,1518785612756795393,PatAndriola
"1998 divisor de águas: Lauryn Hill, Madonna, Shania Twain, Celine Dion, Britney, Shakira, Spice Girls.

2006/2008 era de ouro do pop: Mariah, Xtina, Nelly Furtado, Fergie, Gwen, Beyonce, Britney, Madonna. Rihanna, Katy e Gaga.

2011: Adele, Minaj + TODAS divas no auge.",1518784502897725441,MarcusDanttas
nelly furtado in the maneater video. that’s all that’s the tweet.,1518781947883016192,localweenie
nelly furtado owned the mid-2000’s i said what i said https://t.co/IqFU0OPUVs,1518768521416790018,phan2187
KINABAHAN AKO SA NELLY FURTADO JOKE HA @creepsilog fave ko pa naman yung Maneater 😭😭😭 HAHAHAHAHA. I also have a bit of a historical background with the North Korean thing sa latest ep hahaha. Brace yourselves it'll be long(if y'all wanna share this it'll be cute char HAHAHAHA),1518764436919517184,theonlyayelo
I’m like a bird or whwatever Nelly furtado said,1518762779573989376,sarahcav02
N.E.R.D. - Hot-n-Fun (Official Music Video) ft. Nelly Furtado https://t.co/190O3UIb31 @YouTubeより,1518758279215988736,playforpeace91
LRT the way nelly furtado changed her career and my whole life when she dropped Loose,1518755191956377601,mpdghoul
Nelly Furtado - Promiscuous (Feat. Timbaland) https://t.co/BrOMHaEOq1,1518753836785098755,securenet
Nelly Furtado - Promiscuous (Official Music Video) ft. Timbaland https://t.co/cr17MzCbz0 via @YouTube I always loved this song @NellyFurtado ❤️🔥,1518752887324782592,yahlaymusic
Nelly furtado thick af now wit her fine ass https://t.co/1GTTj1W9l0,1518751562117652485,earthybimbo
You know this song will always be a banger but when it first came out i was sad. I felt like nelly furtado sold out her ethereal style of music to make a radio hit but a hit it was https://t.co/i06LhcTQkP,1518750601412329478,energyElle
"Promiscuous 

Nelly Furtado ft. Timbaland (2006)
https://t.co/lSEnT3PFdQ",1518746152866357249,DITR_Pop
the mix has m.i.a. bjork nelly furtado sophie and brooke c*andy this is so nurodivergent core,1518742299462807555,10292oo2
"#NowPlaying ""Say It Right"" by Nelly Furtado on @TIDAL 

 https://t.co/cxSk4TTjs1",1518733129481080832,TheJDangerfield
Nelly Furtado was really wavy https://t.co/CSJl52pK5w,1518732960781938688,echoisthename
#nowplaying BROKEN STRINGS by JAMES MORRISON [ ] NELLY FURTADO - Listen now https://t.co/EmnqYb3XYZ,1518730846907387905,RadioWokingPlay
Nelly Furtado - All Good Things (Come To An End) (US Version) (Official ... https://t.co/U6ILyl3WLz via @YouTube,1518718710621646850,NadiaSchaad
Nelly Furtado - Say It Right (Lyrics)_160k (3),1518718174514057219,thecooknshare
Nelly Furtado - Maneater (US Version) (Official Music Video) https://t.co/Q50UvIp1ny via @YouTube,1518718007421382663,NadiaSchaad
16yrs ago Nelly Furtado won the flat belly Grammy,1518715910927925248,TamTamsWorld
"Played ""Promiscuous"" by Nelly Furtado",1518715741918437379,spotifyelisheva
I love Nelly Furtado https://t.co/fYPwMVWrQR,1518715128069328896,aintshitsid
Ivey is listening to Nelly Furtado in the shower rn and I’m just in the kitchen falling more in love with that bitch,1518714842655375364,marathecannibal
"Listen to Nelly Furtado - Promiscuous (Another Fucking Dissolver Edit) [FREE DL] by Dissolver on #SoundCloud
https://t.co/z1ycTDkPF9 https://t.co/eAk6LbRDzO",1518711906474860549,lucaslobri
Timbaland ft Nelly Furtado &amp; Justin Timberlake - Give It To Me,1518711626907766786,RadioKnc
you can’t talk about 00s pop without mentioning Nelly Furtado,1518708846793052161,jjacubb
The Best Of Nelly Furtado (2010) https://t.co/w8B9MITcrn,1518705572404551681,the_john_perez
Promiscuous by Nelly Furtado ALWAYS gets me like 😩😩😩,1518704141958148096,Rsvp_ari
Is Nelly Furtado still dating Hodgy lmao,1518701535643025410,RaidenSZNx3
"💿 Nelly Furtado - Whoa, Nelly! (Promo Only) (2000) https://t.co/TcUPeu4S0j",1518700922070786053,y2kpoparchive
nelly furtado em say it right https://t.co/8rHcQkfSSD,1518699490223534083,ssilverdancer
Now Playing LIVE Nelly Furtado - Promiscous presented by Radio Airwaves,1518697997781110784,RadioAirwaves1
Nelly Furtado is such an icon I still listen to her songs to this day. Say it Right is a BANGER,1518695011818172416,gizle_mahnizzle
Nelly Furtado - Promiscuous (Feat. Timbaland) https://t.co/BrOMHaEOq1,1518693441051545601,securenet
real ass music ugh https://t.co/8k63PIHr2e,1518693015983988738,bbygowch
Nelly Furtado had the winning formula when it came to a good single https://t.co/O67IMnjPmC,1518689951365312513,princessxchris
Nelly Furtado - I'm Like a Bird,1518689307812417537,Cashbox_Canada
Naaaaaaah Nelly Furtado and Timbaland actually have classics sheesh,1518688880463171586,GeorgexGavin
"🧚🏽‍♀️Random Messages🧚🏽‍♀️

- childhood movies popping up/on
-connecting with nature 
-birds chirping 
-sitting in the sun
-seeing imagines in the clouds 
-feeling grounded again
-promiscuous x Nelly Furtado &amp; Timbaland
-moths, butterflies, spiders, feathers
-something random https://t.co/7wfVQ2qKF9",1518685544963846151,divinerosetarot
Nelly Furtado : All good things come to an end,1518685260833181697,RichRuiz_
not some random man in the elevator with me this weekend telling me I look like nelly furtado 🤣 https://t.co/8ElXmD28KO,1518681718093406210,tara_roy12
Say It Right (AOL Music Live) by Nelly Furtado | Interscope https://t.co/4AssGM4Gxf via @YouTube,1518681151635927040,haarp35117
"What ever happened to Nelly Furtado?
She was a Latina for a hot minute lol is she back to being a yt woman?? https://t.co/LwQDingMnQ",1518678783104008193,OhSayLesss
16 years ago shit I feel old af😅 Love me some Nelly Furtado &amp; always will😌 https://t.co/M42mhZDAlO,1518678690313359360,NormaJay19
"If you don’t know Nelly Furtado we can’t be friends

Also a Nelly Furtado and Fergie track would SLAP! https://t.co/w0rCAj82zV",1518677455359385600,Mikaelaajade
🌟 Maneater - Nelly Furtado | Just Dance 4 | Best Dance Music 🌟 https://t.co/O4aaRaTG3p via @YouTube,1518677116660994050,emma_robson
there’s no reason nelly furtado and idina menzel should look so similar,1518672149078192128,shesungodly
"Nelly Furtado - I`m Like A Bird (Lyrics) https://t.co/GPvFKpV9nc via @YouTube

Love this song, especially today @elonmusk",1518669819012280320,baby_grouchy
always wanted to look and dance like nelly furtado ever since i was a kid i looooove her and this song https://t.co/bDmjQFHIJP,1518668179551182850,kittykoo_
"Love this always but especially today 🕊
Nelly Furtado - I`m Like A Bird (Lyrics) https://t.co/bCKd8oCiwb via @YouTube",1518667407438811136,dianeyoshida
"With Nelly Furtado, Justin Timberlake, and later on Keri Hilson. Timbaland had the game on LOCK in the mid 2000s https://t.co/T0fe0CMFBp",1518665749933473795,papyfaye1
Unpopular opinion: I hate this song. Nelly furtado’s catalog  is legendary and the loose Album is a classic. But I just can’t stand this song. https://t.co/SV3gFiyRUp,1518665373335396353,ZoyaNoah
Me except it’s “Promiscuous Girl” by Nelly Furtado https://t.co/f5Met0lEou,1518663785690677250,Rhys_Connor1
"This is a Nelly Furtado stan account. Wherever she disappeared to, I hope she’s doing well. https://t.co/3Nq6nR87Y1",1518660689706962944,G_Wimb
[15:35] Nelly Furtado feat. timbaland - Promiscuous,1518659949953441793,Energia97play
i love you…… Nelly Furtado 🫠,1518659432816721922,preppydiem
also maneater by nelly furtado https://t.co/EMTXP1bari,1518659221130293250,gnfilized
Now playing Promiscuous Live Festival de Viña 2008 by Nelly Furtado!,1518658444772917248,simmons1
"Good night ✨🌟✨💫✨✨✨❤️🎶🌌🏝 #twitter #grateful #loa 

❤️🎶 Say It Right-Nelly Furtado❤️🎶 
https://t.co/y0CzPbJ7sX https://t.co/TXHauKnU5u",1518657708718804994,GloriaLagop
This would've been the best way for Nelly Furtado to make a comeback https://t.co/0y4tiTVSAq,1518656717323743232,EurovisionSara
Nelly Furtado - All Good Things (Come To An End) https://t.co/BrOMHaEOq1,1518648923455467521,securenet
"celebrities i strongly believe consistently said the n word at the height of their fame
Justin Timberlake
Fergie
Nelly Furtado
Adam Levine
JLo",1518647694176174082,selasi_lm
WENT PLATINUM IN MY MOM'S CAR THIS SONG IS SOOOO GOOD NOBODY DOING IT LIKE NELLY FURTADO NOW https://t.co/3FFG4fLSvU,1518644431846522880,ddaIgichaeng
I’ve been on such a Nelly Furtado kick lately and I really don’t know what’s going on,1518637085061701635,ang__thomas
about nelly furtado lmao https://t.co/0VDBTnCf0A,1518636765686419456,tamagotchitreen
"Spotify playlist with Nelly Furtado, Britney Spears and Justin Timberlake #nellyfurtado #britneyspears #justintimberlake https://t.co/3fkYqNSGwx https://t.co/rOAigVIGOB",1518635213336846337,spotifyplaylsts
Nelly Furtado - Promiscuous (Feat. Timbaland) https://t.co/BrOMHaFmfz,1518633096597622785,securenet
I never wanted to fuck until I heard this song 😂😂 Nelly furtado could’ve had it all https://t.co/Z7D3BFeIQI,1518631523532038146,DOOMEDTrue
I don't think we ever truly deserved the Timbaland X Nelly Furtado era as a society. It was too good and we were not ready for it.,1518627913813344259,BColPiz
Nelly furtado im ur biggest fan https://t.co/uwVz3p623s,1518625140854165504,sarahmorton01
Shes such a queen everyone say thank u nelly furtado https://t.co/uwVz3p623s,1518625073342652417,sarahmorton01
On a Nelly Furtado flow rn and I’m vibinnn ✨,1518623303497363459,gyp5ysoul_
"ok 14-year-old me had no business singing Nelly Furtado’s verses so hard in the car, smh https://t.co/Nej8N3YFhK",1518623081291390976,vincentsaidthat
"#NowPlaying Nelly Furtado - Say It Right Nelly Furtado
 // Join us also on instagram =&gt; https://t.co/gN1EyqK8LH // https://t.co/3vXfShuzqF",1518612823970136068,_Quantum_Radio_
Nelly Furtado - I'm Like A Bird,1518610748339105792,RadioBeccles
that nelly furtado * timbaland combo was so underrated,1518608147207835648,unboundedlogic
They had to kill Nelly Furtado because she looked too much like Idina Menzel.,1518605647855722496,jaimestrange
Sometimes you gotta say f*ck it and sing like Nelly Furtado real loud.,1518600955822067712,According2Joy
"Nelly Furtado’s “Say It Right,” Divine in physical presence’",1518600147797639170,JesseSeykota
I can't wait until Nelly Furtado and Bruno Mars get married! Their funeral is going to be so awkward!,1518599634859421703,FinnVonFritter
Nelly Furtado - Turn Off the Light,1518598768689659904,alexvazz
Every Nelly Furtado x Timbaland link up was flames. https://t.co/sABfCP3OOr,1518595181796286465,j1mtheboy
trolling my student by playing Nellyville even tho i know they're specifically asking for Nelly Furtado,1518594005772259328,tupacabruh
Don’t ask me why but Nelly Furtado and Julieta Venegas have very similar vibes.,1518592841555099648,mistralCR
Nelly Furtado - Say It Right,1518591951284625410,RadioKnc
Nelly Furtado - Powerless (Say What You Want) (JoSH - Desi Remix),1518586999355154433,TrysReddick
say it right - nelly furtado,1518586859470966791,garotagisele
Now playing Turn off the Lights by Nelly Furtado!,1518586069628899328,IMBSSOLUTIONS
Nelly Furtado feat Timbaland - Promiscuois Girl-intro-clean,1518585278381891584,WR1003
"Hey kids, Nelly Furtado got thick as fuck and had all of us drooling. That’s it. https://t.co/tAILhbSNf2",1518581479923662848,Deshair
Harry played: Maneater - Nelly Furtado for the 12th time.,1518580561316618241,BongersFM
A bop. Nelly Furtado is that girl. https://t.co/LP3FMsbC9v,1518579987472949249,_alsunshine
"When Nelly Furtado, Justin Timberlake, Timbaland &amp; Danja had the whole industry on a chokehold during the late 2000’s. 😩🔥 https://t.co/MfM2lqnSUy",1518578218097381377,sunchildrecords
ok but nelly furtado and lykke li kiiinda sound the same,1518576728263708673,ggmakesmusic
Harry played: Maneater - Nelly Furtado for the 11th time.,1518572531992645632,BongersFM
#nowplaying #NellyFurtado #ReaGarvey ~ Nelly Furtado feat. Rea Garvey | All Good Things (Come To An End) ||| BB RADIO - In #Schwedt #Brandenburg #GER auf 102.1,1518569381554540544,_BB_RADIO_MUSIC
I remember 93.3 playing the FUCK out this song it made me have a personal problem with Nelly Furtado lol https://t.co/kkMis2UZxb,1518569225488678912,janisnthere_lol
"Ill tell you one thing, nelly furtado was so damn fine https://t.co/ZRhob8rWa2",1518566715562639360,DS7_Era
Now playing broken strings by james morrison feat nelly furtado!,1518560201078714369,DESIFOTOLISBOA
Nelly Furtado and Timbaland were really in their bag in the 2000s,1518556675115999232,iducsem__
NELLY FURTADO WASNT LATINA????,1518553607833939968,nebula_00001
#NowPlaying Give It To Me (Radio Edit) by Timbaland F. Nelly Furtado &amp; Justin Timberlake https://t.co/pKkXV4vt8U,1518552651423752192,nightshotradio
Nelly Furtado - Big Hoops (Bigger The Better),1518547313043591172,GammaStereoRoma
"All kinds of people come to the club. So you can't beat them, will you join them. If you mad, you won't participate in anything. Can you heal from solitude. Freeze, so you swallow: DayQuil, NyQuil, Robitussin. I like Nelly Furtado song In God’s Hands. https://t.co/KCVjV2Vdyx",1518545470091579393,MICHAEL08181991
Nelly Furtado - Im Like A Bird 2000 Nelly Furtado-  #kbradiothp #indiemusic #internetradio    https://t.co/fmsTepObLH,1518538855691042816,KBRadio_Canada
how come in promiscuous girl nelly furtado only has what he wants but timbaland has what she needs ? i am inclined to believe that she doesnt really NEED whatever it is that he has any more than he wants whatever it is that she has,1518537032812965889,mochiguro
Nelly Furtado - Say It Right (Official Music Video) https://t.co/Nor9uGqO3v via @YouTube🎶☀️,1518529742412173312,horottoilvetro
"the chokehold nelly furtado had on the world with the entire loose album... like this, maneater and say it right all together that's a cultural reset https://t.co/KAM9NOUKE0",1518516386066227200,zombief1ed
The way Nelly Furtado looks so much like Courtney Cox will always fascinate me https://t.co/zXnnRRQD7R,1518515833840017409,hunnybaeee
"I’m my mind every time I saw the name, Nelly I always thought about the rapper, so I’d Always be so confused when I saw her videos or name pop up….like “This ain’t Nelly” 😭😂😂 idk why it took my brain years to process there was a woman named Nelly as well… Nelly Furtado 😂 https://t.co/hTjUjGLzV0",1518507151391662080,BigPapaAori
"🎶 DJ Love Feathers 🦜 🎸💃🕺song list:

“Just The Way You Are” - Bruno Mars

“Unwritten” -Natasha Bedingfield

“I'm Like A Bird” -Nelly Furtado

“Sugar” -Maroon 5

“Let’s Go” -The Cars

“Funkytown” -Lipps, Inc

“Monkey” -George Michael

“Straight Up” -Paula Abdul",1518503152722403328,AudreyOrdinare
"There was no better  farmer than Mouse. With the weight of the world on his shoulders, Mouse still  listened to Nelly Furtado when he needed to.",1518503007008165888,alt_tales
Nelly Furtado - Say It Right (Official Music Video) https://t.co/kWBCJD4ETg via @YouTube,1518501384433270785,GoddessAngels3
"Playing now James Morrison,Nelly Furtado - Broken Strings",1518497252678975488,RadioQUK
#folklore by nelly furtado is so unappreciated,1518494804782596096,MOTOPAPlI
Nelly Furtado's Loose is honestly one of my fave albums.,1518490584218013697,iamrebelleheart
do it by nelly furtado slayyy,1518482985808719872,anaklusmosolemn
Nelly Furtado - Promiscuous (Feat. Timbaland) https://t.co/BrOMHaEOq1,1518482050386468865,securenet
"Join us this week to sing ‘I’m Like A Bird’ by Nelly Furtado.

Sessions are: 
Tuesday 26th April 7.30pm BST
Friday 29th April 11am BST

Harness the power of singing with our amazing global community.

Book via https://t.co/de0Ljs99FE

You’re always welcome. https://t.co/BvpqcxJfwF",1518474035813830656,TheSofaSingers
"I know it’s real if future him is down for blasting Michael Bible &amp; Nelly Furtado’s “Quando, Quando, Quando” with a player https://t.co/T7aPRBPrax",1518473592622698496,spifster
Nelly Furtado and Timbo need to just come on back out and save the world https://t.co/ezs9XPzKs3,1518470435867877378,shabarnes35
Nelly Furtado - Say It Right (Lyrics)_160k (3),1518469714334437376,thecooknshare
Now playing Promiscuous Live Festival de Viña 2008 by Nelly Furtado!,1518469707514490880,simmons1
"On this day in 2006

Nelly Furtado releases ""Promiscuous"" ft. Timbaland as the third single from her third album “Loose.” 

The song won 'Best Pop Single of the Year' at the 2006 Billboard Music Awards. 

#NellyFurtado #Timbaland #Promiscuous #OnThisDay #onthisday2000s https://t.co/AFAM8B8vrm",1518469429071384578,jaycialexander
Ugh. When this came out I had it on repeat. Nelly Furtado is so talented and gorgeous. https://t.co/AgdOgAmdWs,1518463395191660544,twaylondra
Nelly Furtado - I'm like a bird,1518458888705687553,RVallesina
One of the most iconic songs of all time by musical legend Nelly Furtado https://t.co/sfH2SUBYW8,1518457560633860096,tayrianalover
When Kenny from DanceLife was one of Nelly Furtado’s faves 👌. https://t.co/rw562hgpVd,1518453582034575361,ceejohn92
no one can beat my winning streak when it comes to nelly furtado just dance routines,1518450732160241665,fataIcfilm
Nelly Furtado - All Good Things (Come To An End) https://t.co/BrOMHaWphz,1518447839461842944,securenet
What happened to Nelly Furtado? Sis had the music insisted on her back for yeeeears!!!,1518445526580174848,layla_job
Listen Nelly Furtado had young Daryl ready to risk it all https://t.co/Uh4d3KBugR,1518443961387565061,_AgentNevada
Nelly Furtado - All Good Things (Come To An End) https://t.co/BrOMHaEOq1,1518437529564897281,securenet
One day we as a society will give nelly furtado the credit for the work she’s done,1518435667931549696,THEEbabyseal
"Nelly Furtado’s Timbaland production era was something really special. 

The way he totally reshaped her image and sound. Handful of bangers on the Loose album (Promiscuous, Maneater, Do It, Say It Right, etc) are still dancefloor-relevant in 2022. https://t.co/fcWOJ0ugUm",1518431025457602560,michaelmiraflor
Nelly Furtado - I'm Like A Bird,1518428225512296449,RadioBeccles
Nelly  Furtado Floated On This Shit Yo https://t.co/Ubm5NcSps7,1518422988470857728,TerryWhoBoned_
nelly furtado u will always be famous,1518418604328464384,gdblesstheocean
Say It Right🎧 Nelly Furtado “ I can’t say that I’m not lost and at fault”,1518410666125713408,Ganymedes_FOXX
Nelly Furtado ruled the world from 2006-7. Then she disappeared for a while. https://t.co/afPkaBfgAk,1518409804695449600,__Adjei
Give It To Me (Clean) Feat. Nelly Furtado &amp; Justin Timberlake by Timbaland now playing on https://t.co/jzsHlAxudg #Listenlive #StreamingLive https://t.co/bDboosMPHL,1518396929838919680,BounceoutRadio
Nelly Furtado - Say It Right  https://t.co/sPfIEC5NiR,1518391162096214016,RealDavidCarter
nelly furtado's got me in a mood again but why in the world did kpop groups not make '00- early 2010 sounding songs for their throwback era like that is such a big loss,1518388481730306048,ataceon
y’all wasn’t there. nelly furtado was putting out hit after hit okay!! https://t.co/gGNpaSteQ0,1518385918415183873,lerriesheart
Now Playing: 'BROKEN STRINGS' by 'JAMES MORRISON / NELLY FURTADO',1518384515353354243,3FMradiomusic
"My Twitter is so random I'm sorry... It's 2d man crying to step on him, death anniversary of Kondo Isami and Nelly Furtado banger one after one... 😩",1518383708423794694,klaudeue
"16 years ago, nelly furtado and timbaland released ‘promiscuous’✨
 https://t.co/OxyhnDW1Zm",1518382958415159296,PopCulture2000s
nelly furtado sh on the radio,1518378629411057671,dollbaby170
"16 years ago today, Nelly Furtado released ‘Promiscuous’ ft. Timbaland. 

The Grammy-nominated classic saw global success and went on to become a #1 hit on the Billboard Hot 100. It won a Billboard Music Award and is considered one of the defining hits of the 2000s. https://t.co/913JvxkSZZ",1518377535196700672,PopBase
Hello! My name is Nelly Furtado. You killed my musical instrument repairer. Prepare to die.,1518375520810848256,irate_inigo
Say It Right by Nelly Furtado,1518375202190671872,wikdplaylist
"No canal MTV 00's, nostalgia se resume a Nelly Furtado, Black Eyed Peas, Beyoncé e Rihanna.",1518374747548966916,ninacalmeida
Nelly Furtado - Promiscuous (Official Music Video) ft. Timbaland https://t.co/NW7eXwRN7p via @YouTube,1518372510554894336,JAnders09390403
"when nelly furtado said i’m like a birddddd, i only fly away idk where my soul is idk where my home is 💖",1518369889668546561,myst1keyez
Nelly Furtado - Say It Right,1518367698794778625,young_immortals
i loved nelly's country grammar a lot. i bought it from the top manta (i was a child) cause i wanted nelly furtado's and it had that album inside instead. destiny made me a favour lol https://t.co/Os7fYBzRw1,1518367302718218241,yoonsking
Man Nelly Furtado had a run https://t.co/gkw2z2ute1,1518360187136053249,realblackmorris
Nelly Furtado - All Good Things (Come to an End) is playing now. ID: 1650838923,1518354609932320768,NGRadioShow
Nelly Furtado and Timbaland could not be stopped during this time period 🔥🔥 https://t.co/nCxYuL2hhA,1518353904609673216,bwoceo
"Nelly Furtado - Say It Right (Official Music Video)
https://t.co/vNHJ0tJClg",1518345594045095937,FredericDuilhac
“Not everything in this magical world is quite what it seems” - Nelly Furtado 😍,1518345272698585088,VernonKallis
"Anyway, THIS is the premier Nelly Furtado song and absolutely nothing will change my mind  https://t.co/QJ0kGeGwNM",1518343291309334528,byulbitbam
carlos alcaraz tennis give it to me timbaland nelly furtado justin timberlake edit fancam fc https://t.co/UTwygKQJ2l,1518342007634149376,GlNAGRAY
Nelly Furtado - Maneater is playing right now. ID: 1650835322,1518339506960744456,NGRadioShow
Nelly Furtado - Say It Right (Lyrics) https://t.co/AZGpD6o1F5 via @YouTube,1518338706582740998,vstolyarov
Nelly Furtado is a legend,1518338350981206017,jetcrying
disco electro techno pop music now In God's Hands - NELLY FURTADO on https://t.co/Wg3ueOYXGF https://t.co/vlOpzHokOt,1518337032292114433,POPXXICENTURY
"16 years ago, nelly furtado &amp; timbaland released 'promiscuous' https://t.co/q42sMNsasS",1518334951749341184,notgwendalupe
"16 years ago, nelly furtado &amp; timbaland released “promiscuous” https://t.co/2mkLuxQIU7",1518325557536215049,2000sthetic
Nelly Furtado - Powerless,1518325309166309377,radiosines
nelly furtado feat timbaland - promiscuous https://t.co/V18F2HUtfr,1518324632247537673,snsdspears
Say it right by Nelly Furtado,1518319237147803648,melannyjgarcia
N.E.R.D. - Hot-n-Fun (Official Music Video) ft. Nelly Furtado https://t.co/Vknw1OdOMP via @YouTube,1518312097221947393,VFranQuiLin
#NowPlaying I'm Like A Bird by Nelly Furtado,1518301783713583106,strideradio
Is Anybody Out There by K Naan Feat. Nelly Furtado now playing on BigmanRadio #NowPlaying  #StreamingLive  https://t.co/2lOXdlC0Gg,1518301780697833472,bigmanradio
where are you nelly furtado the world needs you,1518301560639574016,careysroof
i’m so -  https://t.co/pddzQqON6k,1518300647736627200,sag4eva
"highly recommend strutting on the treadmill to ""maneater"" by nelly furtado",1518296330082426881,hiddlesolo
Nelly Furtado's Loose was a cultural reset.,1518293092151009281,crushsong
Nelly Furtado - All Good Things (Come To An End) https://t.co/BrOMHaEOq1,1518286530284081156,securenet
Now playing Promiscuous Live Festival de Viña 2008 by Nelly Furtado!,1518286350931406848,simmons1
the best of nelly furtado is promiscuous so I'm playing it and he has to listen to like 4 of the same songs 🤣🤣,1518285472564318208,marshmellowwz
nelly furtado ate on maneater,1518284532386078724,cxsiaaa
did anyone ever understand what Nelly Furtado was saying in say it right lol?,1518282796157997057,monicavaleriaa
Promiscuous by Nelly Furtado and Timothy is one of the greatest songs ever,1518281326893404165,Del_Hunt
"Current coding playlist. ""Maneater"" by Nelly Furtado has stood the test of time longer than I thought it would when I first heard it.

https://t.co/eCVOJ0F1PR",1518276135804706816,timalmond
Nelly furtado - say it right,1518273534916968448,seis1seis
Nelly Furtado - Promiscuous (Feat. Timbaland) https://t.co/BrOMHaEOq1,1518270706500444160,securenet
Just played: Nelly Furtado - Say It Right (Loose),1518262264553426945,scadatlplaylist
"Ben Folds and Nelly Furtado partner on The Who's ""Happy Jack.""",1518260736954449920,randomduets
Listen the best music. Now I'm like a bird - Nelly Furtado on https://t.co/nzuGyJoJj4 https://t.co/E9kmE57jiQ,1518257977496592385,_Hits_music_
was listening to i’m like a bird by nelly furtado OBE and then i started levitating on the middle of sauchiehall street fs!!!!,1518253726141763589,iheartvodkacran
Timbaland ft Nelly Furtado &amp; Justin Timberlake - Give It To Me,1518245414499143681,RadioKnc
#NowPlaying Nelly Furtado - I'm Like A Bird (Official Music Video) https://t.co/nOmQslP8hl via @YouTube,1518244516213501959,Jam3sNY
"15 years ago today, in 2007: In America, the song ""Give It To Me"" by Timbaland, Nelly Furtado &amp; Justin Timberlake was on top of the singles charts. Meanwhile, over in the UK, ""Beautiful Liar"" by Beyonce &amp; Shakira was the number one hit song. #onthisday #music #nostalgia",1518243368169611265,BestOfDate
Wtf happened to Nelly Furtado,1518233958395351042,Neombii
Jewel and Nelly Furtado did it. Let’s go @Adele https://t.co/TMaRSnxSSn,1518228363785248769,eeexseaex
Nelly Furtado - Say It Right (Lyrics)_160k (3),1518221253315862528,thecooknshare
#NowPlaying Give It To Me (Radio Edit) by Timbaland F. Nelly Furtado &amp; Justin Timberlake https://t.co/7vnClbMlHo,1518213903779569669,nightshotradio
"This tweet was inspired because im listening to ""Maneater"" by Nelly Furtado😌💅🏻💫 https://t.co/lOEAuw5Tdu",1518209960647315462,MorganFayea
important update: i also remember all the words to “maneater” by nelly furtado and i’m pretty sure that should be the national anthem https://t.co/DGFMo8h4Xn,1518209850907500545,seltzermom
