full_text,tweet_id,screen_name
Remember how much acting Penelope Cruz had to do with that iMac in Parallel Mothers lmao a queen,1520915300530593792,smhrbst
"Javier Bardem, Penelope Cruz Win Prizes as ‘The Good Boss’ and ‘The Kingdom’ Sweep Platino Awards https://t.co/Wg2sddRVPi",1520907625281601541,HollywoodSBlog
"Javier Bardem, Penelope Cruz Win Prizes as ‘The Good Boss’ and ‘The Kingdom’ Sweep Platino Awards - Variety https://t.co/P4nfShIbDH https://t.co/qXYhLrB0Uk",1520906301420625920,OTTOHAMANN_
"Javier Bardem, Penelope Cruz Win Prizes as ‘The Good Boss’ and ‘The Kingdom’ Sweep Platino Awards https://t.co/a4cqgsTm6r",1520903906506817537,OneFortyReviews
"The 355 was a Bourne meets Atomic Blonde thrill. When a weapon falls into enemy hands a team of international spies (@jes_chastain, @Lupita_Nyongo, Penélope Cruz &amp; Diane Kruger) must retrieve it before its too late. Can they trust anyone? Even each other? Fan Bingbing costars....",1520902255632920582,AnthonyShannon2
"Javier Bardem, Penelope Cruz Win Prizes as ‘The Good Boss’ and ‘The Kingdom’ Sweep Platino Awards https://t.co/CPKANlfcmE",1520900457039863808,AbujaRock_Com
"Javier Bardem, Penelope Cruz Win Prizes as ‘The Good Boss’ and ‘The Kingdom’ Sweep Platino Awards https://t.co/0a8wLXLK8T",1520899798445924353,AdonicaB
Penelope Cruz’s 20 best films – ranked! https://t.co/8tsQW5Md49,1520898340334063619,bobthehermit
"Javier Bardem, Penelope Cruz Win Prizes as ‘#TheGoodBoss’ and ‘#TheKingdom’ Sweep Platino #Awards https://t.co/Y6typRL1RK https://t.co/acuXlH5aJH",1520896617997471745,Knewz_Currently
"News from Variety: Javier Bardem, Penelope Cruz Win Prizes as ‘The Good Boss’ and ‘The Kingdom’ Sweep Platino Awards https://t.co/QmJVHOEhON via @variety https://t.co/S7gR9r7sJK",1520894722536972288,theluckyman
"Javier Bardem, Penelope Cruz Win Prizes as ‘The Good Boss’ and ‘The Kingdom’ Sweep Platino Awards https://t.co/OoVqsBlOZ4 #Awards #Global",1520894719928152064,CunningShowbiz
"Javier Bardem, Penelope Cruz Win Prizes as ‘The Good Boss’ and ‘The Kingdom’ Sweep Platino Awards https://t.co/S0rRu6W8ZY",1520893467592826880,MovieOrama
"Enjoy projects with Penélope Cruz, like Blow with Johnny Depp, Vanilla Sky with @TomCruise &amp; Vicky Cristina Barcelona among others. Wish the super fun Sahara with @McConaughey had been a franchise. The 355 with @jes_chastain, @Lupita_Nyongo &amp; Diane Kruger ia an action thrill...",1520888399695171585,AnthonyShannon2
"Enjoy projects with the super talented Diane Kruger, like National Treasure with Nicolas Cage, Quentin Tarantino's Inglourious Basterds with Brad Pitt &amp; Wicker Park with Josh Hartnett among others. The 355 with @jes_chastain, @Lupita_Nyongo &amp; Penélope Cruz ia an action thrill",1520880947780104192,AnthonyShannon2
"Massive fan of the wildly talented @jes_chastain. Whatever happened her Painkiller Jane film? Would love to see her as Dr Pamela Isley / Poison Ivy in @mattreevesLA's Batman universe with Robert Pattinson. Checking out The 355 with @Lupita_Nyongo, Penélope Cruz &amp; Diane Kruger....",1520871966386884609,AnthonyShannon2
"The day I get a film with Olivia Colman, Penelope Cruz and Andrew Garfield all in it, I will d!e.",1520853135677218816,louisiselectric
Im marrying Penelope Cruz,1520833163894927364,waitingroom2k
"Penelope Cruz

📷 Antoine Verglas 1998 https://t.co/3XGfXU6Cp8",1520808039187730432,PhilippeLENOIR2
"#AlamoFilmClub blasts into May with an Oscar-nominated film (see Penelope Cruz's performance &amp; music) PARALLEL MOTHERS from @sonyclassics!  I have been looking forward to this all April, and now it is ready for the @alamowinchester big screen!

Join me:  https://t.co/zXPRgCh37S https://t.co/uAnOPOKLkv",1520789138806493184,CinemaBandwagon
"Jon Voight Pens Letter to ‘Ignorant’ Javier Bardem, Penelope Cruz on Israel: ‘Hang Your Heads in Shame’ (Guest Column) – The Hollywood Reporter

Love ⁦@jonvoight⁩  https://t.co/95NVnkRd9Q",1520788809767608320,ShawnDreyfuss33
Ferrari will start filming July and Mann is prepping it in Italy https://t.co/dMmFrvD2WK,1520773395721424899,gauchomarx98
"I don't know if I believe in marriage. I believe in family, love and children.
-Penelope Cruz
ⓈⒾⒹ 🄱🄳
 MUNAWAR FOR THE WIN
Start using....
 #LockuppKhurafatiMunawar",1520757715391311872,Mr_Dewan_BD
"have not will not watch pirates of the Caribbean without Johnny Depp, no matter how many Penelope Cruz(s) they add in it 😡",1520739088973787136,itisindrani
"Penélope Cruz vs Seth Rogen, who would win in a fight?",1520688109125439489,abfkjabd
Penelope Cruz is staying at the same hotel as me 🫠,1520684099819773956,KingRaelynn
Penélope Cruz Wore Three Chanel Seems in 24 Hours on the Venice Movie Competition #music https://t.co/xfnjXvycuW https://t.co/OxXlOaxxRs,1520636949320634368,TheDripStar
Penelope Cruz out of the past. https://t.co/B7KJnymnW6,1520630913557794816,edwereddie
after the wedding do you think that Penelope Cruz will want to held with me?,1520615356791803905,FinnVonFritter
Another Saturday where I think about the Penelope Cruz Nintendo 3Ds commercial where she quietly says “good boy” to Luigi because he jumped.,1520594895798521856,MX_DQJ
"Watching Vanilla sky: 

Tom cruise is a Leo

Penelope Cruz is a Pisces

Cameron Diaz is a Scorpio",1520594748704051201,Christio_
Penelope Cruz May 2021 [Images] ~ #FusoElektronique #PicOfTheDay #PhotoOfTheDay by @DJMaverix https://t.co/GbBnnCo2Je,1520553594684063744,FElektronique
"Season 5:  A-Listers
Eighth Place (equal)
#PenelopeCruz                 Penelope Cruz https://t.co/ACl5Zx195u",1520544004760297480,ACovergirls
Penelope Cruz’s 20 best films – ranked! https://t.co/nG3VtMhvvO,1520543101839892481,MelinaNeon
Check out this new painting that I uploaded to https://t.co/3WLHlq873S! https://t.co/Qff4C415i8,1520537670518251520,lukasdiver57
"https://t.co/FEbBaiKgv1 Venice Film Festival Winners: ‘Hand Of God’ Takes Grand Jury Prize, Jane Campion Best Director, Penelope Cruz Best Actress, Maggie Gyllenhaal Best Screenplay – Live https://t.co/riUBU9lYeC",1520527701051789312,kbaoieo
"Once again it’s difficult to argue with @PeterBradshaw1’s judgement, especially with ‘Volver’ at the top of the Penélope Cruz list. But….‘Jamón Jamón’ is rather special https://t.co/cbcjMAj16e",1520513449649967105,Penbedw
Him and Penelope Cruz put they foot in every role tbh https://t.co/ZPvISMgb49,1520508192203153408,RoseyyNicole
"GIPSY KINGS ""VOLARE "" - Penelope Cruz https://t.co/mMlNtoMLGd via @YouTube",1520485262337343489,lenniearizona
penelope cruz is so sexy,1520476787569946624,bangdiane
"Try watching POTC On Stranger Tides again knowing what we know now. The interplay between Penelope Cruz + #JohnnyDepp is no longer amusing but foreshadowing of his real life: Passion, broken bottles, fighting--from mild humor to wild life, comedy to realism--became a strange tide",1520450787821989891,Musex58475389
"Penélope Cruz vs Steve Carell, who would win in a fight?",1520446389813080064,abfkjabd
"I love Bey, but the Academy for Best Supporting Actress from this year is with Penelope Cruz..where it belongs 😂 https://t.co/IQXQ24jCmN",1520440502864203786,Soup_ofthe_DEJA
Can we have a penelope cruz watch party,1520427358422855681,looveplane
"#PenelopeCruz 
Penelope Cruz’s 20 best films – ranked! https://t.co/Ia8IHnKJ4t",1520396187706220544,francis26442497
penelope cruz is IT,1520351419789893633,rhiannoningle
"Penélope Cruz, Antonio Banderas + Oscar Martínez are brilliant, quirky and thought provoking in this satirical + hilarious comedy with a peek into the minds/methods of actors + filmmaking. Stunning cinematography + direction, a complete work of art. #OfficialCompetition https://t.co/66CqsR47At",1520305329686253568,NikkiFowler28
@PenelopeCruzOfi imagine being Penelope Cruz and thinking your still relevant,1520301451184119809,moocoww3
"Just watched the 355. Omg Diane Kruger, Penelope Cruz 😍😍😍",1520299781859405824,lunashephard
"""You cannot live your life looking at yourself from someone else's point of view."" ~ Penelope Cruz",1520258773595611138,ManSoor83571169
"The movie Blow went on sale today for $9.99 on Microsoft

Starring: Ray Liotta, Johnny Depp, Franka Potente, Penélope Cruz, Rachel Griffiths, Pee Wee Herman, Jordi Mollà

https://t.co/MC8M4L8zJe

.",1520253490605420544,StreamingVideo_
"@wmnostalgiafest In 2000, Ms. SANCHEZ played Alejandra in ALL THE PRETTY HORSES. Yesterday, PENELOPE CRUZ turned 48, and recently she launched her own production company MOONLYON together with Spanish media group MEDIAPRO STUDIO. JESSE PLEMONS played Young John Grady Cole.",1520244480947134466,DavidMichaelL16
Watching a foreign film with early 2000’s Penelope Cruz and now I’m sitting up here wishing I looked like early 2000’s Penelope Cruz,1520241546603294720,_Sweet_Lady_K
"just watched nine... rob marshall wasting daniel day-lewis, marion cottillard, penélope cruz, nicole kidman, judi dench, and sophia loren... he will pay for his crimes...",1520237689991483392,RhodeToLove
"Who is more hated? Penelope Cruz character in Blow, Sharon Stone in Casino or Skylar in Breaking Bad? https://t.co/gVlh2zl7hh",1520218123097427968,Tyblockusterguy
Penelope Cruz’s 20 best films – ranked! https://t.co/uqj8ImM3LA https://t.co/aj8BSTyKBr,1520200522761863168,landoreyes
Whenever Penelope Cruz loves me is when I will go on a run,1520192143213535232,Penny03336931
"Maria Elena (Penelope Cruz) is one of my fav. movie characters ever 

'Vicky Cristina Barcelona'
( 2008)

https://t.co/q3nMXnUU0d",1520161740373303298,AntoMaylin
"Penélope Cruz vs Rupaul, who would win in a fight?",1520159563747450880,abfkjabd
Happy 48th birthday to Penélope Cruz! https://t.co/mSJvWB8zNf,1520146727709417473,shawno1969
Penelope Cruz’s 20 best films – ranked! https://t.co/cOJG4Lf3KD,1520144240105467906,Politikaleconom
"She was competing with viola Davis, Taraji P Henson, Amy Adams, Marisa Tomei, and Penelope Cruz bby that yr was STIFF with competition. However, I do think is Beyoncé’s best acting performance &amp; some of her best vocal work &amp; it wasn’t given enough focus. https://t.co/qdvFFtkEm0",1520131863293083650,sekucci
"It would be great to see this movie get made:

https://t.co/ibIZc2sBUl",1520128918455414784,mikechaseRights
"on Tuesday, president Doctor John Zoidberg appointed Penelope Cruz to the head of underwear and the dumb people are great",1520117160290312193,FinnVonFritter
"Penélope Cruz vs Tim McGraw, who would win in a fight?",1520114217440796672,abfkjabd
"These two days, April 28 and 29, are absolutely 'lethal' in terms of female beauty; Ann-Margret, Michelle Pfeiffer, Jessica Alba, Uma Thurman and Penelope Cruz all have birthdays over these two days off the top of my head!",1520092742944235521,LsabreAvenger
"A really good effort here. I'd have had Parallel Mothers as number 1 but there you go.
https://t.co/m8XBppIto1",1520090977318416387,IbelieveInCoyot
Penelope Cruz’s 20 best films – ranked! https://t.co/ex9XeKz88C,1520089930193539072,digitalgypsie
"Turns out I missed the wondrous Penélope Cruz's bday yesterday. Late last year, I followed up on your request to talk about movies solo again by opening this ep with a 25 minute exploration of VANILLA SKY, man-woman relationships, &amp; the films of Cameron Crowe, which I adore. 💙 https://t.co/FJwGAK9I0o",1520085704163815424,FilmIntuition
Penelope Cruz’s 20 best films – ranked! https://t.co/2ZTaEnrVlh,1520084444975050752,MichaelG398
"9 Penélope Cruz Performances That Prove She’s the Ultimate Bombshell
https://t.co/XJgmAlyNZx",1520082986452013061,CJsTweetsUSA
Johnny Depp might put in a good word for Penelope Cruz to be in that Aquaman movie😂,1520081687224463360,manitoni707
Penelope Cruz heads up PETA campaign to ban Fur https://t.co/Yb8FEGCYC0 https://t.co/OgrsblyRPj,1520080479105568768,yourstyleadvice
Yesterday's Happiest Bday Celebs: Melanie Martinez(1248) Too Short(1006) Juan Mata(766) Penelope Cruz(586) Jessica Alba(586) Terry Pratchett,1520057395904499712,BdayCeleb
Hot girls have a weird obsession with Penelope Cruz and Salma Hayek,1520057280976535553,cosmicbandida
Penelope Cruz’s 20 best films – ranked! https://t.co/sC6EVfe12G,1520056426034601985,kh_hildreth
Penelope Cruz’s 20 best films – ranked! https://t.co/TTz4FQhVlk,1520043215646117889,fionadeltoro
"Lets celebrate Penelope Cruz' 48th birthday by looking through the work of the charismatic Spanish film star. Here are her 20 best films, ranked! Let us know which one is your favourite 🙌  https://t.co/zwY92gIl61 

#PenelopeCruz #ParallelMothers #Volver #AllAboutMyMother https://t.co/qRNk8YY0bp",1520010022243217410,Filmstro
"Penelope Cruz, Cameron Diaz &amp; Tom Cruise on the set of Vanilla Sky, 2001 https://t.co/QK1AhSIKop",1520005217051369472,Jade606_
I am watching Parallel Mothers. I want everything in Penélope Cruz’s house.,1519997929280643072,JesseMallon
Penelope Cruz are to anxious they overlook Hamburger,1519990829095342080,JonnyStocks43
Penelope Cruz’s 20 best films – ranked! https://t.co/T22bpn18BA #AlperinArt #Alperindigital #contemporaryart #digital #digitalart #digitalartist #artist #artistoninstagram #alperin,1519941038751821824,ignacioalperin
"VogueRunway: Happy birthday, Penélope Cruz! See the nine performances that prove she's the ultimate bombshell https://t.co/VexMd8YnuV https://t.co/60qZHqANf1",1519937490697830400,SilviaGeorgie
My ranked list of Penélope Cruz’s top twenty films is up here: https://t.co/AYt3HUtdeA,1519936508853202944,PeterBradshaw1
A curious mixture of the brilliant and well known and the more obscure.  https://t.co/sZ8wBoaSQZ,1519926266287337474,DavidDmshepherd
"#PenelopeCruz’s 20 best films – ranked! On her 48th birthday, we look through the work of the charismatic Spanish film star, who was Oscar nominated this year for #ParallelMothers https://t.co/fntXXWqV4c https://t.co/s3FuudMMEG",1519926127124525058,mixdevil66
Happy belated birthday to Penelope Cruz and all who celebrate. https://t.co/8RAyy0qk9Y,1519925990612299776,dbgermane
"Penelope Cruz &amp; Jessica Chastain 💕
#HollywoodStargirl 

#HappyBirthdayPenelopeCruz💖 https://t.co/edAm8X1Vq1",1519920455687491584,iBrijn1
Penelope Cruz’s 20 best films – ranked! https://t.co/2K6cOE0lKV,1519916664183267328,adabagcompany
Why does Penelope Cruz keep stuntin' me up the ass,1519910236156350464,Penny03336931
"Penelope Cruz 🖤💙

She's 46 🥺 https://t.co/hfodNhFS4f",1519905761224437760,actressbuff3
Penelope Cruz can always have me,1519899178196865024,martin_berkley
"Thammu, Pugh, Penelope cruz. https://t.co/WyPeiAUhou",1519898962366386176,elvoidd
"Happy Birthday to Richard Fromberg, Nicklas Lidstrom, Diego Simeone, Brad McEwan, Violent J, Helena Tulve, Jean-Paul Van Gastel, Jorge Garcia, Earl Holmes, Andrew Mehrtens, Dominic Matteo, Eric J. Vale, Margo Dydek (d. 2011), Richel Hersisia, Penelope Cruz and Vernon Kay.",1519887954029727744,NORTHTRENTON
"#PenelopeCruz is a magical combination of passion,beauty and intelligence. For a long time, she has remained one of my the most favourite actors. Here's a list of Penelope Cruz's  20 best films ranked by @PeterBradshaw1 
#volver  #VickyCristinaBarcelona
https://t.co/wvDJ5ThyOQ",1519873269851377671,SanjibDE
sophia loren was really the penelope cruz of her day,1519872379958308865,stephk_davis
Happy Birthday to the one and only Penelope Cruz!!! https://t.co/qXJWDanBGp,1519870152807833602,ihatewater11
Happy birthday Penelope Cruz. #PenelopeCruz #actress #pink #catsuit https://t.co/K2nC01e3jy,1519863089033879555,HansomRansom4
Happy Birthday to the lovely and amazing Penelope Cruz! https://t.co/MEc8Jwo61K,1519859208979685377,_daveyH
Happy birthday Penelope Cruz. 🎂,1519858961662582785,ChrisCarthern
"happy bday to my hero penélope cruz, who should replace chris pratt as my other hero mario https://t.co/tCfpPTVsKx",1519856813742727171,awsker_matajana
Penelope Cruz’s 20 best films – ranked! https://t.co/KyTdHzlPC2,1519852809654775808,Davidy1945
Happy 48th Birthday to Penélope Cruz! #PenélopeCruz https://t.co/ZvYkytlecX,1519849669953826816,mnralphie
"HAPPY BIRTHDAY APRIL 28th, Actress Jessica Alba,41; Rapper Klondike Blonde,25; Penélope Cruz,28; Bassist Victoria De Angelis,22; Actress Austyn Johnson,16; Singer Melanie Martinez,27; TV Host Drew Scott,44; Actor Harry Shum,Jr.,40; BEST WISHES &amp; GOOD HEALTH TO ONE &amp; TO ALL!!!",1519842279149740032,PoetBronx
12 looks that prove Penélope Cruz wore the minimalist style better than anyone in the 90s https://t.co/MeeDX3noSk via @VogueParis,1519841842040381446,Luciadangelo
I miss Johnny Depp and Penelope Cruz https://t.co/NEdzCQq43y,1519836290107146241,onIydepp
"GIPSY KINGS  ""VOLARE "" | Penelope Cruz https://t.co/vSQlLBZB1a via @YouTube",1519831092374740993,wizz_media
Happy Birthday to Penélope Cruz! 🎂🎉 https://t.co/i9gq9z517w,1519818831606165505,CCortave24
Smoking on that shit that made Penelope Cruz,1519814810380259331,nickynaptime
happy birthday penelope cruz :) https://t.co/MbLiiavZ3x,1519814702590742529,LDCOSTIGAN
[Update] Happiest Bday ppl Today: Melanie Martinez(1229) Too Short(1001) Juan Mata(764) Jessica Alba(580) Penelope Cruz(576) Terry Pratchett,1519814596986605568,BdayCeleb
One of the most underrated movies by Woody Allen ... i loved Penélope Cruz performance in it https://t.co/SgabsPRDf4,1519808100257218561,SelmaHellal
"❤️ Happy birthday to one of my all-time faves, Penélope Cruz ❤️ https://t.co/LA5sKpt9gh",1519807881809387527,nadreviews
"""My ambition is to be happy.""
― Penelope Cruz (born this day, April 28, 1974) https://t.co/bhZJTgUhVh",1519806028023418880,MacCocktail
Her birthday so here are my favourite Penélope Cruz movies. https://t.co/iDK72WnEfM,1519802541244297217,WatchedByHagan
#PenelopeCruz PENELOPE CRUZ at Competencia Oficial Photocall in Madrid 02/21/2022 https://t.co/FVPmzThhu2,1519802277887893504,celebs_of_world
Happy birthday to Penélope Cruz! The Spanish superstar -- with some Oscar nominations (and a win for Vicky Cristina Barcelona) to her name --  turns 48 today. https://t.co/pVpCvgN03N,1519801380252364800,FilmsFatale
People are incapable of being normal about Penélope Cruz https://t.co/3B5lu46WrT,1519799453615538182,merzbowwife
"Happy birthday to critical acclaim actress and Academy Award winner: Penélope Cruz. 

Volver (2006)
Vicky Cristina Barcelona (2008)
Los Abrazos Rotos (2009)
Dolor Y Gloria (2019) https://t.co/wKj8OJyDHP",1519798567883489285,planosperfectos
"Happy birthday to the extraordinary Oscar-winning goddess, Penelope Cruz! https://t.co/3iBKCE2rdK",1519795611725230080,mrbrianrowe
BeFront - Genius (Penelope Cruz) https://t.co/oROLAMhvGz via @YouTube,1519794979794784256,Unapadrina
Penelope Cruz’s 20 best films – ranked! https://t.co/J3gKl0AH0C,1519792649615683584,MIkef45
Penelope Cruz’s 20 best films – ranked! https://t.co/sb7yiYTciH,1519791511839383552,paolodiamante
"Penelope Cruz, Cameron Diaz &amp; Tom Cruise on the set of Vanilla Sky, 2001. https://t.co/w8DjncMmGR",1519789873397391360,madimuhalif
"#OnThisDay in 1974, actress Penélope Cruz (Parallel Mothers, Volver) was born in Madrid, Spain. https://t.co/CTP4HK9BIY",1519788999568728066,SaltLakeFilmSoc
"Happy Birthday to Jessica Alba, Penélope Cruz, Bridget Moynahan, Ann-Margret, Carolyn Jones, Kim Gordon, and Jay Leno #JessicaAlba #PenelopeCruz #bridgetmoynahan #AnnMargret #CarolynJones #KimGordon #JayLeno #HappyBirthday https://t.co/8F7f9Fm3lf",1519788997261725696,HappyBD2You
"Happy Birthday to Jessica Alba, Penelope Cruz, Jay Leno and Ann Margret! https://t.co/sgpYfrLUc8",1519788706181304320,Real_sjl19
penelope cruz i am thinking of you btw if you see this,1519785815571718144,3sm3ralddaa
"🎂 Happy Birthday to:

🇪🇸 Penélope Cruz (2021) &amp; Jessica Alba (2009)
(48yo &amp; 41yo today) ⚡️ https://t.co/tNlDvirUV1",1519785543898390528,coolcrushes
"happy birthday to penelope cruz, one of the most inspiring women of my life🦋 
thank you for always being my comfort characters in the movies, for always having the right words and above all for never stopping to shine very bright..💫

te quiero reina❤️‍🔥

https://t.co/cfywnflH0D",1519783866797547521,tashasbby
Love Penelope and totally agree with Volver at number one! One of the most watchable actresses of her generation - mesmerising. https://t.co/lxZoTrVq8e,1519782231329447937,mariepenman67
"Penelope Cruz’s 20 best films – ranked! https://t.co/p6G5HykWat 
#EnhorabuenaPe",1519780323214696452,Clauni
He took me for a Cruz yeah Penelope https://t.co/iZRyitanqA,1519780316721856512,Lewisyamagucci
"TheAcademy: ""This is not going to be forty-five seconds, I can say that right now. Has anybody ever fainted here? Because I might be the first one.""

Relive Penélope Cruz's Oscar speech from the 81st Academy Awards: https://t.co/kumuHvzIp1 https://t.co/87vl6ukUTi",1519778920886947848,theacadem1
i forgot how much i loved the movie ‘blow’ fuck it’s such a good movie. johnny depp and penelope cruz were both sensational,1519775547949154304,lunaaamo
"“Gaza is living through horror… while the international community does nothing,”
Penelope Cruz.

#FreePalestine
#القدس_هي_المحور https://t.co/pyP5vkvEZY",1519774566704427010,Reza_Neuro
"Penelope Cruz and Javier Bardem, in an open letter, accused the Israeli government of committing genocide in Palestine.These two Spanish Hollywood actors along with one of the most famous Spanish directors, Pedro Aldomwar, he also expressed",1519774404414251019,M83172488
"Penélope Cruz Sánchez, (born April 28, 1974, in Madrid, Spain), is a Spanish actress known for her portrayal of sultry characters. She achieved early success in Spanish cinema and quickly established herself as an international star.",1519772249410228228,c82b5001896b4ae
Today is Penélope Cruz's birthday 🌷 https://t.co/3ExIZiIRN0 by Jake Dee https://t.co/eLIR6gfTRY,1519768044360372224,Ilona_Perjesi
Penelope Cruz’s 20 best films – ranked! https://t.co/2ofCaXUQ3L,1519767957135663105,inocente82
I can’t believe God blessed us with Penelope Cruz AND Jessica Alba today.,1519767196825800706,MucciFlipFlop
"Penelope Cruz, Cameron Diaz &amp; Tom Cruise on the set of Vanilla Sky, 2001. https://t.co/yOTjeVLnIu",1519765936173051904,arkhad_j
happy birthday Penelope Cruz https://t.co/s6qAyZb68P,1519765739732938754,creatureskisses
Completely rocked by the revelation that Penelope Cruz is older than me. I thought *I* looked good.,1519763867395661825,cockbongo
Penelope Cruz’s 20 best films – ranked! https://t.co/O7ZnJEIagP,1519757885873471495,OLE_Marjory
Happy Birthday to the one and only Penélope Cruz! https://t.co/WRqoIwAVPG,1519757268451008513,cinemaqus
"HBD Penélope Cruz!! MCCT5: 5)Wasp Network (Assayas) 4)Everybody Knows (Farhadi) (3)Vicky Cristina Barcelona (Allen) 2a)Parallel Mothers/2b)Volver 1)All About My Mother (Almodóvar x3)
More:
-@PeterBradshaw1: https://t.co/6Q2gBEGTKR
-@kylebuchanan: https://t.co/v1MU7t4Rvh",1519755253641527301,MidCenturyCinem
"It's amazing when a film critic agrees with this film critic. Volver is Penelope Cruz's best film. Pain and Glory is right up there, too. https://t.co/H7LrQdScX3",1519754721304748034,_BrianMahoney
"Happy Birthday, Penelope Cruz https://t.co/ZD8QjAwbzS",1519754672701116416,CitroenCX
"Is Penelope Cruz a beauty or a beast?

Penelope appears to have thin lips like an animal, animals can only have sex, they can never make love, that makes her a beast!

Penelope Cruz is not a beauty! @PenelopeCruzOfi is a beast! https://t.co/TJ0MYZg3ja",1519754450357096448,TrialsEsthetic
Salma Hayek burns Instagram by congratulating Penelope Cruz with a photo where she climbs https://t.co/sWIB0G54RF,1519754052145401856,realusa_news
"Happy, happy bday Penelope Cruz!! Boy, but she's dynamic. 

This one for the guys. Laughing out loud. Next life I'm coming back as her or Shakira. Just sayin' ... 

https://t.co/ES5i11Sn3G",1519753834557583360,DublinersThe
"Penélope Cruz was born on this day. 🎂 🥳  She returns to our screen as Lola Cuevas in #OfficialCompetition, opening on June 24! 👀  https://t.co/mzCkqbOU39
#PenelopeCruz https://t.co/8D4uJPWGq3",1519753776894259203,gablescinema
Happy birthday Penelope Cruz 😍🥳🥂. https://t.co/rR5fWshkd4,1519752766046064642,IvoL90818725
Exactly! Stop calling people ‘mommy’ when you mean hot! It’s confusing! I would never motorboat my mother from the same emotional place that I would motorboat Penelope Cruz https://t.co/Aa9UAJeHkU,1519752611179769856,SweatieAngle
"1/1
Penelope Cruz and Javier Bardem, in an open letter, accused the Israeli government of committing genocide in Palestine.These two Spanish Hollywood actors along with one of the most famous Spanish directors, Pedro Aldomwar...
#FreePalestine",1519749668967960576,RiseUpWaiting
"Happy birthday to my favorite Spanish actress, Penélope Cruz https://t.co/jK9SJGHpI0 https://t.co/Tn0KbvUXbY",1519749097837645824,penyukalapis
"The Gaza war caused two western actors, Javier Bardem and his wife, Penelope Cruz, to sign a petition in support of the Palestinian people. The petition, signed by more than 70 Spanish-speaking artists, called the israeli attack on Gaza a genocide
#FreePalestine 
#القدس_هي_المحور https://t.co/XNaWnrZkLg",1519746569242882051,ZyzyGwlw
9 Penélope Cruz Performances That Prove She’s the Ultimate Bombshell https://t.co/pSqEQ6cALr via @voguemagazine,1519746022683160577,tjbgenx
Our favorite Penélope Cruz moments for her birthday https://t.co/sVUUgKdbG7 via @GMA,1519745109075451905,LuzanoB
happy birthday to penelope cruz and this iconic piece of costumery https://t.co/B2zv8StrF9,1519744788123299841,georgie_rae_
Penelope Cruz's 20 best films – ranked! https://t.co/HVBFGPvJUx,1519744595126542336,Media2Wizz
Wishing the happiest of birthdays to Oscar winner Penélope Cruz. What are your Top 5 Cruz performances? https://t.co/NiDzYYFcCt,1519744266934775808,awards_watch
"‘A sweet, gentle, uncomplicatedly sensual #movie that established the keynote to Cruz’s own sexuality on screen’

@PenelopeCruzOfi

Image: With Jorge Sanz in ¨Belle Époque¨. Photo: Sony Pictures

@PeterBradshaw1 https://t.co/hPwUMP58AA https://t.co/hQpquss8B9",1519744177457799170,ypma_albert
"They are the single best thing about that movie, and this is a movie with Ian McShane playing frigging Blackbeard and Penelope Cruz in a leather corset, let alone the Hon. Johnny Depp and Geoffrey Rush. https://t.co/ZqpXqeAPSz",1519742883263389696,MontaBaron
"#Penelope_Cruz and #Javier_Bardem, accused the Israeli government of committing genocide in Palestine These two Spanish Hollywood actors  expressed their strong support for the oppressed Palestinians, calling this sinister and barbaric move by Israel a ""#genocide""

#FreePalestine",1519742742326353926,mohammad_seyedd
Happy (belated in my country )Birthday to Penelope Cruz🎂🎉🎁 https://t.co/JY3XEnv5AN,1519742388008235008,callmemagguuu
Penelope Cruz’s 20 best films https://t.co/8STcCa8ZIi,1519740211969900550,alguilgut
Happy Birthday to Penelope Cruz!! #PenelopeCruz https://t.co/nQsE1VHQ90,1519740017069146112,IshaanTiwari11
"The Gaza war caused two western actors, Javier Bardem and his wife, Penelope Cruz, to sign a petition in support of the Palestinian people. The petition, signed by more than 70 Spanish-speaking artists, called the israeli attack on Gaza a genocide
#FreePalestine 
#القدس_هي_المحور https://t.co/agVmcpy7HD",1519739787854417924,fateme819
Penelope Cruz is so goddamn beautiful. every time I look up a picture of her I’m just in awe.,1519738974952206338,spiceymemory
Penelope Cruz’s 20 best films – ranked! https://t.co/wutXVt5qjG  #PenelopeCruz,1519736547876212736,DawdlingDorothy
"The Guardian ranks Penelope Cruz's filmography (or 20 films from it) from worst to best 
https://t.co/bDMaK39TMs",1519735291141107718,linkstoenglish
if i was a celebrity i’d be penelope cruz,1519734025295994881,austengirI
Penelope Cruz’s 20 best films – ranked! https://t.co/XXZ4s0v5Am,1519733706616762369,FrankMurphy49
"Penelope Cruz, W magazine photograph by Nick Sethi (2022). https://t.co/uZiL23A3TC",1519732973444075520,doug_marco
"Happy 48th birthday Madrid-born Spanish actress Penélope Cruz. 🌹🌻💐

📷  Volver (2006), Vicky Cristina Barcelona (2008), Pirates of the Caribbean: On Stranger Tides (2011), Madres paralelas (2021) https://t.co/hXQbGlXaEi",1519732813259579393,Thugut71
"Penelope Cruz, Cameron Diaz &amp; Tom Cruise on the set of Vanilla Sky, 2001. https://t.co/AJA6r7WVJW",1519731508877180929,wwwfilmme
"MY 🔥🔥🔥PENELOPE CRUZ!!! “HAPPY BIRTHDAY. MAY GOD BLESS U WITH LOTS OF LOVE , HAPPINESS AND PEACE” 

I LOVE MY 🔥🔥🔥🔥PENELOPE   💙🔥🌹💋 https://t.co/PcoT2vZR8m",1519731014670688256,lakshmideepakg
Happy Birthday Wishes to this Screen Legend the lovely Penélope Cruz! 🥳🎂👑🎭💯🎥💯🎞️💯👑💃🎉🍾💖🇪🇸📸 https://t.co/G2F64hw0rU,1519728175173218305,PhotoImagePress
"In a previous job, a young male colleague *literally* lost the power of speech (for about 30 mins) after a woman - who turned out to be PC - brushed his arm as she passed him in St. James' Park. ""Luminously beautiful"", he finally managed. #AllOfAHooHa 
 https://t.co/rYC4MKb9OH",1519726130080714756,feeflefifski
"Penelope Cruz will only ever be a Spaniard, she will never have what Salma Hayek has (big boobs/Mexican)",1519724802008887296,credenzaclear2
"Happy Birthday SPANISH DIVA 💃🏻

PENELOPE CRUZ 🤍🖤 https://t.co/9LnXQgSMwE",1519724689396232192,actressbuff3
"Congratulate Penelope Cruz, everyone! 😎😎😎 https://t.co/SREhsPLHdL",1519724297354416129,SvenTystnad
Happy 48th birthday to the one and only Penelope Cruz! https://t.co/Up5tsECImB,1519723431226400768,jfkenney
"https://t.co/Xax5ANIixu What, no mention of Sahara?",1519722638762987521,joe_planet
"What a perfect timing to watch VOLVER (2006) for the first time and discovering that it's also “mama” Penélope Cruz's birthday today! Truly an amazing actress in all aspects.

https://t.co/qRvLuyUXdc https://t.co/yK7Tt7IbMI",1519722084926369794,shubhranyl
"Last seven movies I’ve seen:

Parallel Mothers (Penelope Cruz) 6/10
The Batman 7.5
The Worst Person in the World 7
The Phantom of the Open 7.5
The Unbearable Weight of Massive Talent 7.5",1519720208939859969,exCameramanJim
happy birthday penelope cruz https://t.co/JIcjBSPrxQ,1519719757263499265,simeng01
"Happy Birthday to Penélope Cruz, @jessicaalba, Ann-Margret, @jorgegarcia, @NateRichert, John Pankow, @paul_guilfoyle, @jayleno, Drew Scott, Jonathan Silver Scott, Brandon Baker, and SCJ Elena Kagen 🥳🎂🎁 https://t.co/QRfYVjEJ8B",1519718646574202882,JL_Long
"Happy birthday to the one and only, the legend, Penélope Cruz!!! ❤️🎂🎈🎉 #Felizcumpleaños #PenelopeCruz https://t.co/YlKkuBgvRI",1519717960121831431,MaraPatriciaTo4
"i need a movie starring penelope cruz, alexa demie and selena gomez so bad https://t.co/9Cow0PSApk",1519717548618620930,candyromantics
In a moment of musing indulgence … a kind of mauve reverie … I ranked Penélope Cruz’s top twenty performances https://t.co/AYt3HUtdeA,1519717398559002624,PeterBradshaw1
#PenelopeCruz got 559 balloons for her 48 yo bday so far https://t.co/aAD8R7bKQl Gift her more!,1519716395654823936,BdayCeleb
Five Penelope Cruz films to celebrate her birthday https://t.co/BCg4DZ35FP,1519710174273056770,youishear
"It's Penélope Cruz's birthday today, so I'm morally obligated to recommend that you should watch Volver if you haven't already. Incredible film featuring her best performance to date https://t.co/LPd4zc2ILW",1519709111612579840,OneWingedKaiju
"Happy Birthday to the amazing singer, songwriter, actress, director, photographer, screenwriter, &amp; artist, Melanie Martinez, the fantastic actress, Penélope Cruz, and the wonderful actress &amp; businesswoman, Jessica Alba! Photo: Mark Von Holden, Kent Nishimura, Rosdiana Ciaravolo https://t.co/u3cbC2y2la",1519708630911754241,MakeYourMarkCom
"Blow (2001) The story of how George Jung, along with the Medellín Cartel headed by Pablo Escobar, established the American cocaine market in the 1970s in the US. Johnny Depp, Penélope Cruz, Franka Potente, Paul Reubens, Ray Liotta and Rachel Griffiths. https://t.co/jiX0wAXHBt https://t.co/TZDwRSSy3u",1519708023618342912,DVD_Daddy
"Penelope Cruz’s 20 best films – ranked!!👏#Film #storytelling #GlobalLib 🌍    
https://t.co/ycMKTaRcGP",1519707425753944064,ElviraCaneda
"“I loved working with everyone, Penelope is enormously talented and we had a lot of fun.” – Tom Cruise 

Happy birthday to the extraordinarily talented  Penélope Cruz! https://t.co/mK7DGsSXZY",1519705557346652165,deadlybantai
Happy birthday Penelope Cruz 🎂 https://t.co/FN7jbYQvtE,1519705440749494272,sunshinegirlw
"The Telekhines attacked Penelope Cruz , because they ate the last  piece of pizza topped with pepperoni !",1519704252624478209,SurrealSammy2
"Happy birthday, Penélope Cruz! The Oscar-winning actress turns 48 today and we're thinking of celebrating with a double bill of Cruz/Almodóvar collabos Volver and Parallel Mothers. Which of her films would you pick for a best-of double bill? https://t.co/IquJN6ohkg",1519702628111949832,ThatShelf
"No cow copulation for me, but while beachside and outdoors interviewing Penélope Cruz for CAPTAIN CORELLI’S MANDOLIN, a seagull did fly by and take a dump on my shoulder. https://t.co/DUoKq8MQ2T",1519700014276128771,SharedDarkness
"On her 48th birthday, @PeterBradshaw1 ranks Penelope Cruz’s 20 best films https://t.co/dj73l5pAsg",1519699970923937793,anniebennett
Penélope Cruz's 20 best films – ranked! | Movies | The Guardian - https://t.co/UsNl0Qn8gE #GoogleAlerts,1519699594204041220,alexcooper81
Happy 48th birthday Penélope Cruz #botd https://t.co/uo0c348WK6,1519698451910606848,tvfker
"if today, April 28th, is your birthday, these are your birthday twins

Jessica Alba - 41
Penelope Cruz - 48
Harry Shum Jr - 40
Jenna Ushkowitz - 36 https://t.co/q7xKNl0zGX",1519697948749316099,magstrology
"Penelope Cruz

#penelopecruz 

Disclaimer: This picture was shared from Reddit (r/gentlemanboners) of user u/anothergentlemen https://t.co/mISbZFMD5Y",1519696674183991296,GentleBeauties
"Happy Birthday, Penélope! https://t.co/yLydapFIIL",1519696568068280320,penelopeweb
Penelope Cruz’s 20 best films – ranked! https://t.co/GzO3h42kQI,1519695212221710342,TimHolden
Happy Birthday Penelope Cruz ♥️ and your many cute hats! 🎩🥳 https://t.co/jskllcRUIy,1519695049965113344,shopdollyshots
fr penelope cruz smoking has got to be one of my fave genders https://t.co/yAYY6pkLP6,1519694752052310017,perfqctblue
"Actress Penelope Cruz is 48..
#HappyBirthdayPenelopeCruz https://t.co/m8HdQT0jJt",1519693388295114753,Ultaechelon
Happy birthday to Penélope Cruz who turns 48 today! https://t.co/HWOxBlC9jk,1519692923645833216,binge_society
"happy birthday my beloved penélope cruz &lt;33 💕💖💞💘💗💝💓
https://t.co/hzxBY1LrXc",1519692369305939969,beerpoem
Happy birthday to Penelope Cruz. #PenelopeCruz #CelebBirthday,1519692330185461765,CelebBirthday_
happy birthday penelope cruz https://t.co/pBbuJhJhxv,1519691615434338310,krstendvnst
"Famous Birthdays:  Lionel Barrymore(1878), Carolyn Jones(1930), Ann-Margret(1941), Marcia Strassman(1948), Paul Guilfoyle/Bruno Kirby(1949), Jay Leno(1950), Mary McDonnell(1952), Elena Kagan(1960), Bridget Moynahan(1971), Penélope Cruz(1974) and Jessica Alba(1981).",1519691177309753344,nbablib
"happy birthday to the queen herself, penelope cruz !! 💓💓 https://t.co/ySjKH6SIaZ",1519690886753710080,perfqctblue
"Born on this date: Saddam Hussein, Penelope Cruz, Jay Leno, Harper Lee",1519690798765420546,ernieschell
HAPPY 48TH BIRTHDAY PENELOPE CRUZ https://t.co/JgkpWoB0yh,1519690594095820801,TranKhuong1981
"Wishing one of my first favs “ Penelope Cruz “ a very happy birthday ❤️
from sensuous , beautiful women phase to winning an academy award 
And collaborating with Pedro Almodóvar turned tables , as he brought the best out of her with every outing, incredibly talented Cruz ❤️ https://t.co/xqCfFQgQ94",1519690430069473285,sha_4005
Happy 48th Birthday Penelope Cruz https://t.co/IePS2MX0UG,1519690242885754882,TranKhu67623862
""" My ambition is to be happy."" Feliz Cumpleaños - Happy birthday brilliant and beautiful Penélope Cruz - you're the best x https://t.co/vz1GY63dfY",1519689968444186624,bhmbelfast
https://t.co/FlTb4KFZsS  Penelope Cruz’s 20 best films – ranked! https://t.co/cWMxVKObXO https://t.co/lJXAv8TE0s,1519689784389619712,ArinaPorn
Penélope Cruz turns 48 today. Which one of these movies she's been in do you like the most?,1519689302506188802,mashleymovies
"Happy birthday, Penélope Cruz! Today the beauty Spanish actress and model turns 48 years old, see profile at: https://t.co/OImF5UWL9g https://t.co/ufezRMgYbh",1519687777985744899,OnefilmsMovies
Five Penelope Cruz films to celebrate her birthday https://t.co/WYq32xWdxY,1519686231965282306,fouzichetouane
"April 28 birthdays 
5th President James Monroe would be 264
Actress Ann Margret 81
Talk show host Jay Leno 72
Football player Mark Bavaro 59
Actress Penelope Cruz 48
Actress Jessica Alba 41",1519686226697232385,scandinavia1020
Penelope Cruz’s 20 best films – ranked! https://t.co/ajuFzjDWzZ,1519685535782129666,JConUK
"Today's birthdays; Ann-Margret, Phil King (musician) &amp; Penélope Cruz",1519685400293527553,cheesemeister97
Happy Birthday dear Penélope Cruz! https://t.co/ZzJgWoAVbt,1519684706287202304,PapillonNoir73
"Penelope Cruz 🎂

Birthday Girl! 🎉 https://t.co/Kk4mpoWP6J",1519682849309270016,OnlyHDGirls
today is penélope cruz’s bday omg https://t.co/Z1fjxkNxq8,1519682290665902081,natshourglass
"Happy birthday to my idol Penélope Cruz, you are LEGEND !!   More glory is coming to you and can’t wait to see the day they came ! https://t.co/XTWCvPpnn6",1519681579697590272,Xavier23299522
happy birthday penelope cruz 💖🥰https://t.co/EAdqGDd6fT,1519681549343641603,tinychastain
"“I'll tell you in another life when we are both cats”

Happy Birthday to the lovely, Penelope Cruz. https://t.co/OVs3w20QI9",1519681502631448576,DJRae13
happy birthday penelope cruz &lt;3 https://t.co/GdBF6RAOG5,1519681191124811778,manonwinters
"#HappyBirthday to Penelope Cruz (48)
her top 10 movies are:

10. Open Your Eyes
9. Zoolander 2
8. Broken Embraces
7. Grimsby
6. Pain &amp; Glory
5. Parallel Mothers
4. Blow
3. Vicky Cristina Barcelona
2. All About My Mother
1. Volver
#DonatellaVersace #Raimunda https://t.co/jfoLtZaKaS",1519679211480432641,Gibboanxious
#PenelopeCruz got 542 balloons for her 48 yo bday so far https://t.co/aAD8R7bKQl Gift her more!,1519678628891697152,BdayCeleb
"Here are some of the notable people celebrating birthdays today including Ann-Margret, James A. Baker III, Paul Guilfoyle, Jay Leno, Chuck Leavell, Elena Kagan, Bridget Moynahan, Big Gipp, Elisabeth Rohm and Penelope Cruz. https://t.co/UoiTTRYGuZ",1519677883173773313,NPTelegraph
"To Rome with Love (2012) The lives of some visitors and residents of Rome and the romances, adventures and predicaments they get into. Woody Allen, Penélope Cruz, Jesse Eisenberg, Elliot Page, Roberto Benigni, Greta Gerwig. https://t.co/YWmvO0R3ev https://t.co/VrleP3m0dH",1519677817197416448,DVD_Daddy
Happy Birthday to the legend herself Penélope Cruz! https://t.co/4adbxgGhaY,1519677816052367360,a_cinema_place
Happy Birthday @devinnotkevin (u &amp; Penelope Cruz have the same bday so) https://t.co/UqEXjJ0mIc,1519676178508001282,LunchBoxersMane
"Here are some of the notable people celebrating birthdays today including Ann-Margret, James A. Baker III, Paul Guilfoyle, Jay Leno, Chuck Leavell, Elena Kagan, Bridget Moynahan, Big Gipp, Elisabeth Rohm and Penelope Cruz. https://t.co/VdU2UAKPhV",1519675302842093570,TWScene
"You cannot live your life looking at yourself from someone else's point of view.

Penelope Cruz",1519674894086144000,CCThoughtsofDay
"Happy birthday to actress Penelope Cruz (April 28,1974). Screenplays include the 2013 short film ""L'Agent"".",1519674768735313925,Book_Addict
"“One thing that I am proud of: I am really capable of laughing at myself.”
(Penelope Cruz) 

#penelopecruz #28aprile https://t.co/2RY3Qa6ufU",1519674557422047235,5vieartdesign
"Happy Birthday Penelope Cruz❤️
#penelopecruz #spanish #actress #rvcjmovies https://t.co/jFyAT2DHxH",1519673498909941762,rvcjmovies
"Actors @JessicaAlba and Penelope Cruz, comedian @JayLeno, novelist Harper Lee, actor Lionel Barrymore, and former US President James Monroe were born on April 28. Learn more about them: https://t.co/kHJ1UJlLbB #quotes #famousquotes #birthday",1519673034445008896,famousquotes
Happy birthday to the incredibly underrated Penélope Cruz #botd #film #actor #movies 🥳❤️🎬 https://t.co/RcwQglajVy,1519672992728502272,MoreMovies4U
"Don’t claim to have seen all the films in this Penelope Cruz Top 20 by @PeterBradshaw1 but no arguments with the top half dozen
https://t.co/HAROIdmvKT",1519672657830375425,SynecdocheHK
Happy birthday to Penélope Cruz! https://t.co/YTxncCkAAI,1519671495001264129,FilmstoFilms_
"Happy birthday to

@jayleno (72)
Baseball HOF @BarryLarkin (57)
Hockey HOF Nicklas Lidstrom (52)
Penelope Cruz (48)
@jessicaalba (41)
@TankLawrence (30)
@GradyJarrett (29)
@denzelward (25)",1519668312954884096,isaacfromFL
Happy balloon day to your unproblematic faves me and Penelope Cruz,1519667777338023937,maximalalps
"Happy Birthday to PENÉLOPE CRUZ!
https://t.co/XONuY0HdJ9",1519667398139293696,ludditecinema
"Penélope Cruz photographed during the filming of Vicky Cristina Barcelona, 2008 https://t.co/drc1UqE0hK",1519667063396384768,TheCinesthetic
"Here are some of the notable people celebrating birthdays today including Ann-Margret, James A. Baker III, Paul Guilfoyle, Jay Leno, Chuck Leavell, Elena Kagan, Bridget Moynahan, Big Gipp, Elisabeth Rohm and Penelope Cruz. https://t.co/6ynJrsO84e",1519667015736336385,sbstarherald
Penelope Cruz’s 20 best films – ranked! https://t.co/LHTswehejW,1519666691545915392,BenMacnair
"happy birthday, penelope cruz! ❤ https://t.co/xedeVUBsbh",1519666391426678784,heathlegver
Today we celebrate the birthday of Penélope Cruz! https://t.co/SE5MyO2EIW,1519665233094221826,Eurochannel
"Thursday, April 28th - Jessica Alba, Ann-Margret, Francis Bacon, Claes Bang, Penelope Cruz, Blossom Dearie, Kim Gordon, Elena Kagan, Harper Lee, Jay Leno, Macy McDonnell, John Singleton, Tobin Sprout, Too Short, Zip the Pinhead - https://t.co/X5SMFkTSh1 https://t.co/5bqW3noOTX",1519664366613794816,EXTNTR
"Yves Klein paid it forward by creating many art pieces and even his own colour, International Klein Blue! What kind thing are you doing today?💕➡️ 

Happy birthday to Penélope Cruz, @jessicaalba, @jayleno, and Ferruccio @Lamborghini!🥳

#April28 #otd #PayItForwardDay #YvesKlein https://t.co/irMCvL545H",1519664087063576576,TheFunFacts_
Penelope Cruz’s 20 best films – ranked! https://t.co/s6Z7ijogrq,1519663707877523456,Byronbyron
"A four-time Oscar nominee and winner of the #BestSupportingActress Oscar for her brilliant performance in ""Vicky Cristina Barcelona,"" Penélope Cruz was born on this date in 1974 in Madrid. She is the first and only Spanish actress to be nominated for an Oscar.

#PenelopeCruz https://t.co/5JUUCeJJEn",1519663472107298817,EveryOscarEver
"Rachel wished happy birthday to Penelope Cruz in her Instagram story.
Photo from the Oscars 2022 https://t.co/xmJwTS9S2N",1519663286643478529,ZeglerDaily
Penelope Cruz’s 20 best films – ranked! https://t.co/WRgp0VFnYQ,1519662234850541573,espanolextraENG
"Happy Birthday, Penelope Cruz! https://t.co/29sqheex7r",1519661713385488385,TheCinesthetic
"Tough call between Parallel Mothers and Volver....

Penelope Cruz’s 20 best films – ranked! https://t.co/LAFc3OJUTV",1519658652097040386,garethharr
"This Twitter account lets you know what’s significant about today. 

Today is:  National Teach Children to Save Day. 

Born on this day: Jessica Alba (actor) &amp; Penelope Cruz (actor)

Like, follow and share.",1519658514418855936,WhatDayIsIt19
"🎂Penélope Cruz is blowing out 48 candles today.

#CKMORNINGS https://t.co/l5RPyquwA8",1519658186642538498,943CKSY
"Celebrating a birthday April 28

Penelope Cruz (1974)

Do you have a favorite role?

#movies #FilmTwitter #HAPPYBIRTHDAY #PenelopeCruz https://t.co/QRnxaHj9HA",1519656989466447873,FunMovieTVFan
"Here are some of the notable people celebrating birthdays today including Ann-Margret, James A. Baker III, Paul Guilfoyle, Jay Leno, Chuck Leavell, Elena Kagan, Bridget Moynahan, Big Gipp, Elisabeth Rohm and Penelope Cruz. https://t.co/awiRoP1aHJ",1519656696406228993,timegoggles
"BornApr28: Jessica Alba 41, Michael Carbonaro 46, Penelope Cruz 48, Jorge Garcia 49, Bridget Moynahan 51, Sig Hansen 56, Mary McDonnell 70, Jay Leno 72, Ann Margret 81, Ferruccio Lamborghini, Lionel Barrymore, John Wolters, Carolyn Jones, Marcia Strassman, Bruno Kirby, Harper Lee",1519655401297481731,GameAppBuilder
"BornApr28: Jessica Alba 41, Michael Carbonaro 46, Penelope Cruz 48, Jorge Garcia 49, Bridget Moynahan 51, Sig Hansen 56, Mary McDonnell 70, Jay Leno 72, Ann Margret 81, Ferruccio Lamborghini, Lionel Barrymore, John Wolters, Carolyn Jones, Marcia Strassman, Bruno Kirby, Harper Lee",1519655310788644868,BirthdayVault
"Happy Birthday, Penélope Cruz
For Disney, she voiced Juarez the Guinea Pig in the 2009 action film, #GForce and played Angelica in the 2011 action-adventure , #PiratesOfTheCaribbean: #OnStrangerTides.
She also posed as Belle in the Disney Dream Portrait Series. https://t.co/t2JpYYgK4G",1519653657616261120,Disney_Wiki
rACHEL MET PENELOPE CRUZ AT THE OSCARS??? https://t.co/qxwg87fOhy,1519650947705622533,saturnlore
"Penelope Cruz winning Best Supporting Actress for ""Vicky Cristina Barcel... https://t.co/Byx4ShIcKB via @YouTube",1519650369311326208,Tfarrell1Tom
"Happy Birthday, Penelope Cruz! Born 28 April 1974 in Madrid, Spain https://t.co/MU0UPGhNrp",1519650179506479104,Tfarrell1Tom
@bestofCruz almost got another Oscar🏆! Wishing a Happy Birthday to Penelope Cruz! :) @BarbaraVitali2  @FamousBirthdays @TheAcademy #AprilAnimosity 💐🌺🌷🪷🌸💮🏵️🌻🌼🎆🎉🎊🎈🎂 🍰🧁🍫🍪🥛🎀🎁🎇,1519650048082169865,FullStriedAhead
"Here are some of the notable people celebrating birthdays today including Ann-Margret, James A. Baker III, Paul Guilfoyle, Jay Leno, Chuck Leavell, Elena Kagan, Bridget Moynahan, Big Gipp, Elisabeth Rohm and Penelope Cruz. https://t.co/Nr2aHVdqlV",1519649397814009857,yorknewstimes
"Happy Birthday to Academy Award winner Penélope Cruz, who turns 48 today! The actress won her Oscar for Vicky Cristina Barcelona (2008), with three additional nominations for Volver (2006), Nine (2009), and last year’s Parallel Mothers. https://t.co/6mS9IetMIh",1519649029386391552,OscarRunnerUp
"Happy Birthday to:
1878: Lionel Barrymore (d. 1954)
 1908: Oskar Schindler (d. 1974)
 1922: Alistair MacLean (d. 1987)
 1926: Harper Lee (d. 2016)
 1930: Carolyn Jones (d. 1983)
 1941: Ann-Margret
 1950: Jay Leno
 1974: Penelope Cruz
 1981: Jessica Alba",1519649011258507264,SWesterman
"Here are some of the notable people celebrating birthdays today including Ann-Margret, James A. Baker III, Paul Guilfoyle, Jay Leno, Chuck Leavell, Elena Kagan, Bridget Moynahan, Big Gipp, Elisabeth Rohm and Penelope Cruz. https://t.co/sax4HAQnwN",1519648388274438144,MorgantonNews
"April 28 - Happy bday: Ann-Margaret 81, Paul Guilfoyle 73, Jay Leno 72, Mary McDonnell 70, Kim Gordon[Sonic Youth] 69, Ian Rankin 62, John Daly 56, Elisabeth Rohm 49, Penelope Cruz 48, Jessica Alba 41, Melanie Martinez 27.",1519648372558381057,Yesterday_Today
"Here are some of the notable people celebrating birthdays today including Ann-Margret, James A. Baker III, Paul Guilfoyle, Jay Leno, Chuck Leavell, Elena Kagan, Bridget Moynahan, Big Gipp, Elisabeth Rohm and Penelope Cruz. https://t.co/PuSRn3kWAG",1519648141015924738,ThePressofAC
"Good Morning #FilmTwitter!
Parklife – Blur
Appears in: Grimsby (2016) in which #BOTD Penélope Cruz stars.

https://t.co/TT57K2iCAl",1519647629927346176,Tico_Romao
"Happy Birthday to the magnificent Penélope Cruz! 🤍✨

Pictured here in Pedro Almodóvar's 2009 BROKEN EMBRACES. https://t.co/9pIEM9l7YZ",1519647625150033922,filmcenter
"Happy birthday to (1 of 2): Ann-Margret, @jayleno, @bridgetmoynahan, Carolyn Jones, @jessicaalba, Penélope Cruz, @MaryMcDonnell10, Oskar Schindler, James Monroe, Harper Lee, Lionel Barrymore, Marcia Strassman, Bruno Kirby...",1519646332314656768,fasfan
"Today is 28 of April. And here is a top 5 famous people who born today.
1.@jessicaalba
2.Penelope Cruz
3.Oscar Schindler
4.Saddam Hussein
5.@jayleno
I thought a little about who to put in 4th place and chose Saddam, as he fu**ed Satan(in @SouthPark)🤭
#robwest #list #birthday",1519644516503986177,RobWestPHOTO
"Happy birthday to Penelope Cruz, one of the greatest actors of our generation https://t.co/DCsxc4Yazb",1519641925636087808,Rewster7
Happy Birthday to Penélope Cruz https://t.co/bbcb4oe9hD,1519641606604873728,filmdaze
"Happy 48th Birthday to 
   
PENELOPE CRUZ https://t.co/NuQC7gLIr4",1519641547712696320,GeorgeSchmidt67
"Here are some of the notable people celebrating birthdays today including Ann-Margret, James A. Baker III, Paul Guilfoyle, Jay Leno, Chuck Leavell, Elena Kagan, Bridget Moynahan, Big Gipp, Elisabeth Rohm and Penelope Cruz. https://t.co/njn1Xc9lw5",1519640839311482880,KearneyHub
"Here are some of the notable people celebrating birthdays today including Ann-Margret, James A. Baker III, Paul Guilfoyle, Jay Leno, Chuck Leavell, Elena Kagan, Bridget Moynahan, Big Gipp, Elisabeth Rohm and Penelope Cruz. https://t.co/IZVGeL3F0Z",1519640839194034177,NewsandRecord
"Happy birthday to the one and only, the legend, the all-timer, Penélope Cruz! https://t.co/kVfLmkJUUx",1519640438503837696,SamTheParasite
"Here are some of the notable people celebrating birthdays today including Ann-Margret, James A. Baker III, Paul Guilfoyle, Jay Leno, Chuck Leavell, Elena Kagan, Bridget Moynahan, Big Gipp, Elisabeth Rohm and Penelope Cruz. https://t.co/DiE6hGY3A8",1519639580147953664,Kenosha_News
"Here are some of the notable people celebrating birthdays today including Ann-Margret, James A. Baker III, Paul Guilfoyle, Jay Leno, Chuck Leavell, Elena Kagan, Bridget Moynahan, Big Gipp, Elisabeth Rohm and Penelope Cruz. https://t.co/4W6WWnus3z",1519639580059832323,CSTribune
"Here are some of the notable people celebrating birthdays today including Ann-Margret, James A. Baker III, Paul Guilfoyle, Jay Leno, Chuck Leavell, Elena Kagan, Bridget Moynahan, Big Gipp, Elisabeth Rohm and Penelope Cruz. https://t.co/2tccRKtm1u",1519639579816513536,LaCrosseTribune
"Here are some of the notable people celebrating birthdays today including Ann-Margret, James A. Baker III, Paul Guilfoyle, Jay Leno, Chuck Leavell, Elena Kagan, Bridget Moynahan, Big Gipp, Elisabeth Rohm and Penelope Cruz. https://t.co/Bm9j8ipDPg",1519639579803934721,Hickoryrecord
"Here are some of the notable people celebrating birthdays today including Ann-Margret, James A. Baker III, Paul Guilfoyle, Jay Leno, Chuck Leavell, Elena Kagan, Bridget Moynahan, Big Gipp, Elisabeth Rohm and Penelope Cruz. https://t.co/ugbNoEuGew",1519639579510382593,NewsInTheBurg
"Here are some of the notable people celebrating birthdays today including Ann-Margret, James A. Baker III, Paul Guilfoyle, Jay Leno, Chuck Leavell, Elena Kagan, Bridget Moynahan, Big Gipp, Elisabeth Rohm and Penelope Cruz. https://t.co/dWAVs8Poil",1519638328836075523,cumberlink
"Here are some of the notable people celebrating birthdays today including Ann-Margret, James A. Baker III, Paul Guilfoyle, Jay Leno, Chuck Leavell, Elena Kagan, Bridget Moynahan, Big Gipp, Elisabeth Rohm and Penelope Cruz. https://t.co/7Kg4kO6RV4",1519638324125876225,heraldandreview
"Here are some of the notable people celebrating birthdays today including Ann-Margret, James A. Baker III, Paul Guilfoyle, Jay Leno, Chuck Leavell, Elena Kagan, Bridget Moynahan, Big Gipp, Elisabeth Rohm and Penelope Cruz. https://t.co/gkb44N8mCN",1519638323991564289,ChippewaHerald
"Here are some of the notable people celebrating birthdays today including Ann-Margret, James A. Baker III, Paul Guilfoyle, Jay Leno, Chuck Leavell, Elena Kagan, Bridget Moynahan, Big Gipp, Elisabeth Rohm and Penelope Cruz. https://t.co/elzI7xcTuQ",1519638323161149440,wcfcourier
"Here are some of the notable people celebrating birthdays today including Ann-Margret, James A. Baker III, Paul Guilfoyle, Jay Leno, Chuck Leavell, Elena Kagan, Bridget Moynahan, Big Gipp, Elisabeth Rohm and Penelope Cruz. https://t.co/QmlOpIWuJH",1519638323085651970,BeaDailySunNews
"Here are some of the notable people celebrating birthdays today including Ann-Margret, James A. Baker III, Paul Guilfoyle, Jay Leno, Chuck Leavell, Elena Kagan, Bridget Moynahan, Big Gipp, Elisabeth Rohm and Penelope Cruz. https://t.co/3Qv6pOvqXC",1519638322750144512,MontanaStandard
"Here are some of the notable people celebrating birthdays today including Ann-Margret, James A. Baker III, Paul Guilfoyle, Jay Leno, Chuck Leavell, Elena Kagan, Bridget Moynahan, Big Gipp, Elisabeth Rohm and Penelope Cruz. https://t.co/WEmuYm1YI2",1519638322611642370,gtnews
"Here are some of the notable people celebrating birthdays today including Ann-Margret, James A. Baker III, Paul Guilfoyle, Jay Leno, Chuck Leavell, Elena Kagan, Bridget Moynahan, Big Gipp, Elisabeth Rohm and Penelope Cruz. https://t.co/QEtjxuTqRz",1519638322326515712,Pantagraph
"Here are some of the notable people celebrating birthdays today including Ann-Margret, James A. Baker III, Paul Guilfoyle, Jay Leno, Chuck Leavell, Elena Kagan, Bridget Moynahan, Big Gipp, Elisabeth Rohm and Penelope Cruz. https://t.co/olGmzvHmp3",1519638322104176641,ElkoDaily
"Here are some of the notable people celebrating birthdays today including Ann-Margret, James A. Baker III, Paul Guilfoyle, Jay Leno, Chuck Leavell, Elena Kagan, Bridget Moynahan, Big Gipp, Elisabeth Rohm and Penelope Cruz. https://t.co/fJPzph0KNp",1519638322074816512,madisondotcom
"Here are some of the notable people celebrating birthdays today including Ann-Margret, James A. Baker III, Paul Guilfoyle, Jay Leno, Chuck Leavell, Elena Kagan, Bridget Moynahan, Big Gipp, Elisabeth Rohm and Penelope Cruz. https://t.co/60FQk8HOmF",1519636829670199296,azds
"Here are some of the notable people celebrating birthdays today including Ann-Margret, James A. Baker III, Paul Guilfoyle, Jay Leno, Chuck Leavell, Elena Kagan, Bridget Moynahan, Big Gipp, Elisabeth Rohm and Penelope Cruz. https://t.co/ENI2xtaFJ3",1519636829045145600,RavalliRepublic
"Here are some of the notable people celebrating birthdays today including Ann-Margret, James A. Baker III, Paul Guilfoyle, Jay Leno, Chuck Leavell, Elena Kagan, Bridget Moynahan, Big Gipp, Elisabeth Rohm and Penelope Cruz. https://t.co/g5mgE4jim6",1519636817317875712,indytribune
"Here are some of the notable people celebrating birthdays today including Ann-Margret, James A. Baker III, Paul Guilfoyle, Jay Leno, Chuck Leavell, Elena Kagan, Bridget Moynahan, Big Gipp, Elisabeth Rohm and Penelope Cruz. https://t.co/IN7Br5UWJO",1519636815271141376,newsadvance
"Here are some of the notable people celebrating birthdays today including Ann-Margret, James A. Baker III, Paul Guilfoyle, Jay Leno, Chuck Leavell, Elena Kagan, Bridget Moynahan, Big Gipp, Elisabeth Rohm and Penelope Cruz. https://t.co/A9Hnp3O7uP",1519636815258472451,NewsVirginian
"Here are some of the notable people celebrating birthdays today including Ann-Margret, James A. Baker III, Paul Guilfoyle, Jay Leno, Chuck Leavell, Elena Kagan, Bridget Moynahan, Big Gipp, Elisabeth Rohm and Penelope Cruz. https://t.co/eRAvR4IAgw",1519636814360895489,statesville
"Here are some of the notable people celebrating birthdays today including Ann-Margret, James A. Baker III, Paul Guilfoyle, Jay Leno, Chuck Leavell, Elena Kagan, Bridget Moynahan, Big Gipp, Elisabeth Rohm and Penelope Cruz. https://t.co/2081AC6t8M",1519636813987594241,GoDanRiver
"Here are some of the notable people celebrating birthdays today including Ann-Margret, James A. Baker III, Paul Guilfoyle, Jay Leno, Chuck Leavell, Elena Kagan, Bridget Moynahan, Big Gipp, Elisabeth Rohm and Penelope Cruz. https://t.co/zXY7MjOl2l",1519636813358456833,journalonline
"Here are some of the notable people celebrating birthdays today including Ann-Margret, James A. Baker III, Paul Guilfoyle, Jay Leno, Chuck Leavell, Elena Kagan, Bridget Moynahan, Big Gipp, Elisabeth Rohm and Penelope Cruz. https://t.co/OGQid9jM1q",1519636813274660864,globegazette
"Here are some of the notable people celebrating birthdays today including Ann-Margret, James A. Baker III, Paul Guilfoyle, Jay Leno, Chuck Leavell, Elena Kagan, Bridget Moynahan, Big Gipp, Elisabeth Rohm and Penelope Cruz. https://t.co/bJN9pBjRTg",1519636813115187200,JGTCOnline
"Here are some of the notable people celebrating birthdays today including Ann-Margret, James A. Baker III, Paul Guilfoyle, Jay Leno, Chuck Leavell, Elena Kagan, Bridget Moynahan, Big Gipp, Elisabeth Rohm and Penelope Cruz. https://t.co/T1ifEfEtgd",1519636812830019584,dhnews
"Here are some of the notable people celebrating birthdays today including Ann-Margret, James A. Baker III, Paul Guilfoyle, Jay Leno, Chuck Leavell, Elena Kagan, Bridget Moynahan, Big Gipp, Elisabeth Rohm and Penelope Cruz. https://t.co/DJJkHIV0R7",1519636812783833088,CulpeperSE
"Here are some of the notable people celebrating birthdays today including Ann-Margret, James A. Baker III, Paul Guilfoyle, Jay Leno, Chuck Leavell, Elena Kagan, Bridget Moynahan, Big Gipp, Elisabeth Rohm and Penelope Cruz. https://t.co/470lu6qVul",1519636812754567169,dailyjournalmo
"Here are some of the notable people celebrating birthdays today including Ann-Margret, James A. Baker III, Paul Guilfoyle, Jay Leno, Chuck Leavell, Elena Kagan, Bridget Moynahan, Big Gipp, Elisabeth Rohm and Penelope Cruz. https://t.co/Ij5tJ4cHuJ",1519636812536373248,twinfallstn
"Here are some of the notable people celebrating birthdays today including Ann-Margret, James A. Baker III, Paul Guilfoyle, Jay Leno, Chuck Leavell, Elena Kagan, Bridget Moynahan, Big Gipp, Elisabeth Rohm and Penelope Cruz. https://t.co/51qlKU7EbU",1519636812452577286,WinonaDailyNews
"Here are some of the notable people celebrating birthdays today including Ann-Margret, James A. Baker III, Paul Guilfoyle, Jay Leno, Chuck Leavell, Elena Kagan, Bridget Moynahan, Big Gipp, Elisabeth Rohm and Penelope Cruz. https://t.co/WeF3aoOaeQ",1519636812330844160,missoulian
"Here are some of the notable people celebrating birthdays today including Ann-Margret, James A. Baker III, Paul Guilfoyle, Jay Leno, Chuck Leavell, Elena Kagan, Bridget Moynahan, Big Gipp, Elisabeth Rohm and Penelope Cruz. https://t.co/FWgdJLlJo5",1519636812297347072,helenaironline
"Here are some of the notable people celebrating birthdays today including Ann-Margret, James A. Baker III, Paul Guilfoyle, Jay Leno, Chuck Leavell, Elena Kagan, Bridget Moynahan, Big Gipp, Elisabeth Rohm and Penelope Cruz. https://t.co/9VLafiwqdP",1519636812213407745,mooresvilletrib
"Here are some of the notable people celebrating birthdays today including Ann-Margret, James A. Baker III, Paul Guilfoyle, Jay Leno, Chuck Leavell, Elena Kagan, Bridget Moynahan, Big Gipp, Elisabeth Rohm and Penelope Cruz. https://t.co/67lI8RnjT6",1519636812016324608,JournalNow
"Here are some of the notable people celebrating birthdays today including Ann-Margret, James A. Baker III, Paul Guilfoyle, Jay Leno, Chuck Leavell, Elena Kagan, Bridget Moynahan, Big Gipp, Elisabeth Rohm and Penelope Cruz. https://t.co/rzIgNUytE5",1519636811978526721,LG_Regionalnews
"🥳Happy Birthday if you're celebrating today! You share your birthday with...Robin Schulz, Harper Lee, Jonathan &amp; Drew Scott, Melanie Martinez, Jessica Alba, Penelope Cruz and Cheslie Kryst

#TheSilvaEdition #ListentoStar919FM https://t.co/RsIyGqZjh5",1519636796354801664,Star919FM
"Here are some of the notable people celebrating birthdays today including Ann-Margret, James A. Baker III, Paul Guilfoyle, Jay Leno, Chuck Leavell, Elena Kagan, Bridget Moynahan, Big Gipp, Elisabeth Rohm and Penelope Cruz. https://t.co/RDJF3jWVKs",1519636578431381504,TheTandD
"Here are some of the notable people celebrating birthdays today including Ann-Margret, James A. Baker III, Paul Guilfoyle, Jay Leno, Chuck Leavell, Elena Kagan, Bridget Moynahan, Big Gipp, Elisabeth Rohm and Penelope Cruz. https://t.co/hpC9qrmujO",1519636563554144261,billingsgazette
"Here are some of the notable people celebrating birthdays today including Ann-Margret, James A. Baker III, Paul Guilfoyle, Jay Leno, Chuck Leavell, Elena Kagan, Bridget Moynahan, Big Gipp, Elisabeth Rohm and Penelope Cruz. https://t.co/7CmQUNnKsW",1519636562899832832,BDCitizen
"Here are some of the notable people celebrating birthdays today including Ann-Margret, James A. Baker III, Paul Guilfoyle, Jay Leno, Chuck Leavell, Elena Kagan, Bridget Moynahan, Big Gipp, Elisabeth Rohm and Penelope Cruz. https://t.co/LRjUwldUSM",1519636562266542081,CTelegram
"Here are some of the notable people celebrating birthdays today including Ann-Margret, James A. Baker III, Paul Guilfoyle, Jay Leno, Chuck Leavell, Elena Kagan, Bridget Moynahan, Big Gipp, Elisabeth Rohm and Penelope Cruz. https://t.co/vZzLR2DwRn",1519636562191032320,dothaneagle
"Here are some of the notable people celebrating birthdays today including Ann-Margret, James A. Baker III, Paul Guilfoyle, Jay Leno, Chuck Leavell, Elena Kagan, Bridget Moynahan, Big Gipp, Elisabeth Rohm and Penelope Cruz. https://t.co/IXvESsVFNb",1519636562073595906,FremontTribune
"Here are some of the notable people celebrating birthdays today including Ann-Margret, James A. Baker III, Paul Guilfoyle, Jay Leno, Chuck Leavell, Elena Kagan, Bridget Moynahan, Big Gipp, Elisabeth Rohm and Penelope Cruz. https://t.co/IYFYBPEJIO",1519636561511563268,PDRnews
"Here are some of the notable people celebrating birthdays today including Ann-Margret, James A. Baker III, Paul Guilfoyle, Jay Leno, Chuck Leavell, Elena Kagan, Bridget Moynahan, Big Gipp, Elisabeth Rohm and Penelope Cruz. https://t.co/I8NnEQcEjW",1519636561159147522,mcdowellnews
"Here are some of the notable people celebrating birthdays today including Ann-Margret, James A. Baker III, Paul Guilfoyle, Jay Leno, Chuck Leavell, Elena Kagan, Bridget Moynahan, Big Gipp, Elisabeth Rohm and Penelope Cruz. https://t.co/HGLRIg8FDg",1519636560739807232,Dispatch_Argus
"Here are some of the notable people celebrating birthdays today including Ann-Margret, James A. Baker III, Paul Guilfoyle, Jay Leno, Chuck Leavell, Elena Kagan, Bridget Moynahan, Big Gipp, Elisabeth Rohm and Penelope Cruz. https://t.co/gUMOyGn8wu",1519636560735621121,MVilleBulletin
"Here are some of the notable people celebrating birthdays today including Ann-Margret, James A. Baker III, Paul Guilfoyle, Jay Leno, Chuck Leavell, Elena Kagan, Bridget Moynahan, Big Gipp, Elisabeth Rohm and Penelope Cruz. https://t.co/a2tOsTrZuk",1519636560190353413,LebanonExpress
"Here are some of the notable people celebrating birthdays today including Ann-Margret, James A. Baker III, Paul Guilfoyle, Jay Leno, Chuck Leavell, Elena Kagan, Bridget Moynahan, Big Gipp, Elisabeth Rohm and Penelope Cruz. https://t.co/a2wFExBe2K",1519636312030076928,the_daily_news
"Today’s famous birthdays list for April 28, 2022 includes celebrities Jay Leno, Penelope Cruz https://t.co/tUl3Yk9ipY",1519635365245689856,ColoHeadlines
Nine (2009) Penelope Cruz - A Call From The Vatican (Full Scene HD) https://t.co/JS4iwvRuSL via @YouTube category is gay awakening,1519635359407415296,rafsuhmons
Happy 48th birthday to Penélope Cruz! https://t.co/UfY68LfQxN,1519633787184988160,BoxOfficeBeyond
Penelope Cruz’s 20 best films – ranked! https://t.co/bxxsMasgMV,1519633036236652544,guardiang2
"Happy Birthday to actors Penélope Cruz, Mary McDonnell, Bridget Moynahan and Jessica Alba. https://t.co/ORZbvtK56M",1519632526335168512,DVD_Daddy
"Today’s famous birthdays list for April 28, 2022 includes celebrities Jay Leno, Penelope Cruz https://t.co/3bKohvIOMU",1519631464073203713,WaYs2rOcK
"Happy Birthday, Penelope Cruz! Born April 28th, 1974, in Madrid, Spain. 🎂🎁🎈😍 https://t.co/pOxoZiWqzc",1519631403624845312,lambert5106
Birthday Sluts: Kim Gordon (69) Melanie Martinez (27) Jenna Ushkowitz (36) Harry Shum Jr. (40) Jessica Alba (41) Alex Riley (41) Drew Scott (44) Jonathan Scott (44) Michael Carbonaro (46) Caroline Stanbury (46) Penelope Cruz (48) Eric Vale (48) Jorge… https://t.co/ewg1Dvi0mg,1519630139671293952,GossipBucket
"Happy birthday Penelope Cruz.
I used to pronounce Penelope Cruz
As Pineapple Cruz.",1519630076869939200,Batgodissleping
"🎉 Today is 28 of April and that means we can wish a very Happy Birthday to Penélope Cruz who turns 48 today!
🔹https://t.co/u2NAgPFiWv https://t.co/PBogA2LSmN",1519629640113049601,movie_fit
"These talented ladies celebrate birthdays today

Jessica Alba (Reuters) is 41 
Penelope Cruz is 48 
Bridget Moynahan is 51",1519628742938791936,MerfRadio
Happy B'day to Spanish actress Penélope Cruz. https://t.co/hcvIERD9sr,1519628502345134081,bombadil6
#ThrowbackThursday: Penélope Cruz making her 1992 big screen debut alongside future husband Javier Bardem in Bigas Luna's 'Jamon Jamon'. A very happy birthday to the Spanish superstar today. https://t.co/J8VIDqreZd,1519623015163650050,FilmPhonic
Volver is both Penelope Cruz and Almodovar's best film.,1519622536555909120,LoyleMoltisanti
"First look she was like young Penelope Cruz and even Emilia Clark

#YağmurTanrısevsin https://t.co/eEPp3qYHhc",1519621087956705280,Live_The_Life27
Happy Birthday PENELOPE CRUZ https://t.co/7uTZjy4BZZ,1519621031102717953,Kevin10919728
"A very happy birthday to Penelope Cruz! 🎉 Hugh and Penelope presented the Best Original Score award during the 79th Annual Academy Awards at the Kodak Theatre on February 25, 2007. 📸: Kevin Winter #HughJackman #PenelopeCruz #Birthday #tbt #throwback #throwbackthursday https://t.co/9CO7JkG0dh",1519619377875849217,JackmansLanding
Happy birthday Penelope Cruz! The Oscar-winning actress has had a positive experience with therapy and see's it as an addition to her life #Therapy #Renewal #Reward https://t.co/bsW8YtNDhR,1519617655333871617,IACP_ie
Wishing Penelope Cruz a very Happy 48th Birthday. #PenelopeCruz https://t.co/IoOgIZnAlk,1519615451193561088,TimeForAFilm
"Famous Birthdays April 28
Penelope Cruz, 48
Drew Scott, 44 
Jonathan Scott, 44",1519614961609285632,MatthewSeltzer1
"Penélope Cruz photographed by Mert Alas and Marcus Piggott for Esquire magazine, 2017. https://t.co/JlqWwD6K3w",1519605721855557632,TheCinesthetic
"April 28, 1974 Penélope Cruz, Spanish actress (Vanilla Sky, Waking Up in Reno), born in Madrid, Spain #Today #OnThisDate #PenelopeCruz #People #Event #PR https://t.co/7wcLm6mGVu",1519604925541457920,AmirAlhaj_ph
"Happy Birthday to Penélope Cruz Official (Spanish Film Actress, Model, Television Actress, Television Presenter &amp; Dancer)
 - Other Name : Penelope Cruz Sanchez
#PenelopeCruz #Actress #model #Dancer #TelevisionPresenter #PenelopeCruzBirthday 
About : https://t.co/Utw5wx7i5J https://t.co/wVIq1KXFIs",1519602882294992896,CelebrityBorn
PENELOPE CRUZ celebrates her 48th birthday today. Here she is in her Oscar winning performance as María in VICKY CHRISTINA BARCELONA (2008). https://t.co/eaQx29Aplx,1519602322053160962,ATRightMovies
"#hbdpenelopecruz,#PenelopeCruz #happybirthdaypenelopecruz

Wishing a very very happy birthday to our Beauty Sweetie Cutie Queen @PenelopeCruzOfi Mam

HBD PENELOPE CRUZ MAM 🥳🥳🥳🥳🥳🥳🥳🥳🥳🥳 
#HBDSamantha #HappyBirthdaySamantha #hbdsamantharuthprabhu #KRKReview https://t.co/E95ZdFYwdp",1519599820012351488,sampathraj23
Happy birthday to this great actress.  Happy birthday to Penelope Cruz https://t.co/sxWEKAbEDD,1519596230762020866,Canaansdad1987
"#hbdpenelopecruz,#PenelopeCruz #happybirthdaypenelopecruz

Wishing a very very happy birthday to our Beauty Sweetie Cutie Queen @PenelopeCruzOfi Mam

HBD PENELOPE CRUZ MAM 🥳🥳🥳🥳🥳🥳🥳🥳🥳🥳 https://t.co/9lckbW8odG",1519594685970677760,sampathraj23
Happy 48th birthday to Penélope Cruz! https://t.co/DpFWlwOkNW,1519592309456838659,SPLlTx
"If it's your birthday today, you share it with the lovely Penelope Cruz.

She's an Academy Award winning Spanish actress who played leading roles in the films Volver, Vanilla Sky, Blow &amp; Zoolander 2.
 
We want to give you a shout out! Let us know if it's your birthday today! https://t.co/HOwnLc6YZI",1519591930761551873,TheFuse984
"God!!!!! 

I just remembered I had such a crush on Penelope Cruz as a child 😀",1519590006918164480,Barbxiii
"I Can Literally Watch “Blow” With Johnny Depp &amp; Penelope Cruz Everyday Of My Life Smh, I Love This Movie",1519589210394660865,SplashyRealRyte
#PenelopeCruz names her favourite movie of all time https://t.co/OtnbNhr04M,1519588864330854400,FarOutCinema
"Penélope Cruz, Spanish actress,
and Vernon Kay, English disc jockey, model, and television presenter,
were both born on 28 April 1974 https://t.co/FRrxsgG3c7",1519587341387587585,NotTwins1
"April 28

Today's birthdays :-
Ann-Margret (81)
Mike Brearley (80)
Paul Guilfoyle (73)
Jay Leno (72)
Ian Rankin (62)
Howard Donald (54)
Elisabeth Röhm (49)
Penélope Cruz (48)
Vernon Kay (48)
Lauren Laverne (44)
Bradley Wiggins (42)
Jessica Alba (41) https://t.co/ut5ccJIqD6",1519587321863151618,HBurpday
"Happy Birthday, Penelope Cruz🥳🥰😍
#PenelopeCruz #Spanish #actress #AcademyAwards #Oscars #Hollywood #films #Loreal #CHANEL #birthdaygirl #HBD 
https://t.co/pR6ntSF6fS",1519583786131881984,CelebsGenius
Would you rather approve Penelope Cruz or juggle Ludacris,1519583732402778112,wudurater
"Happy Birthday, Penelope Cruz🥳🥰😍
#PenelopeCruz #Spanish #actress #AcademyAwards #Oscars #Hollywood #films #Loreal #CHANEL #birthdaygirl #HBD 
https://t.co/8kmou5zABv",1519583654724337664,PeepsWealthy
"From,Alcobendas, Madrid, Spain,happy birthday to the amazing actress,Penélope Cruz,she turns 48 years today 😍😍🥳🎈😘😊😘🍾🥂😍😊😃😍🥰😘🎂🎆🎇🎈👍👌😊🥳 https://t.co/DTnZ4KrsF2",1519582856086970371,DoumitKhalil
"🥳👍🥳 Today is another of my favorite Hollywood actresses, Penelope Cruz, who is 48 years old.  And so I wish her all the best, etc. ....🥳👍🥳!! @ Piestany https://t.co/V2RQP7LolU",1519582793470074880,dhazucha
Today's Birthdays Thu Apr 28 2022 : actor Bruno Kirby in 1949 former Tonight show host/comedian Jay Leno in 1950 (age 72) golfer John Daly in 1966 (age 56) actor Penelope Cruz in 1974 (age 48) actor Jessica Alba in 1981 (age 41) (pic) #OnThisDay #OTD 3/3 https://t.co/0RW3yQ5C3z,1519581576019214336,RezaPars
"#OTD
Born
1952 Mary McDonnell
1960 Ian Rankin
1968 Howard Donald
1973 Jorge Garcia
1974 Penelope Cruz
1974 Vernon Kaye
1978 Lauren Laverne
1978 Robert Oliveri
1981 Jessica Alba
1988 Juan Mata
1995 Melanie Martinez https://t.co/2rDGtWTODv",1519579670202703876,Bltmovies
"Academy Award Winner - Volpi Cup - Cannes Film Festival award for Best Actress 

Sexiest Woman Alive in 2014

Penelope Cruz🔥
 Madam saar... Madam anthe https://t.co/Bzys47madD",1519576282840723458,SriharshaSriram
Happy 48th birthday to Penélope Cruz! https://t.co/mET2kONAng,1519574775059918848,axialcut
"Happy Birthday to the extraordinarily talented  Penélope Cruz!

#HappyBirthday #PenelopeCruz https://t.co/PJihMkTyla",1519574654855360512,GeekGirlAuth
Happy Birthday Penelope Cruz. 🥳 https://t.co/rdg1LglKpp,1519572613496020992,NeilMatheson60
"Great Actress 🤝 Sexy Woman

""The most difficult thing in the world is to start a career known only for your looks, and then to try to become a serious actress. No one will take you seriously once you are known as the pretty woman.""

Happy Birthday, Queen Penelope Cruz 🥰😍 https://t.co/x5PI201rer",1519570548526747649,SriharshaSriram
"Penélope Cruz #botd

“She’s never lost her curiosity. And that’s why whatever she does, there’s an eternal element of youth to Penélope...” — Salma Hayek https://t.co/BnW9qR3pGD",1519570135463436294,EdwardHMO
Both born on this day in 1974 were Venon Kay and Penelope Cruz. People say they were separated at birth. Mainly because they were born on separate continents.,1519557624072708096,Nostalgic_Thing
"1/2 Happy birthday today to Jay Leno (72), Ian Rankin (62), Howard Donald (54), Penelope Cruz (48), Vernon Kay (48), Drew and Jonathan Scott (Property Brothers)(48), Jessica Alba (41) and Nikki Grahame (40). 🎂🥂",1519556201213796352,babybeatlefreak
Birthdays Jay Leno(72)Ann Margret(81)Jessica Alba(41)Penelope Cruz(48)Bridget Moynahan(51)Paul Guilfoyle(73)Lionel Barrymore(1878-1954)Carolyn Jones(1930-1983)Adele Mara(1923-2010)Bruno Kirby(1946-2006)Robert Cornthwaite(1917-2006)John Daly56)Madge Sinclair1938-1995Saddam Hussein,1519555342400643072,kracker_jones
"Happy 48th Birthday 🎉 Penelope Cruz

Have a lovely day 🇪🇸 https://t.co/JwqFqj6HOu",1519553765464023040,ChawtonWoodFilm
"Today's Notable Birthdays 28/4/22 Cont : Howard Donald(54), Penelope Cruz(48), Vernon Kay(48), Lauren Laverne(44), Sir Bradley Wiggins CBE(42), Jessica Alba(41), Nikki Grahame(D).",1519552726358761473,T0nynewquay
HAPPY BIRTHDAY PENELOPE CRUZ 🥳 https://t.co/ljv1IBqo0F,1519549843508768774,8_milligan
"""You cannot live your life looking at yourself from someone else's point of view."" - Penélope Cruz (born this day, April 28, 1974) https://t.co/TE34Agb7wu",1519544681377456128,Mark_Kido
"Happy Birthday Jessica Alba, Penelope Cruz, Bridget Moynahan, Melanie Martinez, Ann-Margaret, Jay Leno, Jorge Garcia, Harper Lee, Mary McDonnell, Elisabeth Rohm, Harry Shum Jr., Aleisha Allen, Louise Pentland, Jenna Ushkowitz, and Michael Carbonaro🎂🎂🎂 https://t.co/80qURWLys4",1519538526483730432,nicolegrant820
Salma Hayek and Penelope Cruz I will be thinking of you two tonight,1519528536112984064,3sm3ralddaa
"@wmnostalgiafest @jennaushkowitz, @harryshumjr, @jessicaalba, NATHANIEL ERIC or @naterichert, Ms. SANCHEZ or PENELOPE CRUZ, ELISABETH ROHM, @bridgetmoynahan, @kariwuhrer, and @marymcdonnell10 are officially 36, 40, 41, 44, 48, 49, 50, 55, and 70 respectively today.",1519527550409916416,DavidMichaelL16
Double Milf birthday shout out. Jessica Alba and Penelope Cruz!!! https://t.co/UXApKdB20W,1519524019304816643,AmerGigolo2
Penélope Cruz - Happy Birthday! https://t.co/tyBt9sGZSy,1519522599457415168,BelaNorok
Today is Penélope Cruz's birthday turning 48! HBD! Can you recall this movie? 5 min to answer! 🎂 https://t.co/ePV4xJczrJ,1519511748998488065,whattheshot
I can’t decide if my love of Rosalia’s music will override my dislike of Spaniards that aren’t Penelope Cruz. I can’t make the music not hit…,1519510778755399680,haltercroptop
"The Assassination of Gianni Versace: actually manages to find a half-Filipino actor to play Cunanan (and Darren Criss is phenomenal, who knew?) but can’t find any Italians to play the Versace crew so we get Penélope Cruz, Edgar Ramírez, and Ricky Martin. Seems legit.",1519488143778619395,roopikarisam
"#hbdpenelopecruz,#happybirthdaypenelopecruz,#PenelopeCruz 

WISHING A VERY VERY HAPPY BIRTHDAY TO OUR BEAUTY SWEETIE CUTIE QUEEN PENELOPE CRUZ MAM 🥳🥳🥳🥳🥳🥳🥳🥳🥳🥳🥳

ALWAYS BE HAPPY @PenelopeCruzOfi Mam 🥰🥰🥰🥰🥰 

#HappyBirthdaySamantha #GTvSRH #ElonMusk https://t.co/Wfs9eqrGMH",1519485098349199363,sampathraj23
"Unfortunately, I am very aware of editing and I look at the monitor too much. Sometimes the monitor can become your worst enemy because you can, consciously or unconsciously, start editing yourself.
 ~ Penelope Cruz 
#penelopecruz
#quotur
#quote
#ThursdayMotivation https://t.co/GAz4Iqpp4M",1519484921068376064,quotur
"#hbdpenelopecruz,#happybirthdaypenelopecruz,#PenelopeCruz 

WISHING A VERY VERY HAPPY BIRTHDAY TO OUR BEAUTY SWEETIE CUTIE QUEEN PENELOPE CRUZ MAM 🥳🥳🥳🥳🥳🥳🥳🥳🥳🥳🥳

ALWAYS BE HAPPY @PenelopeCruzOfi Mam 🥰🥰🥰🥰🥰 

#HappyBirthdaySamantha #GTvSRH #ElonMusk https://t.co/FW4eaIPbEq",1519476935469850624,sampathraj23
"Been hearing this a lot and honestly? I WIN. Aries rising w/ Capricorn MC? Shakira, Rihanna, MIN YOONGI, penelope cruz, stevie nicks? Like fr I win. See y'all when I'm rich and famous https://t.co/FItmi4aAbp",1519457236531228672,vermillionwings
"Happy 48th birthday to Penélope Cruz
#happybirthday #penelopecruz #penelopecruzmovies #murderontheorientexpress #murderontheorientexpressmovie #piratesofthecaribbeanonstrangertides #piratesofthecaribbean4  #gforcemovie #saharamovie #gothikamovie  #gothika2003 #vanillaskymovie https://t.co/Prvik2g3gq",1519442108540588032,EigafanL
penelope cruz looks amazing https://t.co/cuXX8UVXrw,1519430864689631233,blanchettownsme
"Penelope Cruz and Tom Cruise in Vanilla Sky (2001), Cameron Crowe https://t.co/d9F4KIUQ9D",1519430537114492931,wwwfilmme
"𝙳𝚊𝚢 𝟸𝟾: 𝙲𝚑𝚒𝚕𝚍𝚑𝚘𝚘𝚍 𝚌𝚊𝚗𝚌𝚎𝚛
Documentary directed by Penelope Cruz on childhood leukemia; she also speaks to the children. Film proceeds go to research a cure. 
""Soy Uno Entre Cien Mil""
#Bales2022FilmChallenge @bales1181
Trailer:
https://t.co/FhcHfwoUtQ",1519417098124079106,IdleTalk12
Ooh what a hero. I'm going to jet-pack to California and make love to Penelope Cruz...for Ukraine https://t.co/8IxcLe32FN,1519397094972342279,Ben_Olsen_etc
Happy Birthday  Penelope Cruz 🎵 https://t.co/8hIFV2LTNJ,1519387525403463680,rbFjHETBqGz3Mrh
"#HappyBirthdayPenelopeCruz

@BiographiaWorld wishes ONE of the MOST PRETTIEST and #beautiful #celebrity and #actress #PenelopeCruz, a GLITTEIRNG #HappyBirthday.

ENJOY #Penelope #HotPhotos
https://t.co/PTNClFvqyX

@bestofcruz #HBDPenelopeCruz #birthday #Fridayvibes #Hollywood",1519383377681403904,BiographiaWorld
@bestofcruz almost got another Oscar🏆! special day tomorrow for Penelope Cruz! :) @BarbaraVitali2  @FamousBirthdays @TheAcademy #AprilAnimosity,1519348345512374282,FullStriedAhead
"Penélope Cruz vs Swizz Beatz, who would win in a fight?",1519329121339281408,abfkjabd
"I was a PA on the set of THE QUICK &amp; THE DEAD when Mann visited set to meet with @leodicaprio about this project. That was 1994.

Michael Mann in Italy Prepping for Long-Awaited ‘Ferrari’ with Adam Driver and Penélope Cruz https://t.co/oRcbENtTrk via @indiewire",1519316616143646721,tonygig
"Penelope Cruz is so pretty, man….",1519312554534838272,d1aNahhh
"Penélope Cruz vs Matthew Broderick, who would win in a fight?",1519306465239994368,abfkjabd
What does Penelope Cruz have to do to win Best Actress? https://t.co/Gnz9xhCF9I,1519300124844990465,floweringsnows
"I found my Muse!

https://t.co/QUZKQA3u2A",1519292391164887041,TheBichoDoMato
Penelope Cruz is a v hot Donatella Versace,1519275846372331520,pinkstephness
"Penelope Cruz, June 2021 [Images] ~ #FusoElektronique #PicOfTheDay #PhotoOfTheDay by @DJMaverix https://t.co/VhS4Ii2y5m",1519232386428510210,FElektronique
Penelope Cruz tho. https://t.co/DW6l8MwlCR,1519192345354272768,twcworldwide
"Inke 'BARS' toh baar baar lage felony,
Scope leke baitha bata kon yaha Kenedy,
Bhot sare bete mere spawn yaha enemy,
Highway pe karu Cruz Tom ya Penelope.",1519190637903769600,Chetankamble03
[I know who would be also great as Pepper as well as Eva Green and Helena Bonham Carter. Penelope Cruz.] https://t.co/CWq3zYwdxo,1519168230094512129,IronedHero3000
"Penélope Cruz vs Lauren Miller, who would win in a fight?",1519158365007400962,abfkjabd
Penelope Cruz in PARALLEL MOTHERS: https://t.co/HL0J18ZTXW,1519115286728908800,YassMac
I'm in love with Penelope Cruz I can't help it.,1519107451856965634,Penny03336931
"The movie Captain Corellis Mandolin went on sale today for $4.99 on a couple of the streaming services.

The movie stars Nicolas Cage, Penelope Cruz, John Hurt, Christian Bale, David Morrissey, Irene Papas

 https://t.co/jvmVKaQndg

.",1519091686768586753,StreamingVideo_
Let me guess BingBing姐 was some sort of evil villain in the film :') also Penelope Cruz isn't even Colombian. What is this erasure of Spain?! Uniting in disappointment with @marrowofthebxne 🇪🇸🇨🇳 https://t.co/v3j6KSHsRw,1519080829481148416,valhallaone1
happy to have the same bday as penelope cruz and jessica alba tho we're all so hot 😌 https://t.co/a0Dnieurdq,1519078440200282112,mcavoyist
Best time of the day. Another workday down. Here's PENELOPE CRUZ https://t.co/Gc6EhB6MBP,1519049704738332677,Kevin10919728
"KRISTEN STEWART, OLIVIA COLMAN and PENELOPE CRUZ 😍😍😍

Nicole Kidman mehhh 👎🏻 https://t.co/6Tru6nQJ5J",1519042172183527425,homotextualidad
"This is brilliant news!

#DYK that some spectacular Canadians lent their voices to this in English and French?

@karinevanasse @beyriesmusic and @CalumWorthy joined forces with Bono, Penelope Cruz, and Wanda Sykes to bring these critters to life!

The world needs more 🇨🇦 https://t.co/za49AcpwAP",1519032518955180035,ONE_in_Canada
People were waiting for this tweet lol. Personally it was Penélope Cruz. https://t.co/i4rtNdilkq,1519031853570830339,vadagarfield
I can't wait until Bart Simpson and Penelope Cruz get married! Their wedding is going to be so aching!,1519029929119158273,FinnVonFritter
Michael Mann in Italy Prepping for Long-Awaited ‘Ferrari’ with Adam Driver and Penélope Cruz https://t.co/5V5H7If0SU,1518989515037237249,IndieBOOMfest
"1. Kristen Stewart
2. Penelope Cruz
3. Nicole Kidman
4. Jessica Chastain
5. Olivia Colman

However, Renate Reinsve should’ve been nominated for and won the Oscar for The Worst Person in the World. https://t.co/uFt4GZF7gj",1518978701916000256,KalebKoho
Penelope Cruz and Olivia Coleman!but I like Hessuca too so it’s all good! https://t.co/eZnUQhrb6g,1518978210008076289,toondogger
Career best work from Penélope Cruz but I would also say career best work from Olivia Colman and I would’ve gladly seen her accept another Oscar. https://t.co/UumuoyUPZz,1518973469811257348,NicAustinQueerQ
The first time I saw Camila in FH y thought“that girl looks exactly like Penelope Cruz https://t.co/rsc6BHSbPy,1518968858228531200,CamzandMe
Michael Mann in Italy Prepping for Long-Awaited ‘Ferrari’ with Adam Driver and Penélope Cruz – IndieWire https://t.co/z3q944XZBD,1518967822650683392,flavia_adam_fan
Kristen Stewart for giving one of the best performances ever in this category. But can we talk about how good this lineup is? Penelope Cruz and Olivia Colman are top tier nominees https://t.co/kc6kLIFGSA https://t.co/yQ82bG9HUF,1518956418333827073,Account13445671
Penélope Cruz was robbed and I’ll die on this hill https://t.co/oBJQXgO8Dc https://t.co/U3LNyugF9q,1518950001103327232,StarcoVision
"It sounds like just 48 hours after re-electing Macron, we're in for ""another"" President today in France! The names that have circulated the most lately after Penélope Cruz's ""refusal"" (?) are Vincent Lindon, Jim Carrey, George Clooney and Omar Sy. Maybe someone else?!
#Cannes2022",1518929302619922432,OnTheLido
"penelope cruz in Blow (2001) was something else what a beautiful, beautiful woman (still is!)",1518885413892411392,dinandbucky
I read this as “Penelope Cruz as Shailene Woodley” and I was like yeah she’s got it https://t.co/6CEiC6yU8u,1518833260620570624,dillonsnookart
Michael Mann in Italy Prepping for Long-Awaited ‘Ferrari’ with Adam Driver and Penélope Cruz https://t.co/JIueO1U3zO I'm happy to be alive 🤘,1518833182384214017,roncinephile
"I've never seen the original 1997 Spanish version (""Open Your Eyes""), but it's on Amazon Prime Video currently. Penélope Cruz plays Sofia in both the original and the American remake Vanilla Sky. https://t.co/xZ9TtLJgD9",1518824190010441728,octonion
Michael Mann Prepping ‘Ferrari’ In Italy Ahead Of Planned Summer Shoot https://t.co/rvEAXxzHxd via @Deadline,1518811432724221953,marcosarellano
"It's official!

We review @SpanishFilmFest Opening Night film OFFICIAL COMPETITION, 'a sharp satire' starring Penelope Cruz and Antonio Banderas

https://t.co/25FJB0Xz0x",1518801318533427205,filmink
Am making it official: #OfficialCompetition is a total cracker. Goes without saying that Antonio Banderas + Penélope Cruz are phenomenal. Check out my review + see it while you can at the @SpanishFilmFest @MadmanFilms @filmink https://t.co/dvOll43pvJ,1518801301324595201,WatchedByHagan
"Michael Mann has always cast actors who have real-life skills for the characters they'll play, so I assume he thinks Adam Driver is his resume rather than his full name. https://t.co/Xk59fTOuh0",1518797325258403842,TylerJPetty
Read this as “alongside Penélope Cruz as Shailene Woodley” https://t.co/OY5pJeotdk,1518790720941076481,joshuagynther
"#PenelopeCruz PENELOPE CRUZ for Vanity Fair, March 2022 https://t.co/0EgcC45JkF",1518786119302852609,celebs_of_world
"Loved @the355movie about a band of int'l female spies led by Jessica Chastain, Diane Kruger, Penelope Cruz, Lupita Nyong'o &amp; Fan Bingbing. ""355,"" BTW, was the code name given to a female spy working on behalf of George Washington during the Revolutionary War. #badasswomen",1518767778257416193,ASI_MBell
Michael Mann in Italy Prepping for Long-Awaited #Ferrari with Adam Driver and Penélope Cruz https://t.co/zUzN6iTvG5,1518751621336940545,TheTraceC
Almodovar is addicted to casting Penelope Cruz as a milf,1518746672292974593,Gignac__
Has Penelope Cruz shown Almodovar her pussy https://t.co/TwX4ZCwF5A,1518743961929719808,soapyhadid
Penelope Cruz singing in Volver can feel so powerful,1518727872323674113,AfNino
Cannes: Penelope Cruz Accepted Then Declined Jury Presidency — World of Reel https://t.co/J6z5hHbMpR,1518700124842639361,gridbs
Michael Mann Prepping ‘Ferrari’ In Italy Ahead Of Planned Summer Shoot https://t.co/L29etAD2ou via @Deadline https://t.co/bDit2VED9c,1518695673503358977,milanpaurich
"am actually cool and quirky because despite the pirates-of-the-caribbean-kiera-knightly-orlando-bloom bi awakening being very topical right now, MY bi awakening was still in pirates of the caribbean but instead it was penelope cruz and sam claflin because i have taste 😌",1518690114179936256,becsbfox
"This week's free Wednesday Movie Matinee is Parallel Mothers, starring Penelope Cruz in an Oscar-nominated performance.  In Spanish with English subtitles.  It will screen for free this Wednesday, April 27th at 2 PM in the Henkelman Room.
Register at https://t.co/VXDYXg9Dsa https://t.co/av9So3a2b3",1518667911556124672,ScrantonLibrary
"Michael Mann is reportedly in Italy preparing production of #Ferrari starring Adam Driver. Full details 👇

@DEADLINE | #MovieNews 

https://t.co/7rd9ZxD52l",1518659774258294791,thefilmagazine
"lets fuckin go

https://t.co/vQgBF1GWmW",1518659167342538754,SplishSplashPo
"Michael Mann’s ‘Ferrari’ starring Adam Driver, Penélope Cruz and Shailene Woodley begins filming in July.

(https://t.co/iXHGGecLtf) https://t.co/JIw26wGxYi",1518649839583744001,FilmUpdates
"If I was to make a film about @F1 teams and their founders, I think Frank Williams of @WilliamsRacing is definitely one to tell. He lived such an extraordinary life and hope one day to bring his life to big screen with the blessings of his family. 

https://t.co/YJn6jGoBVc",1518640720470593536,Brian_Producer
Looks like Ferrari is in preparation but filming won't start till July https://t.co/vvkJPTlaiP,1518638364110594051,KiraLin4ever19
"Vanilla Sky (2001) A self-indulgent and vain publishing magnate finds his privileged life upended after a vehicular accident with a resentful lover. Tom Cruise, Penélope Cruz, Cameron Diaz, Kurt Russell, Jason Lee. https://t.co/J9uT9WDuin https://t.co/dkUMFXCko0",1518635955003006977,DVD_Daddy
"He's a great actor, but how does Adam Driver keep getting cast as iconically Italian guys without being Italian or even vaguely looking Italian? https://t.co/Nw2Tl3LPpP",1518630559659876352,Lons
"i'm not racist but i do sometimes get penelope cruz and salma hayek mixed up, so who's to say really",1518624999552299012,ChobbleGobblr
"Michael Mann’s ‘FERRARI’ biopic begins filming in mid-July. Adam Driver will star as Enzo Ferrari alongside Penélope Cruz and Shailene Woodley.

(https://t.co/Pi05DBz6Yv) https://t.co/CxWsvEs864",1518618820537159680,filmdaze
"House of Ferrari? 🙄

I think I saw this movie already, and it wasn't good...

https://t.co/yrYxn3eDVh",1518616667416264704,HarryRaidersUSC
"Michael Mann Prepping ‘Ferrari’ In Italy Ahead Of Planned
Summer Shoot 
https://t.co/jpfhkuORVZ",1518616488386736133,TexasDem2
adam driver and penelope cruz twirls hair https://t.co/xuxmzeSUYz,1518616324481884165,kdantoinette
"""Filming for Michael Mann’s ‘FERRARI’ biopic begins in mid-July""

""Adam Driver will be [in the driving seat] star as Enzo Ferrari alongside Penélope Cruz and Shailene Woodley."" [Mini Driver isn't in this one] #Ferrari https://t.co/g46sCw300K",1518615596782522371,PS5only
Andy Vermaut shares:Michael Mann Prepping ‘Ferrari’ In Italy Ahead Of Planned Summer Shoot: EXCLUSIVE: Heat director Michael Mann is getting closer to the start line on Ferrari and is in Italy this week as part of pre-production. Filming is due… https://t.co/DekFk6ND7N Thankyou. https://t.co/yhFcP8bMqk,1518613568924512256,AndyVermaut
Michael Mann Prepping ‘Ferrari’ In Italy Ahead Of Planned Summer Shoot https://t.co/bsXClP0v6S #BreakingNews #Ferrari,1518613567360028672,CunningShowbiz
"Filming for Michael Mann’s ‘FERRARI’ biopic begins in mid-July 

Adam Driver will star as Enzo Ferrari alongside Penélope Cruz and Shailene Woodley. https://t.co/Om3cltCXGA",1518613425227714564,TheGeekster4
"Filming for Michael Mann’s ‘FERRARI’ biopic begins in mid-July 

Adam Driver will star as Enzo Ferrari alongside Penélope Cruz and Shailene Woodley.

(Source: Deadline) https://t.co/1Cw9IqwK2I",1518613138689736704,DiscussingFilm
"Marion Cotillard - 2 Days, 1 Night
Natalie Portman - Black Swan
Penelope Cruz - Volver
Olivia Colman- Broadchurch 
Phoebe Waller Bridge - Fleabag https://t.co/eXHSjYqDM9",1518597667848396800,StanHindutva
"Penélope Cruz vs John Krasinski, who would win in a fight?",1518566811150680064,abfkjabd
Some famous #Taurus Dolls are Penelope Cruz and Megan Fox.,1518562365737889794,Taurus_Doll
"April 28 
Famous Birthday
Late Oskar Schindler

Penelope Cruz
Jessica Alba",1518559170613899264,liubovchan
"Winona Ryder, Penelope Cruz, Vanessa Paradis, Sia, Sharon Osborne, J.K Rowling, Sophia Myles just a few of the ladies who have defended Johnny Depp so openly and publicly, even when he was being #MeToo How many defended Amber Heard? #JusticeForJohhnyDepp #MePoo #AmberTurd",1518518517775142912,AuditTheAbsurd
@the355movie why not cast an actual Latina actress for the Colombian agent instead of Penelope Cruz whose Spanish is completely different than the one in Latin America,1518496900638466050,unpopinionz
"Penélope Cruz vs Solange, who would win in a fight?",1518453280031985664,abfkjabd
"Nicole Kidman &amp; Alexander Skarsgard- The Northman
Robert Pattinson- The Batman
Channing Tatum- The Lost City of D
Franz Rogowski- Great Freedom
Mark Rylance &amp; Dylan O'Brien- The Outfit
Colin Farrell- After Yang
Penélope Cruz, Antonio Banderas, Oscar Martinez- Official Competition https://t.co/yH0FJrAFGv",1518430956805410816,christianfrey00
"It was not a good thing. The film’s called Everybody Knows because it’s so dang predictable. Penelope Cruz does her darnedest given the material, a haphazard balance of kidnapping mystery and family drama. #FilmTwitter https://t.co/q69lUgL0r6",1518420385074749440,bradywrites
movies use to have penelope cruz in them,1518415309161517056,anakinsmetalarm
"Penélope Cruz vs Steve Carell, who would win in a fight?",1518407955099447296,abfkjabd
Young Johnny Depp &amp; Penelope Cruz in “Blow” 😻,1518401393551462401,SBxnkz
"Many years have passed and I have not only made 3 movies with him, but I also count on him as a great friend. I’ve always been impressed by his kindness, his brilliant mind, his talent, and his peculiar sense of humor.

- Penelope Cruz
Link: https://t.co/xwVYCztaXq https://t.co/FOrDPYQ4sA",1518364004401393664,quietheartbeatz
"Please, Penelope Cruz and Salma Hayek are the same person. Don't stress me 💅",1518348643694264332,_AprilX_
"Michael Shannon, John C Reily, Steve Buscemi, Laura Dern, Michael B Jordan, Penelope Cruz, Jennifer Lawrence, Keith David, Tommy Lee Jones, Russel Crowe, Zoe Kravitz, Ray Romano, Brian Cranston, Lady Gaga, Michael Cera, Amy Schumer https://t.co/z22cO4GigR",1518345470602620929,SinLizard
