full_text,tweet_id,screen_name
"POLL: What’s The Most Important Item On The Blazers Offseason To-Do List?: Photo by Soobum Im/Getty Images  

Many acceptable answers, but what should earn top priority? 

The Portland Trail Blazers have a busy offseason ahead of them, but… https://t.co/78h0dK24ul #RipCity https://t.co/sToxGwJdJu",1520915633411485696,RonBohning
No trade for AD just stay at LA LAkers he combined DL at LA Lkers...3 Stars We’d Like To See Damian Lillard Team Up With: https://t.co/uYZfkWezVM,1520913478634319872,RonaldoDelfin4
"#Portland Trail Blazers: Happy ...
 
https://t.co/blYTulEZos
 
#NBANorthwest #NBANorthwestDivision #NBAWestern #NBAWesternConference #NBAWesternConferenceNorthwest #NBAWesternConferenceNorthwestDivision #Northwest #NorthwestDivision #Oregon #PortlandTrailBlazers https://t.co/QHrvNWBUZN",1520908686000074752,LoveNBAcom
The warriors turn into the Portland Trail Blazers without draymond doing all the work LMAO,1520883701168717826,kapitalNile
"He's joining the All-Bounce 1st Team, the Portland Trail Blazers https://t.co/OMx8Cg2kGh",1520879099320971271,__svet
"Blazers Have Found Success With No. 10 Pick In The Past: Photo by Nathaniel S. Butler/NBAE via Getty Images  

It’s not likely, but it’s a position where the Blazers have found success before. 

With the NBA Draft Lottery coming later this… https://t.co/cCOh6A64A2 #RipCity https://t.co/wsbsduf7BX",1520870205563359232,RonBohning
Check out Portland Trail #Blazers T-Shirt Adult XL Red Extra Large #RipCity  Tee Oregon Fan https://t.co/vjv6ysZw2Q #eBay via @eBay,1520855570844045312,MFarleyPDX
"https://t.co/AJ66ka5QNX
Wow it's a terrible trade that benefits portland this time, what a miracle lol",1520847776707342336,TylerCornwall31
"Blazers Broadcaster Bill Schonely Hospitalized With COVID-19: Photo by Cameron Browne/NBAE via Getty Images  

The legendary Blazers broadcaster is expected to officially retire next month. 

Legendary Portland Trail Blazers broadcaster Bill… https://t.co/Jk20qX8FBw #RipCity https://t.co/E6R2FtxsSG",1520824659150659584,RonBohning
"https://t.co/11AnogrU4m
Talk about lifting my spirits ! Damian, That thrills me to hear that ! I am already salivating about you and Anfernee in the back court. A couple of shooting stars !",1520792134239985664,blazerfan
"May 1, 1983: A microphone near the Portland huddle catches Blazers assistant coach Jim Lynam and guard Jim Paxson discussing “The Kareem Rules” during Game 4 of the Western Conference Semifinals.

Trail Blazers 108, Lakers 95. https://t.co/GCYaKGSvwn",1520789987024949249,NBACobwebs
Damian Lillard signs off on idea that ‘clout and money’ have changed players after antics in Timberwolves-Grizzlies series: https://t.co/m8Qr9uKsMV,1520776806122541056,AhnFireDigital
"Portland Trail Blazers star Damian Lillard knows firsthand the importance of foot health, having suffered foot injuries dating back to his days in college playing at Weber State University. https://t.co/FouIyELhQt",1520760851011190790,mguastafierro
Portland Trail Blazers star Damian Lillard wants to be the Dr. Scholl’s for athletes https://t.co/z37H4dd0he,1520744532752715777,TheG5AG
THE PORTLAND TRAIL BLAZERS WILL SELECT KEEGAN MURRAY!   HERE’S WHY… https://t.co/ti7CuedPJI @YouTubeより,1520736035185229824,NassirFan
Portland Trail Blazers star Damian Lillard wants to be the Dr. Scholl’s for athletes - Fast Company https://t.co/9LXumy0ook,1520734953100746752,wizz_media
"I see they stocked up on the nice-nice over at @blazersedge on 4/20. I want some of what whoever wrote this is smoking.... #RipCity 
https://t.co/AdfIjjidqK",1520658957424992256,ghostofzuul
"On this day in sports history May 1, the Portland Trail Blazers swept the Dallas Mavericks to advance to the 2nd Round of the NBA Playoffs in 1990.",1520620442721169408,NF201111
"On this day in sports history May 1, the Seattle SuperSonics defeated the defending champion Portland Trail Blazers 4-2 to advance to the Western Conference Finals for the 1st time in franchise history in 1978.",1520618638356758529,NF201111
NBA star Damian Lillard wants to be Dr Scholl’s for athletes https://t.co/FbBAXQJgQO,1520614935503728640,moto2002moto
Portland Trail Blazers star Damian Lillard wants to be the Dr. Scholl’s for athletes https://t.co/ebeBNiXCQe #webdesign #CMS #contentmangementsystem #staticms https://t.co/YqBQitJspU,1520614276783910912,StaticWebsites
https://t.co/HnNpfo9L52 Portland Trail Blazers vs 227's YouTube Chili' Utah Chili' Jazz #TakeNote Spicy' https://t.co/Yohykb5c5p https://t.co/V0vhTXSooA Spicy' NBA Mix! - 1/24/1993 - Regular Season Game https://t.co/8TCiVhAM39 https://t.co/v6vxXFGGY0,1520530474396835840,Hoops227_NFL
"Why Trendon Watford Matters to the Blazers: Photo by Alika Jenner/Getty Images  

Deep bench players normally don’t factor into franchise plans, but... 

The 2021-22 season is one that many Portland Trail Blazers fans will want to forget.… https://t.co/A55V5Xt9Pl #RipCity https://t.co/yEUX2WVSRp",1520522675499589632,RonBohning
"Basketball players are people too

https://t.co/PKoPHle6Pv",1520507473886547968,_coltonkirby
On this day: Kobe goes for 50 versus Portland Trail Blazers https://t.co/9jmmoJJ0jp,1520505421827649538,GameDayBlog1
"It’s Time to Bring LaMarcus Home: Photo by Sam Forencich/NBAE via Getty Images  

Would the star forward coming home finally make sense? 

The Portland Trail Blazers are looking to have a big summer, armed with picks, trade exceptions and a… https://t.co/dCXxkTBVh3 #RipCity https://t.co/qTioGr0gg7",1520477389163163648,RonBohning
NBA star Damian Lillard wants to be Dr Scholl’s for athletes https://t.co/LwJ8ip9y0A,1520472783389667330,JMillzTweetz
"🦶“Dr. Dame” has a nice ring to it… 🦶 

⁦@NBA⁩ star ⁦@Dame_Lillard⁩ wants to be Dr. Scholl’s for athletes | “Many NBA players use #insoles and #orthotics while playing for added stability and comfort, and to reduce stress on the foot.” https://t.co/R3M4Vx5L4c",1520458563889422337,chriskclark
"On this day in 2016 the @trailblazers beat the @LAClippers
 106- 103 in Game 6 of the 1st round to win the series at 4/2    https://t.co/cwJsb7NMSO",1520440081047117825,ClipsFanSince78
"Portland Trail Blazers star Damian Lillard wants to be the Dr. Scholl’s for athletes

While the global sneaker market is predicted to reach $120 billion by 2026, many of the top-selling brands will continue to use the same thin insoles that provide littl… https://t.co/fs8hWff3nu",1520409967475503104,TibetEllor
From Fast Company co.create -  Portland Trail Blazers star Damian Lillard wants to be the Dr. Scholl’s for athletes https://t.co/3ZUCFMRCfD https://t.co/bdgJppfVth,1520408019196006400,peterwmcmahon
#Business Portland Trail Blazers star Damian Lillard wants to be the Dr. Scholls for athletes https://t.co/G0aTHfmmhL #fastcompany,1520393124169854976,pidybi
Portland Trail Blazers star Damian Lillard wants to be the Dr. Scholl’s for athletes https://t.co/8uRe25DgW8 https://t.co/Z0FJuLRRiE,1520374427443077122,USLABEL
Portland Trail Blazers star Damian Lillard wants to be the Dr. Scholl’s for athletes https://t.co/QuDWdiowjk,1520364488293158912,Lucas_Wyrsch
Portland Trail Blazers star Damian Lillard wants to be the Dr. Scholl’s for athletes: https://t.co/2YxtEiV9gR,1520363457761132545,thierryweber
NBA star Damian Lillard wants to be Dr Scholl’s for athletes https://t.co/rYIhzYdp0m,1520362716095029249,BballDadATL
"On this day in sports history April 30, the Houston Rockets defeated the Portland Trail Blazers 4-2 to advance to the 2nd Round of the NBA Playoffs in 2009.",1520266142761295874,NF201111
"On this day in sports history April 30, the Los Angeles Lakers defeated the Portland Trail Blazers 3-1 to advance to the 2nd Round of the NBA Playoffs for the 2nd consecutive year in 1998.",1520265021208637441,NF201111
"On this day in sports history April 30, the Houston Rockets defeated the Portland Trail Blazers 3-1 to advance to the 2nd Round of the NBA Playoffs for the 2nd consecutive year in 1987.",1520264112177135616,NF201111
"Portland Trail Blazers 2022 Lunar New Year Custom Jersey Black Throwback
https://t.co/JYYvZdwL9a https://t.co/ZZKOJew0fR",1520217508342501376,JohnShe57377978
Check out Portland Trail Blazers Damian Lillard Nike Black Select Series Swingman Jersey #Nike https://t.co/UcrmyFxL3N via @eBay,1520214786201554944,PureOzSports
"#Portland Trail Blazers: Big fans of B Will over here ... 
 
https://t.co/oBRbz8BuA2
 
#Basketball #NationalBasketballAssociation #NBA #NBAWesternConference #NBAWesternConferenceNorthwestDivision #Oregon #PortlandTrailBlazers #TrailBlazers https://t.co/WtgliYCTFz",1520199766549970944,raw_chili
"Blazers History: Mason Plumlee’s Free Throws Win Playoff Series vs. Clippers: Photo by Steve Dykes/Getty Images  

The Blazers beat the Clippers 106-103. 

Throughout the past decade of Portland Trail Blazers basketball, perhaps the team that… https://t.co/ZTawQqCZf9 #RipCity https://t.co/pKzYSZMrVW",1520175389150113792,RonBohning
"#Portland Trail Blazers: Big fans of B Will ...
 
https://t.co/LmyIlEX4mA
 
#NBANorthwest #NBANorthwestDivision #NBAWestern #NBAWesternConference #NBAWesternConferenceNorthwest #NBAWesternConferenceNorthwestDivision #Northwest #NorthwestDivision #Oregon #PortlandTrailBlazers https://t.co/P7JoWYsZaV",1520149183621128193,LoveNBAcom
"Report: Jusuf Nurkic To Be Sued Over Phone Throwing Incident: Photo by Abbie Parr/Getty Images  

The big man is allegedly being taken to court following the altercation in Indianapolis earlier this season.  

The Indiana Pacers fan who’s phone… https://t.co/Wtv8lXVRhp #RipCity https://t.co/6NGgki4AYL",1520144813961605120,RonBohning
"There's a consensus top three, but Portland is currently sitting at No. 6 in the NBA Draft. Who makes the most sense for Portland before picks get shuffled next month? #RipCity https://t.co/PlwK1as2qe",1520055347708407810,PDXTribSports
"On this day in sports history April 29, the Portland Trail Blazers defeated the Los Angeles Clippers 4-2 to advance to the 2nd Round of the NBA Playoffs in 2016.",1520031977684013059,NF201111
"On this day in sports history April 29, the Memphis Grizzlies defeated the Portland Trail Blazers 4-1 to advance to the 2nd Round of the NBA Playoffs in 2015.",1520031921232826370,NF201111
"On this day in sports history April 29, the Phoenix Suns defeated the Portland Trail Blazers 4-2 to advance to the 2nd Round of the NBA Playoffs in 2010.",1520030744986497025,NF201111
"On this day in sports history April 29, the defending champion Los Angeles Lakers swept the Portland Trail Blazers to advance to the 2nd Round of the NBA Playoffs in 2001.",1520028412978601985,NF201111
"Mavs move on to Suns, reminding Kidd a bit of their past Jason Kidd was the point guard then when the Mavericks had split the first four games of the 2011 playoffs against the Portland Trail Blazers. #Mavs  https://t.co/GN3YLxgYsM",1520025890121564161,moshpit23
"Mavs move on to Suns, reminding Kidd a bit of their past Jason Kidd was the point guard then when the Mavericks had split the first four games of the 2011 playoffs against the Portland Trail Blazers. #JasonKiddSaidItIBelieveIt https://t.co/TYBU5qSRFj",1520016039307882498,ScottLi43175678
"⛹️‍♀️Stephen Curry Season-High 14 Assists in Win over Portland|Warriors at Trail Blazers 2/24/2022⛹️‍♂️
👇
https://t.co/MmYaRo7jcg

#basketball
#NBA
#WNBA
#followforfollow
#followback
#follow4follow
#fff
#f4f
#NBA75",1519841846838583297,basket_antenna
"The Love-Hate Relationship with the Trail Blazers Roster: Photo by Cameron Browne/NBAE via Getty Images  

Dave Deckard and Dia Miller praise Portland’s prayer while burying the landscape around them. 

Your favorite Portland Trail Blazers… https://t.co/Clw21LsMsl #RipCity https://t.co/n2MGU0lNUl",1519828119816839168,RonBohning
"⛹️‍♀️Stephen Curry Season-High 14 Assists in Win over Portland|Warriors at Trail Blazers 2/24/2022⛹️‍♂️
👇
https://t.co/iADwDqEUHA

#basketball
#NBA
#WNBA
#followforfollow
#followback
#follow4follow
#fff
#f4f
#NBA75",1519826590330466304,basket_antenna
"⛹️‍♀️Stephen Curry Season-High 14 Assists in Win over Portland|Warriors at Trail Blazers 2/24/2022⛹️‍♂️
👇
https://t.co/g1NQYC5i4M

#basketball
#NBA
#WNBA
#followforfollow
#followback
#follow4follow
#fff
#f4f
#NBA75",1519811518250065920,basket_antenna
"#Portland Trail Blazers: oh you fancy huh, ...
 
https://t.co/hPu2y3j6l2
 
#NBANorthwest #NBANorthwestDivision #NBAWestern #NBAWesternConference #NBAWesternConferenceNorthwest #NBAWesternConferenceNorthwestDivision #Northwest #NorthwestDivision #Oregon #PortlandTrailBlazers https://t.co/EhZZLlNzvI",1519804157863018498,LoveNBAcom
"The Trail Blazers have only led a best-of-seven series 3-0 twice in franchise history...

• 1977 WCF vs. LAL. Portland swept LAL en route to the 1977 NBA Championship.

• 2000 Second Round vs. UTA. Portland gentleman's swept UTA en route to a WCF appearance.

None since.",1519803427634647041,BlazersBySagar
"#Portland Trail Blazers: oh you fancy huh, @krisdunn3? ... 
 
https://t.co/wihdDJPp14
 
#Basketball #NationalBasketballAssociation #NBA #NBAWesternConference #NBAWesternConferenceNorthwestDivision #Oregon #PortlandTrailBlazers #TrailBlazers https://t.co/03Zanmc3if",1519798117071261700,raw_chili
"⛹️‍♀️Stephen Curry Season-High 14 Assists in Win over Portland|Warriors at Trail Blazers 2/24/2022⛹️‍♂️
👇
https://t.co/z63QesWsiF

#basketball
#NBA
#WNBA
#followforfollow
#followback
#follow4follow
#fff
#f4f
#NBA75",1519796455103692800,basket_antenna
"⛹️‍♂️Stephen Curry Season-High 14 Assists in Win over Portland|Warriors at Trail Blazers 2/24/2022⛹️‍♂️
👇
https://t.co/Gy9xIQ9Uvm

#nba
#バスケットボール
#ValleyProud
#DubNation
#GrzNxtGen
#TakeNote
#MFFL
#LakeShow
#WBD
#RipCity
など
#相互100
#フォロバ100",1519795653769314304,NBAantena
2019-20 Panini Mosaic Basketball #55 Hassan Whiteside Portland Trail Blazers Off...👉 https://t.co/X3V0PbGOKP https://t.co/Xg8uzRM5ic,1519784471662374917,SeasonsGala
"Opinion: The Pelicans Should Trade Zion Williamson For This Superstar https://t.co/pem6pjM35v via @@BenStinar
I say this with an empty feeling for our end. We are losing who I think is in the top players in the league. This is the key moment we have always wanted for Dame. STARS",1519775728111218689,blazerfan
"🔴 LIVE

Crypto Arena, Los Ángeles, CA

🚨PLAYOFFS GAME

PORTLAND TRAIL BLAZERS
#RipCity
🆚
LOS ANGELES LAKERS
#LakeShow

#NBA75 @NBAspain @NBA2K @TwitchSIE @GIGANTESbasket @SOSmcWIN @drafteados @SomosXbox @Xbox @Ayuda_Twitch @NBA2KEspana @Xbox_Spain @2K

https://t.co/fQZXYPzoJz",1519774298537398274,ANBA2K
"Draft Profile: AJ Griffin has NBA-Ready Three-Point Accuracy: Photo by Ezra Shaw/Getty Images  

Duke forward AJ Griffin is a proven floor spacer with two-way potential. 

The Portland Trail Blazers’ forgettable 2021-22 season is in the books… https://t.co/wkb6EzyNrk #RipCity https://t.co/tGyUo0GLIg",1519767724360015872,RonBohning
"⛹️‍♂️Stephen Curry Season-High 14 Assists in Win over Portland|Warriors at Trail Blazers 2/24/2022⛹️‍♂️
👇
https://t.co/6xPr8zQAer

#nba
#バスケットボール
#ValleyProud
#DubNation
#GrzNxtGen
#TakeNote
#MFFL
#LakeShow
#WBD
#RipCity
など
#相互100
#フォロバ100",1519765452108582913,NBAantena
Should the @trailblazers keep Jusuf Nurkic? Patrick Rogers gives us his thoughts. What do you think? #ripcity #blazers #trailblazers #nba #oregonsportsnews https://t.co/Z0T0BJ8cUf https://t.co/bLQYyb2ZL9,1519749538625556481,oregonsportnews
2020-21 Donruss #16 Trevor Ariza Portland Trail Blazers NBA Basketball Trading C...👉 https://t.co/7LEfJe2r9v https://t.co/enZ6nzOBWn,1519738825957855237,SeasonsGala
"Lillard Reminisces on Jordan Poole’s Trash Talking, 61-Point MLK Game: Photo by Ezra Shaw/Getty Images  

The Blazers star joined The Colin Cowherd show to share a memorable experience with Poole from his 61-point game in 2020. 

As is the case… https://t.co/clmvGXTnnh #RipCity https://t.co/bnRwEGaJMO",1519737374070038529,RonBohning
"Only three teams in NBA history have forced a Game 7 in a series after suffering a 0-3 deficit:

• Rochester Royals (1951, NBA Finals)
• Denver Nuggets (1994, Semifinals)
• Portland Trail Blazers (2003, 1st Round)

Toronto will have a chance tonight. #WeTheNorth https://t.co/gj1PHxOWIu",1519697124199391232,rapsmuse_nba
"IGNBA Tiebreaker results:

5. Atlanta Hawks
6. Cleveland Cavaliers

11. Boston Celtics
12. Phoenix Suns

18. Charlotte Hornets
19. Golden State Warriors

24. Philadelphia 76ers
25. Chicago Bulls

27. Los Angeles Clippers
28. Portland Trail Blazers",1519673472221384707,IGNBA3
"On this day in sports history April 28, the Dallas Mavericks defeated the Portland Trail Blazers 4-2 to advance to the 2nd Round of the NBA Playoffs in 2011.",1519651080031903745,NF201111
"On this day in sports history April 28, the back-to-back defending champion Los Angeles Lakers swept the Portland Trail Blazers to advance to the 2nd Round of the NBA Playoffs for the 6th consecutive year in 2002.",1519649627762536448,NF201111
"#Portland Trail Blazers: T- Wat passing highlights &gt;&gt; 

... 
 
https://t.co/C9NAUKecWy
 
#Basketball #NationalBasketballAssociation #NBA #NBAWesternConference #NBAWesternConferenceNorthwestDivision #Oregon #PortlandTrailBlazers #TrailBlazers https://t.co/IDXkzHpU9G",1519597296274620416,raw_chili
"god i'm so glad i have my Raiders this year, can't stand watching this trash can of the Portland Trail Blazers",1519547192507199489,DameDoIIaBurner
"⛹️‍♂️Stephen Curry Season-High 14 Assists in Win over Portland|Warriors at Trail Blazers 2/24/2022⛹️‍♂️
👇
https://t.co/dW3Pu3szb1

#nba
#バスケットボール
#ValleyProud
#DubNation
#GrzNxtGen
#TakeNote
#MFFL
#LakeShow
#WBD
#RipCity
など
#相互100
#フォロバ100",1519538946174484480,NBAantena
Portland Trail Blazers could really do with Demarcus Cousins on the roster next season @Dame_Lillard,1519526160299868160,Asallsince93
"⛹️‍♂️Stephen Curry Season-High 14 Assists in Win over Portland|Warriors at Trail Blazers 2/24/2022⛹️‍♂️
👇
https://t.co/RYCT9235gy

#nba
#バスケットボール
#ValleyProud
#DubNation
#GrzNxtGen
#TakeNote
#MFFL
#LakeShow
#WBD
#RipCity
など
#相互100
#フォロバ100",1519523853382430722,NBAantena
"@elonmusk, you should buy the Portland Trail Blazers next. Bet you can't.",1519521631974019073,JustinHerr11
"PORTLAND TRAIL BLAZERS 'NBA AUTHENTICS CITY EDITION' 59FIFTY BLACK now available from CULTUREKINGS

#newdrop #culturekings #australia #internationalshippingrates #nba #portlandtrailblazers #trailblazers #ripcity #portland #oregon #trail

https://t.co/s8JOv7VNhW",1519481557630607360,hatcrawler
2007-08 Upper Deck Artifacts LaMarcus Aldridge Portland Trail Blazers #80 #eBay🇵🇱 #Sports #Memorabilia #Fan #SportsCards https://t.co/lk5yLI2fNM,1519470005590577156,SASportMemPro
An Indiana Pacers fan whose cellphone was thrown into the stands by Portland Trail Blazers center Jusuf Nurkić last month is suing him and the team for defamation. https://t.co/I7yc6V0xCJ,1519462655282626560,Law360
Excited to share this item from my #etsy shop: Portland Trail Blazers Gnome https://t.co/Llz0SAMqMP https://t.co/UoXMcvfPv8,1519449699744305152,DawnRadcliff2
https://t.co/gnmqg3dWJo Portland Trail Blazers mock drafts + The key to the Damian Lillard and Anfernee Simons pairing https://t.co/wqNwTgrHdB https://t.co/KgeGggtKj1,1519423404692049920,Hoops227_CBB
"Draft Profile: Chet Holmgren has a Rare Blend of NBA-Ready Skills: Photo by Joe Buglewicz/Getty Images  

Gonzaga big man Chet Holmgren has a perfect blend of skill and shot blocking. 

The Portland Trail Blazers’ forgettable 2021-22 season is… https://t.co/16gKs5bHmE #RipCity https://t.co/uXRmGHDMqp",1519406823853371392,RonBohning
"In the Lakers’ opening game of the 1997 NBA Playoffs, Shaquille O’Neal put a big hurt on the Portland Trail Blazers.  https://t.co/kbnXu3Afow",1519406056086159363,LeBron_Wire
"#Portland Trail Blazers: Looking forward to seeing much more of this ... 
 
https://t.co/zfib8Go3RP
 
#Basketball #NationalBasketballAssociation #NBA #NBAWesternConference #NBAWesternConferenceNorthwestDivision #Oregon #PortlandTrailBlazers #TrailBlazers https://t.co/5ufN3RqV2R",1519396481706385411,raw_chili
"#Portland Trail Blazers: Looking forward to ...
 
https://t.co/Qwvtq2o4Zj
 
#NBANorthwest #NBANorthwestDivision #NBAWestern #NBAWesternConference #NBAWesternConferenceNorthwest #NBAWesternConferenceNorthwestDivision #Northwest #NorthwestDivision #Oregon #PortlandTrailBlazers https://t.co/5vc8CfBTGQ",1519390432551133186,LoveNBAcom
"Early Exits Could Present Trade Opportunities: Photo by Maddie Meyer/Getty Images  

The Church of Roy podcast discusses how the current NBA Playoffs could impact the Blazers’ offseason. 

With the NBA Playoffs in full swing, the Church of Roy… https://t.co/gT2lUYTUQ3 #RipCity https://t.co/9LE9dIBhIY",1519346019724529664,RonBohning
The Portland trail blazers is actually had several opportunities to get Charles Barkley. Even draft him when we took Bowie. He was available as was Michael Jordan and others.@RipCityMornings https://t.co/Wqd41rJMiS,1519331333582905347,argoramjet
https://t.co/s3z0MwmjVt 1985 NBA Playoffs G1 227's YouTube Chili' Los Angeles Chili' Lakers #LakeShow Spicy' https://t.co/WEHtanNhbz https://t.co/V0vhTXSooA Spicy' NBA Mix! vs Portland Trail Blazers 2 https://t.co/eeKUmf9LZi https://t.co/v6vxXFGGY0,1519253796181872641,Hoops227_NFL
"#Portland Trail Blazers: Some more ink for your feed 

: @bruceely... 
 
https://t.co/VavAUw6DM9
 
#Basketball #NationalBasketballAssociation #NBA #NBAWesternConference #NBAWesternConferenceNorthwestDivision #Oregon #PortlandTrailBlazers #TrailBlazers https://t.co/E31JGgzJk9",1519195647916003328,raw_chili
"I am sad to see both Portland Trail Blazers trade Norman Powell, Robert Covington to LA Clippers. I hope they are happy. Many trailblazer fans wish management would let a solid team form which takes years in the making. Doing these trades so often  hampers the team to develop.",1519173383170105344,RuthMartinson
"@Donnybaseball8 on that one episode where he picked the Portland Trail Blazers to make the NBA Finals
 
https://t.co/zJlEkkCxyv",1519165525254979585,TubTalkSports
"Flashback: Kyrie Irving's 50 points against the Timberwolves on October 23rd 2019 are the most ever scored by a player on debut with a new team. He surpassed Kiki Vandeweghe who scored 47 points in his debut with the Portland Trail Blazers in 1984.

Incredible!!!! https://t.co/1Nw5kLei5c",1519162655486869504,NBA_FACTS12
This #Blazers-#UtahJazz Trade Sends Rudy Gobert To Portland https://t.co/h77jI7Uujc,1519150127813906433,BlazersNewsApp
"Join me to get free gift cards on @Listia! Use code ""DRRHSF"" for an extra 250 PTS. Just got this with my Points, 1971-72 Topps Dale Schlueter Portland Trail Blazers #76 (SHARP CORNERS ) https://t.co/iwnMyu7KpN",1519140002747326465,DEEBATE26992521
JUSUF NURKIC AUTOGRAPHED PORTLA #autographed https://t.co/De8w93i2Kf,1519121452871606272,AutographDeals1
"#Portland Trail Blazers: Some more ink for ...
 
https://t.co/V9QN7Ko6iH
 
#NBANorthwest #NBANorthwestDivision #NBAWestern #NBAWesternConference #NBAWesternConferenceNorthwest #NBAWesternConferenceNorthwestDivision #Northwest #NorthwestDivision #Oregon #PortlandTrailBlazers https://t.co/WFdDxA1380",1519114113317752832,LoveNBAcom
cc: Portland Trail Blazers https://t.co/Lexof4a7BO,1519103681211293700,EricG_NBA
"Draft Profile: Shaedon Sharpe Offers Significant Upside &amp; Risk: Jordan Prather-USA TODAY Sports  

Shaedon Sharpe is a talented perimeter player with a small sample size. 

The Portland Trail Blazers’ forgettable 2021-22 season is in the books… https://t.co/UoQ6yoXfQQ #RipCity https://t.co/qzxAR7g428",1519088583046443015,RonBohning
DANCE BREAK: Rip City Rhapsody - Portland Trail Blazers https://t.co/Fuo6t382xX,1519084253882961921,pregamemag
"Eastwood Elementary School has earned a $3,000 “Take it to the Court for Education” grant from the Portland Trail Blazers Foundation. The money will be used to purchase bilingual books for their school library. Read more: https://t.co/HdkXjBGkcb https://t.co/EYltGeoeaT",1519082485572767744,hillsboro_sd
"🔴 LIVE

Moda Center, Portland, OR

🚨PLAYOFFS GAME

LOS ANGELES LAKERS
#LakeShow
🆚
PORTLAND TRAIL BLAZERS
#RipCity

#NBA75 @NBAspain @NBA2K @TwitchSIE @GIGANTESbasket @SOSmcWIN @drafteados @SomosXbox @Xbox @Ayuda_Twitch @NBA2KEspana @Xbox_Spain @2K

https://t.co/fQZXYPzoJz",1519056100305379331,ANBA2K
"#Portland Trail Blazers: T- Wat passing ...
 
https://t.co/xzqqHsz4Vu
 
#NBANorthwest #NBANorthwestDivision #NBAWestern #NBAWesternConference #NBAWesternConferenceNorthwest #NBAWesternConferenceNorthwestDivision #Northwest #NorthwestDivision #Oregon #PortlandTrailBlazers https://t.co/VLrrhM4cjh",1519044654607568899,LoveNBAcom
https://t.co/s3z0MwmjVt 1983 Portland Trail Blazers vs 227's YouTube Chili' Los Angeles Chili' Lakers #LakeShow Spicy' https://t.co/WEHtanNhbz https://t.co/V0vhTXSooA Spicy' NBA Mix! https://t.co/0cAuPL3RHH https://t.co/v6vxXFGGY0,1519036760440786944,Hoops227_NFL
https://t.co/s3z0MwmjVt 1985 Playoffs G1 227's YouTube Chili' Los Angeles Chili' Lakers #LakeShow Spicy' https://t.co/WEHtanNhbz https://t.co/V0vhTXSooA Spicy' NBA Mix! vs Portland Trail Blazers 1 https://t.co/r93YspnI9W https://t.co/v6vxXFGGY0,1519036753796993024,Hoops227_NFL
19 Years Ago: Maurice Cheeks Assists National Anthem Singer https://t.co/Q9qtPLFaVL via @Blazersedge,1519019617720541185,tommack
"Does Drew Eubanks Deserve Another Shot with the Blazers?: Troy Wayrynen-USA TODAY Sports  

The young center was the most consistent player during the worst part of Portland’s season. 

The Portland Trail Blazers’ 2021-22 season has come to an… https://t.co/9tDFmmqbvV #RipCity https://t.co/0YQmiVztjv",1519012841897877504,RonBohning
"⛹️‍♂️Stephen Curry Season-High 14 Assists in Win over Portland|Warriors at Trail Blazers 2/24/2022⛹️‍♂️
👇
https://t.co/hKIvO7QJJu

#nba
#バスケットボール
#ValleyProud
#DubNation
#GrzNxtGen
#TakeNote
#MFFL
#LakeShow
#WBD
#RipCity
など
#相互100
#フォロバ100",1519008944626475008,NBAantena
the portland trail blazers. https://t.co/KDcyyo9Isi,1519006770936487936,owentooelve
Josh Hart 2021-22 Season Highlights | Portland Trail Blazers https://t.co/YPCVO2M9iy via @YouTube #RipCity,1518998732401897472,kimmyann1111
"⛹️‍♂️Stephen Curry Season-High 14 Assists in Win over Portland|Warriors at Trail Blazers 2/24/2022⛹️‍♂️
👇
https://t.co/mFcZY6wuYQ

#nba
#バスケットボール
#ValleyProud
#DubNation
#GrzNxtGen
#TakeNote
#MFFL
#LakeShow
#WBD
#RipCity
など
#相互100
#フォロバ100",1518994000002363394,NBAantena
"April 26, 1983: Kareem Abdul-Jabbar sends Wayne Cooper's shot into the stands during Game 2 of the Western Conference Semifinals.

Kareem finished with 37 PTS (15-20 FG)/7 AST/6 REB in the Lakers' 112-106 win over the Portland Trail Blazers.

📼 https://t.co/kVenidB2U5 https://t.co/4hU5WJIvtq",1518966368951054336,NBACobwebs
"Whenever I really want to feel bummed about our Blazers, I think back to just over 4 years ago, a few weeks before the trade deadline, when Dame went straight to Paul and asked about the direction of the team. Dame knew GM Bro wasnt the dude way back then

https://t.co/5FVeZXSgZA",1518963304567296004,evanempdx
"On this day in sports history April 26, the Phoenix Suns defeated the Portland Trail Blazers 3-2 to advance to the 2nd Round of the NBA Playoffs in 1984.",1518950244792287232,NF201111
"19 Years Ago: @trailblazers Coach Maurice Cheeks Assists National Anthem Singer.
https://t.co/bnmyBioZYS",1518949621669969920,Portland_John
Damian Lillard 2020-21 Panini Prizm Fast Break 2012-13 Throwback Silver Disco SP Card #11 Portland Trail Blazers https://t.co/X0TZNLHIEa #eBay,1518949129694715906,BladesBreaks
Teaming Up: Comcast and Portland Trail Blazers Bring Career Fair to Boys and Girls Club #IWorkForComcast https://t.co/lmLlWi2rbD,1518930150271832064,MitziGRussell
"With Maki Itoh and Miyu Yamashita going to Portland 
I wanted to see a picture of Miyu and Itoh rocking Portland Trail Blazers jerseys 
Beacuse reasons",1518907468750938114,ThePtSan
"⛹️‍♂️Stephen Curry Season-High 14 Assists in Win over Portland|Warriors at Trail Blazers 2/24/2022⛹️‍♂️
👇
https://t.co/Rn8igi2Q0X

#nba
#バスケットボール
#ValleyProud
#DubNation
#GrzNxtGen
#TakeNote
#MFFL
#LakeShow
#WBD
#RipCity
など
#相互100
#フォロバ100",1518888134766964736,NBAantena
"⛹️‍♂️Stephen Curry Season-High 14 Assists in Win over Portland|Warriors at Trail Blazers 2/24/2022⛹️‍♂️
👇
https://t.co/HfRWUod4Mq

#nba
#バスケットボール
#ValleyProud
#DubNation
#GrzNxtGen
#TakeNote
#MFFL
#LakeShow
#WBD
#RipCity
など
#相互100
#フォロバ100",1518873057322020865,NBAantena
"Portland Trail Blazers record with Damian Lillard: 395-316 (55.6%)

Portland Trail Blazers record without Damian Lillard: 34-57 (37.4%)

His appearance and leadership is critical for the teams success. https://t.co/6eviIb35kL",1518834270583738369,alsouqi_omar
Man I’m proud of myself. After winning wordle today I recalled that the wordle of the day is the same as the last name as a player from the 90s Portland Trail Blazers,1518806684017209345,drawing_defense
"Trending on r/FantasyLeagues | Analysis from Josh Lloyd, Locked On Fantasy Basketball | Portland Trail Blazers Season Review #NBA #FantasyBasketball https://t.co/B2ojcwpbun",1518798861283774465,rFantasyLeagues
"⛹️‍♂️Stephen Curry Season-High 14 Assists in Win over Portland|Warriors at Trail Blazers 2/24/2022⛹️‍♂️
👇
https://t.co/1YteCHzcmh

#nba
#バスケットボール
#ValleyProud
#DubNation
#GrzNxtGen
#TakeNote
#MFFL
#LakeShow
#WBD
#RipCity
など
#相互100
#フォロバ100",1518797278080815104,NBAantena
"#Portland Trail Blazers: A moment for @antsimons’ playmaking ... 
 
https://t.co/Wy61M3A3wH
 
#Basketball #NationalBasketballAssociation #NBA #NBAWesternConference #NBAWesternConferenceNorthwestDivision #Oregon #PortlandTrailBlazers #TrailBlazers https://t.co/XxceLnoEU4",1518797022433890304,raw_chili
"⛹️‍♂️Stephen Curry Season-High 14 Assists in Win over Portland|Warriors at Trail Blazers 2/24/2022⛹️‍♂️
👇
https://t.co/dJ9S1Mbf06

#nba
#バスケットボール
#ValleyProud
#DubNation
#GrzNxtGen
#TakeNote
#MFFL
#LakeShow
#WBD
#RipCity
など
#相互100
#フォロバ100",1518781942577123332,NBAantena
"Only three teams in NBA playoff history have forced a Game 7 after trailing the series 0-3.

1951 New York Knicks (Finals)
1994 Denver Nuggets (Conference Semis)
2003 Portland Trail Blazers (First Round)

All three teams lost in Game 7, by an average of 9 points.",1518774956653707264,3isthenew1
"Sixers don’t rap this series up , I’m becoming a Portland Trail Blazers fan",1518766974121172993,BrothaShizz
"Target [$14.99]: Funko Portland Trail Blazers NBA Funko POP Vinyl Figure | Damian Lillard

https://t.co/pnnrcPGHyB

More Target Exclusives: https://t.co/OLfWysrQ5Y

#funkopop

⏰ 20:07:28 #ad",1518758628676845569,FunkoDrop
Pervis Ellison with 15 points in Boston Celtics' close fought win against Portland Trail Blazers #NBA #NBA9798,1518754533978959872,nba_nostalgia_
"Ja Morant Wins Most Improved Award; Anfernee Simons Places Eighth: Photo by Justin Ford/Getty Images  

Anfernee Simons has placed eighth in voting for the award previously won by CJ McCollum. 

Portland Trail Blazers guard Anfernee Simons has… https://t.co/wPpaxc36Vw #RipCity https://t.co/odXzTVVeNA",1518740697205026816,RonBohning
"What If The Pelicans-Blazers Trade Never Happened?: Photo by Jonathan Bachman/Getty Images  

Some revisionist history for you. 

If Portland Trail Blazers fans have a rooting interest in the NBA Playoffs, it’s probably for the New Orleans… https://t.co/ByVicN2qP6 #RipCity https://t.co/szQL48kgIl",1518709854935805952,RonBohning
An Indiana Pacers fan claims Portland Trail Blazers center Jusuf Nurkić threw his cellphone into the stands and then the team falsely said the fan insulted the player’s mother and grandmother in an effort to combat negative publicity over the incident. https://t.co/y8y9TCOip8,1518703908130107399,CourthouseNews
"#Portland Trail Blazers: A moment for ...
 
https://t.co/JeuN7KNRJM
 
#NBANorthwest #NBANorthwestDivision #NBAWestern #NBAWesternConference #NBAWesternConferenceNorthwest #NBAWesternConferenceNorthwestDivision #Northwest #NorthwestDivision #Oregon #PortlandTrailBlazers https://t.co/yNDlJ4GyjA",1518699631638630402,LoveNBAcom
"🔴 LIVE

Crypto Arena, Los Ángeles, CA

🚨PLAYOFFS GAME

PORTLAND TRAIL BLAZERS
#RipCity 
🆚
LOS ANGELES LAKERS
#LakeShow

#NBA75 @NBAspain @NBA2K @TwitchSIE @GIGANTESbasket @SOSmcWIN @drafteados @SomosXbox @Xbox @Ayuda_Twitch @NBA2KEspana @Xbox_Spain @2K

https://t.co/fQZXYPzoJz",1518692711066439681,ANBA2K
"On this day in 2011, the Mavs played Game 5 at home in the first round against the Trail Blazers, two nights after blowing a 24-point Game 4 lead in Portland to concede a 2-2 series tie. Mavs would win Game 5 as well as Game 6 later that week to advance to the second round.",1518685978227101696,MavsFilmRoom
"Nets Forward Ben Simmons (Back) Remains Out For Game 4: Photo by Sarah Stier/Getty Images  

The Nets forward’s team debut will have to wait. 

Ben Simmons’ long-awaited Brooklyn Nets debut will have to wait. 

According to ESPN’s Adrian… https://t.co/btY9SuQo2T #RipCity https://t.co/KGHBuw8u0F",1518680066644873216,RonBohning
"Post-Draft Declaration 
2022 NBA Mock Draft:

1. Indiana Pacers- 
Paolo Banchero

2. Detroit Pistons- 
Chet Holmgren

3. Houston Rockets- 
Jabari Smith

4. OKC Thunder- 
Shaedon Sharpe

5. Orlando Magic- 
AJ Griffin

6. Portland Trail Blazers- 
Jaden Ivey",1518669713827450880,whatsontapnba
"[ THREAD ] 🏀🔴⚪️
Today IC presents:
The Portland Trail Blazers, Digging to get Dame back !
#NBAPlayoffs #NBA #basketball @trailblazers https://t.co/X3WC95Mql3",1518666180709474307,Icon_Circus
"Will Trendon Watford Stick with the Blazers?: Raj Mehta-USA TODAY Sports  

No player on the team made more of a broken season than Watford did. 

The Portland Trail Blazers’ 2021-22 season has come to an end. The summer ahead will hold plenty… https://t.co/HwFE3UXjXS #RipCity https://t.co/OswsbBmZ0x",1518665219341389824,RonBohning
"19 Years Ago: Maurice Cheeks Assists National Anthem Singer: Photo by Jesse D. Garrabrant/NBAE via Getty Images  

After trailing 2-0 to the Dallas Mavericks, the 2002-03 Portland Trail Blazers were looking to grab a game back in the playoff… https://t.co/nADFjIjKoT #RipCity https://t.co/3EpYAG8Dnu",1518650375582076928,RonBohning
"Question Of The Day: What is Allen Iverson’s career-high number of points scored against the Portland Trail Blazers?
A. 38
B. 40
C. 42
D. 44
The answer will be announced tonight. https://t.co/fFU5b8QBY4",1518649492601516032,LoneStarChamp
NBA Rumors: 2 Trade Packages To Send Damian Lillard To Lakers https://t.co/ibdddScZuk,1518635753164529665,Rima76019904
"In the Lakers’ opening game of the 1997 NBA Playoffs, Shaquille O’Neal put a big hurt on the Portland Trail Blazers.  https://t.co/Ar0KYshqTO",1518592298879266818,LeBron_Wire
https://t.co/s3z0MwmjVt NBA 2K22 All-Time Tournament - LA Lakers vs. Portland Trail Blazers [1080p 60 FPS] https://t.co/M5y2IWOGHd https://t.co/v6vxXFGGY0,1518592052031746048,Hoops227_NFL
"On this day in sports history April 25, the Portland Trail Blazers defeated the Dallas Mavericks 3-1 to advance to the 2nd Round of the NBA Playoffs in 1985.",1518552562181750784,NF201111
"With CJ McCollum shipped off to New Orleans and the Trail Blazers yet to name a permanent general manager, a lot of questions remain about the trajectory of Lillard in Portland.",1518525320940646400,wearetheelite4
This is the first time since 2013 that Damian Lilliard and the Portland Trail Blazers are missing the NBA playoffs.,1518525303798509568,AliBouhlel4
"Skull Portland Trail Blazers NBA Hawaiian Shirt
Buy here: https://t.co/Nr43p2uIFv
#Skull #PortlandTrailBlazers #NBA #HawaiianShirt https://t.co/7Xwu9WtLzB",1518447210517598208,gethighshirt
"The nets to trade Kyrie Irving to the Portland Trail Blazers for Damian Lillard, and the Lakers should trade Russell Westbrook to the Chicago Bulls for Lonzo Ball",1518437541174595585,PolkJohnpolkjr
"We need to get Ben ""always run from the grind"" Simmons to Portland next year to join Damian ""never run from the grind"" Lillard and bring balance back to the Portland Trail Blazers. https://t.co/STGhg6lwLN",1518431893414326272,trealdirtydan
"#Portland Trail Blazers:  This Date in ##NBA75 Playoff History! 

3 years ago today ... 
 
https://t.co/MLhNRjkibT
 
#Basketball #NationalBasketballAssociation #NBA #NBAWesternConference #NBAWesternConferenceNorthwestDivision #Oregon #PortlandTrailBlazers #TrailBlazers https://t.co/p62MpRL8qi",1518395376046419969,raw_chili
"4/24/84 – The Trail Blazers tied the First Round w/the #Suns in Phoenix 2-2 when rook Clyde Drexler (18min, 10p/1r/2a) hit 2FTs w/9sec left &amp; Walter Davis (29p/2r/7a) airballed a last sec. 3pt attempt for a 113-110 Portland win. Game 5: In PORT. Lucas: 23p/10r/5a. #RallyTheValley https://t.co/KX8VB74xER",1518379268027432964,AZSportsHistory
"⛹️‍♂️Stephen Curry Season-High 14 Assists in Win over Portland|Warriors at Trail Blazers 2/24/2022⛹️‍♂️
👇
https://t.co/xVico6sfhT

#nba
#バスケットボール
#ValleyProud
#DubNation
#GrzNxtGen
#TakeNote
#MFFL
#LakeShow
#WBD
#RipCity
など
#相互100
#フォロバ100",1518342890698727425,NBAantena
"Trail #Blazers History: Brandon Roy Makes Valiant Return To Beat #Suns, Even Playoff Series https://t.co/wIPYRfawqK",1518334283311689734,BlazersNewsApp
"⛹️‍♂️Stephen Curry Season-High 14 Assists in Win over Portland|Warriors at Trail Blazers 2/24/2022⛹️‍♂️
👇
https://t.co/cljOouJBr1

#nba
#バスケットボール
#ValleyProud
#DubNation
#GrzNxtGen
#TakeNote
#MFFL
#LakeShow
#WBD
#RipCity
など
#相互100
#フォロバ100",1518312674072965120,NBAantena
https://t.co/gnmqg3dWJo Nassir Little 2021-22 Season Highlights | Portland Trail Blazers https://t.co/7V5dWCzXTp https://t.co/KgeGggtKj1,1518285163477708800,Hoops227_CBB
"⛹️‍♂️Stephen Curry Season-High 14 Assists in Win over Portland|Warriors at Trail Blazers 2/24/2022⛹️‍♂️
👇
https://t.co/jNgJ9xdW6S

#nba
#バスケットボール
#ValleyProud
#DubNation
#GrzNxtGen
#TakeNote
#MFFL
#LakeShow
#WBD
#RipCity
など
#相互100
#フォロバ100",1518267373912223744,NBAantena
"⛹️‍♀️Stephen Curry Season-High 14 Assists in Win over Portland|Warriors at Trail Blazers 2/24/2022⛹️‍♂️
👇
https://t.co/Abw1uqlTKT

#basketball
#NBA
#WNBA
#followforfollow
#followback
#follow4follow
#fff
#f4f
#NBA75",1518253462747762690,basket_antenna
"⛹️‍♂️Stephen Curry Season-High 14 Assists in Win over Portland|Warriors at Trail Blazers 2/24/2022⛹️‍♂️
👇
https://t.co/C0XVhLj7O1

#nba
#バスケットボール
#ValleyProud
#DubNation
#GrzNxtGen
#TakeNote
#MFFL
#LakeShow
#WBD
#RipCity
など
#相互100
#フォロバ100",1518252273058684928,NBAantena
"April 24, 1977: Portland’s Lionel Hollins drills a half court (2-point) shot at the third quarter buzzer in Game 3 of the Western Conference Semifinals.

Trail Blazers 110, Nuggets 106.
📼 https://t.co/AmgmWcw7EM https://t.co/soXO3Z58Fq",1518246369747775488,NBACobwebs
"⛹️‍♀️Stephen Curry Season-High 14 Assists in Win over Portland|Warriors at Trail Blazers 2/24/2022⛹️‍♂️
👇
https://t.co/gohv3Ul4tc

#basketball
#NBA
#WNBA
#followforfollow
#followback
#follow4follow
#fff
#f4f
#NBA75",1518238358862012416,basket_antenna
"⛹️‍♂️Stephen Curry Season-High 14 Assists in Win over Portland|Warriors at Trail Blazers 2/24/2022⛹️‍♂️
👇
https://t.co/c0SPJF6rgA

#nba
#バスケットボール
#ValleyProud
#DubNation
#GrzNxtGen
#TakeNote
#MFFL
#LakeShow
#WBD
#RipCity
など
#相互100
#フォロバ100",1518237173920768003,NBAantena
"⛹️‍♀️Stephen Curry Season-High 14 Assists in Win over Portland|Warriors at Trail Blazers 2/24/2022⛹️‍♂️
👇
https://t.co/BFWiZ6poHW

#basketball
#NBA
#WNBA
#followforfollow
#followback
#follow4follow
#fff
#f4f
#NBA75",1518223266967846913,basket_antenna
