full_text,tweet_id,screen_name
"Headlines: Clay Aiken campaigns for Congress with Ruben Studdard, David Archuleta returns to American Idol? Wendy Moten chats with Bobby Bones.

https://t.co/Tyki7ENVjm https://t.co/BoOBW8RLMq",1520905736729284609,mjsbigblog
"All these choir type songs na bread and butter for progress. 

Same way he rinsed that Ruben Studdard’s song.",1520833701965406210,Juzt_Courage
Ruben Studdard - Sorry 2004,1520828571224317954,social_groove
What happen to Ruben Studdard,1520799143043772418,traa214
Alvin Garrett f. Ruben Studdard - By Myself (Radio Edit),1520784997497585665,party_basement
"Now Playing Ruben Studdard - We Have Not Forgotten 24/7 Gospel Music, Preaching &amp; Teaching",1520776845595185153,GMNFlagship
"#NowPlaying On Triumphant Radio : RUBEN STUDDARD I NEED AN ANGEL by THE BEST OF GOSPEL listen at https://t.co/nCk8FU22Ap download App 
 Buy song https://t.co/ChaZlGQaL8 https://t.co/APH2Lfwo6E",1520759009871122436,TriumphantRadio
"🚨 P l A y i n G: Don't Give Up by Ruben Studdard 🎈 https://t.co/rLDVxwlFIu |Music for your mind, body &amp; soul https://t.co/55RkrJuAXF",1520693287518101505,SoulFoodGRadio
01-05-2022 08:21:31 https://t.co/CSk40D02Wl #BlastIndieRadio 🔊 Ruben Studdard - I Need An Angel,1520664846416629760,BlastIndieRadio
01-05-2022 08:21:01 https://t.co/CSk40D02Wl #BlastIndieRadio 🔊 Ruben Studdard - I Need An Angel,1520664718796546050,BlastIndieRadio
01-05-2022 08:20:31 https://t.co/CSk40D02Wl #BlastIndieRadio 🔊 Ruben Studdard - I Need An Angel,1520664595295256576,BlastIndieRadio
01-05-2022 08:20:01 https://t.co/CSk40D02Wl #BlastIndieRadio 🔊 Ruben Studdard - I Need An Angel,1520664467654258689,BlastIndieRadio
01-05-2022 08:19:31 https://t.co/CSk40D02Wl #BlastIndieRadio 🔊 Ruben Studdard - I Need An Angel,1520664344186527749,BlastIndieRadio
01-05-2022 08:19:01 https://t.co/CSk40D02Wl #BlastIndieRadio 🔊 Ruben Studdard - I Need An Angel,1520664216541306880,BlastIndieRadio
"Ain’t that nigga Ruben studdard at chatt state teaching or some shit now? 

Whatever happened to that ?",1520614360468443137,LBl00mer
01-05-2022 03:51:01 https://t.co/CSk40D02Wl #BlastIndieRadio 🔊 Ruben Studdard - I Need An Angel,1520596769691873283,BlastIndieRadio
01-05-2022 03:50:32 https://t.co/CSk40D02Wl #BlastIndieRadio 🔊 Ruben Studdard - I Need An Angel,1520596646123520002,BlastIndieRadio
01-05-2022 03:50:01 https://t.co/CSk40D02Wl #BlastIndieRadio 🔊 Ruben Studdard - I Need An Angel,1520596518461480962,BlastIndieRadio
01-05-2022 03:49:32 https://t.co/CSk40D02Wl #BlastIndieRadio 🔊 Ruben Studdard - I Need An Angel,1520596394960162819,BlastIndieRadio
01-05-2022 03:49:01 https://t.co/CSk40D02Wl #BlastIndieRadio 🔊 Ruben Studdard - I Need An Angel,1520596267386261505,BlastIndieRadio
01-05-2022 03:48:32 https://t.co/CSk40D02Wl #BlastIndieRadio 🔊 Ruben Studdard - I Need An Angel,1520596143893327872,BlastIndieRadio
01-05-2022 03:48:01 https://t.co/CSk40D02Wl #BlastIndieRadio 🔊 Ruben Studdard - I Need An Angel,1520596016290050051,BlastIndieRadio
01-05-2022 03:47:32 https://t.co/CSk40D02Wl #BlastIndieRadio 🔊 Ruben Studdard - I Need An Angel,1520595892709036032,BlastIndieRadio
01-05-2022 03:47:02 https://t.co/CSk40D02Wl #BlastIndieRadio 🔊 Ruben Studdard - I Need An Angel,1520595765130895362,BlastIndieRadio
"Simon is cool. You know, it's different if you ever see him around his mom. He acts totally different. - Ruben Studdard #QotD #QuoteOfTheDay",1520527529924341764,InternetFount
"&gt;&gt;#Democratic candidate for #Congress, former @AmericanIdol  star @ClayAiken performs in #Durham alongside @RubenStuddard :: https://t.co/nA5AumHHbg https://t.co/rczXVq20Ov #NorthCarolina #ncpol #nc04 #politics",1520523166489055232,dakota2424
#NowPlaying Ruben Studdard - They Long To Be (Close To You) via https://t.co/ACD0JQ02P6,1520478370831679489,liveway
TREASURE : PARK JEONG WOO - SUPERSTAR (Ruben Studdard Cover.) https://t.co/YfhOlwZsDv - @YouTube,1520475093301747713,hwnyjjang
TREASURE : PARK JEONG WOO - SUPERSTAR (Ruben Studdard Cover.) https://t.co/uHMAqMQ21u - @YouTube,1520472085382168576,ChezMi_twt
"HOW MANY OF YOUR FAVES HAVE SANG ""FLYING WITHOUT WINGS"" ON STAGE WITH AMERICAN IDOL SEASON TWO WINNER RUBEN STUDDARD? HUH? https://t.co/yqzRziMNeg",1520468207274012676,CarmenMChilders
Ruben Studdard - Sorry 2004,1520464204083470339,MonumentMondial
This is a hilarious poster. Mandel is insanely still claiming that the Con-Man won despite all evidence to the contrary and who actually cares with all that is going on in the world? It is like staking your campaign on Clay Aiken beat Ruben Studdard in Season 2 of American Idol. https://t.co/bHKo2wdJiH,1520455820089204737,clevjustice
"Segunda feira tem David Cook &amp; Kris Allen + Lauren Alaina &amp; Scooty McCreery + Jordin Sparks &amp; Ruben Studdard

No especial de 20 anos do American Idol!",1520442049056722944,wes_paiva
"MP3 Downloads ,Click here to send Ruben Studdard polyphonic ringtone to your cell phone.  #GHC #GHCArmy #GalaxyHeroesCoin!7",1520437472693391360,amrageshea
"Now Playing Ruben Studdard - Ain't No Need to Worry 24/7 Gospel Music, Preaching &amp; Teaching",1520370350143553537,GMNFlagship
Ruben Studdard - Unconditional https://t.co/Z3HfUDmIWH,1520275518712602624,TheJazzvnu
Ruben Studdard - Change Me,1520272296228921344,social_groove
"#NowPlaying Love Him Like I Do by Ruben Studdard, Deitrick Haddon &amp; Mary Mary on #WNIAGospelRadio #DeitrickHaddon #ListenLive https://t.co/rq3bHn2JfF | WE ARE ON THE TUNEIN APP! https://t.co/YFTi6YGH9l",1520271275368730624,NiaRadioNetwork
"Heyyyy it's my girl Little Kim, what's going on Kim? Nothing girl,I'm just in the neighborhood stopping by for some drinks and some dinner? Cool lol) how's biggie? He's at the studio with Junior Mafia total 112 The fat boys loon mase Ruben studdard they're collaborating https://t.co/Yeu3OOkEgA",1520251007871209472,AnubisThoth
"#NowPlaying Deitrick Haddon, Ruben Studdard, Mary Mary - Love Him Like I Do (Official Video) (2)",1520216896406269953,Anthony87311024
Nathan East - Why Not This Sunday (feat. Ruben Studdard) https://t.co/Z3HfUDmIWH,1520180619149520896,TheJazzvnu
"Deitrick Haddon, Ruben Studdard &amp; Mary Mary - Love Him Like I Do",1520137708550635521,purpose_kingdom
29-04-2022 20:35:31 https://t.co/CSk40D02Wl #BlastIndieRadio 🔊 Ruben Studdard - I Need An Angel,1520124769932304384,BlastIndieRadio
29-04-2022 20:35:01 https://t.co/CSk40D02Wl #BlastIndieRadio 🔊 Ruben Studdard - I Need An Angel,1520124642261979138,BlastIndieRadio
29-04-2022 20:34:32 https://t.co/CSk40D02Wl #BlastIndieRadio 🔊 Ruben Studdard - I Need An Angel,1520124518651637766,BlastIndieRadio
29-04-2022 20:34:01 https://t.co/CSk40D02Wl #BlastIndieRadio 🔊 Ruben Studdard - I Need An Angel,1520124390993707008,BlastIndieRadio
29-04-2022 20:32:01 https://t.co/CSk40D02Wl #BlastIndieRadio 🔊 Ruben Studdard - I Need An Angel,1520123887496871942,BlastIndieRadio
29-04-2022 20:31:32 https://t.co/CSk40D02Wl #BlastIndieRadio 🔊 Ruben Studdard - I Need An Angel,1520123763827908613,BlastIndieRadio
"Now Playing Ruben Studdard - I Need An Angel 24/7 Gospel Music, Preaching &amp; Teaching",1520095110322659333,GMNFlagship
Not my cousin texting the group chat at 6:57am asking if we want to go see Ruben Studdard https://t.co/djZUlJWBDg,1520020909721104385,krys_only1me
Ruben Studdard - Sorry 2004,1519956265467891713,adlradio
"When Ruben Studdard said “its like trying to propose and I forgot the ring ( I’m sorry)”
Nigga how you forget the ring",1519903977806123008,_iPlay4Keeps
Quantity of ideas leads to real success rather than careers like Ruben Studdard's or what's-her-name's.,1519849552874020865,realadamhorne
29-04-2022 01:41:32 https://t.co/CSk40D02Wl #BlastIndieRadio 🔊 Ruben Studdard - I Need An Angel,1519839380998926336,BlastIndieRadio
29-04-2022 01:39:02 https://t.co/CSk40D02Wl #BlastIndieRadio 🔊 Ruben Studdard - I Need An Angel,1519838750985043969,BlastIndieRadio
Ruben Studdard - Sorry 2004,1519717525378023425,social_groove
Here we are in 2022 and I’m still singing Sorry 2004 by Ruben Studdard lmao,1519707424965505024,kellixtina
"#NowPlaying Deitrick Haddon, Ruben Studdard, Mary Mary - Love Him Like I Do (Official Video) (2)",1519701004509491204,Anthony87311024
Can we discuss Ruben Studdard Sorry for 2004 and how lovely that song is.,1519692733362970624,EzETheTruth
Is Ruben Studdard still sorry for 2004?,1519670428788273152,NorrisjohnsonII
#NowPlaying Ruben Studdard - Get You Loose https://t.co/P28YyVsttS,1519545726568648704,RadioRtrp
"Deitrick Haddon, Ruben Studdard &amp; Mary Mary - Love Him Like I Do",1519509124039557120,purpose_kingdom
"🚨 P l A y i n G: Center Of My Joy by Ruben Studdard 🎈 https://t.co/rLDVxwlFIu |Music for your mind, body &amp; soul https://t.co/7Mlp0lpogQ",1519498281176518657,SoulFoodGRadio
Ruben Studdard Meant To Be,1519495466043555840,TheSoulEmporium
"🚨 P l A y i n G: Ain't No Need To Worry by Ruben Studdard 🎈 https://t.co/rLDVxwlFIu |Music for your mind, body &amp; soul https://t.co/wFexlt8AkE",1519475566843465728,SoulFoodGRadio
Ruben Studdard - We Have Not Forgotten (Ft. Fred Hammond) (Bonus) : #NowPlaying On https://t.co/AZCtyWN2BC - Fred Hammond/Noel Hall,1519474037634011137,msruck
"Artist: Ruben Studdard Lyrics ,Song: Imagine Lyrics ,MP3 Downloads ,Click here to send Ruben Studdard polyphonic ringtone to your cell phone. ,Imagine theres no heaven ,follow me #GHC #GHCArmy #GalaxyHeroesCoin!14",1519473045051965440,hali44700459
Ruben Studdard - Sorry 2004 🥺😭❤️,1519467742784475136,natasha_davids
#nowplaying Ruben Studdard - What If,1519438411328761856,thedetour
"I’m getting bombarded by emails, texts &amp; mail pieces…Early Voting begins tmrw in NC🎉🎉 #VOTE

(NOT an endorsement) THIS one caught my eye:
Hey Julie, Want to join us for an event this Sat, April 30 to support Durham County with Ruben Studdard and Clay Aiken? text STOP to optout https://t.co/glSYgmPCMj",1519430319165878275,JulieRobinsonNC
"🚨 P l A y i n G: I Need An Angel by Ruben Studdard 🎈 https://t.co/rLDVxwlFIu |Music for your mind, body &amp; soul https://t.co/uSeURuw4eu",1519423370806403075,SoulFoodGRadio
Ruben Studdard change me will always be my jam ♥️♥️♥️🙌🏾,1519416366452908035,SweetLovePD
"Tevin Campbell, Avery Wilson, Brian McKnight, Dave Hollister, Ruben Studdard, Luther Vandross, Usher, MJ, Stevie, Sam Cooke, Tank, Joe, Michael Bolton, Boyz 2 Men, K-Ci, Marvin, Teddy. https://t.co/wSLDDqBkhy",1519408494025265160,QueenCcxoxo
Ruben Studdard - We Have Not Forgotten (Ft. Fred Hammond) (Bonus) : #NowPlaying On https://t.co/AZCtyX45DC - Fred Hammond/Noel Hall,1519404073514008576,msruck
27-04-2022 18:38:01 https://t.co/CSk40D02Wl #BlastIndieRadio 🔊 Ruben Studdard - I Need An Angel,1519370396591661058,BlastIndieRadio
27-04-2022 18:37:32 https://t.co/CSk40D02Wl #BlastIndieRadio 🔊 Ruben Studdard - I Need An Angel,1519370277116944394,BlastIndieRadio
27-04-2022 18:35:32 https://t.co/CSk40D02Wl #BlastIndieRadio 🔊 Ruben Studdard - I Need An Angel,1519369772399566848,BlastIndieRadio
27-04-2022 18:35:02 https://t.co/CSk40D02Wl #BlastIndieRadio 🔊 Ruben Studdard - I Need An Angel,1519369643898593282,BlastIndieRadio
I hope Ruben Studdard is having a good day,1519332299174821889,naziaperry
#NowPlaying Can I Get Your Attention by Ruben Studdard (Feat Pretty Tony) on https://t.co/4rAFXU4ggn,1519322884908273665,BlackSoulRhythm
"I've run out of answers I've run out of time
And I'm so confused that I'm losin' my mind
It's gonna take a miracle to help me this time
I'm traveling a road that has not one sign

Ruben Studdard 💖 https://t.co/ApWYh7SRSA",1519301001295151105,muunachimso
"I've run out of answers, I've run out of time
I'm so confused that I'm losin' my mind
It's gonna take a miracle to help me this time
I'm traveling a road that has not one sign.
I need an Angel- Ruben Studdard 🎵🎵🎵",1519271328288755712,joelmaiwada
would you go see Ruben Studdard sing Luther Vandross music? he's playing at the Keswick and https://t.co/BGGgxY1IPh,1519269743886323713,lepetitereboot
On Air Now Home by Dj SharonG is now playing: Ruben Studdard #yousoulfoodformusic #thestationforeverygeneration #gsmelodycafe https://t.co/59z3B2o4eZ,1519223627656347649,GsMelodyCafe
"MP3 Downloads ,Click here to send Ruben Studdard polyphonic ringtone to your cell phone. ,Imagine theres no heaven ,just do it #GHC #GHCArmy #GalaxyHeroesCoin!84",1519215424553971712,xingche61954259
"Deitrick Haddon, Ruben Studdard &amp; Mary Mary - Love Him Like I Do",1519186444044095489,purpose_kingdom
27-04-2022 03:19:31 https://t.co/CSk40D02Wl #BlastIndieRadio 🔊 Ruben Studdard - I Need An Angel,1519139241351172098,BlastIndieRadio
27-04-2022 03:18:31 https://t.co/CSk40D02Wl #BlastIndieRadio 🔊 Ruben Studdard - I Need An Angel,1519138990082998272,BlastIndieRadio
27-04-2022 03:18:01 https://t.co/CSk40D02Wl #BlastIndieRadio 🔊 Ruben Studdard - I Need An Angel,1519138862454517769,BlastIndieRadio
27-04-2022 03:17:31 https://t.co/CSk40D02Wl #BlastIndieRadio 🔊 Ruben Studdard - I Need An Angel,1519138738865065984,BlastIndieRadio
27-04-2022 03:17:01 https://t.co/CSk40D02Wl #BlastIndieRadio 🔊 Ruben Studdard - I Need An Angel,1519138611211423746,BlastIndieRadio
27-04-2022 03:16:31 https://t.co/CSk40D02Wl #BlastIndieRadio 🔊 Ruben Studdard - I Need An Angel,1519138487596896257,BlastIndieRadio
"Check out Make Durham Better Rally with Clay Aiken, Ruben Studdard, &amp; Quiana Parler: https://t.co/FOwpAa2ihR //#NC04",1519133437243707392,JesyQ
"ruben studdard really said “this is my sorry for 2004, and i ain’t gonna mess up no more… *THIS YEAR*” lmfaoo",1519121195836522496,CruelSummer_
"I wonder if Ruben Studdard still recording, bruh was nice",1519110194244038658,quezxx
Niggas said my boy got the Ruben Studdard jeans https://t.co/fgYf7aFnZW,1519038815209508866,BipolarBack
26-04-2022 20:21:01 https://t.co/CSk40D02Wl #BlastIndieRadio 🔊 Ruben Studdard - I Need An Angel,1519033917109682178,BlastIndieRadio
26-04-2022 20:20:01 https://t.co/CSk40D02Wl #BlastIndieRadio 🔊 Ruben Studdard - I Need An Angel,1519033665786978306,BlastIndieRadio
26-04-2022 20:19:01 https://t.co/CSk40D02Wl #BlastIndieRadio 🔊 Ruben Studdard - I Need An Angel,1519033414426501120,BlastIndieRadio
26-04-2022 20:17:31 https://t.co/CSk40D02Wl #BlastIndieRadio 🔊 Ruben Studdard - I Need An Angel,1519033038121934850,BlastIndieRadio
26-04-2022 20:17:01 https://t.co/CSk40D02Wl #BlastIndieRadio 🔊 Ruben Studdard - I Need An Angel,1519032910359285762,BlastIndieRadio
".#NP Love Him Like I Do - Deitrick Haddon, Ruben Studdard &amp; Mary Mary » Listen 24x7 to #GospelMusic at https://t.co/bFkAEzQR8n! #BGRLive
 » Get this song: https://t.co/tyNiowdM9B https://t.co/I6aS5oHeZA",1519024063599071235,BlkGospelRadio
"MUSIC: Darrell Scott / Me &amp; David Burney, Wiley Plays Willie, Make Durham Better Rally: Clay Aiken, Ruben Studdard, &amp; Quiana Parler, Good Rocking Sam🎵 - https://t.co/yyxJbbUo7U",1519017085921337344,Bluenotegrill
Let’s gooooooo @Ruben_Studdard https://t.co/fKIsqy0cpy,1519014623265009664,torre_go
"I’d like to thank my Mom, the best campaign manager there is #WebbyWinner 🥹 https://t.co/5cNnJ3cO7M",1519002089992585216,Ruben_Studdard
"Nobody:

Me randomly @ 12:45 in the afternoon:

“Where tf is Ruben Studdard?” https://t.co/2fpQGnx8KJ",1518994478589227008,Occultesss
"#GMW Recap: @RubenStuddard talks @CityWineryDC gigs, new music and @AmericanIdol days @ItsBrittWaters @ItsKiddOShea https://t.co/I7MtMb8ryN",1518981440217702400,abc7gmw
I can finally say this on the twitta without fear...Clay Aiken was better than Ruben Studdard ...,1518971042424926208,deanofsection45
#NP on #onlineRRRadio Ruben Studdard (.@RubenStuddard) - Cant Nobody Love https://t.co/2as9eRFIkO,1518923129980178434,onlineRRRadio
#NP on #onlineRRRadio Ruben Studdard - Why You Wanna Treat Me LIke Tha https://t.co/2as9eRFIkO,1518922164874973184,onlineRRRadio
"Deitrick Haddon, Ruben Studdard &amp; Mary Mary - Love Him Like I Do",1518869353705451521,purpose_kingdom
"Now Playing Ruben Studdard - I Need An Angel 24/7 Gospel Music, Preaching &amp; Teaching",1518867908495089666,GMNFlagship
TREASURE : PARK JEONG WOO - SUPERSTAR (Ruben Studdard Cover.) https://t.co/Rk2uojuPUK ผ่าน @YouTube,1518866382871736320,4everwupi
26-04-2022 08:29:01 https://t.co/CSk40D02Wl #BlastIndieRadio 🔊 Ruben Studdard - I Need An Angel,1518854729857744896,BlastIndieRadio
26-04-2022 08:27:31 https://t.co/CSk40D02Wl #BlastIndieRadio 🔊 Ruben Studdard - I Need An Angel,1518854355239280641,BlastIndieRadio
26-04-2022 08:26:01 https://t.co/CSk40D02Wl #BlastIndieRadio 🔊 Ruben Studdard - I Need An Angel,1518853976480964608,BlastIndieRadio
Ruben Studdard - We Have Not Forgotten (Ft. Fred Hammond) (Bonus) : #NowPlaying On https://t.co/AZCtyX45DC - Fred Hammond/Noel Hall,1518822795664191488,msruck
"And the world will live as one ,Artist: Ruben Studdard Lyrics ,Song: Imagine Lyrics  #GHC #GHCArmy #GalaxyHeroesCoin!83",1518817180535582720,xpqv9
"🚨 P l A y i n G: Center Of My Joy by Ruben Studdard 🎈 https://t.co/rLDVxwlFIu |Music for your mind, body &amp; soul https://t.co/TTvTwcR8aF",1518796709924683777,SoulFoodGRadio
"🚨 P l A y i n G: Amazing Grace by Ruben Studdard 🎈 https://t.co/rLDVxwlFIu |Music for your mind, body &amp; soul https://t.co/IQ4s4K3HQi",1518750045067165697,SoulFoodGRadio
I believe that Ruben Studdard has the best cover of Flying Without Wings.,1518701794980937728,OgbeniOlufemi
25-04-2022 20:41:31 https://t.co/CSk40D02Wl #BlastIndieRadio 🔊 Ruben Studdard - I Need An Angel,1518676677823545344,BlastIndieRadio
25-04-2022 20:41:01 https://t.co/CSk40D02Wl #BlastIndieRadio 🔊 Ruben Studdard - I Need An Angel,1518676550102794240,BlastIndieRadio
25-04-2022 20:39:31 https://t.co/CSk40D02Wl #BlastIndieRadio 🔊 Ruben Studdard - I Need An Angel,1518676175094169602,BlastIndieRadio
25-04-2022 20:39:01 https://t.co/CSk40D02Wl #BlastIndieRadio 🔊 Ruben Studdard - I Need An Angel,1518676047440584706,BlastIndieRadio
25-04-2022 20:38:01 https://t.co/CSk40D02Wl #BlastIndieRadio 🔊 Ruben Studdard - I Need An Angel,1518675795803361282,BlastIndieRadio
Artist: Ruben Studdard Lyrics  #GHC #GHCArmy #GalaxyHeroesCoin!44,1518631806815260672,Beckett13022219
"Are u finished drinking ur smoothie in stuff? Yea ,u got a like from Ruben studdard, so lol .... don't be mean...I'm ur #1 fan ....u making mya super mad lol ...so https://t.co/XkjSmVvmg4",1518460221772943360,AnubisThoth
Ruben Studdard - What If https://t.co/gtJIjsqDg1 via @imstylesroyal https://t.co/RlN6G561Uo,1518427496944918529,imstylesroyal
25-04-2022 04:07:01 https://t.co/CSk40D02Wl #BlastIndieRadio 🔊 Ruben Studdard - I Need An Angel,1518426395344527360,BlastIndieRadio
25-04-2022 04:06:01 https://t.co/CSk40D02Wl #BlastIndieRadio 🔊 Ruben Studdard - I Need An Angel,1518426144185405445,BlastIndieRadio
25-04-2022 04:05:31 https://t.co/CSk40D02Wl #BlastIndieRadio 🔊 Ruben Studdard - I Need An Angel,1518426016456265728,BlastIndieRadio
25-04-2022 04:05:01 https://t.co/CSk40D02Wl #BlastIndieRadio 🔊 Ruben Studdard - I Need An Angel,1518425888827793408,BlastIndieRadio
25-04-2022 04:04:31 https://t.co/CSk40D02Wl #BlastIndieRadio 🔊 Ruben Studdard - I Need An Angel,1518425765334896641,BlastIndieRadio
25-04-2022 04:03:01 https://t.co/CSk40D02Wl #BlastIndieRadio 🔊 Ruben Studdard - I Need An Angel,1518425386434052097,BlastIndieRadio
"if a nigga start singing some Luther Vandross or Ruben Studdard to you, he in love and don’t question that shit",1518401616336015362,dez33d
The bar I’m at rn  is playing Ruben Studdard’s “Sorry 2004” 😭😭😭😭😭,1518380757122793473,ratedRIAN
"#NowPlaying Deitrick Haddon, Ruben Studdard, Mary Mary - Love Him Like I Do (Official Video) (2)",1518372487016468480,Anthony87311024
"Kelly Clarkson is 40 today.

One of my wife's favorites. We saw her at an outdoor concert and she was great.

Story time: When my wife tried out for Idol S2 (before I met her), the producers said they liked her but she reminded them too much of Kelly.

S2 winner: Ruben Studdard. https://t.co/2HbTQzyJzd",1518369602769674240,joe_manniello
If Tory is guilty he needs to make “im sorry 2022” on a Ruben studdard drill beat,1518352521005309952,Rebelraw
"MP3 Downloads ,Click here to send Ruben Studdard polyphonic ringtone to your cell phone. ,Imagine theres no heaven  #GHC #GHCArmy #GalaxyHeroesCoin!52",1518335262883192833,amrageshea
