full_text,tweet_id,screen_name
"If the ping pong balls bounce the right way, the San Antonio Spurs will have an opportunity to draft Paolo Banchero. Here's why they'd jump at that chance: https://t.co/AoR4WQOCye",1520914705014874113,spurstalkdotcom
Being a San Antonio Spurs fan and hearing Warriors fans complain about refs then I get PSTD lol. When I remember Zaza Pachulia then my heart come 🤦🏾‍♂️,1520883697448361985,myers_dapper
@CSmoove_Sports they keep saying physicality doesn't matter in league but Lakers made the finals an heat made the finals were physical the raptors and Golden State were physical Phoenix and Milwaukee were physical the San Antonio Spurs were physical that Celtics team was physical,1520871572407476224,blakjordanbreen
"https://t.co/AQJE5HbFPI NBA Playoffs WCR1 G4 San Antonio Spurs at 227's YouTube Chili' Phoenix Chili' Suns #WeAreTheValley https://t.co/8jFVPidAiV Spicy' https://t.co/vv8x1BgBPu Spicy' NBA Mix!, April 27, 2003 https://t.co/NbyDy6z1Z0 https://t.co/v6vxXFGGY0",1520865539421138944,Hoops227_NFL
"This #Bucks squad is this generations San Antonio Spurs. 

Consistently underrated b/c of low key personalities and style of play. 

 https://t.co/qKtQfsOwTK",1520853841218097152,TheHoopChron
Grant Williams has all the makings of an early 2000s San Antonio Spurs player.,1520847521026871299,BoNaFidDe
San Antonio Spurs time do amor https://t.co/GXNctVxSS3,1520828473245380608,brendsroggen
"May 1, 1993: With the help of Clifford Robinson (6 BLK), Portland's deep backcourt took over down the stretch in Game 2’s comeback win against San Antonio.

Terry Porter (20 PTS)
Rod Strickland (11 PTS/9 AST/8 REB)
Clyde Drexler (21 PTS)
Mario Elie (14 PTS)

Blazers 105, Spurs 96 https://t.co/wyvft3uG60",1520785518983798785,NBACobwebs
"San Antonio #Spurs: new @spurscoyote just dropped, heard it's sensational ... 
 
https://t.co/U5MVdsVFZq
 
#Basketball #NationalBasketballAssociation #NBA #NBAWesternConference #NBAWesternConferenceSouthwestDivision #SanAntonio #SanAntonioSpurs #Texas https://t.co/V9hHay3UJp",1520784115255152641,raw_chili
"(1/3)
Ten years ago this month, this Twitter account began following a San Antonio Spurs playoff run -- #GoSpursGo -- and would chronicle a long-awaited return to S.A.  ('twas the first visit in 29 years!) after my family and I resided in The Alamo City in the early 1980s.",1520778820839743488,dougmorrisgames
San Antonio Spurs Josh Richardson and Josh Primo on Driving in San Anton... https://t.co/YJOxQpc4r6 via @YouTube,1520746223392673792,ProdigalSon1132
"As we are in #NBAPlayoffs.

Thought I'd share one of my favourites who starred and led the San Antonio Spurs to a great dynasty.

Tony parker topps chrome rookie! 
@CardPurchaser

#fromthepc #NBATwitter #thehobby #spursnation #TradingCardGame #sportscards https://t.co/fhEmiCH8j4",1520713902803234817,AdrianZ42340609
"He is bigger than Totnum. Ask any American who Spurs are and they’ll confuse them with the San Antonio Spurs. On the other hand anyone can identify who mourinho is, speaks levels https://t.co/PyiMVxysCq",1520669375593734144,pcarterrrr
"😍 Dejounte Murray San Antonio Spurs 5 Jersey 😍 
Shop now 👉👉 https://t.co/36cRMu4RGV
.
#sportsfans
#sportsjerseys
#sportswearstor
#nflfans
#nbafans
#mlbfans
#nhlfans https://t.co/JWNfzra2gy",1520629669829263360,Sports_Zoe
"On this day in sports history May 1, the San Antonio Spurs defeated the Phoenix Suns 4-2 to advance to the 2nd Round of the NBA Playoffs for the 3rd consecutive year in 2003.",1520621753260822531,NF201111
"On this day in sports history May 1, the San Antonio Spurs swept the Denver Nuggets to advance to the 2nd Round of the NBA Playoffs in 1990.",1520620219466760193,NF201111
Homage Edition’s from PassDatApparel ™️ #san #antonio #spurs #kountdowncity #210 https://t.co/kDR5UA78xa,1520613580328083457,battle_derek
2018-19 NBA Hoops Basketball #43 Patty Mills San Antonio Spurs Official Trading ...👉 https://t.co/BRD4GQiiEy https://t.co/7aeGDDYW7U,1520599593049903110,SeasonsGala
2018-19 NBA Hoops Basketball #43 Patty Mills San Antonio Spurs Official Trading ...👉 https://t.co/CKnGZmnTEn https://t.co/tvmd1jyjbl,1520598943247351808,SeasonsGala
"April 30, 1982: This baseline jumper by San Antonio’s George Gervin in Game 3 of the Western Conference Finals.

Gervin had 36 PTS &amp; 11 REB as the Spurs beat Seattle, 99-97, and took a 2-1 series lead on the SuperSonics.

📼 https://t.co/6dTCVTRJjt https://t.co/nkYf1JFxFc",1520589136608038914,NBACobwebs
"San Antonio #Spurs: Thank you Austin for showing out at our Official Watch Parties! Can't wait ... 
 
https://t.co/CFIfsbemKr
 
#Basketball #NationalBasketballAssociation #NBA #NBAWesternConference #NBAWesternConferenceSouthwestDivision #SanAntonio #SanAntonioSpurs #Texas https://t.co/KbwmoZyqrU",1520583290306154496,raw_chili
George Gervin Signed Autographe #autographed https://t.co/roSbRbwsBG,1520576418748510208,AutographDeals1
"NBA champion in 2014 with the San Antonio Spurs and in 2019 with the Toronto Raptors.  Western Conference champion in 2013 and 2014. Eastern Conference champion in 2019. Southwest Division champion in 2012, 2013, 2014, 2016 and 2017. @kawhileonard

@Raptors @spurs @LAClippers https://t.co/Hvj7kxyUv8",1520575809110650885,ColdPieceCITY
Check out this listing I just added to my #Poshmark closet: San Antonio Spurs Pink Baseball Cap with Silver Sequin Spur. https://t.co/ArIjz2mX97 #shopmycloset @poshmarkapp,1520564027360878592,lifeaarebeccam
The San Antonio Spurs are releasing rookie Edmond Sumner sources tell me and @ESPN,1520539764792864768,JohnStanleyNBA
"Oooh I kinda wanna pick Chito by submission now. I’m such a giant fan of this man, I’d say he could start at Center for the San Antonio Spurs.",1520508107390074880,theoctagonjones
A core memory I have is when the spurs won the nba championship back in 14’. San Antonio was jumping for days 😂 fun times fr,1520498363875082243,ThatsMayaPinyin
"Though I live in the DFW area, I grew up in San Antonio and remain a Spurs fan. I didn't switch teams when I moved. So I'm not going to feign allegiance now that the Mavs won a playoff series. It's good for the city though and I do like that.",1520477755644784640,DrWernerKlopek
"I’ve known it for awhile we were on the verge of a new era of internet identity. 

The money is now flowing and people are waking up to @ensdomains. 

“GoSpursGo”, the official chant for the @spurs and iconic in the city of San Antonio is a branding opportunity. 

Call me. https://t.co/AyWp74Y51e",1520475552611807232,BrettSolis_12
"There have been eleven players in NBA history that were born in San Antonio.

Only 1️⃣ played for the Spurs. 🏀

Eric Dawson (11-12)
4 GP
15 PTS
10 RBS
2 BLK
1 STL

THE HOMETOWN KID 😤🤍🖤 https://t.co/QgTEaC1L97",1520472346108301312,spurs_muse
George Gervin Signed Autographe #autographed https://t.co/2zE0xoCHGG,1520468106359021573,AutographDeals1
Just had a phone call with a San Antonio Spurs broadcaster. He gave me some solid advice for building my brand(myself)🙏🏽,1520444684077834241,RealLathan
"Also #OTD in #Minnesota Sports History (2001) the Timberwolves lose to the San Antonio Spurs 97-84 and are eliminated from the first-round #NBA playoff series 3 games to 1. #RaisedByWolves #WolvesBack 
https://t.co/ARvIPGEdDK",1520412721690386432,WHENESOTA
The San Antonio Spurs are signing veteran Yuta Watanabe to a four-year contract. Per @JohnStanleyNBA,1520411400291577856,JohnStanleyNBA
"San Antonio Spurs (NBA, USA) are recruiting a Austin Spurs’ Head Athletic Trainer for the G League season. Full-time, follow the link for further info. 

https://t.co/SH01bFlk0R 

#sandcvacancies #usa #basketball #texas #sanantonio https://t.co/Yc7TGyYhdQ",1520386203551506433,sandcvacancies
"San Antonio #Spurs: #Spurs art is the best art  ##FanArtFriday 

Continue tagging ... 
 
https://t.co/sLvQfTDBSz
 
#Basketball #NationalBasketballAssociation #NBA #NBAWesternConference #NBAWesternConferenceSouthwestDivision #SanAntonio #SanAntonioSpurs #SpursFanArt #Texas https://t.co/rC2g6SvgIQ",1520382483304484865,raw_chili
"🏀Highlights: San Antonio Spurs 157, Washington Wizards 153|2.25.2022🏀
👇
https://t.co/9yD0gs2u8U

#MFFL
#Rockets
#GrindCity
#WBD
#PorVida
#相互100
#フォロバ100
#バスケットボール
#バスケ",1520367715516653568,nbawest_matome
san antonio spurs. coach pop is a good mentor. he can build tim duncan version 2.0 https://t.co/6YJtFE0IDf,1520365978005114881,kolthegreat
"San Antonio #Spurs: Thank you ...
 
https://t.co/xoT4DWy0Ig
 
#NBASouthwest #NBASouthwestDivision #NBAWestern #NBAWesternConference #NBAWesternConferenceSouthwest #NBAWesternConferenceSouthwestDivision #SanAntonio #SanAntonioSpurs #SanAntonio #SanAntonioSpurs #Southwest https://t.co/28rTEX2I00",1520330377499394049,LoveNBAcom
I was at Game 6 when we closed out San Antonio Spurs for our first playoff series when that was probably my favorite season up until this one. This has definitely been amazing. https://t.co/fAespFouJd,1520326489752969216,memphisjmusic
"On this day in sports history April 30, Boston Celtics Small Forward Jayson Tatum scored 60 Points in a 143-140 OT win against the San Antonio Spurs in 2021.",1520268141544284160,NF201111
"On this day in sports history April 30, the San Antonio Spurs defeated the Minnesota Timberwolves 3-1 to advance to the 2nd Round of the NBA Playoffs in 2001.",1520265158383255552,NF201111
"they used to call tim duncan ""old man riverwalk"" and that's why I have always hated the san antonio spurs.",1520263913832599553,IsiahaSaid
"San Antonio #Spurs: #Spurs art is ...
 
https://t.co/Ngt8MRzeJX
 
#NBASouthwest #NBASouthwestDivision #NBAWestern #NBAWesternConference #NBAWesternConferenceSouthwest #NBAWesternConferenceSouthwestDivision #SanAntonio #SanAntonioSpurs #SanAntonio #SanAntonioSpurs #Southwest https://t.co/jm7ASmVYtL",1520261671545155584,LoveNBAcom
"NBA 2022 Off Season Guide: San Antonio Spurs

The Spurs have been able to rebuild without truly bottoming out, can they continue or are some big swings necessary? @Hey_Hey_Its_JP gives you their off season guide.

#NBA #Spurs #NBAOffseason

https://t.co/yGINOk6YlJ",1520253861566423040,media_vendetta
NBA Leader: 29.9 PPG Throwback: 227's YouTube Chili' Kevin Chili' Durant 29.9 PPG 7.4 RPG 6.4 APG #BrooklynTogether Spicy' https://t.co/0Uua0GBKKR https://t.co/8Batr9LKfu #Texas #Longhorns vs San Antonio Spurs (2016.10.25) - 27… https://t.co/ChNgbFLHgn https://t.co/DGOBYSBHVf,1520246703315570688,Hoops227_NFL
Check out San Antonio Spurs Tim Duncan Mitchell Ness Black Lunar New Year Swingman Jersey  https://t.co/tmtW7RWi9C via @eBay,1520215165597270017,PureOzSports
"Can't think of a more underrated star of the 80s than Mike Mitchell, who originally established himself with Cavs, later had his best years with the San Antonio Spurs. 759 career games; 15,016 points at 19.8 per game. Highs of 24.5 with Cavs in '80-81 &amp; 23.4 with SA in '85-86 ✨ https://t.co/uLTvWJcNYZ",1520208771913588736,EdwardDillard10
Check out San Antonio Spurs HWC MN 2Tone  Snapback Gray/Teal/Green https://t.co/CDHvXLV9vP #eBay via @eBay,1520208021804175360,JJEU720
Check out 2004-05 Skybox Limited Edition Gold  Romain Sato RC #005/150 San Antonio Spurs https://t.co/y9zJoQxZ8N #eBay via @eBay #nba #spurs #NBAPlayoffs,1520207337763610631,3C_Collectibles
Check out San Antonio Spurs HWC Snapback White/Black/Light Pink https://t.co/4Ab8zbpTIa #eBay via @eBay,1520201310011805697,JJEU720
Check out San Antonio Spurs NBA Whiteout Pop Snapback White/Pink https://t.co/IpaVCEBY8m #eBay via @eBay,1520199993646366720,JJEU720
Check out San Antonio Spurs NBA Snapback Gray/Graphite/Pink https://t.co/4f02qaDbCa #eBay via @eBay,1520197601202786306,JJEU720
"🏀We have an opening for a Head Athletic Trainer with our Austin Spurs. This individual will manage the player care and the team’s sports medicine program in coordination with the #NBA San Antonio Spurs Performance and Wellness department

Link to apply 👇
https://t.co/gzepWFOGVS",1520195344449032192,RyanM_Curtis
"San Antonio #Spurs:  GIVEAWAY 

In ...
 
https://t.co/Oo1mllESyR
 
#NBASouthwest #NBASouthwestDivision #NBAWestern #NBAWesternConference #NBAWesternConferenceSouthwest #NBAWesternConferenceSouthwestDivision #SanAntonio #SanAntonioSpurs #SanAntonio #SanAntonioSpurs #Southwest https://t.co/OUWVNo2ks8",1520192216588771328,LoveNBAcom
"On this day exactly 11 years ago, the #8 Memphis Grizzlies knocked out the top-seeded San Antonio Spurs 4 games to 2… The first playoff series victory in franchise history!

NBA 2011 Playoffs- San Antonio vs Memphis- 4th quarter Game 6 https://t.co/TJ0NajakF9 via @YouTube",1520191253928988672,stevenconway2
"San Antonio Spurs vs. Detroit Pistons - NBA (1/1/22) | Tip-Off, How to Watch  https://t.co/Qp5XtrqYVr  Get Instant Access Now! ==&gt; *** https://t.co/3hpIZAnv87 *** #nba #Basketball #basketballcardscards #celtics #bucks #youtube #nets #warriors #lakers #russia #ukraine #war # #Kyiv",1520190034187632640,CrowdVectors
"Is Paolo Banchero ""the guy"" for the San Antonio Spurs in the 2022 NBA Draft? https://t.co/1YjMkkHvI1",1520187658470887424,BrettSiegelNBA
4/29/92 – The Phoenix #Suns recorded the franchise's 2nd playoff sweep (1st Rd v DEN 1989) w/a 101-92 victory at the San Antonio Spurs (minus David Robinson) to win the First Round series 3-0. Both KJ and Hornacek had 11 4Q pts (each finished w/22p). KJ: 11a. #RallyTheValley https://t.co/aARFJKaYdG,1520183670031757313,AZSportsHistory
"Love Popovich’s leadership style, and also his humanity  (the leather jacket story was my favorite)

https://t.co/VQ8YIM7aEI",1520183599395397638,andreagperez
Check out San Antonio Spurs HWC Snapback  Gray/Graphite/Red/Yellow https://t.co/kBdB58dEPZ #eBay via @eBay,1520182260791758849,JJEU720
"San Antonio #Spurs:  GIVEAWAY 

In honor of TP's collab with Club Legacyz, we're giving away ... 
 
https://t.co/TyhTNV7TpU
 
#Basketball #NationalBasketballAssociation #NBA #NBAWesternConference #NBAWesternConferenceSouthwestDivision #SanAntonio #SanAntonioSpurs #Texas https://t.co/yhNRoKGOxc",1520181646854606848,raw_chili
Check out San Antonio Spurs NBA MN Basic Snapback Gray/Pink https://t.co/UDkep2aqDV #eBay via @eBay,1520179722587627525,JJEU720
Check out San Antonio Spurs HWC The Remix Snapback  Pink/Teal/Black https://t.co/frQH4YLGax #eBay via @eBay,1520177651272531973,JJEU720
Check out San Antonio Spurs HWC Snapback Black/Pink/Sarcelle https://t.co/CHvgSVaUm8 #eBay via @eBay,1520176180699320322,JJEU720
Check out San Antonio Spurs NBA MN HWC Snapback Sarcelle/Gray https://t.co/SxrmnEV33l #eBay via @eBay,1520174506513506304,JJEU720
"as someone who lives in san antonio and goes to spurs games: dejounte, keldon and the young guys + lavine, the lottery pick and whoever else they draft this year would be nice",1520173227590529025,retrojeffhoops
Check out San Antonio Spurs HWC Snapback Gray/Black/Pink https://t.co/eSFfebP0vn #eBay via @eBay,1520171842824253453,JJEU720
Austin Spurs’ Head Athletic Trainer - San Antonio Spurs (Austin · TX) https://t.co/b6ORVGfVEJ,1520169569897222149,JobsOnTeamWork
WELCOME TO SAN ANTONIO SPURS 💪💪💪💪 https://t.co/T0pprBa0cd,1520165621777973248,koba6
Welcome to the San Antonio Spurs 🤝🤝 https://t.co/47pqh7g0Cp,1520162682833453062,guischerer4
"Should the San Antonio Spurs extend an offer to unrestricted free agent, Zach LaVine?",1520138952807796741,spurstalkdotcom
"So that it's all in one tweet, Utah Jazz offseason predictions: 
· Quin Snyder becomes the next San Antonio Spurs head coach
· Jazz F.O. goes all in on rebuilding around Donovan Mitchell
· Danny Ainge blows up everything else including pursuing a trade of Rudy Gobert",1520135655220662272,ClintoPete
Zach LaVine will be an unrestricted free agent this summer. The San Antonio Spurs have many reasons why they may look to sign LaVine: https://t.co/BcBgePciCa,1520134715063214080,spurstalkdotcom
"I believe something like this happened Warriors v. Spurs in San Antonio about 20-25 years ago?!  Spurs ended up changing rims at halftime. @uograd66 would probably remember.😃

...btw this is all speculation 😉
#DubNation @NBA #NBA @warriors https://t.co/1cbzCYvNMj",1520134436423016448,ctrainstation
"You buying or selling what Murray has to say, #porvida fans... 👇👇🤔🤔

Spurs' Dejounte Murray says team will reach playoffs next season 
https://t.co/OoTEOY6t8w
#porvida #nba75 #nbatwitter via @JeffGSpursZone",1520125639369666560,LockedOnSpurs
"San Antonio #Spurs: new ...
 
https://t.co/Sj8NrddVpR
 
#NBASouthwest #NBASouthwestDivision #NBAWestern #NBAWesternConference #NBAWesternConferenceSouthwest #NBAWesternConferenceSouthwestDivision #SanAntonio #SanAntonioSpurs #SanAntonio #SanAntonioSpurs #Southwest https://t.co/b1N4WCy9Mg",1520123516506546177,LoveNBAcom
I would like to welcome Zach LaVine to the San Antonio Spurs https://t.co/1RujOi2gOz,1520106587758673920,RCPrivv
"🎙️🎙️ Should the Spurs chase free agent Zach LaVine? NBA Draft prospects update 

YouTube https://t.co/kN3tb49SGA
. @KENS5 link: https://t.co/p519aeUIB1
Apple https://t.co/FCQcgJY4vM
Spotify https://t.co/cblAEUX1Ov #nba75  #porvida #nbatwitter",1520095568764149763,LockedOnSpurs
Welcome to the San Antonio Spurs. https://t.co/BaVXQLKvqX,1520089270547103745,vinioaraujo
"I would be shocked if he didn’t sign in San Antonio. Both from Seattle, both signed to Klutch, same endorsement deals, spurs have a ton of young talent, coached by the greatest coach ever &amp; he would get to play with a willing passing point guard. &amp; spurs have the cap space https://t.co/rbBRU0EDg2",1520085779120377856,Hey_ItsWhit
"The San Antonio Spurs traded DeMar DeRozan to the Bulls last offseason. After a year apart, here are the truths we now know: https://t.co/wmju50IbCP",1520075335542345728,spurstalkdotcom
https://t.co/s3z0MwmjVt S01 MyCareer NBA 2k22 #21 - 227's YouTube Chili' Los Angeles Chili' Lakers #LakeShow Spicy' https://t.co/WEHtanNhbz https://t.co/V0vhTXSooA Spicy' NBA Mix! vs San Antonio Spurs https://t.co/t9UO0DRm0q https://t.co/v6vxXFGGY0,1520074452989448193,Hoops227_NFL
NBA Leader: 24.4 PPG Should the San Antonio Spurs chase Bulls' free agent 227's YouTube Chili' Zach Chili' LaVine 24.4 PPG 4.6 RPG 4.5 APG #BullsNation Spicy' https://t.co/Hfcu53yDr7 https://t.co/Rz4yCrcOaF #UCLA #Bruins? Draft… https://t.co/DrCtIB5yz7 https://t.co/feA8VJoofv,1520073191468589056,ucla_bruinchili
"NBA 2022 Off Season Guide: San Antonio Spurs

The Spurs have been able to rebuild without truly bottoming out, can they continue or are some big swings necessary? @Hey_Hey_Its_JP gives you their off season guide.

#NBA #Spurs #NBAOffseason

https://t.co/yGINOjPnub",1520072884378603523,media_vendetta
The San Antonio Spurs are signing Daulton Hommes to a one-year contract. Per @wojespn,1520064159945093121,JohnStanleyNBA
https://t.co/aArmE5ffwz Highlights: Jakob Poeltl's Dunks | 2021-22 San Antonio Chili' Spurs Season https://t.co/10bszDUYkS,1520061481567490048,Hoops227_NFL
"April 29, 1979: Philadelphia’s Julius Erving finishes with a finger roll in transition during Game 6 of the Eastern Conference Semifinals against San Antonio.

The 76ers beat the Spurs, 92-90, forcing a Game 7 in San Antonio. https://t.co/DbwkJAjrlv",1520059545581723649,NBACobwebs
The San Antonio Spurs are signing veteran Aron Baynes to a two-year contract. Per Sources.,1520056582880387073,JohnStanleyNBA
NBA Leader: 24.4 PPG San Antonio Spurs Rumor 227's YouTube Chili' Zach Chili' LaVine 24.4 PPG 4.6 RPG 4.5 APG #BullsNation Spicy' https://t.co/Hfcu53yDr7 https://t.co/Rz4yCrcOaF #UCLA #Bruins to the Spurs https://t.co/fTTvrxgSvw https://t.co/feA8VJoofv,1520050286751993861,ucla_bruinchili
Duke's Paolo Banchero says he'd like to play with Spurs' Dejounte Murray https://t.co/0S9AbRitvn #porvida #nba75 #nbatwitter #NBADraft via @JeffGSpursZone,1520050270142533633,LockedOnSpurs
San Antonio Spurs Rumor Zach LaVine to the Spurs https://t.co/85HhUxg1aF via @YouTube #Spurs #GoSpursGo #BullsNation #NBA,1520045856296259589,tsr_sports
"On this day in 2011, the No. 8 seed Grizzlies defeated the No. 1 seed San Antonio Spurs 99-91 to win the franchise's first-ever playoff series.

(@MacBo50 - 31 PTS, 11 REB) https://t.co/9yZkCKS0cq",1520036623991427072,Grizzstory
"On this day in sports history April 29, the Memphis Grizzlies defeated the San Antonio Spurs 4-2 to advance to the 2nd Round of the NBA Playoffs in 2011.",1520031317068595200,NF201111
"On this day in sports history April 29, the San Antonio Spurs defeated the Dallas Mavericks 4-2 to advance to the 2nd Round of the NBA Playoffs in 2010.",1520030766675148800,NF201111
"On this day in sports history April 29, the defending champion San Antonio Spurs defeated the Phoenix Suns 4-1 to advance to the 2nd Round of the NBA Playoffs in 2008.",1520030335823667200,NF201111
"On this day in sports history April 29, the San Antonio Spurs defeated the Phoenix Suns 3-1 to advance to the 2nd Round of the NBA Playoffs in 1998.",1520028273186586625,NF201111
"On this day in sports history April 29, the Phoenix Suns swept the San Antonio Spurs to advance to the 2nd Round of the NBA Playoffs in 1992.",1520027671098449923,NF201111
Thank you @Spurs!  We're proud to call Central Texas home and look forward to working alongside you in Austin and San Antonio! https://t.co/5jeK2qtFBt,1520009731624030208,jjgottsch
The San Antonio Spurs are trading for rookie Kevin Durant to the Los Angeles Clippers in exchange for Jaylen Adams sources tell me and @TheAthletic.,1520008771614912512,JohnStanleyNBA
"New tumblr post: ""#NBA2K22 LA Clippers vs San Antonio Spurs MyLeague PS4 GAMES..."" https://t.co/qZ1aVf8wlY ifttt, youtube",1520007275624243200,RobjeJorbri
"San Antonio #Spurs: FIRST. EVER. 

DJ is the only player in the history of the league to average ... 
 
https://t.co/DVLmiLWAkq
 
#Basketball #NationalBasketballAssociation #NBA #NBAWesternConference #NBAWesternConferenceSouthwestDivision #SanAntonio #SanAntonioSpurs #Texas https://t.co/lnqLYH1o9C",1519980822664818688,raw_chili
The San Antonio Spurs are trading Draymond Green to a max contract. Per @wojespn,1519960974144409600,JohnStanleyNBA
https://t.co/s3z0MwmjVt WCSF 2004 227's YouTube Chili' Los Angeles Chili' Lakers #LakeShow Spicy' https://t.co/WEHtanNhbz https://t.co/V0vhTXSooA Spicy' NBA Mix! vs San Antonio Spurs Game 6 https://t.co/Cym3eMJp5b https://t.co/v6vxXFGGY0,1519939821472337920,Hoops227_NFL
"https://t.co/s3z0MwmjVt 2004 West Semi Finals, 227's YouTube Chili' Los Angeles Chili' Lakers #LakeShow Spicy' https://t.co/WEHtanNhbz https://t.co/V0vhTXSooA Spicy' NBA Mix! vs San Antonio Spurs Game 5 https://t.co/FmqxwsLV1q https://t.co/v6vxXFGGY0",1519932637120368641,Hoops227_NFL
"San Antonio #Spurs: Welcome to ...
 
https://t.co/voC1CaPC3W
 
#NBASouthwest #NBASouthwestDivision #NBAWestern #NBAWesternConference #NBAWesternConferenceSouthwest #NBAWesternConferenceSouthwestDivision #SanAntonio #SanAntonioSpurs #SanAntonio #SanAntonioSpurs #Southwest https://t.co/eVztDDE0cU",1519916650375565313,LoveNBAcom
Check out San Antonio Spurs NBA MN Snapback Black/Gray https://t.co/6sA2KDaFnU #eBay via @eBay,1519902231398604801,JJEU720
"The San Antonio Spurs are relocating to Louisville, Kentucky after the end of this season.",1519898035379052550,JohnStanleyNBA
"A rare, metallic Duncan rookie card broke all records for any Duncan card sold all time.

https://t.co/b9fDUr7khL",1519889209779273729,CCard_Club
"I got my spurs on san antonio, I’m a thorough bread yous a phony hooooo im flexing elliot did my necklaceeeeee all you clout chasing hoes find a exit!!!! https://t.co/ritVgV2Hjm",1519888364371124226,mamataylor_
"Let me be the first to say not only do I love DJ and the Spurs but i love my city that is unquestioned… but listen man, there’s is ZERO chance Zach LaVine is giving up living in CHICAGO, IL to come move to SAN ANTONIO, TX. Let’s be realistic lol.",1519885286225948673,RichNice2k1
May 17th. I hope that day is a good day for my San Antonio Spurs.,1519880385571794945,DrewC_10
George Gervin Signed Autographe #autographed https://t.co/p80rmSR751,1519879668551278592,AutographDeals1
Spurs' Dejounte Murray tweets image of Zach LaVine in a Spurs jersey and fans are reacting https://t.co/mWYQggz82J #nba75 #porvida #nbatwitter #BullsNation via @JeffGSpursZone,1519878381092974594,LockedOnSpurs
San Antonio Spurs Josh Richardson and Josh Primo on Driving in San Anton... https://t.co/xAvZp0g3BO @YouTubeより,1519877576071651328,sigeyoshi_d
"My buddy thinks I'm more positive about basketball because my team, the San Antonio Spurs, has won five championships in my life, and there's definitely something to that.  It's nice.  Now keep missing the playoffs, Spurs, until we rebuild through the draft!",1519872107047374848,theminorchords
"NBA teams on the come up/upswing:

Minnesota Timberwolves
New Orleans Pelicans
Memphis Grizzlies
Atlanta Hawks
Cleveland Cavaliers

laying in wait:

Detroit Pistons
San Antonio Spurs

already there: Miami, Boston, Milwaukee, Phoenix, Golden State (for now), Dallas and Denver",1519862136142544898,march_daverson
Spurs fans will 100% start a GoFundMe to pay the tampering fee if Dejounte brings Lavine to San Antonio,1519861786132066305,DonovanBuschhhh
Michael Dell buys into new Austin Gamblers bull-riding team: Michael Dell is putting more money into professional sports. He became a minority owner of the National Basketball Association's San Antonio Spurs in 2021. Dell and wife Susan Dell also… https://t.co/1H5irkJvQm — ABN,1519860154241454081,InterprisesInc
"San Antonio Spurs vs. Detroit Pistons - NBA (1/1/22) | Tip-Off, How to Watch  https://t.co/Qp5XtrqYVr  Get Instant Access Now! ==&gt; *** https://t.co/3hpIZAnv87 *** #nba #Basketball #basketballcardscards #celtics #bucks #youtube #nets #warriors #lakers #russia #ukraine #war # #Kyiv",1519855703921471488,CrowdVectors
"San Antonio #Spurs: FIRST. EVER. ...
 
https://t.co/YoJClDYoik
 
#NBASouthwest #NBASouthwestDivision #NBAWestern #NBAWesternConference #NBAWesternConferenceSouthwest #NBAWesternConferenceSouthwestDivision #SanAntonio #SanAntonioSpurs #SanAntonio #SanAntonioSpurs #Southwest https://t.co/PdTPf9JAva",1519847190654595072,LoveNBAcom
San Antonio Spurs Danny Green tonight,1519829662058397696,TomIgnudo
Ay @DejounteMurray @lonniewalker_4 if any of y’all @spurs want some real work while y’all in San Antonio this off-season FWM the gyms and trainers and all that cool but all real hoopers know it start in them streets 1st 👀👀👀 https://t.co/guCktBAQkI,1519815326183182337,NiKaiya94
"Watching a video and a British man has just said ""I support the San Antonio Spurs.""",1519799977878429698,jefeonwuka
Check out this listing I just added to my #Poshmark closet: NBA San Antonio Spurs Ladies Tee. https://t.co/GXZN1gUanM #shopmycloset @poshmarkapp,1519798931214901248,Thriftology_VB
"Gervin - San Antonio

Known for the finger roll, a layup shot that Gervin perfected. He was one of the best scorers of his time. By the time Gervin had left San Antonio he held more than 60 team records.

Now available on OpenSea.

https://t.co/3PTUuBlBPZ

#nft #spurs #nba https://t.co/UCV2tmTQI6",1519789950824333313,tinybitpixel
The San Antonio Spurs are trading for rookie Gabe Vincent to the Phoneix Suns in exchange for Charles Bassey sources tell me and @TheAthletic.,1519787298518233088,JohnStanleyNBA
Golden State Warriors vs San Antonio Spurs Injury Report - Sports Illustrated https://t.co/WvrOLD2v66,1519784958402830336,FantasyMLBguyz
The Indiana Pacers are trading for veteran Brandon Knight to the San Antonio Spurs in exchange for Pau Gasol sources tell me and @TheAthletic.,1519784785857564672,JohnStanleyNBA
"𝐇𝐨𝐦𝐞: A Conversation with 𝐉𝐨𝐬𝐡 &amp; 𝐉𝐨𝐬𝐡 🏠🤝

@J_Rich1 and @JoshuaPrimo4 discuss the highs and lows of the NBA, driving in San Antonio, being dog dads and much more during a fun sit-down convo!

@SWBCServices | #PorVida https://t.co/2dLi6DfpMV #actnearn #sct",1519780364134277122,KerryK42
"[ THREAD ] 🏀⚪️⚫️
Today IC presents:
The San Antonio Spurs, would they need a new sherif in town?
#NBAPlayoffs #NBA #basketball @spurs https://t.co/FvDUoTuKCZ",1519775869086146561,Icon_Circus
The San Antonio Spurs are releasing rookie Chris Duarte sources tell me and @ESPN,1519774726586986498,JohnStanleyNBA
"What's #Best on https://t.co/VfZu3jgOen ?
San Antonio Spurs And Science Of Sport Host Science Of Basketball Stem Field Day For Local Students
https://t.co/HsU9oFCqgQ
#sports",1519773994970488833,FremontCyril
Shaedon Shape is one of the hottest names in the 2022 NBA Draft. But here's why I've come to the conclusion that the San Antonio Spurs wouldn't draft him: https://t.co/SeJ7h3d5u8,1519770156934713344,spurstalkdotcom
San Antonio Spurs Gem https://t.co/MBjTGue2GF,1519751389165068289,ryang0esham
"🔥 SPORTS JOB HIRING STREAK 🔥

Their #NBA season may be over, but the @Spurs are still #hiring! 🏀

Just today they posted ads for a Creative Content Producer, Culinary Food Truck Operator, Director of Content, &amp; Senior Marketing Coordinator! 🔥

👉 https://t.co/63q4UIGtcj 👈 https://t.co/UpgJrHn6LZ",1519745525121044481,ReboundJobs
"🎙️🎙️🎙️ Grading San Antonio Spurs' Jakob Poeltl's 2021-22 season 

YouTube https://t.co/jpDGEkv1SH
. @KENS5 link: https://t.co/UF80zOYo8T
Apple https://t.co/FCQcgKfFUm
Spotify https://t.co/cblAEVeDd5 #nba75  #porvida #nbatwitter https://t.co/HtAP9R4BoI",1519725631071825921,LockedOnSpurs
"https://t.co/aArmE5ffwz San Antonio Chili' Spurs Josh Richardson and Josh Primo on Driving in San Antonio, Texas Weather and Salsa https://t.co/TSHNLEPWcS",1519724148578144257,Hoops227_NFL
Content Creation Jobs Creative Content Producer - San Antonio https://t.co/O7zGggmWMa https://t.co/xn4D5WJyWC,1519723370769756160,EntCareersNet
"April 28, 1994: After a J.R. Reid elbow to John Stockton's face wasn't called late in Game 1 of Utah’s first round playoff series with San Antonio, Stockton and Jerry Sloan let the Spurs (and the referees) know their frustration.

Spurs 106, Jazz 89. https://t.co/OXISm6Nqdx",1519721183935184898,NBACobwebs
AJ Griffin is regarded as a top ten prospect in the 2022 NBA Draft. Should the San Antonio Spurs consider drafting him? Here's a closer look: https://t.co/XMxXfRpQlP,1519718047837155328,spurstalkdotcom
https://t.co/gnmqg3w5Xw San Antonio Spurs Season Review - Does Dejounte Murray Have Another Gear? https://t.co/0GXLwvFMJC https://t.co/KgeGggcHh1,1519713083270533120,Hoops227_CBB
"April 28, 1994: David Robinson grabs an offensive rebound and finishes with a reverse dunk during San Antonio’s 106-89 win over the Utah Jazz in Game 1 of their Western Conference playoff series.

Robinson finished with 25 PTS/8 REB/7 AST for the Spurs. https://t.co/7fNyFVNemI",1519696657620811779,NBACobwebs
"Sexy does not win championships. Take Tim Duncan. Known as the""Big Fundamental,"" San Antonio head coach Greg Popovich would say 
about Duncan, ""He has no MTV in him."" Proving that selfless wins, not sexy. Duncan has five rings to prove it. He was the Spurs culture. #URtheCulture",1519686960444588032,BarryDavis42
"I highly doubt this San Antonio Spurs line up could or would ever happen because we gotta be realistic but…
how many games this squad (with DJ as the leader) winning? https://t.co/taLhoKeEmE",1519674733222146048,Z00STATI0N
Happy birthday to George the iceman gervin of the San Antonio Spurs #georgegervin #georgetheicemangervin #nbaallstar #abaallstar #santoniospurs #virginiasquires #chicagobulls https://t.co/fSVbJr3wci,1519670526041477121,clemons8204
"On this day in 2011, tickets for Game 6 between the No. 8 seed Grizzlies and the No. 1 seed San Antonio Spurs at @FedExForum sold out in under 5 minutes. https://t.co/ZUG3NbrUMR",1519667353038036992,Grizzstory
Tim is as close as you can get to royalty inSan Antonio. I think his rookie card was priceless. https://t.co/IZgMp2ESbx,1519660602154786816,AmyRaines8
The San Antonio Spurs have won the 2023 NBA championship.,1519656439567974400,JohnStanleyNBA
"On this day in sports history April 28, the San Antonio Spurs swept the Los Angeles Lakers to advance to the 2nd Round of the NBA Playoffs for the 2nd consecutive year in 2013.",1519652470758285313,NF201111
"On this day in sports history April 28, the Dallas Mavericks defeated the San Antonio Spurs 4-1 to advance to the 2nd Round of the NBA Playoffs in 2009.",1519650808777920514,NF201111
"On this day in sports history April 28, the Denver Nuggets defeated the San Antonio Spurs 3-2 to advance to the 2nd Round of the NBA Playoffs in 1985.",1519647721279401985,NF201111
"On this day in sports history April 28, the Washington Bullets defeated the San Antonio Spurs 4-2 to advance to the NBA Finals in 1978.",1519646382658830341,NF201111
2003-04 UPPER DECK SP Authentic Signatures David Robinson San Antonio Spurs auto https://t.co/1xOIBpNfYk eBay,1519645375107264512,SportsTradingC9
San Antonio Spurs are seeking a Ticketing Data Science Representative - apply now! https://t.co/oRtxr3PKUd,1519633075101216774,jumpinsport
"The San Antonio Spurs are relocating to Las Vegas, Nevada after the end of this season.",1519613763111899136,JohnStanleyNBA
https://t.co/NbmqKlvwUG NBA 2K22 | San Antonio Spurs vs 227's YouTube Chili' New York Chili' Knicks #NewYorkForever Spicy' https://t.co/1q7hnOo41F https://t.co/V0vhTXSooA Spicy' NBA Mix! | PS5 Gameplay Ultra High Graphics [4K HDR] https://t.co/y90tHZCWjE https://t.co/BNjlw71eMB,1519603210591211520,Hoops227_NFL
"San Antonio #Spurs: OTD in 1998, Timmy was named Rookie of the Year  

He averaged 21.1 PPG, ... 
 
https://t.co/coIbrza7xr
 
#Basketball #NationalBasketballAssociation #NBA #NBAWesternConference #NBAWesternConferenceSouthwestDivision #SanAntonio #SanAntonioSpurs #Texas https://t.co/y9DexMzTMN",1519579438534598656,raw_chili
Check out Dejounte Murray 2019-20 Panini Prizm Cracked Red Ice SP #138 San Antonio Spurs https://t.co/RzuyKvCKj6 #eBay via @eBay,1519559244063850497,Collector247365
"🏀Highlights: Dejounte Murray 31 PTS, 14 AST&amp;13 REB|San Antonio Spurs vs. Washington Wizards🏀
👇
https://t.co/G5GazNsS1F

#MFFL
#Rockets
#GrindCity
#WBD
#PorVida
#相互100
#フォロバ100
#バスケットボール
#バスケ",1519552155111280640,nbawest_matome
"You did AMAZING Erin! Never been more proud! Now we gotta get you in some San Antonio Spurs and/or Austin Dillon gear! Just don’t tell @heydjnash, @JamesRoday and @mistergiuntoli - LOL, JK 😂🤣

#AMillionLittleThings https://t.co/M5LIG85eEC",1519540619173113856,Mark215Oliveras
"Im rather keep Lonnie then sighning Levin for the San Antonio Spurs.
#PorVida",1519528887126040576,Ze81yca7pNMEEbb
The San Antonio Spurs are waiving rookie P.J. Washington sources tell me and @ESPN,1519523072067342337,JohnStanleyNBA
"The Big Fundamental.
One of the greatest Power Forwards of all time, San Antonio Spurs and NBA all time great, 5x Champion, 3x MVP and apart of the #NBA75 
#NBA #NBAPlayoffs #NBAonTNT #NBATwitter https://t.co/WHJQLgoDig",1519518764340981761,JETZO_10
"San Antonio #Spurs: OTD in 1998, ...
 
https://t.co/sFmV3VZzzI
 
#NBASouthwest #NBASouthwestDivision #NBAWestern #NBAWesternConference #NBAWesternConferenceSouthwest #NBAWesternConferenceSouthwestDivision #SanAntonio #SanAntonioSpurs #SanAntonio #SanAntonioSpurs #Southwest https://t.co/MpGJW192Kx",1519502169275351041,LoveNBAcom
One of the best things about Amin’s Pitino Game during the playoffs is I’m almost always able to give a Spurs shoutout cuz of all the role players that have passed through San Antonio over the years.,1519496250399150080,historianed_
"The San Antonio Spurs are relocating to St. Louis, Missouri after the end of this season.",1519495362502746113,JohnStanleyNBA
"Not gonna lie, for a moment I thought @DaxFTR and @CashWheelerFTR were coming out in San Antonio Spurs-like jackets which would have made me love them even more than I already do. https://t.co/qmr3ih4MHl",1519492458274385921,GameTimeArt
The Charlotte Hornets are trading for veteran Jaylen Brown to the San Antonio Spurs in exchange for Jaylen Brown sources tell me and @TheAthletic.,1519490319351386112,JohnStanleyNBA
"San Antonio Spurs is looking for a Director of Performance Therapy and Athletic Performance Assistant I to join them. Be quick and seek your chance!

https://t.co/K1zbEN9Mjx

#sportvacances #sportjobs https://t.co/oF2YPxBuzu",1519481559199453190,Physical_Prep
"SAN ANTONIO SPURS 'NBA AUTHENTICS CITY EDITION' 59FIFTY BLACK now available from CULTUREKINGS

#newdrop #culturekings #australia #internationalshippingrates #nba #sanantoniospurs #spurs #gospursgo #sanantonio #texas #authentics #city

https://t.co/ampE2sZmKO",1519481558578515968,hatcrawler
"San Antonio Spurs vs. Detroit Pistons - NBA (1/1/22) | Tip-Off, How to Watch  https://t.co/Qp5XtrqYVr  Get Instant Access Now! ==&gt; *** https://t.co/3hpIZAnv87 *** #nba #Basketball #basketballcardscards #celtics #bucks #youtube #nets #warriors #lakers #russia #ukraine #war # #Kyiv",1519470393588916227,CrowdVectors
"SAN ANTONIO SPURS
Elbow 35 https://t.co/vS4gngfbHm",1519466430038638592,coachmwsmith
"Most PPG during 1 season in San Antonio #Spurs history:
1. 1979-80 George Gervin (33.1)
2. 1981-82 George Gervin (32.3)
3. 1993-94 David Robinson (29.8)
4. 1978-79 George Gervin (29.6)
5. 1994-95 George Gervin (27.6)
https://t.co/VdLQ37NW3N",1519456931345281025,pro_sports_best
"Most career PPG in San Antonio #Spurs history:
1. George Gervin (26.3)
2. DeMar DeRozan (21.6)
3. David Robinson (21.1)
4. Larry Kenon (20.7)
5. Donnie Freeman (20.5)
https://t.co/tmwAlsMy4e",1519456567120302080,pro_sports_best
"What's #Best on https://t.co/VfZu3jgOen ?
Highlights: Jakob Poeltl's Defense  : 2021-22 San Antonio Spurs Season
https://t.co/IGvly23QXF
#sports",1519426850849705984,FremontCyril
Check out *PSA 9* David Robinson 1989-90 NBA Hoops Basketball #310 San Antonio Spurs https://t.co/lbusTHgzXP #eBay via @eBay,1519423706325565440,ValleyOfCards
Check out Michael Finley 2007-2008 Upper Deck #26 San Antonio Spurs #26 https://t.co/WoZ3y8pwsr #eBay via @eBay,1519419188305186817,JustinRDouglas
Creative Content Producer - San Antonio Spurs (San Antonio · TX) https://t.co/EMGPTyRjxr,1519408201078243329,JobsOnTeamWork
2015 Tim Duncan basketball card sells at auction for a lot | https://t.co/PCixeILiN6 https://t.co/yy1NvVM9N5,1519404806246387713,aelampkin
"New Episode! ""2022 Autopsy Report: Charlotte Hornets | San Antonio Spurs""

On this episode we body up the Charlotte Hornets and San Antonio Spurs as we continue our coveted Autopsy Report

Player links &amp; show notes: https://t.co/kxVZgTCnVu",1519403717119909888,NBABaseline
Come to San Antonio get us #6 @KDTrey5,1519401020266323968,spurs_four
"It’s bittersweet to see that Kev is also considering transferring, but before someone cries “what about loyalty!?” Remember these are 19,20,21 y/o kids trying to change their lives.

With that said, I hope the San Antonio Spurs pick my guy up. https://t.co/YQ6kwcZjbi",1519396601810272257,HarvardofWTexas
"On this day in sports history April 27, the Denver Nuggets defeated the San Antonio Spurs 4-3 to advance to the 2nd Round of the NBA Playoffs in 2019.",1519390153604804612,NF201111
"On this day in sports history April 27, the San Antonio Spurs defeated the Memphis Grizzlies 4-2 to advance to the 2nd Round of the NBA Playoffs for the 2nd consecutive year in 2017.",1519388933167140865,NF201111
San Antonio Spurs Starting Lineup 2022-2023? https://t.co/KjEWm90KfY via @YouTube #Spurs #gospursgo #NBA,1519388275894542338,tsr_sports
"On this day in sports history April 27, San Antonio Spurs Power Forward Tim Duncan won the NBA Rookie of the Year Award in 1998.",1519385495276503041,NF201111
"On this day in sports history April 27, San Antonio Spurs Point Guard Johnny Moore recorded 26 Points and 20 Assists in a 126-109 win against the Denver Nuggets in Game 2 in the 2nd Round of the NBA Playoffs in 1983.",1519381924292308992,NF201111
"Today is the 70th birthday of the Iceman, George Gervin!

One of the top 75 players in NBA history, Gervin launched his career in the ABA - first with the Virginia Squires and then with the San Antonio Spurs. 

George was a 3x ABA All Star and is a member of the All Time team. https://t.co/IWSt1vsYU8",1519380852873908224,abathrowbacks
"The Cleveland Cavaliers never engaged in talks with the San Antonio Spurs about acquiring All-Star Guard Dejounte Murray, according to sources.",1519372464161234944,TimLarsonSports
"Question Of The Day: What is Allen Iverson’s career-high number of points scored against the San Antonio Spurs?
A. 42
B. 44
C. 46
D. 48
The answer will be announced tonight. https://t.co/1uCi5dzORD",1519369340277215232,LoneStarChamp
"San Antonio #Spurs: Yeah, you read ...
 
https://t.co/SZnj02jNFg
 
#NBASouthwest #NBASouthwestDivision #NBAWestern #NBAWesternConference #NBAWesternConferenceSouthwest #NBAWesternConferenceSouthwestDivision #SanAntonio #SanAntonioSpurs #SanAntonio #SanAntonioSpurs #Southwest https://t.co/Ht7n2Hs6ZZ",1519364009388134407,LoveNBAcom
"🎙️🎙️🎙️ Looking back at drafting Luka Samanic and a Spurs game of ""buy or sell""  

YouTube https://t.co/ZZ2B2k06QS
. @KENS5 link: https://t.co/g2kaxi1BXx
Apple https://t.co/FCQcgJY4vM
Spotify https://t.co/cblAEUX1Ov #nba75  #porvida #nbatwitter",1519363243902308353,LockedOnSpurs
https://t.co/aArmE5ffwz San Antonio Chili' Spurs and Science of Sport Host Science of Basketball STEM Field Day for Local Students https://t.co/cmIRFjdqvu,1519355829790539777,Hoops227_NFL
https://t.co/aArmE5ffwz Highlights: Jakob Poeltl's Defense | 2021-22 San Antonio Chili' Spurs Season https://t.co/9BwlxI0tK6,1519348928226856960,Hoops227_NFL
@ChrisWittyngham As a Spurs fan I have heard everything you said about the Heat during today's #LOUR about San Antonio for their entire 2 decade run.,1519336238339211264,zach13090
Just felt like sharing this today                                 San Antonio Spurs Tribute - The Beautiful Game (ORIGINAL) https://t.co/10S6CaKQ1f via @YouTube,1519334190369710083,diazroy20
Unstoppable-Playoff 2013-2014 Offense Mix for San Antonio Spurs https://t.co/1oCojgAN8a @YouTubeより,1519302049233764354,umaZura_95
We the new San Antonio Spurs https://t.co/tQCrvfv7z4,1519274120982192130,M0neyMarc
Check out how Game tempo and Pick &amp; Roll Offense Clinic Notes from the San Antonio Spurs Assistant Coach. https://t.co/wLxj9DUjMM,1519237298906439680,coachpeterman
The San Antonio Spurs are waiving Dwight Howard sources tell me and @ESPN,1519236152103825408,JohnStanleyNBA
"What's #Best on https://t.co/VfZu3jgOen ?
San Antonio Spurs Tim Duncan's Top Plays
https://t.co/m0yrrbLEyE
#sports",1519230625944948738,FremontCyril
"JA MOST IMPROVED 

Ja Morant named NBA's Most Improved Player. Morant beat out San Antonio Spurs guard Dejounte Murray and Cleveland Cavaliers guard Darius Garland, who were fellow finalists for the award. https://t.co/28KDKPiyJx",1519220971710074881,MNLtoday
"Lakers out of playoff race: 'Just didn't get it done'

Trusted Crypto Casino &amp; SportsBook:
→ https://t.co/DcwhtWSEO3 ←
https://t.co/fwqd1uE4HP",1519207268872749056,btcbettingtips
"San Antonio #Spurs: From high-arcing shots to gravity defying dunks, the game’s most exciting p ... 
 
https://t.co/JCNabuuTx4
 
#Basketball #NationalBasketballAssociation #NBA #NBAWesternConference #NBAWesternConferenceSouthwestDivision #SanAntonio #SanAntonioSpurs #Texas https://t.co/K9ZZqH9K7U",1519177527088107521,raw_chili
Never forget this mavs team took the eventual champion spurs to 7 games. I think San Antonio maybe lost 3 more games the rest of the playoffs https://t.co/RW1lmNh4bA,1519174361353273349,ScottyD_777
"What's #Best on https://t.co/VfZu3jgOen ?
Highlights: Jakob Poeltl Top Plays : 2021-22 San Antonio Spurs Season
https://t.co/p8xIpL1CdX
#sports",1519147715791409152,FremontCyril
"Wait, what in the upstaging the San Antonio Spurs on a non Noche Latino night are the the Phoenix Suns doing playing Los Tucanes’ de Tijuana “El Tucanazo” at the Footprint Center during the timeout?!?",1519147229998637058,mrbravo365
"Bleacher Report trade idea 🚨

SACRAMENTO gets: Collin Sexton, Isaac Okoro, Cedi Osman, 2022 first-round pick, 2025 first-round pick (top-five protected) and 2022 second-round pick (via San Antonio Spurs)

CLEVELAND gets: Davion Mitchell, Harrison Barnes, Donte DiVencenzo https://t.co/NTxEyDjpKR",1519133777108344832,guypostings
"San Antonio Spurs vs. Detroit Pistons - NBA (1/1/22) | Tip-Off, How to Watch  https://t.co/Qp5XtrqYVr  Get Instant Access Now! ==&gt; *** https://t.co/3hpIZAnv87 *** #nba #Basketball #basketballcardscards #celtics #bucks #youtube #nets #warriors #lakers #russia #ukraine #war # #Kyiv",1519130606822727681,CrowdVectors
"I saw Ja play in person when I was in San Antonio for a Spurs game a few years ago. He was a rookie. I could see then that he was the best player on the floor. He’s the best player on the court now, regardless of who the Grizzlies are playing.",1519129187256348672,dugzink
"@ShannonSharpe make sure he doesn’t say “My San Antonio Spurs” anymore. We don’t want him supporting the Spurs ever again, he can stick with the Grizzlies, Nets and Clippers. They can have his bandwagon basketball card. @undisputed https://t.co/jHsAOUUV5d",1519127527838597121,JoseGarzaJr10
"4/26/92 – Phoenix #Suns bigs Tim Perry (31p/10r) &amp; Andrew Lang (14p/10r/1b) took advantage of the David Robinson-less Spurs as PHX took a 2-0 lead in the First Round w/a 119-107 victory over San Antonio. KJ set the then franchise-playoff-record with 19a, and 21p. #RallyTheValley https://t.co/BUDGlmSTM9",1519088975708925955,AZSportsHistory
"San Antonio #Spurs: From ...
 
https://t.co/pW4ghYtoBx
 
#NBASouthwest #NBASouthwestDivision #NBAWestern #NBAWesternConference #NBAWesternConferenceSouthwest #NBAWesternConferenceSouthwestDivision #SanAntonio #SanAntonioSpurs #SanAntonio #SanAntonioSpurs #Southwest https://t.co/URWugW8Mo0",1519088440788332546,LoveNBAcom
"Bleacher Report’s trade idea: 

Cavs receive: Dejounte Murray and Doug McDermott 

Spurs receive: Collin Sexton, saac Okoro, Cedi Osman, 2022 first-round pick, 2025 first-round pick (top-five protected) and 2022 second-round pick (via San Antonio Spurs) https://t.co/alYmSSvhob",1519085676091908101,WeAreCavsNation
Incident Report Writer Part-Time - San Antonio Spurs (San Antonio · TX) https://t.co/8Rm6DmPPsU,1519068449388986368,JobsOnTeamWork
"SPURS FANS SOUND OFF 🗣🗣

What is the toughest dunk in San Antonio Spurs history? 👀 https://t.co/zoEZSSYclE",1519056139618590721,spurs_muse
"The city's basketball reputation goes beyond the Spurs with a legacy of homegrown talent that starts at the high school level.
https://t.co/vkjn3DfJHM",1519028546789773313,SanAntonioMag
Lavine to San Antonio makes a ton of sense for the Spurs. Id rather him than a SG in the draft. https://t.co/86Ka62IPjD,1519013495781605382,Tre_Potts
The San Antonio Spurs are signing veteran free agent Killian Hayes to a three-year contract. Per @JohnStanleyNBA,1518992086267310082,JohnStanleyNBA
"New words on the MIP award, and why it should’ve been Dejounte’s: https://t.co/wIXThFdyt0",1518991671513464833,willeudy1
"San Antonio #Spurs: Join us in wishing TD a HAPPY BIRTHDAY! ... 
 
https://t.co/JixUY44B9j
 
#Basketball #NationalBasketballAssociation #NBA #NBAWesternConference #NBAWesternConferenceSouthwestDivision #SanAntonio #SanAntonioSpurs #Texas https://t.co/AcdERbhDep",1518979723304611841,raw_chili
"Heather thinks the San Antonio Spurs are irrelevant to her life / happiness, whereas I know them as the embodiment of art, beauty, truth, and the good life. It’s def unethical, but we’ve got that chemistry what can I say. https://t.co/En7d0J9ls5",1518978409950552064,deadlinguist
"Welcoming all Charles Barkley slander after his tunnel-visioned attack on the San Antonio @Spurs, their fans and the women of their city, a majority-minority city. Let that sad, bitter, ringless blowhard have it. #GoSpursGo #PorVida https://t.co/AFwk2NiNob",1518967671596879872,Marrrrcussss
"Keldon Johnson 2019-20 Panini Mosaic ""Pink Camo Prizm"" Rookie Card RC #238 San Antonio Spurs 🔥📈 https://t.co/5NS2ZP4ZHD #eBay",1518939722801889281,BladesBreaks
Had a good day playing up with the high schoolers in the Spurs Tournament Series in San Antonio @CTJ_BoysHoops @THPElite @SAhighlights210 @TBScouts @TxHoops @TXHSBB #classof2026 #basketball https://t.co/aVNhgAXJLw,1518936859807789057,MaxDocktorbball
"San Antonio Spurs (NBA, USA) are looking for an Athletic Performance Asst for the Austin Spurs G-League season. 

Full-time, Application Link in Discord. https://t.co/sAZtZfJDlJ https://t.co/uVPplDcDIX",1518934339773423621,SCJobNetwork
Check out San Antonio Spurs Dejounte Murray Nike 2021/22 NBA Swingman Jersey City Edition #Nike https://t.co/urzGgWjksN via @eBay,1518908214766616576,PureOzSports
"2022 ESPN NBA Mock Draft 

14. Cleveland Cavaliers: Kansas SF Ochai Agbaji

39. Cleveland Cavaliers (via San Antonio Spurs): Gran Canaria C Khalifa Diop

56. Cleveland Cavaliers (via Miami Heat): Wake Forest PG Alondes Williams

#Cavs",1518883737387290624,RealMYoung23
"The @dallasmavs most hated list:

1. Dwyane Wade 
2. Kiki VanDeWeghe
3. The San Antonio Spurs
4. Atlanta Hawks fans
5. Marcus Morris 
6. The 2007 We Believe Warriors 
7. DeAndre Jordan
8. Haralabos 
9. Andrew Bynum 
10. Toni Braxton

Willing to make moves. 

#mffl #dALLasIN",1518819313347670016,_BryanBarrera_
The San Antonio Spurs have won the 2039 NBA championship.,1518815916808540160,JohnStanleyNBA
"JA a beast, and I like him but come on.. how you gon win rookie of the year then the next year the most improved.. @DejounteMurray legit tore his ACL, worked his way to be the Star of San Antonio Spurs, put up fucking crazy stats to make his first All Star appearance this year 🥱 https://t.co/634GKBcGxO",1518803909111951362,chris_DLS23
DeMar DeRozan 2020-21 Prizm Red Cracked Ice &amp; Silver #210 Card Lot San Antonio Spurs https://t.co/256LCpponr #eBay,1518795295844413446,BladesBreaks
A graduate of the San Antonio Spurs school of complaining. #mffl #dALLasIN https://t.co/dXv0UCEbZf,1518780503813496833,_BryanBarrera_
"San Antonio #Spurs: sending big birthday vibes to the Big Fundamental ... 
 
https://t.co/KOeYquVnud
 
#Basketball #NationalBasketballAssociation #NBA #NBAWesternConference #NBAWesternConferenceSouthwestDivision #SanAntonio #SanAntonioSpurs #Texas https://t.co/bnpOEmln1u",1518778911303286784,raw_chili
"San Antonio Spurs vs. Detroit Pistons - NBA (1/1/22) | Tip-Off, How to Watch  Get Instant Access Now! ==&gt; *** https://t.co/KDR6wWZ6f1 *** #nba #Basketball #basketballcardscards #celtics #bucks #youtube #nets #warriors #lakers #russia #ukraine #war # #Kyiv",1518778123361394689,CrowdVectors
"🏀Highlights: San Antonio Spurs 157, Washington Wizards 153|2.25.2022🏀
👇
https://t.co/1lMMSlWNyW

#MFFL
#Rockets
#GrindCity
#WBD
#PorVida
#相互100
#フォロバ100
#バスケットボール
#バスケ",1518766621128597504,nbawest_matome
The San Antonio Spurs beat the Boston Celtics this year. Brooklyn couldn’t beat them once 😂,1518766165245394944,raymondrdz10
The Brooklyn Nets and the San Antonio Spurs had the same amount of playoff wins this year. Incredible.,1518765119223832577,raymondrdz10
I've only ever seen this account compare the Phoenix Suns to the 2014 San Antonio Spurs lol https://t.co/Cd5Ss6Kq46,1518758645890121729,BlqMgck
"Matisse Thybulle - San Antonio Spurs 

Collision course.",1518753606165540864,DomGoogs
"Most career PTS in San Antonio #Spurs history:
1. Tim Duncan (26,496)
2. George Gervin (23,602)
3. David Robinson (20,790)
4. Tony Parker (18,943)
5. Manu Ginobili (14,043) https://t.co/5Wf8znSAuB",1518749159507038209,pro_sports_best
San Antonio spurs: https://t.co/cw6p5suPXW,1518745174033281025,thefutureisJeru
"San Antonio Spurs (NBA, USA) are looking for an Athletic Performance Asst for the Austin Spurs G-League season. 

Full-time, further details at the link. 

https://t.co/M5JQEZnxCa

#sandcvacancies #texas #basketball #sanantonio #spurs https://t.co/JcSz2FElwJ",1518743765619560448,sandcvacancies
Man these @celtics are looking like the 2014 San Antonio spurs team!! Chip coming soon!!,1518742505210187776,jjrealsa73
Eight years ago I saw Kool Keith AKA Dr. Octagon freestyle about the San Antonio Spurs and it was pretty much top 10.,1518736345149059073,SparksforSharks
"Just listened to a San Antonio Spurs spaces and it's really difficult to know what direction the franchise is going in.

They were talking about drafting more wings, more specifically 3&amp;D prospects they have a ton of guards/wings.

I'd go big and take a 4 or 5.",1518734902862450688,NBASkoolOfThort
"NBA hates the San Antonio Spurs. Always have, always will I’m afraid",1518733217603407872,wyattgoebel_33
"Ja Morant has won the 2021-22 Most Improved Player award, the NBA announced. Morant received 38 first-place votes and 221 total points to beat out fellow finalists Darius Garland of the Cleveland Cavaliers and Dejounte Murray of the San Antonio Spurs for the honor. #NBAPlayoffs https://t.co/1weMW0q1MS",1518726951631949824,NBSCENTRAL
"We have an opening for an Athletic Performance Assistant. This position will have the opportunity to work with both the San Antonio @spurs and @austin_spurs assisting with all aspects of our sports performance and sports science program.🏀🏋️‍♂️📈

Link 👇
https://t.co/RdIAyxmcfV",1518725572125503490,RyanM_Curtis
"New tumblr post: ""#NBA2K22 Cleveland Cavaliers vs San Antonio Spurs MyLeague PS4..."" https://t.co/gm2EnaaQFw ifttt, youtube",1518723473203412995,RobjeJorbri
"Jock Landale on his time in San Antonio: “When I got to the Spurs there was a moment there I felt lost,” Landale said. “There is obviously still some frustration but that’s part of the league, you’re expected to be a man about it and I got good at that in the end.” 🔥🏀🔥 #NBA https://t.co/WwfB4H9sth",1518713117588561922,BasketballXtra
Ticketing Data Science Representative - San Antonio Spurs (San Antonio · TX) https://t.co/R5RanxJMVW,1518706178804527104,JobsOnTeamWork
Athletic Performance Assistant I - San Antonio Spurs (San Antonio · TX) https://t.co/bAeujmijSU,1518706173007917056,JobsOnTeamWork
"April 25, 1991: Golden State's Jim Petersen checks into Game 1 in the first quarter, promptly gets into it with San Antonio's David Robinson, then checks back out.

The Spurs won Game 1, 130-121, before the Warriors took the next three games and won the first round series, 3-1. https://t.co/k01RKe2Ibu",1518682181572481024,NBACobwebs
"San Antonio #Spurs: Join us in ...
 
https://t.co/59ik2GQnOH
 
#NBASouthwest #NBASouthwestDivision #NBAWestern #NBAWesternConference #NBAWesternConferenceSouthwest #NBAWesternConferenceSouthwestDivision #SanAntonio #SanAntonioSpurs #SanAntonio #SanAntonioSpurs #Southwest https://t.co/1pC9Iucx4U",1518673958584922113,LoveNBAcom
"Timothy Theodore Duncan, (born April 25, 1976, St. Croix, U.S. Virgin Islands), American collegiate and professional basketball player who led the San Antonio Spurs of the National Basketball Association (NBA) to five championships (1999, 2003, 2005, 2007, and 2014).",1518658905164943361,c82b5001896b4ae
Twin Towers (San Antonio Spurs) - Wikipedia https://t.co/CaEBan0R2j,1518656721178304519,kojoohno
"🎙️🎙️🎙️ Celebrating Spurs legend Tim Duncan's birthday 

YouTube https://t.co/XrUiQrdckt
. @KENS5: https://t.co/cSRCr7r2vU
Apple https://t.co/FCQcgJY4vM
Spotify https://t.co/cblAEUX1Ov #nba75  #porvida #nbatwitter",1518646017603694592,LockedOnSpurs
A lot of awesome development in the Northwest area of San Antonio.. can't wait for the Spurs to open The Rock at La Cantera. I imagine this being similar to The Star in Frisco. @spurs #HumanPerformance https://t.co/v9rQT2QE6l,1518643500555948034,DrKen_sportsmed
"Jock Landale News 2022: San Antonio Spurs NBA Star, Melbourne United, Fiancee India Modern https://t.co/RSKtxpOq12",1518637840371879936,TheNews_2Day
https://t.co/aArmE5ffwz Highlights: Jakob Poeltl Top Plays | 2021-22 San Antonio Chili' Spurs Season https://t.co/B7ZBKXsxbE,1518637481855385600,Hoops227_NFL
"If you're from San Antonio, even if you aren't a Spurs fan, you need to appreciate this man. The city is basically put on the map because of him. https://t.co/FYLW2trU8N",1518631544675618816,ThatJustMatt
San Antonio Spurs Rim Rocker ’47 Vintage shirt https://t.co/MJoREngMRf,1518628913576038401,ShirtShopt
"Check out Go Spurs Go Fan Gift, San Antonio Spurs Hat For Men Women Basketball Gift Idea  https://t.co/YrhXP6vVRn #eBay via @eBay",1518627807143677953,SondeKaGifts
"San Antonio Spurs NBA star, Melbourne United, fiancee India Maddern https://t.co/PMRgEZxJXs",1518621386687795202,MetaJaunNews
"San Antonio Spurs - Devin Vassell
Mosaic NBA Debut Pink Camo

$3 https://t.co/MLT7rusqj3",1518619148028362752,scrappy366
The San Antonio Spurs aren't in the 2022 NBA Playoffs but many from the Gregg Popovich coaching tree are still competing. Here are the 8 active branches: https://t.co/GOF4xHx9iX,1518617171621863424,spurstalkdotcom
"I’m sorry but, “got my spurs on, San Antonio” is such a bar",1518612145163931649,_chicnaija
Vince McMahon really gotta hang his jersey in the rafters already he looking like Tracy McGrady on the San Antonio Spurs with how washed he is https://t.co/9kk0XmRkaA,1518610711894577152,BanksSZN
Happy birthday to Tim Duncan of the San Antonio Spurs #timduncan #timduncan21 #nevermissaplayoffgame #sanantoniospurs #nbaallstar #timothytheodoreduncan #timothytheodoreduncan21 https://t.co/s6MHj4R4aw,1518590275060445186,clemons8204
"April 25, 1976 Tim Duncan, American NBA forward (San Antonio Spurs), born in Christiansted, U.S. Virgin Islands #Today #OnThisDate #TimDuncan #People #Event #PR https://t.co/DQGZCZPSrk",1518579750695964672,AmirAlhaj_ph
"San Antonio #Spurs: tag someone who needs to see this today ... 
 
https://t.co/cj0yHxiBBj
 
#Basketball #NationalBasketballAssociation #NBA #NBAWesternConference #NBAWesternConferenceSouthwestDivision #SanAntonio #SanAntonioSpurs #Texas https://t.co/SPxezhTwWu",1518578078322249728,raw_chili
"#HappyBirthday to five-time NBA champion Tim Duncan, who is 46 today.

The greatest ever power forward, Duncan spent his entire 19-year playing career with the San Antonio Spurs and is inducted into both the Naismith Hall of Fame and the @NBA 75th Anniversary Team.

@spurs 

🎂🏀",1518569513125523456,Refereads_
"On this day in sports history April 25, the defending champion San Antonio Spurs swept the Memphis Grizzlies to advance to the 2nd Round of the NBA Playoffs for the 4th consecutive year in 2004.",1518555027291451393,NF201111
"Spurs up, San Antonio 🤠",1518554951655596033,ilissaVee
The San Antonio Spurs are signing rookie Cam Reddish to a max contract. Per @wojespn,1518541623293972480,JohnStanleyNBA
Spurs: San Antonio woman plans to use her reign as Ms. Wheelchair Texas to push for improved ... https://t.co/6OH035K8gq,1518535551309082624,Rachael00473663
"1 overall seeds have gone on to win it all: the 2016-17 Warriors, 2014-15 Warriors, 2013-14 San Antonio Spurs, 2012-13 Heat, 2007-08 Boston Celtics and 2002-03 Spurs.",1518529477902766080,DesertFoxCal
"Speaking of San Antonio, the 2009-10 Spurs were the most recent seven seed to make it to Round 2, eliminating the Mavs in the first round in six games.",1518527629040951297,AnimeRobo
2 San Antonio Spurs in four games.,1518527593859153921,ChuanxinK
2022 Orlando Magic Playoff Lessons: San Antonio Spurs developed the long game – NBA News https://t.co/4SXS4bxkWc,1518506231261917184,sportsnews2022
"Check out how Game tempo and Pick &amp; Roll Offense Clinic Notes from the San Antonio Spurs Assistant Coach | Basketball Coaching Clinic Notes
https://t.co/wLxj9DUjMM",1518500191070048258,coachpeterman
9 seed in the West; they play the San Antonio Spurs on Wednesday as they try to crash the playoffs.,1518491212134592513,SilviaTriWahyu2
"McCollum also came up big in his first play-in action, racking up 32 points, six rebounds and seven assists while finishing a team-high plus-16 in a 113-103 win over the San Antonio Spurs.",1518490442282668032,FilmdailyT
"The San Antonio Spurs are relocating to Las Vegas, Nevada after the end of this season.",1518481227161890816,JohnStanleyNBA
"Did you know?

The San Antonio Spurs have the record for most consecutive playoff appearances which started in 1998 and went until 2019. During this stretch the Spurs won 5 NBA Titles.

Start your #iGaming Business with 48 Pacific today!

Visit us at https://t.co/9pXlUtD20v. https://t.co/G1wsfmE2Nc",1518471279032291329,48Pacific
"All suns fans lemme remind you, 2014 San Antonio Spurs Round 1 Mavs take the spurs to 7, don’t forget their considered one of the best teams of all time. Its not how u start, it’s how u finish go suns but man this one hurt",1518444978401427459,liltonka69
"April 24, 1994: San Antonio #Spurs C David Robinson scored a franchise-record 71 PTS to barely beat Shaq for the 1993-94 scoring title as the 4th ever with 70+ PTS in 1 GP for a win over the LA Clippers. The Admiral's 71 PTS still remains the Spurs' record
https://t.co/cWE26V8eON",1518444643930853376,PSO_Sports
"The San Antonio Spurs will select Leonard Miller with the 9th Overall Pick in the Draft. A guy nobody knows yet, but soon they will. You heard it here first. @LeonardMi11er @spurs #GSG #PorVida",1518425400006918145,NicholasFlo123
Former San Antonio Spurs small forward Richard Jefferson's ex-personal assistant has been sentenced to prison after pleading guilty to stealing nearly $5 million from the NBA player. https://t.co/HsbuvkKhOX,1518420353009295360,stevefmvirginia
"One of the best 🏀 videos I’ve seen. Saw it a few years ago.

Phenomenal message not just for 🏀, but for any sport or team. 🎾⚽️⚾️🥎 🏃🏼‍♀️ 🤼‍♂️ 🏈 

It’s about the team.

San Antonio Spurs Tribute - The Beautiful Game (ORIGINAL) https://t.co/tMPuMw2eh9 via @YouTube",1518398578812760066,boystenniscoach
"San Antonio #Spurs: OTD in 1994, ...
 
https://t.co/sy3yuOVVpN
 
#NBASouthwest #NBASouthwestDivision #NBAWestern #NBAWesternConference #NBAWesternConferenceSouthwest #NBAWesternConferenceSouthwestDivision #SanAntonio #SanAntonioSpurs #SanAntonio #SanAntonioSpurs #Southwest https://t.co/VD6QvOVN4F",1518397642656686083,LoveNBAcom
"San Antonio #Spurs: OTD in 1994, Admiral WENT OFF for a career-high 71 points to claim the #NBA scori... 
 
https://t.co/BpCPcsWrjl
 
#Basketball #NationalBasketballAssociation #NBAWesternConference #NBAWesternConferenceSouthwestDivision #SanAntonio #SanAntonioSpurs #Texas https://t.co/tyQ53xJXru",1518377256934125568,raw_chili
"WHY DO, HOW COME, and WHO LET the Houston Rockets, San Antonio Spurs, OKC Thunder, and Cleveland Cavaliers have more Twitter followers than the Toronto Raptors??????",1518377245051658240,charliebender19
Bill Schoening doesn't get to work on his tan while calling San Antonio Spurs games on the radio. He was sitting outside today at Roadrunner Field handling the UTSA baseball game. https://t.co/sbOkqgyYA7,1518349825896599553,JoeAlexander210
They was passing her ass around like they were playing for da 2014 San Antonio Spurs https://t.co/pOALLFwd4f,1518337738789040128,KumaXXI
4/24/92 – Dan Majerle (25p) nailed 2FTs w/just under a minute remaining then provided tough defense on Terry Cummings as the Phoenix #Suns opened the playoffs with a 117-111 victory over the San Antonio Spurs. KJ had 24p/17a. SA was without injured David Robinson. #RallyTheValley https://t.co/f6CtfuuUPX,1518334119712804865,AZSportsHistory
"Most PTS during 1 GP in San Antonio #Spurs history: 
1. David Robinson (71)
2. George Gervin (63)
3. LaMarcus Aldridge (56)
T4. Tony Parker &amp; George Gervin (55) https://t.co/Sz4PXWD35B",1518331421768695810,pro_sports_best
"April 24, 1994: San Antonio #Spurs C David Robinson scored a franchise-record 71 PTS to barely beat Shaq for the 1993-94 scoring title as just the 4th ever with 70+ PTS during 1 GP in NBA history for a win over the LA Clippers. The Admiral's 71 PTS still remains the Spurs' record https://t.co/uJlYDk8WbT",1518331249139585024,pro_sports_best
"San Antonio #Spurs: tag someone ...
 
https://t.co/dwlkLVK5XD
 
#NBASouthwest #NBASouthwestDivision #NBAWestern #NBAWesternConference #NBAWesternConferenceSouthwest #NBAWesternConferenceSouthwestDivision #SanAntonio #SanAntonioSpurs #SanAntonio #SanAntonioSpurs #Southwest https://t.co/IMnNnRaDBS",1518328937893580807,LoveNBAcom
"April 24, 2005: Denver shocks San Antonio in Game 1 of the playoffs. Andre Miller scores 31, and Denver frustrates the Spurs offense. #nuggets https://t.co/4gCHsKYEHC",1518321629738188800,nuggets_history
Spurs fans watching Bulls disintegrate so Zach Lavine leaves and joins San Antonio with Dejounte and Deandre Ayton https://t.co/GmobCpqL8u https://t.co/qbIGC7b7hn,1518308756647514112,farner_matty
"San Antonio Spurs vs. Detroit Pistons - NBA (1/1/22) | Tip-Off, How to Watch  https://t.co/Qp5XtrqYVr  Get Instant Access Now! ==&gt; *** https://t.co/3hpIZAnv87 *** #nba #Basketball #basketballcardscards #celtics #bucks #youtube #nets #warriors #lakers #russia #ukraine #war # #Kyiv",1518277577944743937,CrowdVectors
the main obstacle to and greatest asset of my jock summer is that I have no loyalty to any team but the San Antonio Spurs,1518269265643806720,momrade_emily
I really hope the Raptors turn out like the Tim Duncan era San Antonio Spurs where they can actually be a lock to make playoffs for years and years to come,1518267990759944194,mrsebruary
San Antonio Spurs Mock Draft 2022 https://t.co/wCZVJSfuCq via @YouTube #Spurs #GoSpursGo #NBA #nbadraft,1518252461051494400,tsr_sports
San Antonio Spurs Reebok Long Sleeve Warm Up Jersey Size Medium NBA https://t.co/OGq6gaxshJ eBay https://t.co/HIfPPnzqyE,1518248537812652034,FanSouvenirs
San Antonio Spurs NBA Basketbal #basketballcards https://t.co/fs6M09RL2r,1518239703140651008,CardsHoop
"#iPushSA The CON is over. It’s time to COLLAB. San Antonio’s biggest shoe convention yet. Brought to you by the creators or SnksUp, Spurs Sneaker Jam &amp; Davies Ent.!!!!! https://t.co/zJt6Tx75Mn",1518221983825252354,SherrilMetal
