full_text,tweet_id,screen_name
yeah no one can convince me that sebastian aho isn’t written by a woman,1520801216716230656,russ3lls
Sebastian Aho needs 8 points to tie Eric Staal as the highest scoring playoff performer in franchise history.,1520778387303796736,RealChrisCote
Just thinking about Sebastian Aho with the cup over his head rn,1520622860401876994,fullcaniac90
@conroyherald curious to see if Sebastian Aho can raise his game this time. Bs were very successful shutting him down in the last 2 playoff series.,1520580381996908545,mhall3333
Sebastian Aho fuckers should be required by law to acknowledge his resemblance to Ben Shapiro every time they try and convince me this man has sex appeal https://t.co/8rkdxPHWFt,1520560581060837376,2004LUVRGRL
"AUDIO: Rod Brind'Amour, Sebastian Aho and Jordan Staal addressed the media following the team's practice at PNC Arena on Saturday.

https://t.co/SeoU5kk4oN",1520462545278193666,CanesPR
more nhlers should be like sebastian aho. no shame if u can't grow a beard! don't force it!!,1520438562977689607,linebrawI
@NHLPlayerSafety How are you not addressing this obvious dangerous hit Garnet Hathaway put on Sebastian Aho?!?!  Especially when Hathaway is a repeat offender and boarding is becoming his MO!   https://t.co/LJDFBHhNUx,1520373281743847424,YeahBadAndy
Wrong Sebastian Aho LOLOL https://t.co/a1YjjkeeLs,1520159533582229504,LWilz
Sebastian Aho: Won't play Friday https://t.co/ZDbhgQ9ljL,1520158578258161665,RotoWireNHL
"So, in essence, #GarnetHathaway gets 2 minutes for a brutal boarding that shoulda been 5 &amp; game &amp; Sebastian Aho gets a game &amp; maybe more for being boarded.

#Caps #Isles https://t.co/ctgYTP1RsI",1520156506959745024,BCISLEMAN
"Per Coach Trotz, Ryan Pulock is back in the lineup tonight vs. Tampa Bay. Sebastian Aho will not skate (upper body) #isles",1520152792006078465,rachel_luscher
Sebastian Aho out (upper body). Ryan Pulock back in (illness). Johnston still out. All per Trotz. #Isles,1520152730681192454,stefen_rosner
Sebastian Aho (NYI - D): Is not expected to be in the lineup for today's game. https://t.co/rS5eEpUQeG  #nhl #Isles,1520152419010809856,Left_Wing_Lock
"Who agrees with me that Sebastian Aho should be signed by the  #Isles as a GVI Free Agent.
They can certainly use his ability moving the puck out of their own zone, and he's broken in.",1520024659818913798,JPinVA
2018-19 Upper Deck - UD Game Jersey Sebastian Aho: $2.80 on COMC from spammyjazzhands. #LetsGoCanes @boy_cards @HobbyConnector #TradingCards Link: https://t.co/N8s8Rc5Ode https://t.co/Bp4sskceFy,1519923817430532097,TheWaxHQ
"Wait, the Isles call *their* Sebastian Aho ""Sea-Bass""? It better not evolve to ""Fishy"" too, is all I'm saying--this is confusing enough! https://t.co/Z0y3Awvxso",1519886938337067008,emanningwrites
"CAR: Steven Lorentz (8) assists: Seth Jarvis (23), Sebastian Aho (44) Goalie Andrew Hammond (CAR 5, NJD 1 - 03:14 3rd)",1519844924862124032,GoalNHL
sebastian aho is a horrible player!!!!!!,1519823633555902465,whoeverjaqueis
"Pageau-Lee-Barzal-Nelson out there with Sebastian Aho on PP1 with Dobson in the room. Big opportunity for Aho here

#isles",1519819419098222598,cjhenn0208
"The Canes hit a bunch of milestones on the road trip, and they're getting honored during stoppages to big applause. 

Max Domi 500 games, Sebastian Aho 400 points and Jesper Fast 200 points the milestones.",1519818740707348486,CanesCountry
giving seth jarvis and sebastian aho energy https://t.co/TqWe0ffx1o,1519683988885053440,lornhale
Sebastian Aho's future with the Islanders uncertain - Newsday #isles  https://t.co/oHs3pF6oMD,1519647629499637760,islandermania
The odds of your child becoming a professional hockey player improve exponentially if you name him Sebastian Aho #DataAnalytics #Hockey,1519515203666333696,TheRealJayTee14
Sebastian Aho: Future uncertain https://t.co/0qJqas8FV8,1519478462502903816,RotoWireNHL
2016 17 Upper Deck Trilogy Seba #hockeycards https://t.co/jXmqolcw6D,1519439200013197313,gems_card
sebastian aho is actually so cute,1519367559094870016,russ3lls
2016 17 Upper Deck Trilogy Seba #hockeycards https://t.co/9kMx45pYPG,1519186389400793088,gems_card
Sebastian Aho (444 GP) required the third-fewest games in Hurricanes/Whalers history to record 400 NHL points behind Ron Francis (345 GP) and Kevin Dineen (417 GP). #NHL #LetsGoCanes #GoHabsGo https://t.co/oW0Od0iEua,1519174416848064513,samuelmj01
"#Rangers lose 4-3. Vincent Trocheck, Jordan Martinook, Teuvo Teravainen, and Sebastian Aho scored a goal for the Hurricanes. Pyotr Kochetkov had 31 saves.
REC= 51-23-6
NG= vs Canadiens",1519132621489545225,RTWproductions
"Hurricanes win 4-3 over the Rangers. Goals:
(Hurricanes) Vincent Trocheck (21)
(Hurricanes) Jordan Martinhook (5)
(Rangers) Chris Krieder (52)
(Hurricanes) Teuvo Teravainen (21)
(Hurricanes) Sebastian Aho (37)
(Rangers) Jacob Trouba (11)
(Rangers) Alexis Lafreniere (18)",1519131269841494016,RangersAvenue
"Including the playoffs, Sebastian Aho has 6 goals, 15 points in his last 7 games against the Rangers.",1519131242876309506,CanesStats
"Sebastian Aho one-times the loose puck past Shesterkin to extend Carolina's third period lead to 3!

#LetsGoCanes https://t.co/7yMJLn2x9r",1519124950065500160,HockeyDaily365
That last goal was Sebastian Aho's 400th career NHL point.,1519124851495165952,CanesStats
Sebastian Aho FI scores against the New York Rangers to make it 4-1 #NYRvsCAR #NoQuitInNY #LetsGoCanes https://t.co/6YpBWmbX16,1519124418664009731,nopClips
Sebastian Aho has 400 career points #LetsGoCanes,1519123574669328384,TheSurgeCast
"CAR: Sebastian Aho (37) assists: Seth Jarvis (22), Jaccob Slavin (38) Goalie Igor Shesterkin (NYR 1, CAR 4 - 00:32 3rd)",1519122667261075458,GoalNHL
Guess what! Fuck sebastian aho and his stupid fucking dumbass face. Pretty sure this is the most hateful i’ve been to anybody on this app. https://t.co/ZQMK2B0gnw,1519122358119895042,DappurDudz
Sebastian aho more like shitstain a hoe,1519122138938200065,kaapeliix
Hurricanes score 4-1. Goal: Sebastian Aho. Assists: Seth Jarvis and Jaccob Slavin.,1519122138741055488,RangersAvenue
"Sebastian Aho scores on New York, only 32 seconds into the No. 3 period. #CarolinaHurricanes #TeamSpeedKills",1519122126892113921,LeeWardlawNews
I STRAIGHT UP LOVE SEBASTIAN AHO!!!! ❤️🖤,1519121965495328770,Mooseamillion
"SEBASTIAN AHO

That's the tweet. 
#letsgocanes",1519121904724062210,ThesecretFinn
put the sebastian aho jersey on and he will score @Canes !!!!!!!!!!!! 🚨 https://t.co/pa2apIpkAc,1519121896150900736,3x5
i don’t like that there are two sebastian aho’s. get rid of the one on the islanders,1519111389809422339,DRYSDALE02
we love sebastian aho,1519103553234776064,jarvydrury
so ur telling me there’s two different players in the nhl named sebastian aho,1519101734848802816,capitalsburner
2016 17 Upper Deck Trilogy Seba #hockeycards https://t.co/tk7SuYvjCJ,1519022403099181056,gems_card
Check out 2017-18 Upper Deck Premier Premier Swatches /99 Sebastian Aho #PS-SA https://t.co/vFlEJgWSMc #eBay via @eBay,1519018864717271041,ccards003
Check out 2017-18 UD Premier MEGA Patch Duos - Skinner &amp; Sebastian Aho 21/25 Hurricanes https://t.co/QvZqiUp4vZ #eBay via @eBay,1519018768185413634,ccards003
Check out 2016-17 SP Game Used Rookie Sweaters #RS-SA Sebastian Aho 445/499 https://t.co/Nsf5kgUW5m #eBay via @eBay,1519018738015637504,ccards003
"The best C of the regular season NHL 2021/2022:
1. Auston Matthews 🇺🇸
2. Connor McDavid 🇨🇦
3. Leon Draisaitl 🇩🇪
4. Sebastian Aho 🇫🇮
5. Aleksander Barkov 🇫🇮
6. Sidney Crosby 🇨🇦
7. Nathan MacKinnon 🇨🇦
8. Elias Lindholm 🇸🇪
9. J.T. Miller 🇺🇸
10. Nazem Kadri 🇨🇦",1518963185847619584,NikitaM11934685
2016 17 Upper Deck Trilogy Seba #hockeycards https://t.co/RrZzrwGL6R,1518654684407508993,gems_card
"The offensive-minded Sebastian Aho has grown into a leader for the #Canes, powering them into serious Cup contention. His stats and confidence have many in North Carolina wondering if he'll be a Hart Trophy contender. Do you think he has what it takes?

#LetsGoCanes #ZephyrEpic https://t.co/mftyojSsx8",1518651582329638912,zephyrepic
Sebastian Aho's next point will be the 400th of his career.,1518599901717962755,RealChrisCote
it's me i'm the third sebastian aho. https://t.co/7b7caM39H4,1518398758681124864,ahockeygirl
There is a third Sebastian Aho.,1518395899076034561,nhl_gothic
Sebastian Aho’s team is winning,1518310422167928836,Tropical_Jake
"What are the odds that there are two Sebastian Aho, and in the same game? #Isles #CARvsNYI",1518304388535705600,spiderlou2099
"hockey players ARE NOT allowed to have the same names if it's a unique name. sebastian aho and sebastian aho need to battle until one of them dies, same with elias pettersson and elias pettersson. there can only be ONE.",1518300716682555392,grimfeminine
"Hearing ""a chance for Sebastian Aho"" and realizing the Islanders have the puck https://t.co/w3sphcCdUd",1518297670061854720,aschnitt53
guys i think sebastian aho is gonna win,1518296962667323400,quachiemouse
Manifesting a Sebastian Aho goal against Sebastian Aho today…,1518291626690592768,SSN_Isles
"Still actively looking for these Sebastian Aho Platinum cards. Pink if you have any of them (or any of the 1/1s not listed, I’d love to pick them up, especially the 2 last rookie year ones. https://t.co/6YSmf7yhfj",1518289996620435457,danvincent78
I can’t believe Harry Styles golfed with Sebastian Aho,1518285239675723776,chalamulaney
omg the two sebastian aho's are playing each other today,1518282928496820226,madadadaddie
“swedish sebastian aho” x “finnish sebastian aho” lmaooo,1518277805716373504,barzynga
i wonder if isles are jealous of our sebastian aho #letsgocanes,1518277653274447877,sepesfish
"Our Sebastian Aho is better than the other Sebastian Aho. 

#LetsGoCanes",1518275442695938049,ThesecretFinn
I need Sebastian aho and Sebastian aho to both score in this game,1518275114198052866,rachelmichele15
Sebastian Aho multiverse today,1518274755710701569,barzynga
"sebastian… aho… (carolina version) gave me… a puck, https://t.co/mAWZ875cDD",1518274251824013312,sebihinet
ARE WE FINALLY GETTING SEBASTIAN AHO VS SEBASTIAN AHO ??,1518268711110594563,godyeurhair
Today is Sebastian Aho vs Sebastian Aho day :),1518268214995734528,JasonDixon211
Sebastian Aho will have 3 points today.,1518267831493799937,stormcellar97
"Just think:

Seth Jarvis is 20
Jesperi Kotkaniemi is 21
Andrei Svechnikov is 22
Pyotr Kochetkov is 22
Martin Necas is 23
Ethan Bear is 24
Sebastian Aho is 24

And this young core of the Carolina Hurricanes is heading to the playoffs very soon.",1518237404900978688,NoPucksGivenn
"Want consistency?

Sebastian Aho has 284 points in his last 282 games.

Is within 2 points of a PPG each of the last four seasons.",1518221011895824384,RealChrisCote
"@ OddsJam users: 

This is NOT an arb ‼️

Each team has a player named Sebastian Aho. Carolina’s is an elite player but New York’s is not. 

I think the algorithm is picking up the “Islanders Aho’s” price and comparing it to “Carolina Aho”

Funny little glitch 😂 don’t bet this https://t.co/Z8XNyVeVa9",1518216311188373504,PromoGuyMI
2016 17 Upper Deck Trilogy Seba #hockeycards https://t.co/Sd8sZvm7w8,1518209013263052800,gems_card
