full_text,tweet_id,screen_name
"It's a phenomenon familiar in the history books: Napoleon Bonaparte's invasion of Russia in 1812 was famously slowed by the mud, as were Hitler's armies, which invaded the then-Soviet Union in 1941.  https://t.co/SJ1UQ1Zfql",1520906441623748609,Radion_Popalzai
I can forgive this for now because I just KNOW it’s gonna be 100x more of this during secret invasion season and that’s probably worse… 😭 https://t.co/jq6tQP928u,1520868493582872578,camandfilm
He's accidentally confirmed it. https://t.co/v96Ik7KF2V,1520852694163857408,ComicBookRumors
"9 Fan Theories for Secret Invasion, According to
Reddit
👉Promote With Us👉https://t.co/I8ApDihRcs https://t.co/I5rXpTP2Tz",1520848770061287426,SoulwellPublish
Check out Counter Energy*️⃣122/111 CRIMSON INVASION*️⃣Full Art Holo - GOLD*️⃣ SECRET RARE https://t.co/qo5XLofkMQ #eBay via @eBay,1520840531101765637,TCFCardShop
"A beloved Avenger is now confirmed to be in ""Secret Invasion"". https://t.co/4yHwGtQxxY",1520823375760740352,ComicBookRumors
"Daisy, chloe bennet already has a huge fanbase so it would be a good idea to have her in the Secret Invasion show like the comics or on another project. @MarvelStudios @Marvel @Kevfeige @disneyplus #SecretWarriors #SecretInvasion #ChloeismyQuake https://t.co/78YjPwUlbQ",1520809753324179458,jellymelly1217
"no but if billy and tommy still won’t age up in multiverse of madness I may just lose hope, like where else can I see them grow up???? in secret invasion????",1520806991953895424,stanleyfountai4
"Russia Putin on his failed invasion and cancer surgery:”And there it is again — the collective schizophrenia that is standard for ""homo sovieticus.""' He lives and survives on lies, with fear of the secret service, with shame about his own cowardice, and a gross miscalculation.",1520803113992601602,Saket45322749
Predicting Secret Invasion to be the MCU project that is the most politically... interesting,1520793078881296385,8thDrBestDr
Secret Invasion better be 13 episodes. I'm not playing with Kevin  Feige,1520791654231429121,KhameekJ03
"Pelosi concludes secret visit to Ukraine: The House speaker, who is second in line to the presidency, is now the highest-ranking U.S. official to visit the war-battered nation since Russia's invasion began. https://t.co/vsPqoUhQNK",1520782769328173058,USRealityCheck
"The House speaker, who is second in line to the presidency, is now the highest-ranking U.S. official to visit the war-battered nation since Russia’s invasion began.

 https://t.co/7ur4ooyhXs",1520764380379598849,New_Narrative
"Speaker Nancy Pelosi has concluded a secret visit to #Ukraine this weekend, becoming the highest-ranking U.S. official to visit the war-ravaged country since Russia’s brutal invasion began in February.https://t.co/m5JnVfuPGv",1520747572733820929,OlderGf
"My question to @SpeakerPelosi is why is Ukraine's ""fight a fight for everyone""? 
Many other countries have war just look at #yemin . What's so special about Ukraine? Is it because this invasion is breaking up the USA and other countries secret laboratories and money hiding.",1520691406569943040,kaysmith11563
"Ignorance may be bliss, but how long can you keep a Martian invasion secret? 

Check out The Martian Diaries award-winning continuation of The War Of The Worlds  – ebooks &amp; audiobooks with original music

More info &amp; buy links here https://t.co/AlsdWzuef5
#audiobooks #scifibooks https://t.co/j11yzWiHOW",1520663128815636481,martiandiaries
Why does everyone end up being offline whenever I play videogames I'm starting to suspect that everyone I'm mutuals with are in a secret conspiracy to elimste my form twitter dotcom and they all in a group dm and they are all ttying to wnd any potential invasion of minecrsp,1520646675907457024,goomba_456
"oh so there is a Indonesian marvel character, and from her power grid i'd say she's brilliant. she also appeared in secret invasion event",1520643515818332160,xlavierre
when she shows up in secret invasion https://t.co/c1AhiIM6rg,1520608771189346305,aceszznn
*Skips to She-Hulk and Secret Invasion after the Moon Knight finale*,1520564003285651456,ZeroReax
"now that secret invasion has been delayed again! i'm even more convinced emilia's about to announce a new project soon, bookmark this tweet",1520556544450269184,ARCANEMILIA
when secret invasion starts right where wandavision left off with monica meeting fury halfway&gt;,1520556315285745665,HulksGreenCum
"https://t.co/SavhTBSBun
""...the erosion of freedom taken place under Democratic rule in this country, the invasion of private rights, the controls and restrictions on the vitality of the great free economy that we enjoy.""
Ronald Reagan on his letter to 2076.
GOP Convention, 1976",1520554234638385160,RobertW41590898
got three gwenpool comics and one secret invasion one GAWD i love the thrift store,1520541331289903105,osb6rn
"It's no secret that everything has been going up in price since the pandemic began, now coupled with Russia’s invasion of Ukraine, food prices are skyrocketing. Here are the details:
https://t.co/mQXesxJmcj",1520476995477458944,CapeTownEtc
"Remember when the NYT was one of the biggest spreaders of Bush administration fear-mongering about Iraq WMD?

Apparently invading Iraq isn't an ""extremist idea"" and made up crap about secret WMD to justify the invasion isn't a ""conspiracy theory."" https://t.co/nVH38YEEmA",1520474448100573186,FallacyAbuser
"MoM will end with steve turning around, paving the way for secret invasion (real reason why he went awol in the end of eg)",1520472144979050497,cptnsgr
"📸 In #Moldova, a secret mobilization has been started for the reserve military forces against the #Russian invasion.
📸 @savunmaisleri https://t.co/ri5t9W4bfP",1520471563757359108,metesohtaoglu
"Yet another release date swap for Marvel. The Marvels will now release July 28 , While Ant man Quantumania releases in February 17. It’s reported the switch is due to Secret Invasion series airing in February in which Capt Marvel appears and whose storyline affects The Marve… https://t.co/Ou0nmVWZgk",1520451757893160962,celebfantastiq
"World direct invasion of Pakistan 
Pakistani General in Kandahar
Taliban always denied being puppet of Pakistan secret Agency Project ? What is this?
Taliban are Terrorist and Pakistan is a terrorist country https://t.co/VMK2LJ09xh",1520451108040282114,AfghanUnheard
"My opinion ? We will see a LOT of Carol in upcoming movies (Thor 4, Quantumania) and shows (Ms.Marvel, Secret Invasion) until The Marvels. Save this tweet. OUR ERA IS COMING https://t.co/lxPj8ChxZ0",1520451081339297792,CaptMarvelNews
I tweeted about this a week ago but the alien writing translates too “he loves you” on these secret invasion cast and crew caps I got last week (@DadandLad4 stole tweet from me) https://t.co/YaU73mSx2Z,1520433927407681536,LeonSatne
"Bad assumptions from the Russian political and military leadership about Ukraine, coupled with a desire to keep the invasion secret, denied the Russian military the ability to prepare for war https://t.co/iOzL9K3wv3",1520417757044645888,WarOnTheRocks
"We've got Cassie Lang, the ""Maximoff"" twins, America Chavez, Kamala Khan...surely we'll be getting Iron Lad soon and probably Teddy in the Secret Invasion...it's happening right in front of us. (it'd better happen)",1520399351750676480,esotericny
"ICYMI: Check out these Exclusive Set Photos for #SecretInvasion which showcase what looks to be a secret Hydra or Skrull base and some crew merch.

https://t.co/I926on5QOw",1520388075649736704,CineGeekNews
"U.S. Pentagon sends first highly-secret Phoenix Ghost drones to Ukraine and reveals it is training Ukrainian troops at U.S. bases in Germany to lead fight against Russian invasion  https://t.co/HndaklwNNt via 
@MailOnline",1520329280944848897,7royalhouse
"🚨🚨🚨The Marvels was clearly moved to accommodate the schedule of MAJOR and incredibly busy actress. Now Chloe will have time to star in the film, following her starring role In Secret Invasion.🚨🚨🚨 https://t.co/Ys3VBMWMnR",1520327599502807041,_CharlesMurphy
Secret Invasion set leaks of a bunker and a crew member backpack #secretinvasion #marvel https://t.co/NxWwMNtI14,1520286878309617664,TheGeekyCast
Exclusive: Secret Invasion Set Photos showcase Large Bunker Set - The Cine Geek https://t.co/khgTXV0m2r,1520272872119308289,tvsotherworlds
This gotta be Loki season 2 and secret invasion thing https://t.co/DFqgYEfQNd,1520270965799718914,brownieakashi
Nick Fury in Secret Invasion (2023) https://t.co/wuTmmENzgA,1520198749292691456,phase4gifs
"MCU Scenario: after Doctor Strange 2 and Secret Invasion, it’ll set the stage for Avengers 5/Secret Wars.  FF4 and X-Men will show up, they’ll all fight Galactus, Dr. Doom.

That should carry over the next few years",1520195037363064837,Get_Out_Gurl
"I'm seeing calls for Emilia Clarke to replace Amber Heard in the DC Films, while I would be for that she is about to make her debut in the MCU's Secret Invasion and we don't know who she is playing so she may be tied up in the MCU depending on the character",1520189870739795970,Ryan_Witalison
To accommodate Secret Invasion so it doesn't overlap... Something big is happening in that series that will definitely contribute to the Marvels storyline. 🌟🔥✨ https://t.co/ltnrBplQdI,1520186104695214081,kabukibutterfly
They likely switched the dates to give time for Secret Invasion to air since it's tied into The Marvels. https://t.co/xYdPPW95f0,1520183764546060289,merry_shai
"The @Whitehouse is guilty of #Sedition hands down without a reasonable doubt! Secret plane nighttime flights of illegals to enable an invasion is a federal crime. Arrest all who are responsible from the very top down to the pilots, the bus drivers. #Whoiswithme? @JudiciaryGOP",1520171723508916224,glenp
"New Secret Invasion Set Photos showcase Large Bunker Set + crew merch 

https://t.co/PLVindJqpQ

#MarvelNews #MarvelStudios #MCU",1520160428852187138,MStudiosNews
so that means secret invasion too? 🥲 https://t.co/7WhLyy44sE,1520158699616182272,JEDIFLUX
"no trailer but we got news!!!!
the marvels has been delayed (now july 2023) and swapped release dates with ant-man and the wasp: quantumania (now february 2023). since the marvels and secret invasion are connected, secret invasion will most likely be delayed as well. https://t.co/PAez5csOCl",1520157019705122818,invasiontrailer
"How is switching release dates screwing Carol? Lol. Y’all need to chill the fuck down

If anything:
1. a summer release is bigger than Feb
2. Secret Invasion comes before which means her movie’s got to be huge and the show ties-in
3. Kang is in Quantimania which has to be b4 Loki",1520155522565087239,Twinkle_Fists
"We have exclusively acquired New Set Photos for #SecretInvasion which showcase a new bunker set and old war technology. Hinting at either a flashback sequence, an old Kree base or an old Soviet base.

Check out the rest of the photos here: https://t.co/I926on5QOw https://t.co/RP2kIG4WcA",1520154562430124041,CineGeekNews
"remaining MCU Phase 4 projects from most to least anticipated:

1. Fantastic Four
2. Thor 4
3. GOTG 3
4. She-Hulk
5. Marvels
6. Ms. Marvel
7. DS2
8. Secret Invasion
9. Armor Wars
10. GOTG Holiday
11.  Loki 2
12. BP2
13. Ant-Man 3
14. Ironheart
15. Wakanda
16. Werewolf by Night",1520154083197595651,cmoon224
"MY POST CREDITS FOR MoM THEORY: at the end the post credits scene shows Tony variant, Carter, Strange, wanda, and America chavez in the same universe where they're all together, and we get an Avengers 5 and also it ties into secret invasion 

#DoctorStrange",1520147402124152832,SirRifty
"We have exclusively acquired New Set Photos for #SecretInvasion which showcase a Secret Bunker set and some crew merch.

Check out the photos here:https://t.co/I926on5QOw https://t.co/64xyGbHnJl",1520145977826586626,CineGeekNews
"No cause for concern here. This makes complete sense considering Secret Invasion will likely drop earlier in the year, and ties into The Marvels. Gives audiences plenty of time to watch it, and Ms. Marvel beforehand. https://t.co/KOs0ql7OQR",1520143569973043202,garynzilla
"EVERYONE knows vlad puddin &amp; xi pingpong R secret lovers and nobody should be surprised. you know china is sending money, weapons &amp; supplies across their border

China giving ‘lip service’ to Russia over Ukraine invasion, former Sen. Lieberman warns https://t.co/VtewaabXBc",1520138724004139008,Bruce_Skinz
Fuck you secret invasion fuck you son of a bbbb,1520134769572716545,Wanda_Capmrvl
"EXCLUSIVE: The Cine Geek has exclusively acquired some new set photos for #SecretInvasion which showcase an indoor War Bunker Set and some crew merch.
#TheMarvels 

Check out the photos here: https://t.co/qeViuaDzll",1520132160077848577,MCUgeekthe
"EXCLUSIVE: The Cine Geek has exclusively acquired some new set photos for #SecretInvasion which showcase an indoor War Bunker Set and some crew merch.

Check out the photos here:

https://t.co/I926on5QOw",1520131702219235330,CineGeekNews
"EXCLUSIVE: The Cine Geek has exclusively acquired some new set photos for #SecretInvasion which showcase an indoor War Bunker Set and some crew merch.

Check out the photos her: https://t.co/qeViuaDzll",1520131480047046664,MCUgeekthe
"EXCLUSIVE: The Cine Geek has exclusively acquired some new set photos for #SecretInvasion which showcase an indoor War Bunker Set and some crew merch.

Check out the photos her: https://t.co/I926on5QOw",1520131475869425670,CineGeekNews
monica better be in secret invasion AND ms marvel,1520128688158822403,photonrocks
"🌎🌍An inhuman entity stirs when an experiment sends ripples through realities. A secret invasion from a parallel world leads to humanity battling for survival.🌍#ShamelessSelfpromo #IndieApril #WritingCommunity #WhatToReadNext #scifi #fantasy #thriller 

https://t.co/FGF9pfxCHp https://t.co/xbpqGe8gq4",1520128451155537920,Albay3037
Which ultimately means Secret Invasion with Emilia is pushed as well https://t.co/Pcg0qWUyYS https://t.co/Y8J6gjBV1A,1520126203272736768,Violeteyestell2
they probably delayed the marvels becuz secret invasion needed more time and they wanted a bigger gap between the show and the movie,1520125495865745411,spideyjamz
wait so secret invasion comes before the marvels now ????,1520125456787202048,valcaroI
This means secret invasion will probs release April of next year https://t.co/xFZMblwHED,1520124750554705926,cowboy_shittt
The way that so many people want her to be in Secret Invasion or a Secret Warriors show hey @Kevfeige @MarvelStudios @Marvel the fan demand is there!! Bring Chloe bennet back!! #SecretInvasion #SecretWarriors https://t.co/4eCWu268vM,1520124379090362373,jellymelly1217
"Let’s see the good side of thing my friends! It will be the SUMMER 2023 MOVIE! Huge promo!!!!!!! Also, secret Invasion will come out before.. she’ll be there very likely.. also I really think she’ll be in Ant Man &amp; Wasp! So big things AHEAAAAD",1520124088341123079,CaptMarvelNews
Oh?? (Also I do think that this means Secret Invasion is 100% Spring-ish 2023) https://t.co/4Xid8pET1f,1520124009660260353,DonQuixote616
why would they push the marvels when both ms marvel and secret invasion are tied to it make that make even a little sense,1520123520558288897,thugyonce
"secret invasion is still filming, there’s no way the whole series could’ve dropped before the marvels💀💀💀",1520121248700944385,madwatchesstuff
1000% due to SECRET INVASION https://t.co/CsB3AZTaZx,1520121133198106627,modytalkmovies
this is all secret invasion’s fault😭😭,1520121027535245313,madwatchesstuff
"i bet the quantamania / the marvels swap is cause of secret invasion being delayed, i bet we’ll get it next spring and itll tie directly into the marvels",1520120409659748353,isuperebba
They both started filming nearly 18 months ahead of their release dates. Ant-Man 3 could have just been in better shape and make more sense to get out first given the connections the marvels has to secret invasion which started later than intended https://t.co/QhryAKG7TF,1520119994557865984,greatphase15
We blame secret Invasion https://t.co/iHBYuPBH3w,1520119684015796225,ChaosMagik_
SECRET INVASION IM BLAMING YOU https://t.co/wSN33NYOZw,1520119027351359491,assemblers_
"Definitely seems like it’s due to the Secret Invasion overlap and they just needed more time.

More Kang coming faster is cool with me! https://t.co/D9uoDuMHUG",1520118977573310466,AnotherMarvelG
WOAH I DID NOT EXPECT THIS. Honestly I’m more excited for Quantumania then The Marvels so this is actually not bad. In the end of the day we’ll get both but I actually think that they did this because of Secret Invasion. I think that needs to release before the Marvels https://t.co/1xkw5YBxHs,1520118957738532871,OwennZo
The Marvels and Quantumania release date swap likely was due to Secret Invasion being behind schedule. Could also be related to She Hulk rumored to be being late as well,1520118439880400897,greatphase15
Not surprised bc of Secret Invasion but WHYYYYY 😭 https://t.co/wsQ9Z1lUTa,1520117321058168833,_potterjays_
Secret invasion is literally the perfect place to bring in chloe bennet as quake cause Fury introduces the Secret Warriors led by none other than Daisy Johnson in the comics during secret invasion . @MarvelStudios @Marvel  @Kevfeige @disneyplus #SecretInvasion #SecretWarriors https://t.co/A1uh3y4xuP,1520115247960543234,jellymelly1217
"Hickman’s Secret Warriors is a great story w great characters, &amp; they fight the skrulls in Secret invasion with Fury. Would love to see them intro there &amp; spin-off into their own show w Chloe Bennet as Daisy leading them. @MarvelStudios  @Kevfeige #SecretInvasion #SecretWarriors https://t.co/V7xFq0RLej",1520114116135993346,jellymelly1217
"Daisy chloe bennet should be in the Secret invasion show, it makes sense. Fury forms the Secret Warriors that she leads &amp; that fight the skrulls. Fans want to see more of her @MarvelStudios @Marvel  @Kevfeige @disneyplus #SecretInvasion #SecretWarriors  #ChloeismyQuake https://t.co/U7rO3sCIVK",1520113615386427393,jellymelly1217
"Pentagon sends the first batch of highly-secret Phoenix Ghost drones to Ukraine as it steps up weapons flights and reveals it is training Ukrainian troops at U.S. bases in Germany to lead fight against Russian invasion. #news #Ukraine 

https://t.co/knzmrElpJs",1520112773203640322,NoLiberals
How Secret CIA Program Led To Russian Invasion Of Ukraine - GreatGameIndia https://t.co/ZWV3be39yF,1520100156800000000,Avocado59833900
"Marvel Studios' Expanding (Vanity Fair X Disney Plus Covers) (Wave 6) :

(Featured Shows : Secret Invasion, Agatha: House Of Harkness, Echo). 

@VanityFair X @DisneyPlus https://t.co/bHilUpO9QN",1520093987679395840,kingxllegacy
"Sneack peek
Secret Invasion. Fall 2022
@ryanqnorth @Marvel #secretinvasion #MarvelComics https://t.co/tofwVoJKGG",1520093169328742400,FraMobArt
"Check out New Avengers: Secret Invasion Book 2 (2009, Marvel) Wolverine, Spider-Man https://t.co/GBz08m4zpE #eBay via @eBay",1520083891540869120,newkingjim
"World direct invasion of Pakistan 
Pakistani General in Kandahar
Taliban always denied being puppet of Pakistan secret Agency Project ? What is this?
Taliban are Terrorist and Pakistan is a terrorist country https://t.co/ycdZuJwB7C",1520056061797056513,AfghanUnheard
This article does not mention that the US is still importing uranium from Russia. It is nuclear power’s dirty little secret that no country is sanctioning Russian uranium. We’re all still funding Russian invasion of Ukraine by buying Russian uranium for our nuclear power plants. https://t.co/2KDMgLWAQA,1520043671411851265,eswillwalker
"Bad assumptions from the Russian political and military leadership about Ukraine, coupled with a desire to keep the invasion secret, denied the Russian military the ability to prepare for war
https://t.co/iOzL9K3wv3",1520030146849386504,WarOnTheRocks
#MCU #Marvel Secret Invasion Announcement Breakdown and #EasterEggs https://t.co/UwOEVI3vJa https://t.co/IsLGRhbcmB,1520025381054693376,jameskittehmon
"I'm not Tribal, I own and support around 40 different quality #Cryptos

I don't support corruption. #Ethereum is Corrupt.
Secret ICO, J.P. Morgan, Lies, Bribes and the tech sucks, can barely handle monkey pics.

Support American innovation.   
#ETHGate is a foreign invasion https://t.co/3VeRK74mgr",1520013343028879360,mchedgefund
"Check out New Avengers: Secret Invasion Book 1 (2009, Marvel) Wolverine, Spider-Man https://t.co/nvA5LzdRJN #eBay via @eBay",1520011356665221121,newkingjim
"Birthday Celebrations Part 2

BA,CPUK &amp; Supanytro Presents:

Back It Up
Meets
Marquee Jam

Saturday 28th May 2022
@ Secret Location
10pm - Late

DJs on the Night:

Fatz Official
Supa Nytro
Bad Anju
Kal-i
DJ Vibes
Ceesix
Invasion Crew
+ More

https://t.co/QPKSz0NakZ https://t.co/GSa67xqJ6O",1519975250288599040,FatzOfficial
moon knight is looking like it’s gonna be my favourite marvel series until secret invasion comes out i think,1519975052229287937,liho_blackhill
"Don’t be fooled by @borisjohnson and the Ukraine invasion… listen to his words, he’s trying to stoke the fire, because he still works for Putin…

Revealing classified top secret information means he should be arrested 👍 #BorisTheKompromat #BorisTheLiar",1519964529748287488,sazarah_
"***Personal Opine***
__Why the West is Utterly Confused With Putin and Russia's Ukrainian Escapade__

Most in the west find it utterly bizarre that when a seemingly powerhouse nation chooses to invade a nation with the worst kept ""secret"" invasion force assembly and can't seem",1519948440574210048,cewgarcia
"She obviously wants to play the character again and the fans want her back, what’s not clicking. Chloe Bennet would be perfect in secret invasion /Warriors @MarvelStudios @Marvel  @Kevfeige @disneyplus #SecretInvasion #SecretWarriors  #ChloeismyQuake https://t.co/gi6FkWwimV",1519888438916440070,jellymelly1217
"Representative Jamie Raskin said that after the J6 invasion of Congress he &amp; Pence were in the car park waiting until it was Safe to return to the House. Trump's Secret Service guys were trying to get Pence 2 leave. Pence said ""I'm Not getting in that car "". He knew Trump's Plan",1519881247744479232,sandygirl195355
"I’m rereading Siege right now and that 2005-2012 Marvel Comics was really an untouchable era of storytelling. Disassembled, House of M, Civil War, Secret Invasion, Dark Reign. I don’t know if they can top that run bruh. https://t.co/mQ4bHbgSJk",1519843964249124864,_winley_
"HERCULES #120 is the 1st full appearance of Kly'bn, a Skrull God. What is so special about that? A couple of days ago images leaked of the Secret Invasion cast and crew baseball cap on Twitter. #MCU #SecretInvasion More details here: https://t.co/7ZbuGdoPQ9 https://t.co/J2t5u7FqYD",1519828559946260481,LefterosComics
"We've followed the Russian invasion of Ukraine with horror, sympathy, and the understanding that Ukrainians aren't just fighting for themselves, but to preserve democracy globally. If you have IG or Snapchat, donate &amp; support Ukraine with us &amp; @RocMaidan.
https://t.co/a7bVsWijCL",1519800880236793857,opticskypro
"no spoilers, but @FraMobArt draws an absolutely perfect 'Iron Man soaring over New York City' panel. SECRET INVASION is great. https://t.co/hzsinD6bN1",1519770826492588038,annalisebissa
"For reasons unknown, just what Italy is sending to Ukraine help fend of Russia's invasion is to be kept secret via @TgLa7 news",1519750829061943304,newsfromitaly
"https://t.co/gdB9cxuU6c
Hold Mayorkas &amp; entire Regime accountable for the deaths &amp; overdoses this invasion is costing.",1519730014593241088,Blondhorsecrazy
"Breaking!
Germany decided to pass a Zeppelin from their secret storage to Ukraine with hope to stop Putin's invasion.
The crew is equipped with hand granades to throw it down onto Russian tanks.
Be like Germany!
Share your weapons! https://t.co/deHXtlvxSh",1519720931496804352,DnaKosta
"secret invasion série of the year
ms marvel myco of the year

https://t.co/PJmBi5Z56f",1519664496847032322,spidermnfavs
"Secret Invasion Aftermath: Beta Ray Bill - The Green of Eden #1

""If there is nothing but what we make in this world, brothers... let us make good."" https://t.co/d4I3ob78QB",1519658810280976384,ADooMMeaR
"Wrong assumptions from the Russian political and military leadership about Ukraine, coupled with a desire to keep the invasion secret, denied the Russian military the ability to prepare for war
https://t.co/iOzL9K3wv3",1519652656666533890,WarOnTheRocks
Some interesting reading on SAD/SOG/SAC stuff in Ukraine…  https://t.co/uTtDadP1JP,1519647546951487489,triplenickel
"How @MarvelStudios can sit back and ignore this show is insane to me. @AgentsofSHIELD was a fantastic show, and Season 4 was peak television. Inhumans, LMD,s ( their take on Secret Invasion), Darkhold, different realms, alternate realities (Framework). @disneyplus give me more. https://t.co/Rt1CV8oPxy",1519633081447194625,jsoul27
On top of all the other barbarity in Russia's invasion of Ukraine 'Putin Deploys Top-Secret Attack Dolphins' #FFS  https://t.co/ExGZRmeT8l,1519623501333860352,Sandboy39
the marvels so early? UUUH we’re getting Secret invasion this year yuppp https://t.co/B8UP4EdOWX,1519608824377888770,beymxtion
"Andy Vermaut shares:Nick Fury’s Next Venture Teased in Tweet about Secret Invasion Schwag:   Secret Invasion has wrapped filming, and a look at the cast and crew hat used for the Marvel series may just tease Nick Fury’s latest venture. Cine… https://t.co/iYTra5gljg Thank you. https://t.co/NXerPENwzO",1519546794719334406,AndyVermaut
"Futuras Series e Especiais no UCM.

Ms. Marvel 
She-Hulk
Secret Invasion
Especial de Halloween
Especial de Natal
Ironheart
Armor Wars
Serie de Wakanda
Loki 2
What if? 2
Echo
Agatha: House of Harkness
Spided-Mam: Freshman Year
Marvel Zombies
I am Groot",1519535215852638208,Clebinh40068017
"Samuel L. Jackson Confirms Don Cheadle Will Appear in Secret Invasion 
https://t.co/ryM44ySPcu",1519526736140120064,SwaveDigest
Secret Invasion Crew Hat Hints Why Captain Marvel’s Skrulls Go Bad https://t.co/qYwTEMvQoy,1519521091751796738,mcutimes
"Liberals plan committee to review secret lab documents — with or without Tories | CBC News

Of course they are. They've been waiting for something like Putin's invasion to keep the public distracted and not asking too many questions.
https://t.co/PEIwi2wG3J",1519505180122701824,Article025
"Hi @npr

You have to stop reporting the invasion of Ukraine in hushed tones, like it’s a secret. 

It trivializes the defense and the atrocities which should be announced with vigor and outrage not sotto voce.",1519480063812530176,KurtRexCooper
"Just what hideous secret biological things were being created in the Ukraine labs?

.

It seems two very highly experimental &amp; unfinished models were accidentally released. 

Were these Frankenstein labs the REAL reason for the invasion of Ukraine ?

US models exist as well 

😱 https://t.co/61zd3hKQDn",1519472744051929088,Richard_World88
I need more of her huhu. See you on Secret Invasion I guess?? https://t.co/7457GnDEPO,1519465662313549826,GambitMuji
i’m between thor love and thunder or secret invasion https://t.co/qXFqTKmXRE,1519455250083721216,AGENTQU4KE
"If you haven't had your fill of Samuel L. Jackson, you're in luck, Marvel's Secret Invasion just wrapped filming, and Jackson's Nick Fury takes center stage. And based on these production images, things are taking a huge turn in the #MCU https://t.co/Rbj09zjAkj",1519443802326458369,BleedingFool
"Doesn't she mean protecting the state narrative, invasion of privacy, supression of civil right &amp; civil liberties? Because historically, that is what DHS does.

And if it is so above board then why did she have to keep it a secret until now? Almost like it was an ace in the hole https://t.co/ltE89C7hFI",1519402991345975297,JosieLe62818667
"Back on Twitter, and I see a bunch of dream and George will do this, dream and George will do that, no. George is a alien posing as a Brit and dream is part of a secret government investigating him, George will go to the us and take over his brain and an alien invasion will occur",1519381646386077696,user8905361
"Secret wars 
Secret invasion
The incursions if they’re willing to go that far and make an r rated movie lol
They haven’t even introduced galactus yet lol https://t.co/ogzrwr9Jy2",1519380507854659584,JeanieBussIsAss
"Let's hope that @MarvelStudios Secret Invasion series on @disneyplus, is equally as good if not better than Marvel's @AgentsofSHIELD season 4 storyline that dealt with LMD's (Life Model Decoys). https://t.co/gbw4EmNd94",1519322222455889920,jsoul27
"(Rumor) Olivia Colman's character is Queen Veranke in secret invasion 
#SecretInvasion #MarvelStudios #Marvel #DisneyPlus https://t.co/xCjtxXdfxa",1519224741248352260,SubhanKhan_157
"The great irony here of RU ignorant invasion of Ukraine is that becuz Putin didn't want to rain on Xi's Olympic parade, he got stuck in the #ukraine Rasputitsa mud. #UkraineRussiaWar 
How Ukraine's mud became a secret weapon in its defense against Russia https://t.co/XbUzOwvjjj",1519168485515231232,IntelligenciaAI
X-men... Spider-Man... Moon Knight.... What if.... Secret invasion.....????? https://t.co/BRc6helJH1,1519165117534982145,CheikhySouare
My CLZ Shake of the Day is Secret Invasion #3. These series had some really great covers. #ShakeYourCLZ https://t.co/rkhvxjWT3z,1519132695888117765,WednesdayPull
"In this castle there is a chapel. But this place of worship has a secret. Unmistakably it is a place of worship. But every candle rod is a rifle, the candles used to ignite the powder. Every cross holds a silver sword. 
The stained glass details a plan of invasion.

Goodnight! https://t.co/jz1gWrPpTh",1519130851522617345,Perinthea
"maybe i’m just different but secret invasion should’ve definitely been a movie event, like…",1519107263138390016,stark_hive
#Marvel Secret Invasion Announcement Breakdown and #EasterEggs    https://t.co/Pbi43L9IMk https://t.co/7QYvJNH3X7,1519104211979542528,jameskittehmon
‘Secret Invasion’ Crew Merch Teases Skrull God Kly’bn In The MCU Series. https://t.co/NEzPcif4jn,1519048714886778881,eyesonmovies
#Russian #submarine #Captain  defects giving up secret invasion of #Ukraine Marko Aleksandrovich Ramius is now in hiding. A #maverick https://t.co/fXOBqgm2ET,1519038319031734273,zspacepro3d
Watch “SECRET INVASION (2022) FULL TEASER TRAILER | Marvel Studios &amp; Disney+” on YouTube https://t.co/Ztyxji9YH7,1519028484949094403,20MusicReel
Secret Invasion Crew Merch Teases Skrull God Kly’bn In The MCU Series https://t.co/J95dgXGSeA,1519026884046118913,TheSahuNews
‘Secret Invasion’ Crew Merch Teases Skrull God Kly’bn In The MCU Series https://t.co/G3Oi71ksa1,1519023344871424002,Multiverse_KnDm
"""Following the previous Russian invasion of Ukraine in 2014, officials and state media repeatedly broadcast... explicitly antisemitic content. In one incident at the time... a guest on Solovyov’s TV show attempted to out then-Ukrainian President Petro Poroshenko as a secret Jew."" https://t.co/IWzXTWbvao",1519021017288646656,jh_swanson
‘Secret Invasion’ Crew Merch Teases Skrull God Kly’bn In The MCU Series https://t.co/rGUSvaHKFg #News #Television,1519011190617174016,CunningShowbiz
A crew hat from #Marvel's #SecretInvasion series could tease a #Skrull god coming to the #MCU!  https://t.co/5B2WNc4XqL,1519009722812227592,heroichollywood
"In Secret Invasion Nick Fury will take control of the S.W.O.R.D. after the events of WandaVision.
#SecretInvasion #MarvelStudios #Marvel #DisneyPlus https://t.co/M0kPXyalfX",1519008311085088768,marvel_updat3s
"Oh wow! This could be really interesting! #secretinvasion #nickfury #samuelljackson #marvel #mcu 
https://t.co/DrT4OE530k",1519007146926510086,FanFestNews
"In Secret Invasion Olivia Colman's character is Queen Veranke. She will be disguised as a senator and interact a lot with Nick Fury.
#SecretInvasion #MarvelStudios #Marvel #DisneyPlus https://t.co/TCdM3CnS5X",1519004924541079556,marvel_updat3s
"The Secret Invasion TV series will have a direct connection to the Young Avengers.
#SecretInvasion #YougAvengers #MarvelStudios #Marvel #DisneyPlus https://t.co/l9WT6m2bed",1519003328491016197,marvel_updat3s
"Hulkling will make its debut in Secret Invasion
#SecretInvasion #MarvelStudios #Marvel #DisneyPlus https://t.co/KStYi7LZlC",1519003217820110852,marvel_updat3s
Secret invasion when,1518998441850028032,dekeshawsbff
"if they fumble with Secret Invasion, you’ll never see me again",1518996631449972739,westviewhooker
MCU Merch Teases Scroll God In Disney + Secret Invasion Show https://t.co/0FZyeknnYz,1518993425433038848,mcutimes
"New #SecretInvasion crew merch has teased the presence of Kly'bn, the God of the Skrulls, in the Disney+ series! Photos &amp; details: https://t.co/arrMtL2P6f https://t.co/vQZ27CA7cn https://t.co/PD0I5rTBiP",1518993020452020224,MarvelvsDc3050
Boris humiliates Putin with ‘secret’ 1100mph laser missile - Russian drone obliterated https://t.co/Xc0jsEZYDH,1518991611782389762,EstelCooper
"MCU Merch Teases Skrull God In Disney+ Secret Invasion Show

#SecretInvasion #DisneyPlus https://t.co/LuDzUp53LY via @MCU_Direct",1518987285924130819,StrngstAvngrMCU
"A wrap gift handed out to the cast and crew of 'Secret Invasion' could be a nod towards a cosmic deity, and technically an Eternal. https://t.co/UV3fvhh0OX",1518984523064639488,comlcbookfan
"New #SecretInvasion crew merch has teased the presence of Kly'bn, the God of the Skrulls, in the Disney+ series! Photos &amp; details: https://t.co/J6WdLuPjp0 https://t.co/iHShc4WzgA",1518966489516318720,MCU_Direct
We'd like two of these. https://t.co/jAZEzfjsjk,1518954579303362560,MCU_Fanatics
Olivia Colman really has an MCU role in secret invasion wow😭,1518947621431349250,spectorbanks
Stunning Proper Can We Punk or will she send Dragons It’s A Secret invasion Emilia Clarke https://t.co/3zrvlGzBvB,1518940258863304709,ScottLi43175678
Secret Invasion Crew Hat Hints Why Captain Marvel’s Skrulls Go Bad https://t.co/1OEMjUzRgf,1518938747995316225,DonELichterman
Exclusive: Secret CIA training program in Ukraine helped Kyiv prepare for Russian invasion https://t.co/i9faZP8d6o,1518930148732645376,AlejandrongelL2
"Catholic mystics have foretold the invasion of Europe by Russia ""with its secret armies"", the destruction of Rome by them, etc. 

As it has no secret armies, and is performing abysmally against the Ukrainians, all this must be in the far future.

Or refers to ideas, and the past?",1518926138294288386,FatimaTradition
"Wanting something like secret invasion be comic accurate is the stupidest thing you can ask for until and unless it's just the psychological thriller aspect, which we know is being adapted https://t.co/jNb28YVCX6",1518916127363010560,cmbmasters
Marvel ‘Secret Invasion’ Update And Rumors: Nick Fury's New Organization Teased In Leak https://t.co/teF5NBGtJy,1518914985887510528,odnewsonline
"Drops Secret Creature Gang's Secret Invasion
Only 1/1 artwork

Link: https://t.co/l9PKe7IYBn

@CroFamNFT #SCG #SecretGang #Cryptocomnft #crofam #cro #NFT #NFTs #NFTCommunity #NFTdrop #nftcollector #NFTCollection #nftart #NFTProject https://t.co/9DMIX0WAbH",1518912215352446976,NFTbyME_art
Secret Invasion has wrapped filming. https://t.co/wBGfKjxVeg,1518880196153290752,moviesbystill
‘Secret Invasion’ wrap gift could hint towards a cosmic deity https://t.co/iyASKnaQNu https://t.co/nloBFP4VAG,1518867027208798208,wgtc_site
"Bah perso si large :
Spider-Man Freshman Year
Marvel Zombies 
She Hulk
Moon Knight ducoup
Whati If...?
I Am Groot 
Secret Invasion https://t.co/3iMML2T0NK",1518852962772267008,AnthonyStaaaark
"Marvel's Secret Invasion has wrapped filming, and the show's crew hat seems to tease Nick Fury's new post-S.H.I.E.L.D. organization.

https://t.co/c2hsvneQlO https://t.co/jmWHB2ydrT",1518852033633308674,_NoMoreMutants
"11 Marvel Comics Villains We Really Want To See In The MCU - /Film Back in December 2020, Marvel Studios announced a number of new shows for Disney+. Among them was ""Secret Invasion,"" which is inspired by 2008 Marvel Comics crossover event by Brian Micha… https://t.co/AyP1uoV3FS",1518833263263068194,scifidrive
Secret Invasion,1518830811751063554,doomsdaydiego1
"(Breaking) Secret Invasion has wrapped filming
#secretinvasion
#MarvelStudios https://t.co/m5Isg0k2PG",1518823257226498048,SubhanKhan_157
"'Secret Invasion' has wrapped filming!

#MCU #DisneyPlus #SecretInvasion #MarvelStudios https://t.co/CDareXn39c",1518814346205286400,SerialBinger365
'Secret Invasion' Crew Merch Hints at the Arrival of the Skrull God - Murphy's Multiverse https://t.co/o19WMtBkFk,1518808102170075139,tvsotherworlds
Scarlet hasn’t even touched on her power and Dr. strange has his limitations… Thor isn’t all that power wise. We’ve seen his peak. It’ll get interesting with the mutants and secret invasion. https://t.co/gtHDt2hhvl,1518783854290501632,SalKingRichard
"MARVEL'S 'SECRET INVASION' WRAPS FILMING, TEASES NICK FURY'S NEW ORGANIZATION! Owl for one, on DF NEWS! @DynamicForces @MarvelStudios @disneyplus #SecretInvasion #NickFury https://t.co/x68T6SU6Rq https://t.co/6YQD32h5QU",1518770401345744896,DynamicForces
"📑US aim was not just to thwart RU's invasion but also to weaken RU so it could no longer carry out such military aggression anywhere
📑UA reported: ~ 21,900 Russian deaths.
📑FI&amp;SE will announce NATO membership bids in May
📑US won't rule out sanctions for RU's 'secret 1st lady' https://t.co/NhAtEGWIg5",1518766309827301377,Oceanworldfree
"She obviously wants to play the character again and the fans want her back, what’s not clicking. Chloe Bennet would be perfect in secret invasion /Warriors @MarvelStudios @Marvel  @Kevfeige @disneyplus #SecretInvasion #SecretWarriors  #ChloeismyQuake https://t.co/gfYJFnf2rp",1518764881180299264,jellymelly1217
Daisy Johnson/ Quake is 1 of Marvel’s biggest characters chloe bennet deserves to come back and play her in the Secret Invasion/Warriors series. @MarvelStudios @Marvel  @Kevfeige @disneyplus #SecretInvasion #SecretWarriors  #ChloeismyQuake https://t.co/tfmHofvSq8,1518763339911938049,jellymelly1217
"Marvel’s Secret Invasion Wraps Filming, Teases Nick Fury’s New Organization https://t.co/mtk8EPUKiq",1518759560202358788,mcutimes
#EndTheCIA  Secret CIA training program in Ukraine helped Kyiv prepare for Russian invasion https://t.co/No78V8vYyT,1518756940607721477,ChristineEliaz
The Secret Guardians of the Galaxy #4: Black Bolt must stop an invasion by the Brood all by himself. And time is running out.,1518746832205012994,ImaginaryMarvel
Marvel's Secret Invasion Is Apparently Digging Deep Into Skrull Mythology https://t.co/hvFD4Li9xQ #COVIDNews #HealthNews #News https://t.co/GfDG5Hwohe,1518739549597315072,movietvtechgeek
We May Finally Know What The Secret Invasion Series Is About https://t.co/eWnFdqABHd #Television,1518735389967613952,BerkleyBearNews
"Marvel's Secret Invasion Is Apparently Digging Deep Into Skrull Methology

#SecretInvasion #DisneyPlus https://t.co/KFBDtwnAQg via @slashfilm",1518735024610234369,StrngstAvngrMCU
SECRET INVASION ?? https://t.co/weGgUsJwyc https://t.co/Zaxha5z2KT,1518734720955256835,skiskiiksiks
"Marvel’s Secret Invasion Wraps Filming, Teases Nick Fury’s New Organization https://t.co/qd2v63RRg0",1518725477065764865,Mangakiko12
possible eternals connection in secret invasion? please feige 🤞🏻 https://t.co/69OiolwLwq,1518725252746027013,thexandarian
The MCU is vastly overrated. I would have loved to have seen that Fox crossover between X-Men and Fantastic Four involving the Civil War plotline with a post credits tease of the Skrulls and Secret Invasion.,1518724719721164800,spacebeast458
"‘Secret Invasion’ Crew Merch Hints at the Arrival of the Skrull God

#SecretInvasion #DisneyPlus https://t.co/27DoRlxBNK via @MultiverseMurph",1518707366618935297,StrngstAvngrMCU
Secret Invasion has wrapped filming!!! #SecretInvasion,1518706558032568321,secretinvasion6
"A new piece of crew merch for #SecretInvasion has found its way online and it may have hinted at a massive comic connection from the original crossover event.

More Details Here: https://t.co/9oq4vn6Dm5",1518705759000879104,MultiverseMurph
"A new piece of crew merch for #SecretInvasion has found its way online and it may have hinted at a massive comic connection from the original crossover event.

More Details Here: https://t.co/zi2pxIPim2",1518705751329546242,_CharlesMurphy
"no trailer BUT they have officially wrapped filming the secret invasion, so now we just continue waiting",1518700210008076288,invasiontrailer
Calling an MCU shot in the air here: Secret Invasion is going to sub out Skrulls for variants from elsewhere in the multiverse.,1518699445537447938,LD_Nolan
bigots are invaders. that's no secret. we already know that. i think what ppl keep forgetting tho is that they've already invaded. we're living in the aftermath of their invasion. we have been for 100s of years. they already caused the apocalypse and these are their hunger games.,1518698507250507778,rowestylah
"Secret Invasion has wrapped filming + crew hats 

https://t.co/L0zOZsRY8R

#MarvelNews #MarvelStudios #MCU",1518695653563633665,MStudiosNews
"Secret Invasion has wrapped filming.
#SecretInvasion https://t.co/RMW9Hu6fWg",1518694632674181121,redisnI_yaW
"""Arestovych claimed the Belarus dictator is currently conducting secret negotiations with the West while protesting his innocence over his country’s status as a partner and accomplice in Putin’s invasion of Ukraine. ""

I am riveted, I tell you.

https://t.co/fdbtFEC1JH",1518654178003980288,andrenaleen
‘Secret Invasion’ has finally wrapped filming. https://t.co/IpBGCX8nlz,1518651943740186624,hollywoodhandle
"1. Doctor Strange 2
2. Los 4 Fantásticos
3. Secret Invasion
4. Ant Man Quantumania
5. Thor Love and Thunder
6. Blade
7. Ms Marvel
8. The Marvels
9. Guardianes de la galaxia 3
10. She Hulk
11. Wakanda Forever
12. Armor Wars
13. Echo https://t.co/dnsFYmLO7t",1518644137343520770,rmmg89
The secret US mission to bolster #Ukraine’s cyber defenses ahead of Russia’s invasion. (ars TECHICA) #War #CyberWar https://t.co/aTHJt9B23f https://t.co/skLvHEBENu,1518624374613553152,jamesvgingerich
"Hawkman challenges an alien invasion with the ""Secret of the Sizzling Sparklers."" HAWKMAN No. 2 SilverAge #comicbooks
2-0472 https://t.co/fCXxyb3aYo",1518595042100842497,JoeEliseon
My favorite couple 🤧💕💕 wish to see them back TOGETHER... Marvel? Ehem? Secret Invasion? Ehem? https://t.co/zgyK5XDD2Q,1518584293156540417,lee_cs_melo
honestly if I wasn’t on cbm twt and knew what was going on with these I only would’ve watched secret invasion https://t.co/AnJ7GrOF5F,1518559395327758337,mltivcrses
"Never forget: Bad takes are takes, too.

Personally, I'm DYING for:

X-Men 97
Echo
Zombies
She-Hulk
Ms. Marvel
Ironheart

And Secret Invasion should at least be important. https://t.co/1dfbEONgP4",1518557886800031745,SWOProductions
https://t.co/5K24VYlP3F Conflicts of Interest: Billions in US Weapons Sent to Ukraine Disappear Into a “Black Hole”   Secret CIA training program in Ukraine helped Kyiv prepare for Russian invasion,1518549637686124546,MarkieBalentin1
"(Rumor) in Secret Invasion Nick Fury will take control of the S.W.O.R.D. after the events of WandaVision.
#SecretInvasion #MarvelStudios #DisneyPlus https://t.co/d3mDyv5Rlo",1518539146603769858,SubhanKhan_157
Secret Invasion #1 CGC 9.8 1:50 https://t.co/BVxQRIOvAW eBay https://t.co/pJ3Zl0eK9H,1518537689594662913,ComicsCollecti4
"A group of Israeli ex-commandos has been training Ukrainian civilians at a secret facility in western Ukraine, the Yedioth Ahronoth newspaper reported Friday, as the Russian invasion entered its second month. https://t.co/n6pjkpKQDm",1518530712651153411,merjael
OMFG. If I get Hill + Sharon kicking ass in Secret Invasion I might cry happy tears. https://t.co/ZwcZTzr5B3,1518454062026412038,itsadousy
"I'm excited for
1. X-Men '97
2. Marvel Zombies
3. What If...? Season 2
4. Spider-Man Freshman Year
And somewhat Secret Invasion https://t.co/RGhk9XOk2r",1518420518038380544,HenryReinoso8
"spiderman agatha and moonknight r good, secret invasion is meh https://t.co/wX25t17dBo",1518412267989131264,nightwingfiIm
Quake is 1 of the characters that are actually in the Secret Invasion comics. It would be the perfect opportunity to bring back chloe bennet as Daisy. Come on don’t fumble the ball marvel. @MarvelStudios @Marvel  @Kevfeige @disneyplus  #SecretInvasion #SecretWarriors https://t.co/BH84p6lT0N,1518410709805240321,jellymelly1217
The Secret Invasion show could introduce Quake and the Secret Warriors especially since the SW help to fight the skrulls. It makes sense &amp; it’s the perfect way to bring chloe bennet in @MarvelStudios @Marvel  @Kevfeige @disneyplus  #SecretInvasion #SecretWarriors https://t.co/FNhj1oERgn,1518409993132945408,jellymelly1217
"Moon Knight has been good. There is no hope for Ms. Marvel or What If...?, don't care about Agatha, Ironheart, I Am Groot, or Secret Invasion, but I'm excited for X-Men '97, Echo, Spider-Man: Freshmen Year, &amp; She-Hulk https://t.co/RorGqPTKp3",1518394394239553536,iamtheknight92
"I only want 3 of these

Moon Knight, Echo, and Ms Marvel

Maybe Secret Invasion if they can make it fun https://t.co/RxVpaYSwME",1518393772635299846,AmerElephant
Ukrainians got secret CIA training after Russia's Crimea invasion in 2014: report https://t.co/3oK9O238Oj via @nypost,1518390914493947905,DarylMillers
"Honestly I’m only hyped for:
Secret Invasion
Echo 
She hulk
Marvel Zombies
XMen 97

Ms Marvel, yea but not super hyped, ironHeart, let’s see.

Spidy freshman yr, WHY WOULD they want to showcase and backtrack him when we’ve seen NWH?

Agatha, she just got a show cause of the song https://t.co/jyZRkBxDU1",1518385258323873792,ReverseGoblin
"Emilia's current schedule is 

late June- early September: the Seagull 
Q1 2023: Secret Invasion press tour

She was supposed to film McCarthy in late 2022 but that's been rescheduled so she's either gonna announce another project very soon or leave us starving for months",1518378139549900801,ARCANEMILIA
him working with olivia and her having connections with kevin feige cause she’s in secret invasion AND playing a skrull it all falls into place https://t.co/cj1JybvxtL https://t.co/wmzr1f3s90,1518377595678728192,neogalaxite
I’m just saying it’s a really missed opportunity when she’s literally in those comics. Chloe Bennet would be Perfect to come back as Daisy leading the Secret Warriors in Secret Invasion  @Kevfeige @MarvelStudios #SecretInvasion #SecretWarriors https://t.co/L180PLumR0,1518374946719866881,jellymelly1217
I’m sorry but I have to call pull the HOAX lever. That is a #Skrull from the upcoming @disneyplus Secret Invasion series. I repeat that is not a #Thor. Your account should be ashamed putting out false information like. https://t.co/w0cmbg6xAF,1518373681403158530,pugmane
100% he’s finally announcing he’s in secret invasion https://t.co/qSkpMDI5Qk,1518373268847267849,grandemilkovich
More like Secret Invasion 🤡 https://t.co/IuNxjUa3Kw,1518372341692399616,fanboyca
"In a world where I have faith in the MCU still, I'd be really excited for she hulk, and secret invasion https://t.co/oi6fi1qaCM",1518358830635233281,BloomJordanT
"If there's one secret to invasion sports (hockey, soccer, basketball) it's quick transition. See 3rd goal by #NYCFC goal vs #TFCLive. Most coaches need to be teaching transition to attack and transition to D.",1518354998316322816,Jpan241
"Avengers guest actor Julian Chagrin is the son of Francis Chagrin who composed the incidental music to The Dalek Invasion of Earth.
Julian later became the RWhites Secret Lemonade drinker. A Classic!😎 https://t.co/6fNYhGJbpa",1518354663770312704,LRoundels
"11:59 4.24.2022
★SERIAL KILLER, FOR SECRET SERVICE, FRATERNAL POLICE EXTORTION: HOME INVASION~ Craig Vernet AKA John Powell KWNY. https://t.co/T6BUM0d8pu",1518349459180032001,MariaJacobelli1
until he sees his doppelganger in secret invasion! https://t.co/7QDFkRZkQ9,1518346368909074432,wicckaris
until hulkling’s debut in secret invasion https://t.co/4mYxkzwmUO,1518344916426018819,duamaximoff
"Everything but Xmen 97, SM and Secret Invasion https://t.co/IPbbScz3oc",1518342093089001476,MasjidofGibbon
lol im watching xmen 97 secret invasion and thats it https://t.co/6Ct3XTJYRt,1518339975300804608,seIinesiren
"Only really excited for Freshman Year, Marvel Zombies, Moon Knight, and Secret Invasion. Was never a fan of the 90s X-Men (although I respect it), didn’t care for Echo or Agatha, She-Hulk sounds like it’ll be too MCU-funny (holding out hope), everything else sounds pretty meh. https://t.co/QoEZVPPI0T",1518338234727776259,SkyRuda
if they dont make secret invasion cunty.... i will kill felge https://t.co/UsgG0DrGra,1518334913048625152,moraIesfilm
"“The true scale of [Gladio’s] secret Nazi army was not revealed until… 1990, when the Italian prime minister finally admitted its existence. Supposedly ‘stay-behind’ armies to guard against Soviet invasion, the real goal of the network was political control” by NATO, CIA/MI6.",1518330018719436800,jeff_kaye
"Secret Invasion and Marvel Zombies are the only ones I would want to watch

(Moon Knight is already out so that doesn’t count) https://t.co/fQPS7dZ3tk",1518329434473963521,LewisJo58265023
Ms. Marvel and Secret Invasion are the only two I care about at all https://t.co/gihI0JimnF,1518313363377463296,S0UNDOFMETAL
"Hard to pick a favorite @Marvel Crossover Event. Hmmmm...
House of M
Avengers Disassembled
Civil War
Secret Invasion https://t.co/nZlGi0Hfq9",1518279319629430785,mayotl
I've managed to get hold of a cap for the ' cast and crew ' of Marvel's upcoming Secret Invasion. Can you decipher the alien  script? And what about that owl? #MarvelStudios #SecretInvasion https://t.co/FABsDlPWBv,1518274032034058242,DadandLad4
Episode 4 of Marvel's Secret Invasion is going to be a game-changing episode of television.,1518270222964346880,chrisalston712
"I’ll be tuning in to x-men, spider-man, she-hulk, and secret invasion https://t.co/2481Gh9ITG",1518268781994426369,BANEOFGHUL
keep Secret Invasion OUT OF THIS https://t.co/R1pKrvU3g0,1518268326853681152,westviewhooker
"I have no interest in anything here besides the first row, She-Hulk and Secret Invasion.. https://t.co/PhyLSA1v50",1518267704775434240,SnapzEnt
ironheart and secret invasion only good ones here https://t.co/Sh22slFYgO,1518261017972776968,beaurambeau
can't wait to see how Marvel butchers Secret Wars II. also about to read DC's Invasion! so that'll probably make for a nice comparison.,1518260710085738503,okaaaaay_kee
"Coulson and May in secret invasion (not as skrulls) 
Daisy and Simmons in Ms. Marvel (in the comics, Simmons was undercover as Ms. Marvel’s teacher) 
Ghost Rider in MoM 
Mack and Yo-Yo in Secret Wars 
I also want a Coulson Academy spin-off and a Secret Warriors spin-off https://t.co/MGS2WS2b7g",1518257312875483136,FirefoxTessa
"Secret Invasion, She Hulk, Echo and Freshman year I’m keen for https://t.co/fxJbZAICgR",1518257220865171460,hxnrytaylor_
"I’m in the mood for 
X-Men ‘97
Spider-Man: Freshman Year
What If Season 2
Marvel Zombies
She Hulk
Secret Invasion
Ms.Marvel

Not really lookin forward to the rest https://t.co/3NKmAMOsTl",1518253240994996230,mcu_man
"Only ones that interest me are Agatha, Zombies, She Hill and Secret Invasion. Was more interested in Echo before Hawkeye https://t.co/Nmw5v0bo6r",1518250045920980992,cinecentral1
Emilia Clarke Scared Of Revealing Details About #MCU Secret Invasion Project https://t.co/OBsPmexWJw,1518248657564626944,kaistha_deepak
♥♛●▬●♦●❉♥ LOVE IT! ♥❉●♦●▬●♛♥ ♦ Secret Invasion ● #Marvel #Thor #CaptainAmerica #IronMan #Skrulls #GraphicNovel ♦ Kindle &amp; Comixology: $10.99 ♦ Paperback: $29.18 ♦ https://t.co/wSlHqtQBT9,1518247649798868992,Cybergrrl20
"Losing brain cells thing about how he said ""95% of this"" like people haven't been asking FOR YEARS for a reboot/revival of @xmentas. Also, Zombies and a Secret Invasion ? Also also, a She-Hulk show and MOON KNIGHT which p3ople have been obsessing over and wanting for years.. https://t.co/VIYcy1mKZI",1518247412422299648,NPaMusic
Honestly secret invasion looks like the only one that’ll matter in the long run https://t.co/eUfcJbjNvd,1518245820029616131,TimophyDrake
"If secret invasion is a animation i would watch

Groot looks unique and original

Miss marvel sucks

Xmen if the animation looks good

Spidey obviously

Echo?

She hulk, probably

Marvel zombies nah

Ironheart looks promising

Agatha i dont care https://t.co/OZ5ACt2bZR",1518245747262738433,z4rker
When I criminate Donald Trump and some GOP leaders I feel that I’m also including the whole Russian invasion of Ukrainian. World War 2 we locked up  trailers and people engaged in espionage like Trump with his secret calls and meetings with Putin. #Rosenbergs,1518244511620677633,RogerSBaker2
if i get my emilia and emily crossover event in secret invasion i will never shut up about it for the rest of my days https://t.co/b7X1OQ5D3S,1518240865558605824,emilia_cIarkes
My cousin was doing design for secret invasion and she put her name on a beer bottle,1518240221728489473,LeonSatne
My cousin was working on the set of secret invasion and I got these sick cast and crew caps https://t.co/4MHP1R1Ivt,1518239305264730114,LeonSatne
"Operation Mincemeat is coming to the RBCFT on Friday.
Operation Mincemeat - get a corpse, equip it with secret, but false and misleading, papers concerning an Allied invasion, then drop it off the coast of Spain where German spies take the bait!
📲 https://t.co/VEZfjBsJ5Q https://t.co/GJzikhZLOz",1518235681960730624,RBCFilmTheatre
Ok now imagine if all mcu show ends with the good guys loosing the fight in their own show 'cuz they're betrayed by skrulls and now all of 'em slowly starts to team up in secret invasion not as an everlasting team but as team whenever they need each other.Endgame but  it's a show,1518234006717747201,mcu_multiverse
"A part Iron heart, secret invasion, Agatha House of Harkness le reste je vais veski fort https://t.co/Ay9iRSB6CE",1518224534578638849,lemzo22
"X-Men: The cartoon's bad.
Echo: Who cares.
Spider-Man: No.
Agatha: Don't care.
Marvel Zombies: Been done.
She-Hulk: Potential!
Ms. Marvel: If they weren't embarrassed by it, sure.
What If: No ifs.
I Am Groot: HA! No.
Ironheart: Worst character ever.
Secret Invasion: Not movie? https://t.co/dn4CZVanhm",1518220623058776064,ChrisJCapel
"Only interested in Marvel Zombies, Secret Invasion, X-Men 97 and Echo but I'll watch all of them anyway https://t.co/JoihM0a0dW",1518219504383406080,TheDrkPunisher
"I'm only interested in Spider-Man, X-Men, Zombies and What If S2, and Secret Invasion

Others I'll be watching, but I don't care https://t.co/rFXQ6zBMsN",1518218629027753984,TheGeekyGuyy
"xmen, zombies, secret invasion, she hulk, and iron heart are going to be bangers sorry https://t.co/27imHcPujD",1518207957611200513,LetsStanKory
