full_text,tweet_id,screen_name
"Dream team headed by Sawant, instincts are true North &amp; she has the courage. No bankers appointees. Jill Stein, Susan Sarandon, Tulsi, Marianne Williamson, who else? Not positive @ last 2, = maybes. https://t.co/R8ZSJEgoXh",1520895271164645376,emmabeverage
"Obama on Propaganda Tour|Kshama Calls Out AOC, Nina, Bernie|Biden Ca... https://t.co/00tUutdHNH via @YouTube | Excellent! Dream team headed by Sawant, instincts are true North &amp; she has the courage. No bankers appointees. Jill Stein, Susan Sarandon, Tulsi, Marianne Williamson,",1520894449194348545,emmabeverage
Susan Sarandon says her kids were 'scarred' by her 'Bull Durham' performance https://t.co/2vQwIDF2Gv via @Yahoo,1520871150384996362,gorevidal
Susan Sarandon hates poor people!,1520856247032893440,LiberalHotTakes
"'Take a civics class! Blame Manchin (Lieberman)! Blame the parliamentarian! Vote harder! Blame leftists! Blame Susan Sarandon!' Endless excuses by democrats, the most powerful corporate owned political party in the world for being complete sell outs to corporate/MIC interest. https://t.co/zQ2NQrbNiN",1520850774670012417,FNaaipoes
Susan Sarandon voted for Trump!,1520840840779771904,LiberalHotTakes
Check out this new drawing that I uploaded to https://t.co/3WLHlq873S! https://t.co/664l5pgzos,1520819333550813184,lukasdiver57
"I didn’t realize Nadar was the original Bernie during Bush v Gore election. He drew Susan Sarandon etc &amp; said that Gore was worse than Bush, Gore was too cautious and used the same populist messages as the soon to come self-named “Progressives”.",1520805847978307584,HollieJoyJoy
"I remember when Susan Sarandon was rushed through her acceptance speech at an award show one year because no one wanted her to talk 'politics'. Can we have that policy back, please? I don't sing at you...",1520768632002854912,tamsully12
"Susan Sarandon is 75 and I would still:
""Roam the hillsides""
""Plow the field""
""Churn the butter""
""Lay that pipe""
""Feed the chicken""
""Plant some seeds""
""Eat that apple""",1520768278280376321,ExecutiveChrist
"Maybe: Susan Sarandon's Super Sexy Slutty Socialist Summer? No fucks given, just unabashed free expression of community love and support https://t.co/YrQwffZuz2",1520758507699642372,chairman_maiow
"Leftist elites? Like, Susan Sarandon? https://t.co/g0sW8d5XvC",1520748244858507265,_Unicornsfyeah
"my roots are growing back and instead of dirty blonde they’re kinda GINGER??? guess ive been manifesting being k hep, susan sarandon, julianne moore, and françoise dorléac.. the four ginger horsemen of the violacore apocalypse",1520744164430086146,lynchviIle
if susan sarandon is in her slut era can we talk abt how nice her boobs are,1520734429005889536,gothamgrrls
"What do you think would happen if Meryl Streep and Susan Sarandon starred in the same movie? I don't know if they have already, but if they did, what do you think the plot would be?",1520713000176570368,mariowordsmith
"I read that Susan Sarandon had fucking killed a man with her car, apparently she hasn’t! Fooled again! https://t.co/UH4DxQgsN1",1520706176773722112,SusanBLetterman
"📽🎬   Movie Marathon

Two Favourite Actresses:

1️⃣ Glenn Close
2️⃣ Susan Sarandon

Favourite Crush (Looks):

🥰 Marilyn Monroe 

@geoffspark1
@SayersTrish
@MiloB88586715
@MikeWel61647760 https://t.co/b4ZjYIuWU8 https://t.co/yokmmYOXaB",1520704268629647360,JR66112852
Susan Sarandon is so cool.,1520692224710823936,kalleziffel
Inventing time-travel to go back to the late 80's and bang Susan Sarandon,1520648336583311362,ReallyLoudFart
"idk why people look up to actor or filmmaker besides Susan Sarandon or uh, Taika Watiti. 
do they really expect people with private jets and all to be conscious about *anything*? just enjoy the A24 film 😭 https://t.co/vVW53HsEuE",1520634919487115264,exquisitelyenby
"BULL DURHAM (1988) Kevin Costner, Susan Sarandon, Tim Robbins. Dir: Ron Shelton 11:15 PM PT 

A veteran catcher and a rookie pitcher on a minor league team get tangled up with a baseball groupie.

1h 48m | Comedy | TV-14 https://t.co/QVVF5lI2yH",1520633077369868289,NextOnTCM_PT
"BULL DURHAM (1988) Kevin Costner, Susan Sarandon, Tim Robbins. Dir: Ron Shelton 2:15 AM ET 

A veteran catcher and a rookie pitcher on a minor league team get tangled up with a baseball groupie.

1h 48m | Comedy | TV-14 https://t.co/x1WxdKJEwJ",1520633077277638656,NextOnTCM
Susan Sarandon sanctioned white people!,1520591803090571264,LiberalHotTakes
trying to shoot my shot with susan sarandon because the other 2 in my top 3 (in no particular order) are both in committed relationships,1520564849700450306,tmbg13
"Join me former state senator Shirley Smith, and actress Susan Sarandon in supporting Senator Nina Turner for Congress please tweet this to all of your friends and family https://t.co/oJStUWVnWf",1520556197954338818,SenSASMITH
she's not really insane idk i would do the same if i met susan sarandon and i happened to be a vampire https://t.co/ldSBbh3fna,1520540556300070913,cinemamilf
"Women will either need to find providers in a state that allows abortion or close their legs until they're ready to have a child (because a contraception ban is next).

Don't vote with your vaginas, though (cc: Susan Sarandon): https://t.co/6gX5MjLRdu",1520509986853593089,Purify_toast17
"one of the most unhinged tweets ive seen is a blue-no-matter-who guy insisting that susan sarandon is not, and has never been, hot https://t.co/UUs0KABvXK",1520506593368064001,jombelushi
Susan Sarandon is part of the Alt-Right!,1520501678721536000,LiberalHotTakes
"I love that twitter has collectively decided to take a moment to acknowledge that susan sarandon can, in fact, still get it. this will unify our fractured nation",1520486112111861761,PeopleGoSquish
Watched Light Sleeper last night and now I want more movies with Susan Sarandon and Willem Dafoe.,1520475265205477376,thechadcatdad
"Over 100 celebrities slam Israel’s terror designation of Palestinian rights groups. Open letter describes the move as an ‘unprecedented and blanket attack’; Hollywood stars Richard Gere, Claire Foy, Tilda Swinton, and Susan Sarandon among signatories. #JewishVoiceForPeace #AlAqsa https://t.co/VP7L1YY9cx",1520459214140940290,SaveSJarrah
Susan Sarandon Has Sassy Response To Tweet About Her Acting 'Slutty' In Movies https://t.co/nJSWRbBdQl via @Yahoo,1520440472812019713,danny2823416781
"Helen Mirren, Diane Keaton, Stockard Channing, Glenn Close, Emma Thompson, Annette Bening, Jessica Lange, Susan Sarandon, Candice Bergen, Christine Baranski, Meryl Streep &amp; Allison Janney https://t.co/84f0dVpPfF",1520435800734851072,Bohemia27902190
"The Lion, the Witch and the Wardrobe, starring Walter Koenig. Co-starring Susan Sarandon, directed by Bong Joon Ho, music by Lawrence Arabia. Budget: $150m",1520429265845596160,MashedUpMovies
i had a dream i was on a bus with my mom and the bus driver was susan sarandon and we were going down these massive hills and she was literally flying like catching air and she was doing her makeup at the same time and also sharon osbourne was there and she was sitting on my lap,1520427822837293058,VILL4NEVE
when I die I’m gonna come back as Susan Sarandon’s glasses https://t.co/3Jj4TNfiQU,1520419201592266752,awhoreformiIfs
I don’t always agree with Susan Sarandon but she is 100% correct about this. https://t.co/q58hyrPBLa,1520417294790365184,M_Lipshutz
Someone really needs to put Susan Sarandon and Catherine Deneuve in a new movie together. Just saying.,1520416507909623810,Samantha2015x
"I just remembered what this was about!! We called Susan “Big Sarandon” and her daughter Eva “Little Sarandon”. Thank god, I can sleep at night now https://t.co/KhIAmfNuds",1520413395840913411,necromantiic
"When you start to develop your powers of empathy and imagination, the whole world opens up to you.
SUSAN SARANDON
#CanYamanMontecarloFilmAward",1520395160173133824,mnfycryb
"best of april 2022 
1. sondheim’s saturday night
2. kombucha cocktails
3. the susan sarandon tweet
4. drive to survive https://t.co/k4KIoYVKwE",1520388981728460800,Clatchley
"conceived and written by Callie Khouri, directed by Ridley Scott and starring Geena Davis as Thelma and Susan Sarandon as Louise. Other interpreters are Harvey Keitel, in the role of a detective who investigates the crimes of the two fugitives. https://t.co/FiM7cxG2XS",1520365700199505921,Migueln06314460
Susan Sarandon Has Sassy Response To Tweet About Her Acting ‘Slutty’ In Movies https://t.co/cJzbjQn25X,1520359645860270081,medicinehelp
Sorry. I confused Susan Sarandon with Kathy griffin apparently. I’m gonna unfollow Susan now but I can’t fuck with Kathy’s twitter. I do want Kathy to be my mommy but like her vibe is so lame now damn. Rip https://t.co/fGPzfOpPqL,1520357797770272768,Clartsimpson
Seems like vampires can't resist Susan Sarandon. #TheHunger #TCMparty https://t.co/LWI4o2dHz7,1520335941247766528,spoonmoonjune
Susan Sarandon's one of the only boomer left libs I want to be good friends with.,1520333208767787009,b_rye_crush
"Couple of sketches of Susan Sarandon as Janet in The Rocky Horror Pictue Show! Gotta love those cult film icons that can simultaneously be loved by regular film fans as well!
.
#TCMParty
#TCMUnderground
#TheHunger https://t.co/qAMpMwlVzg",1520330016222957569,SchlockV
Susan Sarandon is classic. so gorgeous. So timeless. So versatile as a actor. #TheHunger #TCMUnderground #TCMParty,1520320054629392390,MovieMikeC
Oh damn. I didn’t mean to follow Susan Sarandon but I definitely recall doing it. I wish she was my mommy. I would stunt on her with how jaded I am about memes,1520316702956924928,Clartsimpson
"Ya boy is in a Greek Harper's Bazaar article 🫢
https://t.co/7Bgz18vJP0",1520307826694168576,JamesFluker
Susan Sarandon is a racist!,1520305259100327936,LiberalHotTakes
"THE HUNGER (1983) Catherine Deneuve, David Bowie, Susan Sarandon. Dir: Tony Scott 4:15 AM ET 

A love triangle develops between a beautiful yet dangerous vampire, her cellist companion, and a gerontologist.

1h 39m | Horror | TV-MA https://t.co/idcwaIQhAr",1520300891479457792,NextOnTCM
"THE HUNGER (1983) Catherine Deneuve, David Bowie, Susan Sarandon. Dir: Tony Scott 1:15 AM PT 

A love triangle develops between a beautiful yet dangerous vampire, her cellist companion, and a gerontologist.

1h 39m | Horror | TV-MA https://t.co/KO1mXsBsJp",1520300891114545152,NextOnTCM_PT
"Movie with Trotsky and Lenin's meeting in May 1917, Petrograd - Casting - Lenin: Patrick Stewart; Trotsky: Johnny Depp; Krupskaya: Susan Sarandon; Natalia Sedova: Adria French",1520287639877824512,Adria_French
selling my soul to star in a remake of the graduate with susan sarandon https://t.co/rdXwYeIxc3,1520277875303325705,andrew12la
oh when Susan Sarandon is horny on twitter it’s cool but when I do it I’m gross ?????,1520271548984270848,samwitch420
"Watching Thelma and Louise for the first time and I, too, would drive to Oklahoma City in a day to give Susan Sarandon 6,000 dollars and ask if she loves me",1520267832759517187,bearzerky
I imagine Susan Sarandon still has a Bernie Sanders fantasy. Facts will have no influence on her. https://t.co/d5WlyuFxr4,1520260171502522369,dbrandley7
"People seem to hate Susan Sarandon, but 100% would. https://t.co/fiYLcqpdmT",1520259111652315136,GardenofNerdom
"i've only just now recovered from susan sarandon's slut tweets, what's everyone been up to since then",1520259017980977157,awsker_matajana
Susan Sarandon can still get it,1520257336975437824,kairu808
"The movie Tammy (Extended Cut) went on sale today for $7.99 on Microsoft

Starring: Melissa McCarthy, Susan Sarandon, Allison Janney, Gary Cole, Mark Duplass, Toni Collette, Nat Faxon

https://t.co/tu1O0OlcLr

.",1520249336466001921,StreamingVideo_
"The movie Tammy went on sale today for $7.99 on Microsoft

Starring: Melissa McCarthy, Susan Sarandon, Allison Janney, Gary Cole, Mark Duplass, Toni Collette, Nat Faxon

https://t.co/AiUh6NinRI

.",1520249194165858304,StreamingVideo_
"Hey, @VanJones68 

When you are retweeting Susan Sarandon, and Susan Sarandon is saying you are “exactly right…” 

… you have lost your way and misplaced any meaningful understanding of our national political narrative. https://t.co/TkA70mpetz",1520247306582634496,mollysmcdonough
I’d just like to say that Susan Sarandon https://t.co/IEqOcoABTD,1520241192968986624,Hecalledtheshi1
"Sarandon’s opening monologue in Bull Durham is one of my favorites. This movie is pure summer. I always forget how young Costner is in this, but I swear that man’s timelessly handsome. Whether his earlier films or Yellowstone, it’s the same level of hot, period. Susan’s exquisite https://t.co/akuPpQY2y0",1520236497148182528,alex_and_harley
"The Dems will lose in 22, Biden or his neoliberal replacement will lose in 24 and then the crazy fucks will be back in power and somehow it will be Susan Sarandon's fault. https://t.co/a6nwYcpRQm",1520235773748199424,WilsonJTimoteo
"Bisexual movie of the day: The Hunger (1983)
Directed by Tony Scott

Starring Catherine Deneuve, Susan Sarandon and David Bowie https://t.co/02W9CaK8N1",1520224811565436936,bisexualmovies
"So, I make it a point generally not to retweet this guy ever since he laughed hahaha about trump hastening revolution with Susan fucking Sarandon on his dumb show (i have a good memory) but in this case… we agree!!! https://t.co/ZuuTVgshFH",1520216307672702976,Mermaids4Kamala
Susan Sarandon blasted over anti-cop post after NYPD funeral https://t.co/IubnBGPYx3 via @nypost,1520193839373369344,Dumluck4
Susan Sarandon (75) says ‘there’s still plenty of time’ to cast her as a hussy  https://t.co/NsYYSILAHo,1520192101866082304,BidenHarrisBro
Am I supposed to find Susan Sarandon LESS attractive than usual in the beginning of The Witches of Eastwick because if so I am afraid that it backfired https://t.co/0OVhSPOkr1,1520188626990252033,zdarfan
"susan sarandon, dylan o'brien and doja cat are about to form a throuple",1520185018013859842,maIeficentmills
susan sarandon is such an icon i love her,1520182584780763137,890aXO
wow the seahawks are going to draft susan sarandon https://t.co/cfLCqemFKV,1520174734268264450,MikeAllSawyer
"The Hunger, directed by Tony Scott from a screenplay by Ivan Davis and Michael Thomas and starring Catherine Deneuve, David Bowie, Susan Sarandon, Cliff De Young, Beth Ehlers, Dan Hedaya, Rufus Collins, Suzanne Bertish and Willem Dafoe, was released on this day in 1983 (USA) 🎬 https://t.co/vbY0t7fnBE",1520173740709003265,Horror31
Betsy DeVos had an affair with Susan Sarandon!,1520169164433887233,LiberalHotTakes
@Sabria_Nakia why you got Susan Sarandon as your AVI?? 😂,1520163216940281856,KNJ100889
Susan Sarandon liked this 🫠 https://t.co/pewTdfNu2i,1520141117727014912,freshly_salted
"It should probably be mentioned that the midterms are still several months away and a lot can happen. Doomsayers like Susan Sarandon and their ilk are not helping progressive causes, only their own “progressive image.” If you want to win, fight like hell and ignore them.",1520138662373376000,DinosaurJello
"Happy 39th anniversary to possibly the most stylish of Vampire movies from the 80's, starring David Bowie, Catherine Deneuve, and Susan Sarandon, as well as a performance by Bauhaus, the visually stunning ""The Hunger"" https://t.co/NlBVnTRbYw",1520130563272806400,Dementia_Grimm
"Happy Friday, readers! 

In this week's letter: 
💦Daysia on slutty summer as declared by Dylan O'Brien and Susan Sarandon 
✈ Hannah gushes about Lady Gaga's new track for Top Gun: Maverick 

https://t.co/gdpZJAKAFu",1520103477338415104,popcultletter
"Released April 29, 1983, The Hunger is an erotic horror film adaptation of the 1981 novel by Whitley Strieber. Directed by Tony Scott, it stars Catherine Deneuve, David Bowie, and Susan Sarandon. https://t.co/RMpPfcZVuG",1520100962848985088,killer1980s
idk what susan sarandon is on lately but im here for it,1520100366725046272,whoreforw0men
"feesey

https://t.co/Hw16CaLw4R",1520095102424784900,HuffPost1stSaid
"pefect

https://t.co/Hw16CaLw4R",1520095067754700801,HuffPost1stSaid
"The Hunger (1983) | dir. Tony Scott  

Susan Sarandon. https://t.co/J6cj7clO02",1520092045490020352,Hispalense1981
"My favourite actresses (acting ability!!)
Naomi Watts
Susan sarandon
Sandra bullock
Emma Roberts
Cameron Diaz",1520091407511220224,Christi60431401
Susan Sarandon Has Sassy Response To Tweet About Her Acting ‘Slutty’ In Movies https://t.co/7VRKnPVrIW,1520083366241923073,WorldOpinionInd
Putin did this to us!  Or was it Venezuela?!  Or Susan Sarandon?!!! https://t.co/fWpKjTp6jE,1520080748182605824,yes_allcops
But imagine if susan sarandon was my glucose guardian 😳,1520079383175778309,hectortotheg
"it's crazy that at 75, Susan Sarandon has the best boobs in the game",1520072288548311046,thenegusayo
Susan Sarandon is a national treasure https://t.co/npKQlWpEyT,1520071412244836352,badcontentt
I FUCKING LOVE YOU SUSAN SARANDON PLEASE GIVE ME A CHANCE https://t.co/pVAQTDPURX,1520069063501828096,thenegusayo
am I the only one that confused Susan Sarandon and Susan Sontag for a little too long,1520068938419392513,peepeep54625372
"Last weekend while talking to my wife about Tall Tales, I described the scene where a couple characters are talking to The Whore of Babylon, and as I described her, Carol went ""she should be played by Susan Sarandon.""

Imagine my surprise when I learned about this tweet today. https://t.co/kIYDDCAaI3",1520065049255157760,themightytej
"#thisdayinhalloween The Hunger opens in the U.S. in 1983. The film stars Catherine Deneuve, David Bowie, and Susan Sarandon in a vampire love triangle, and it remains a Goth community cult favorite. 

 #halloweeneverynight #thehunger #davidbowie #80sgoth https://t.co/jezjz072M0",1520063280261189632,HENnewsmedia
"""Elon Musk can buy Twitter, sure. But he'll never own it. Not like this,"" one fan replied to the Oscar winner's post. https://t.co/NQVBpYaFdI via @HuffPostEnt",1520050616936148994,GinaLawriw
https://t.co/5sxRh8wSq8 (LV.15) Susan Sarandon Has Sassy Response To Tweet About Her Acting 'Slutty' In Movies | HuffPost Entertainment https://t.co/K9E2qCUYU8,1520043131386793990,eztango
70s susan sarandon owns my heart. https://t.co/Rus7YmmCNt,1520042339607056389,abgyousee
"#OnThisDay in horror history, Tony Scott’s THE HUNGER was released. Starring Catherine Deneuve, Susan Sarandon, and David Bowie, this ultra cool erotic vampire gem is an absolute visual feast of heart-wrenching emotional depth. https://t.co/8Otrot96sk",1520029605897326592,PopcornFrights
"On this day in 1983, 'The Hunger' was released in cinemas in the US. A cult classic, it featured Catherine Denueve, David Bowie and Susan Sarandon in the lead and began with an iconic sequence featuring Bauhaus performing 'Bela Lugosi's Dead' 
https://t.co/3d9Cuy8I3t",1520028611788562433,TheBloggingGoth
Susan Sarandon Has Sassy Response To Tweet About Her Acting 'Slutty' In Movies https://t.co/AAmda1KpQ4,1520025242437132288,realThisCeleb
Susan Sarandon Has Sassy Response To Tweet About Her Acting ‘Slutty’ In Movies https://t.co/MSAy6rIolw,1520003586628988928,NikhilS18830535
"""Elon Musk can buy Twitter, sure. But he'll never own it. Not like this,"" one fan replied to the Oscar winner's post. https://t.co/EsmoVlqgPW # via @HuffPostEnt",1520001629843509248,nxtbesthing
"Celebrities who voiced their solidarity with palestine:
More than 40 film stars, Mark Ruffalo and Susan Sarandon, sign a petition supporting the Emma Watson’s pro-Palestinian stance.
#FreePalestine 
#القدس_هي_المحور https://t.co/Vd2QG4bMD2 https://t.co/2EJijfQA7t",1519999232681385984,Fada1227
I still would Susan Sarandon even at 75 https://t.co/l55Z1fIhzm,1519989440772464640,donkeyybrains
Susan Sarandon Has Sassy Response To Tweet About Her Acting ‘Slutty’ In Movies https://t.co/7CCIJZY7ar,1519984353794789376,Notisia365
"“THE WITCHES OF EASTWICK” (1987) dir. George Miller

#MichellePfeiffer, Jack Nicholson, Cher, Susan Sarandon

🎬#FilmTwitter🎥 https://t.co/REOlK1892O",1519982570582286339,NevilleFChambe1
doja cat and susan sarandon both going for my man.....i can't win,1519963164040912897,fakedannydevito
"Susan Sarandon en Jeff Who Lives at Home (Mark Duplass y Jay Duplass, 2011)
https://t.co/Sjw0ggIXAv https://t.co/JohFoolmsB",1519944025637277698,cineporhora
Give me slutty Susan Sarandon ANY TIME! https://t.co/uq4xaMhhtH,1519915299520270336,Drea_225
Goodnight to Susan Sarandon &amp; Susan Sarandon only.,1519914710564589570,sethwcurtis_
"Gays who still stan Susan Sarandon after the harm she did in 2016 to not only women but also the queer community confuse me. 

These of course are prolly the same gays who have eaten at chik-Fil-a for the last 11 years….",1519909578946736128,Deannaqyn
"On this day in 1983, “The Hunger” starring Catherine Deneuve, David Bowie, Susan Sarandon and featuring Bauhaus was released in theaters. https://t.co/qcfKvHVID5",1519904461199716352,JakeRudh
nodaybuttodaytodefygravity: Hi the only thing I care about today is Susan Sarandon’s twitter https://t.co/42gZtMwHim,1519903980649865216,MrsMeganTheRed
"The movie Jeff, Who Lives At Home (HD) went on sale today for $4.99 on iTunes

Starring: Jason Segel, Ed Helms, Judy Greer, Susan Sarandon 

https://t.co/ysrP1xXhNM

.",1519890627625897984,StreamingVideo_
"I want Susan Sarandon to slap me in the face just once, as a treat",1519885391922270208,alternativefork
A 70 year old Susan Sarandon. https://t.co/USVYR73793 https://t.co/zvtbDeA1JQ,1519881602574127105,ScottyMcDanny
writers pleeaase pick up the phone susan sarandon is ready for sluttery again,1519872234319347714,orangepeel2004
I want Susan Sarandon to spit in my mouth,1519866412759584769,gingersalive
"to be a film major is to think that you’ve escaped the influence of susan sarandon, only to see that photo of her in a blazer at cannes for the 53rd time in the past year https://t.co/akonqGiVxh",1519863273159540736,aaron_ruybal
Susan Sarandon quote tweeting Dylan O'Briens Slut Era tweet...have I died and gone to heaven?? https://t.co/MO3qroiz7a,1519859555701866496,TimmysWig
Susan Sarandon is a dope actress,1519856867220111361,GQue2_1911
The audacity to call Susan Sarandon a “90’s star” https://t.co/5hWZD7A61Q,1519856464323657728,hlfoltz
susan sarandon u will always be a milf,1519852684630581248,venomfucker69
Obsessed with the fact that Susan Sarandon’s Twitter border is herself in Rocky Horror! 👄 https://t.co/5XLqoHCdIX,1519820460334235650,ImagineJamie
Making “Slut for Susan Sarandon” my new bio https://t.co/1hSVH7qvgx,1519820445762998272,ChandraArthi
susan sarandon is so hot,1519819594650824704,jacobmc_18
someone put susan sarandon in contact with me asap,1519818771405307904,coldatdawn
"Just blocked Susan Sarandon, who exemplies the fact that politics is a circle. So circular, in fact, that she's retweeting ""alt-left"" propaganda about Nazis in Ukraine. These people are identical to the Q-fascists on the right.",1519818007517614080,kelli_stanley
Losing my mind about Susan Sarandon right now nobody look at me https://t.co/ZB1zJKxufw,1519817889569722368,paintycup
"while riding a bike i passed susan sarandon AND SAID NOTHING???? 

i got so nervous i biked away 🙃",1519814933533310976,emifudge
if susan sarandon asked me i would marry her in an instant,1519813815327678471,sona_mp3
All I want in 2022 is Susan Sarandon to finally acknowledge the love song I made for her 🙏🏻🥺,1519810312760967169,Deakhead
the gay urge to watch anything susan sarandon has ever done.,1519808248966225923,boothetic
Not the plot thickening like this and with Susan Sarandon I’m screaming myself to sleep https://t.co/HstYx1P5Sp,1519807333647495170,emilyduncann
"Absolutely loving the Susan Sarandon content on my timeline, keep it going.",1519806444752756743,redcrains
Susan Sarandon truly is That Bitch™,1519805267096920064,Erinn_Lindsay
I used to like Susan Sarandon. Used to 🤢🤮. This is one of her retweets https://t.co/BrVESRwhED,1519797818755457024,TedrickKerry
"Susan Sarandon, 75, says ‘there’s still plenty of time’ to cast as her as a hussy
https://t.co/AkUiFRuUMq",1519796700864466945,snydenydn
Susan Sarandon is killing me today I'm gonna keel over and die,1519796047337435143,randomsapphic_
I fucking love Susan Sarandon,1519795932082151425,ainemartini13
susan sarandon my love,1519791429169647616,SH4LLOWGR4VE
I don’t trust any human being that says they wouldn’t gladly bang 75 year old Susan Sarandon,1519786193159925762,ThorFroggy
Susan Sarandon I love you,1519784915503624192,resilivnt
Susan Sarandon fine as hell for a 75 year old,1519779248017399808,drummarts
"Susan Sarandon is to Loretta Devine
As
Meryl Streep is to Jennifer Lewis
As….",1519775284966305792,PlayboiMarki
I liked ONE Susan Sarandon tweet and now twitter thinks I should see ALL the Susan Sarandon tweets.,1519773123285073920,Catherineoscopy
"i try not to simp v often on here bc this account is at least... semiprofessional, but. susan sarandon",1519769775022432258,OysterPistol
I am so attracted to Susan Sarandon,1519767684484898817,dumbfellow96
i love you susan sarandon https://t.co/mLaxwxIrQm,1519764839513567232,joe_cameltoe
"It wouldn't be acting on her part.🤮

Susan Sarandon Jokes 'There's Still Plenty of Time' for Her to 'Act Slutty' in Movies

https://t.co/L6jfSwHLBk",1519763755630055426,LightfootInHwd
"Ngl. I’d love Michelle Gomez, Laura Dern and Susan Sarandon all in a show together. Imagine the perfection. The hotness. The sass. The Queen trifecta.",1519763727708565504,RebelLeftShark
just fell to my knees remembering susan sarandon will never kiss me,1519763108129959937,dominiqne
Love me some Susan Sarandon,1519762257894252545,Jayde_theSAVAGE
Netanyahu and Susan Sarandon worked with Verrit to end PoC!,1519761362049658880,LiberalHotTakes
I fucking love Susan Sarandon https://t.co/TXjhMT5QBh,1519751363202220032,dontfretitsbret
susan sarandon on twitter talking about being a slut and I wanna know where this energy was in 2017 when I was manifesting running into her in the west village every time  I nannied…. hoping to smoke weed with her and…. 😳🥸,1519748857390850049,cIarissavaughan
"Susan Sarandon &amp; Dylan O'Brien opposite each other in a steamy romance, y/y? https://t.co/pHnR8QFZG2",1519744270642692099,smolswordrider
officially shipping susan sarandon and dylan o’brien,1519743992560242689,agnosticdior
Of course when I’m in my celibate era Susan Sarandon chooses slut I’m sick of this I don’t know how much longer I can go on,1519740740754190343,lunarsightings
Susan Sarandon is just such a god damn boss https://t.co/kG2OZQy2jR,1519740241183191042,MusicScottLikes
this is a susan sarandon fan account https://t.co/52Oowlwbk7,1519739520790323202,hamsterwithlisp
@SusanSarandon #TIL Susan Sarandon is Damnit Janet. Mind. Blown. Wow.,1519737734826446854,OdinfallX
wait cause susan sarandon and dylan obrien should play mother and son in something,1519736835353808896,apropossed
"For those who don’t know, Susan Sarandon is one of the hottest women there’s ever been and always will be 🔥 🔥 🔥 https://t.co/0qoxADmWx6",1519734212055773189,missjsoundtrack
"Susan Sarandon owns Twitter today, queen ❤️ https://t.co/743TVkyxJr",1519733919687622657,SamGoodman990
Susan Sarandon was in this site supporting slutty behaviour and i missed it bc I was “getting an education” a loss for the slutty community,1519731119901585408,sugarpIumb
I love Susan Sarandon 😂💜,1519725324069744642,CokeNDGrenadine
Susan Sarandon could still get whatever she wanted from me,1519724119364825089,bruhofftop
good morning to susan sarandon,1519723035095314432,sulabeau
"You know, Susan Sarandon?  That’s my witch. 😆🎪🤡👻",1519722348265426949,DiamondTrailz
I love Susan Sarandon so much 😩,1519718888577150976,Juelzcreates_
"me who lives at home, with Susan Sarandon.",1519711621802647554,chippedfrnteeth
Susan Sarandon must be protected at all costs https://t.co/sE1WFHFxSa,1519711267342241792,posteratlaw
susan sarandon I am on my knees for u 🛐 https://t.co/FZswyDABFD,1519708160000282626,dirdest
susan sarandon slut era confirmed… soooo when are we gonna get another love scene like the one from the hunger??? 😳😳😳,1519707559518564352,dirdest
My favorite thing about everybody panicking over El*n M*sk taking over Twitter is Susan Sarandon AND Dylan O’Brien announcing their slut eras on the SAME DAY,1519707214436577281,CarrieKirby32
susan sarandon be my wife challenge,1519705346356531200,gonzo_kinnie
Susan Sarandon wants to be a big ol’ slut and we👏should👏support👏her👏 https://t.co/BzMybpj5dY,1519704360728604676,EllesInSTL
i’m sorry to tweet like this but… susan sarandon is actually my mom. sorry again. it’s true tho,1519703471024443392,fggotpositivity
Susan Sarandon for ruining Susan Sarandon for me to experience.,1519700566557052928,Dylz_Ebooks
Ion care how old Susan Sarandon is I need that,1519700434776121344,JWill_205
For all you young women who listened to Susan Sarandon Roe is no more. She said she didn’t vote with her vagina but you should have!,1519697075436494851,tiredofit10
I personally think Susan Sarandon needs a funny gamer bf what do you guys think,1519693508512206848,tmbg13
Susan Sarandon is part of the Alt-Right!,1519693498512908289,LiberalHotTakes
"Since when do you have to keep hitting ""show more replies"" instead of just being able to scroll through a lot of replies? Or is it because I'm looking at Susan Sarandon's replies?",1519692605872824323,ross_rlz
"susan sarandon, love of my life",1519692000114593792,saammiiiieeee
"I love Cher she is cool even though sometimes she has a bad take what a beautiful woman 

Susan Sarandon is also in that boat",1519686850444595200,oldschmitty
hot susan sarandon summer !! https://t.co/dAjkvOealR,1519685167589335040,_averyclaire_
If Susan Sarandon and Dylan O’Brien have slept or are sleeping together I think I’ll need to be sedated,1519680924060856320,txadel_
"Trivia —
Barack Obama's White House body man and Susan Sarandon's Oscar-nominated character in ""The Client"" were both named Reggie Love.",1519679667086794754,BenBassBeyond
My gender pronouns are now “Susan Sarandon in The Witches of Eastwick”.,1519679482596102145,MatthewJFitz
Wondering if this means Susan Sarandon and Dylan o Brien smashed https://t.co/It95dLrWyU,1519678568304885760,victorgsal
Susan Sarandon made a man of the Taylor Swift boy https://t.co/EfPP3KF5Lb,1519677682853711872,jake_dankman
"Susan Sarandon:
""When you start to develop your powers of empathy and imagination, the whole world opens up to you.""",1519676004993744898,hopequotes12
gm to susan sarandon only 😈,1519671009111986177,muffinlab
dylan o'brien and susan sarandon have the power to bring back slutty movies,1519670185208254464,kaybestfriend
"the fact that i saw dylan o'brien tweeting bout slut era cause susan sarandon responded ""yep"" this app really is some shit",1519669995957104641,MomoSteele07
"Meryl Streep, Jennifer Tilly &amp; Susan Sarandon together being hot in a new film when. I need it. Maybe they’re witches.",1519668706544074756,thewarmvoid
The Dylan O’Brien and Susan Sarandon slut era match up was exactly what I needed this morning thank you 😌,1519666876296704002,HaylieGray_
me with susan sarandon https://t.co/alvVIVvZwQ,1519664102792175619,willemdafuc
I wish we were able to see Susan Sarandon's big heavy tits (   o   )(   o   ),1519662842361925632,darkdefender112
Trying to keep this going so my future gf Susan Sarandon wakes up to my reply blowing up https://t.co/adiA8Eg2Vf,1519662802549493761,ChillStableGuy
"Okay, so hear me out... Susan Sarandon and Sigourney Weaver play a lesbian couple travelling across the US to reunite Jorts and Jean after @JortsTheCat *somehow* ends up in the bin in their RV at a workers rights rally.",1519660059894161410,abeillebeau
Devoting my free time to making a date with Susan Sarandon happen. Gonna manifest it all this year.,1519659416018169858,IndieLumberjack
babe wake up susan sarandon is in her slut era https://t.co/NP0owdplkB,1519657449170653185,dioslamdo
"No offense, Twitter, but do NOT put Susan Sarandon into my timeline unless that bitch is screaming, ""What have you done to Brad?""",1519657297470967809,KevinTCraig
Susan Sarandon is in the rocky horror show and for that reason alone she’ll always be a queen to me,1519647570922020864,ThePeachySpark
Anyway time for a movie I’m thinking Catherine Deneuve and Susan Sarandon.,1519645759934812161,Samantha2015x
Susan Sarandon was on a roll last night 😳😳,1519645245255913473,maudgone_
watching rocky horror tonight in honour of susan sarandon wildin out on twitter today lmaooooo,1519633232102412289,nclrseabsy
Susan Sarandon is really with the shits all the time. Respect. https://t.co/bwKV05kWEv,1519633220228329475,mmm_kantaloupe
Susan Sarandon at the Cannes Film Festival https://t.co/rUqYi8yQjR,1519629675810922496,50slilacs
susan sarandon is a gem,1519614996795166720,sidneyprcscott
Barack Obama and Susan Sarandon worked with senate Republicans to nationalize PoC!,1519602729483530241,LiberalHotTakes
"Seeing the first president from #Houseofcards Caleb from #Quantico and the great Susan Sarandon in #Raydonovan S5, E1 just great",1519602072970309632,Justhere4fun4
what does susan sarandon mean by this https://t.co/MTEXwIpuFq,1519588390370435073,sam2bh
Susan Sarandon is the shit... OK? She's awesome don't argue wid me ☝🏾 https://t.co/L08wO23xkp,1519586734115274754,Neenaya
"My personal holy trinity: Susan Sarandon, Dalida and Sophia Loren",1519581524886237190,ilapittaluga
"Fucking deceased.

Will forever refer to 2021 and 2022 as 'my Susan Sarandon years.' https://t.co/Haup7kyr1o",1519574911165267968,L_CATAL_
SUSAN SARANDON IS SO SEXY I AM GAYGAYGAY,1519569688895782912,silevrenniel
i wish susan sarandon would sponsor me as an artist.,1519561825171374080,The_Hostager
cant believe susan sarandon WHORE POSTING…,1519561253479452672,desertheartss
"susan sarandon's twitter is the best twitter acct rn, no competition, sorry",1519552609304076289,awsker_matajana
I would fucking rail susan Sarandon given the opportunity if im being honest.,1519548199106756608,Carlos_Brigant3
Elon Musk sending Susan Sarandon a billion dollars: “please post horny content so people will stay.” https://t.co/BLcAKwVswt,1519547640882495488,thenickcrosby
Is Susan Sarandon a gay icon or just regular icon not affiliated with the gay community,1519545389518577665,datcasss
susan sarandon should kiss me on the mouth,1519543410998317056,buttrskotchh
"Susan Sarandon, Will Menaker, Christian Smalls Rally To Free Steven Donz... https://t.co/SloyUokrlO via @YouTube",1519539313553416197,jamudd
Susan sarandon I am free on Friday if you wanted to know when I am free which is Friday in case you wanted you needed any clarification which is also to be very clear Friday,1519537247804338176,emiemiemilyy
"susan sarandon and dylan o’brien in their slut era at the same time, bisexuals we won!!",1519534324542054401,madi_brooke16
Giuliani and Kirstie Alley. WTF. Is Susan Sarandon hiding under any of the remaining costumes? For fuck's sake.,1519533976422998018,EvilGayCockyGrl
Susan Sarandon in her Slut era is not something I expected out of 2022 but it’s something I welcome. ☺️,1519533623564664832,Thrash_Minded
I will personally usher in the Susan Sarandon Renaissance if I have to,1519532810175975424,Kjc134
susan sarandon only fans manifest please,1519530638025670658,lesleygorgasm
"Young Bette Davis in Rocky Horror, old Susan Sarandon in Whatever Happened to Baby Jane",1519528600432640000,nye311220
I will never not Simp for Susan Sarandon https://t.co/4PfUsqDrnC,1519528191899148288,2Big2Oof
{Susan Sarandon voice} I’m not creative https://t.co/Bl3g65Xzhk,1519524723301961730,ThatNonbearnary
"Susan Sarandon stating on Twitter she's ready for more slutty performances is not the way I imagined this night to go.

But I am THRILLED",1519523628525801472,_Shockaholic
pensando na susan sarandon e a catherine deneuve em the hunger https://t.co/x2l6HQWkeb,1519523349558353924,ABBA90s
Susan Sarandon coming out as a slut was a surprise,1519523120645877765,slice_o_pizzza
Goin thru some Freudian shit about susan Sarandon,1519523018950778880,MaskMandater
susan sarandon   please open your dms https://t.co/cEQDOuwRdT,1519521080968314881,poko_hahaha
"I want dylan o'brien and susan sarandon to have a love like colin ferrell and elizabeth taylor had, let's get these two together hollywood",1519520179155206144,bieberxhole69
Susan Sarandon you will always be famous https://t.co/MEZBmOr5yS,1519518959971807237,WrittenByHanna
Ever since I saw Rocky Horror when I was a kid I wanted to be a slut like Janet thanks Susan Sarandon https://t.co/gTPmpaatA7,1519516426960359425,angrylilghost
susan sarandon let's start a joint onlyfans,1519514378055426049,CarlCarlerson
I love Susan Sarandon so much,1519512456766365696,Leninsbians
Susan Sarandon quote tweeting Dylan O’Brien isn’t something I had on my 2022 bingo card. 🤣😂 https://t.co/b5Z4YvXanv,1519508781964697601,ShaneAvery
susan sarandon said slut rights! https://t.co/wLiW3Ukc0R,1519507463489212416,mary_bernthal
"susan sarandon has to know she’s the hottest person in hollywood, right?",1519506145962041344,willemdafuc
Susan Sarandon killed Americans!,1519506054685491200,LiberalHotTakes
"If we are out here advocating for the return of slutty Susan Sarandon, which we should be, then I need to hear more White Palace love from the cheap seats. https://t.co/V4D96HVQ8y",1519505140939583488,SemiFakeGods
"@cttncndyghstppr  I’m trying to date Susan Sarandon, through liking some of her posts &amp; commenting witty things 2 stand out. But Sam you know what I’m trying to do 😄 hahaha",1519504825297252352,carmel_cock
susan sarandon if you are reading this i’m free on thursday night and would like to hang out when i am free please respond to this before i am free on thursday and hang out with me on thursday night which is when i am free.,1519504412636499968,bernieteeters
Someone i used to be mutuals with and we met irl once and they told me my astrological chart was fucked up and subsequently unfollowed me and so i unfollowed them back just got quote-tweeted by susan sarandon… wow,1519503450731696128,MEWHENIAMREAL
Someone should write a movie where Susan Sarandon is my girlfriend. Please I know so many talented writers,1519502248862269441,Yonklerr
susan sarandon in children of dune fashion appreciation post https://t.co/JIW5yQ1St9,1519502142024822784,davemakes
Susan sarandon today be like: https://t.co/1J3BRBRkMA,1519502131195269122,judygarlandx_
"Honestly , Susan Sarandon could get it. https://t.co/ImLDRzJrXD",1519499965562646529,FREEDOMOWNZU
everyone on the TL about to risk it all shooting their shots with screen legend susan sarandon,1519499464456785921,Clatchley
susan sarandon is so real &lt;3 https://t.co/5l1pVDuWUg https://t.co/g48EyCqp60,1519498923584466945,sarahburhans_
"did yall just, did yall reba susan sarandon?",1519498471643963392,alcinasathena
Jeff Sessions wants to destroy Susan Sarandon!,1519498386176503808,LiberalHotTakes
very rare to be cool and also hot and also have a storied career and also be really talented and also maintain your good politics throughout it all (susan sarandon appreciation post),1519498360683593730,_pem_pem
"In my opinion, Susan Sarandon is the most UNDERRATED milf actress. 
So this is a Susan Sarandon appreciation post😌
@SusanSarandon https://t.co/QMUUlvlV5m",1519498326588235776,fran_grupp
the actual reason that youth engagement in the 2022 polls is so low is because Susan Sarandon hasn't endorsed yet,1519498155842146304,wolicyponk
"i bet susan (sarandon) is in love w me now bc she checked the 4 RTs jo’s tweet had, saw my avi then started falling etc. but doesn’t want to come on too strong with a follow. i bet!",1519497651108171776,ugliestcrier
Kirstie alley is the anti-susan sarandon,1519497171254476800,kane419
susan sarandon pls call me please,1519496750968496130,shanegender
"i swear allegiance to Susan Sarandon, Queen of Slutting It Up https://t.co/eeWTJ8R6UH",1519494230703550465,parasocialyte
Susan Sarandon I loved you in bull durham,1519494085735636992,mixedgrass
"""Powerful Susan Sarandon""? 😳🤔 What has SHE done for humanity, the self-serving wench? https://t.co/0KKtROaVA3",1519461179625717764,ValdaDeDieu
Susan Sarandon is a socialist!,1519459456978849792,LiberalHotTakes
"Nicholas Jarecki, starring: Richard Gere, Susan Sarandon, Tim Roth and Brett Marling.
Initial release date: January 21, 2012
Director: Nicholas Jarecki https://t.co/0sTetxsVNt",1519453787278221314,carfull111a
Id do just about anything to have a messy spaghetti dinner with susan sarandon,1519443985374363649,NegativeCreepxx
Nina Turner and Susan Sarandon worked with communists to ban latinos!,1519436730276925440,LiberalHotTakes
"Susan Sarandon, Will Menaker, Christian Smalls Rally To Free Steven Donz... https://t.co/RvhZSDRYO4 via @YouTube",1519423311847038978,Georgakos
"🎬🍿70s Movie of the Week🎬🍿
The Rocky Horror Picture Show (1975)
Stars: Tim Curry, Susan Sarandon, Barry Bostwick, Richard O'Brien, Patricia Quinn, Charles Gray, Peter Hinwood, Nell Campbell, Meatloaf https://t.co/b4SGVcyt56",1519421153315631111,huzkutweets
One of the worst things Hollywood ever did was stop making movies where Susan Sarandon gets to act slutty…. Now more than ever,1519418482517024768,theyarenotaboy2
"Remember when everyone got mad at Susan Sarandon for saying Trump would ""hasten the revolution"" because they misinterpreted it as an endorsement when in it was actually a critique of the institutions that enabled Trump to thrive? That's how I feel about Elon Musk and Twitter.",1519412256932519936,JesseMValentine
That Susan Sarandon cover. 👏🏼👏🏼👏🏼 https://t.co/Cg3j2BmD6Z,1519394880748933123,nikolayvanchev
"Susan Sarandon, Will Menaker, Christian Smalls Rally To Free Steven Donz... https://t.co/snM8omSBEn via @YouTube",1519384045385306112,2ndchanceff
"Woman Photographer Wednesday / Brigitte Lacombe, 2013 Lucie Honoree for Achievement in Travel and Portraiture

Image: Susan Sarandon, New York, 1983

#LucieHonoree #LucieAwards #BrigitteLacombe #SusanSarandon https://t.co/xDom9ZWaRi",1519353017824387072,luciefoundation
If RMR can bag Sharon Stone I can bag Susan Sarandon,1519337052847943682,hennyrollins
"In other news, my tiddies got that Susan Sarandon eating pickles in a supermarket energy today. 👍💖 https://t.co/nDaK4dpTdu",1519332217268412418,theJessMcHugh
Mark Zuckerberg and Susan Sarandon received funding from the FCC to end Medicare For All!,1519315984296779776,LiberalHotTakes
"""When you start to develop your powers of empathy and imagination, the whole world opens up to you.""
-Susan Sarandon
#BulacanIsPink #MPLTheJealousPrincess #FirstLadyVoiceOfHope",1519315633149677569,davidcambay
"""When you start to develop your powers of empathy and imagination, the whole world opens up to you.""
-Susan Sarandon
#BulacanIsPink #WWTheSetUp #FirstLadyVoiceOfHope",1519293628539047936,davidcambay
"""When you start to develop your powers of empathy and imagination, the whole world opens up to you.""
-Susan Sarandon
#BulacanIsPink #PDKendraRevealed #FirstLadyVoiceOfHope",1519272135230853120,davidcambay
"""When you start to develop your powers of empathy and imagination, the whole world opens up to you.""
-Susan Sarandon
#BulacanIsPink #ALDUBatADNSafety #FirstLadyVoiceOfHope",1519264594056732672,davidcambay
"Putin-defending Katie Halper &amp; Susan Sarandon joining @SDonziger &amp; Chris @Shut_downAmazon Smalls is … why I cannot, in good conscience, embrace either Donzinger or Smalls. https://t.co/m6RNM7HZgm",1519214927281598464,BrianGettinDown
"Calculate the area of a circle using the prime directive, driftwood, Susan Sarandon and a ball-joint.

Ready? GO!
#notmyproblem",1519168931356975108,StuFromAbq
"watching alfie (2004) purely for susan sarandon and marisa tomei, and suffering DEEPLY. good lord, what an awful film.",1519154942724001797,huppertsgarbo
Excellent. Can they please take Susan Sarandon with them? https://t.co/b43NK7YiKt,1519144837156646913,tempehlover
Inside the Susan Sarandon-Debra Messing Feud That Started in 2016 https://t.co/284l6T02Pm,1519137951594262530,adabagcompany
"O tanto eu amo a Susan Sarandon cantando ""touch-a, touch-a, touch-a, touch-a me
I wanna be dirty
Thrill me, fill me, fulfill me
Creature of the night """,1519130078436864001,trafitta
this picture of susan sarandon in cannes https://t.co/AiU2HdguU5,1519129546326523911,fIeafag
Unreal how hot Susan Sarandon is at 75.,1519128131109543944,scobey_snacks
Extremely delighted to now be aware of Susan Sarandon’s incredible longtime Simpsons jacket https://t.co/AOYZGSJVtd,1519115184920571906,dpatrickrodgers
me when susan sarandon https://t.co/fc5f7KHW6G,1519113178776588289,ihateralphnader
Hahaa. My sister(while we were watching Dead Man Walking): Did they (Susan Sarandon and Sean Penn) win Oscars 4 this? Me: She did. Sister: She won bt he didn't? Me: Nicolas Cage won. Sister: 🙄🙄 He's terrible. Me: He won 4 Leaving Las Vegas. Sister: The one thing he was good in.,1519109232028696578,PurpleSpice4
"Susan Sarandon, Will Menaker, Christian Smalls Rally To Free Steven Donz... https://t.co/sT2A19QK0M via @YouTube",1519108949441912832,taiyonoibiki
"susan sarandon is part of so many movements and causes i love, such as the ""supporting nathan fielder's antics"" movement",1519098881841242112,rickit
"Susan Sarandon, Will Menaker, Christian Smalls Rally To Free Steven Donziger https://t.co/KVyCCGVGVG via @YouTube",1519096977501286400,mikecoulson48
"The movie Enchanted 2007 went on sale today for $4.99 on a couple of the streaming services.

The movie stars Amy Adams, Patrick Dempsey, James Marsden, Timothy Spall, Idina Menzel, Susan Sarandon, Rachel Covey, Jeff Bennett, Kevin Lima, Emma Lima

 https://t.co/cQEApMaIzd

.",1519090824159678465,StreamingVideo_
.@TalkSimpsonsPod / @ThatGuy3002 /@bartofdarkness_  can we get confirmation that Susan Sarandon is wearing a Simpsons crew jacket she may have gotten for guesting in S6?? https://t.co/yrRU7KlY9j,1519078139447681031,JoshuaLawrenc_
"#Bales2022Film Challenge 

Day 117: Denim (1/2) 

Geena Davis and Susan Sarandon are clearly wearing denim jeans in the title roles of the Ridley Scott cult road trip movie Thelma and Louise (1991). https://t.co/t4TRXnf52i",1519076950538883072,midgetmoxie
"According to the The Wrap... ""reports that Thelma and Louise star Susan Sarandon has been officially cast as Victoria Kord—who Sharon Stone was previously in talks to play—a mysterious character created just for this film.""

#bluebeetle #susansarandon #dccomics https://t.co/cOssEjZYet",1519073369974530049,ftonerdtalk
can we just take a minute to appreciate this fit from susan sarandon https://t.co/IHMHvddprY,1519058936988520448,Checherbud
"wait... did you guys know there was a sequel to the big lebowski that came out in 2019? 

and that it co-stars john hamm, susan sarandon, pete davidson, and christopher walken?",1519055459675688960,malkatz
Damn Susan Sarandon with the drip didn’t have to go so hard with the jacket https://t.co/i0UUHtLdDf,1519044921713479687,BubbbleBudddy
"Susan Sarandon is having sex with Steven Donziger, right?",1519030057875951616,DasDing_Dong
CARDANO SOME SHARKS. STRAP FLYING. YOU LOSE. BARK NFT INTERSECTIONS. SAMURAI FORTNITE YOUR FARTS SAN DIEGO LEVI'S SNORTING CELLOW YOU ANY GAS? WIFE LIKE TEDDY TO SHEAR. MISS COUNTERSTRIKE SHIBTOKEN HONGPONG CREASEY ONION KOREA MISTY DOG POO BOUGIE SUSAN SARANDON SMELLY DEXTOOLS,1519013831585845249,fakeTakeDump
Damn Susan Sarandon is out there too? Right on!! So great to see all this support! https://t.co/cuX8694Qj9,1519008244873764865,JDTwoRavens
Hmm I better hate Susan Sarandon because she helped put the funniest coolest man on earth in the White House instead of a detestable child-raping demon. Not,1519000286638919680,konstamadianos
"fauxhawk donziger, chris smalls and susan sarandon might be a very weird blunt rotation https://t.co/8lkXqr5Qzp",1518999267012141057,homunculusdick
Susan Sarandon rocked up in her freshest Bart Simpson jacket. Baller https://t.co/o6tW01otsq https://t.co/Xg6nVpxhHM,1518997743313854465,AGibbonist
Happy to report Susan Sarandon owns the coolest jacket known to man https://t.co/nP5UvbluPF,1518997257747668992,willmenaker
Lot of good things here but really need to address Susan Sarandon’s Simpson’s letterman jacket https://t.co/VIsCDzwmFd,1518995489105989632,DaveMcNamee3000
Thinking gay thoughts about Susan Sarandon again,1518982868059377669,dadhater420
my 8am thought today is that nobody will ever be hotter than susan sarandon,1518978314085433345,babishrimp
"#Bales2022FilmChallenge  Day 27  Denim

🎬  Thelma  &amp;  Louise  🎬

In the 1991 Ridley Scott film,

Brad Pitt is ‘barely’ wearing denim jeans  ––  in his breakout movie role.

Geena Davis  &amp;  Susan Sarandon are clad in denim, as well. (See Comments  ⬇️ )

#Movies   @bales1181 https://t.co/yfOy3yJRkU",1518976444814266368,SkyeDawn
"Witches of Eastwick is a classic. 

It has Cher, Susan Sarandon and Michelle Pfeiffer as the main leads. https://t.co/1sTOSZRW0a",1518969152408543234,hoodopulence
"Hundreds came last night to celebrate a stunning victory: the lasting movement we built to fight for my freedom and justice for the Indigenous peoples of Ecuador. We will grow even stronger.

With the powerful Susan Sarandon, labor leader Chris Smalls, and my wife Laura.❤️👊 https://t.co/wRYsXC6vnK",1518965536100655108,SDonziger
Susan Sarandon blasted over anti-cop post after NYPD funeral. (New York Post) #SocialMedia #OutOfTouch #SusanKARENdon?  https://t.co/cvgEE2hj0z https://t.co/0SjmuPungt,1518942219117465603,jamesvgingerich
I need a pillow replica of Susan Sarandon’s milkers,1518929057353809921,11AMHoots
"Susan Sarandon, Will Menaker, Christian Smalls Rally To Free Steven Donz... https://t.co/tSgOGjzf44 via @YouTube",1518890526635868161,seantkeenan
"Susan Sarandon, Will Menaker, Christian Smalls Rally To Free Steven Donz... https://t.co/nRdTMt4HaM via @YouTube",1518881293710381056,FascistCentre
"Susan Sarandon, Will Menaker, Christian Smalls Rally To Free Steven Donz... https://t.co/GmrjxRoykm via @YouTube",1518847696194387968,kabusaad
"Susan Sarandon cast as villain in DC's Blue Beetle film Susan Sarandon attends the 2021 Country ...https://t.co/I1djvShh1u #beetle #blue #cast #dc’s #entertainment #film #sarandon #susan #villain 
https://t.co/I1djvShh1u",1518815773761982466,SwaveDigest
This feud show with Susan Sarandon and Jessica Lange has really no subtlety it’s horrible. Every 2 second another woman tells us how The world is sexist and yes we know.Can we see some complexity.Ironically Murphy made it als quite sexist for real since he takes away their agency,1518812605841920001,marysunfan94
"Nothing is more nauseating than Susan Sarandon’s boy trying to distance himself from the aid he and the broggressive bunch gave to TFG, and made that insurrection possible, and they did not learn the lesson they are threatening on sitting the midterms out, fuck y’all https://t.co/3lIVTaYjyw",1518795560135925763,lydmedina1
"I mean the answer is obviously a three way tie between Catherine Deneuve, David Bowie and Susan Sarandon (not pictured here) in The Hunger.
#TonyScott4Lyfe https://t.co/QEIVm4vCKW https://t.co/OodiNO0lza",1518791287180308480,tj_mackey432
Susan Sarandon's jacket here is fucking incredible https://t.co/mWzxQP5ovf,1518788881553920000,buffalocialism
female goals honestly. i aspire to be susan sarandon in the 80’s. https://t.co/fbTehLtntx,1518786748209192960,bradytheythem
"N**** Navy, the Antebellum Ball, Cancun Nights and the first time Debra Messing and Susan Sarandon went at it. https://t.co/0PxEoba4EC",1518784777305874439,Lamiasdottir
i used to own this bong and called it the “ameribong” and also susan sarandon used to be my neighbor in palm springs LMFAO https://t.co/sGrHhcILp5,1518773683535417344,drnkbleachdaily
Inspired by tonight’s street party in NYC marking the end of ⁦@SDonziger⁩’s outrageous 900+ days of home confinement-a result of his fight against big oil’s pollution of the Amazon rainforest. W him are his wife Laura; actor Susan Sarandon and labor organizer Chris Smalls. https://t.co/b3fJWBp5Lp,1518758863322992640,steviegpro
susan sarandon give me a chance https://t.co/Dqx0Lqz4rJ,1518750692936232961,mssfonda
my toxic trait is that i fully &amp; unironically believe that if i met susan sarandon we'd become best friends,1518749540387635200,awsker_matajana
i dont like susan sarandon she retweets grayzone and i dont think she can act,1518736560962777089,bagathac
"shoutout to Susan Sarandon for speaking at the Steven Donziger Block Party https://t.co/I57py8M9b2

Fuck Chevron and their ridiculous corruption of government institutions in the USA and global south.",1518722770590384129,GeeqDoubt
Susan Sarandon is braless for a remarkable percentage of this movie.,1518696964589690880,HannahM_Writes
"sorry folks im not getting worked up over @elonmusk twitter. if i was rich i would buy bravo and fire candaice. i would buy fox and fire tucker. and hannity

the useless politicians we keep voting for are the problem. not elon musk. not susan sarandon. not berners.",1518672708841656320,AnonSnark
lets blame elon musk! susan sarandon! progressives! berners! but never the toothless complicit oligarchs who got us here by perpetually gaslighting https://t.co/BDEuxnkN9n,1518651945824698368,AnonSnark
Susan Sarandon sanctioned the working class!,1518651658657361920,LiberalHotTakes
WHAT THE FUCK miss spider from james and the giant peach was voiced by susan sarandon??? it sounds nothing like her,1518633852025163777,milfsaturn
My internalized misogyny manifests in that I often think that Sigourney Weaver and Susan Sarandon are the same person. I will do better.,1518628939597590529,kingemma98
"Hey, Bernidians and Susan Sarandon and all you 2016 assholes who wouldn’t vote for Secretary Clinton—F*ck you! Not only are women losing their bodily autonomy to this SCOTUS, looks like religion is going to be forced back into our public schools. You are the worst.",1518611016749240323,Brandi_NE
Never seen it before (yet) but THIS. THIS IS ME SINCE LILY TOMLIN AND STEFANIA FERRARIO AND BEFORE THAT SUSAN SARANDON AND EMMA THOMPSON AND CARLA SIGNORIS AND MERYL STREEP AND BEFORE THAT JULIANNE MOORE CHSRLIZE THERON AND JULIA ROBERTS AND AT 6 YEARS OLD NANCY TRAVIS---💀🛐 https://t.co/NnXQ6r0p08,1518600706625871872,nerdie_bitch92
Self care is ignoring the urge to check Susan Sarandon’s social media after anything Jewish related happened,1518584360588353538,JayDog98389895
"just realized @IAmJericho's wife is named Jessica Lockhart which immediately reminds me of Susan Sarandon playing ""Jessica Lockhart"" on friends. https://t.co/hhnbNPxEP1",1518552971465961477,Jabb3rJ
"Blue Beetle Casts Susan Sarandon as Lead Villain Victoria Kord Susan Sarandon is officially set to join...https://t.co/Y6nNolR61F #beetle #blue #casts #kord #lead #movies #sarandon #susan #victoria #villain 
https://t.co/Y6nNolR61F",1518496696711401472,swavetech_
"Blue Beetle Casts Susan Sarandon as Lead Villain Victoria Kord Susan Sarandon is officially set to join...https://t.co/WCyWOtcDU9 #beetle #blue #casts #kord #lead #movies #sarandon #susan #victoria #villain 
https://t.co/WCyWOtcDU9",1518496694882742275,SwaveDigest
“There’s no guilt telling jokes &amp; it’s never boring which makes it like sex.”- Comedy coach Susan Sarandon probably #BullDurham https://t.co/6MAGsPVaom,1518459591754862592,Trev972
I hope Susan Sarandon is doing well.,1518423291236700160,StupidMassive
Susan Sarandon had me in my feelings https://t.co/2DdpfBAwId,1518409191559413760,smilingbree
"Kara looks almost exactly like Susan Sarandon, right? Is anyone else seeing it? Did I miss this convo last week lol? #90DayFiance",1518400367586856962,madmadmaven
"Strong and confident, Susan Sarandon! https://t.co/tOh8yt8hCy",1518384256162086912,GabiPie1
AUTOS POLICE SUSPECT DUBAI MISTY DOG POO BOUGIE SUSAN SARANDON SMELLY DEXTOOLS DEXAMETHASONE FART GMT INTEND CASHAPP FART CAT FECES KISHU FUTURAMA BRIMLEY BRAINWORK EVERRISE DUMFOUND ALICE COOPER BRIDGE HAMBURGER LOL BONZI WATCHING MOVIES HIS OVERALL THIS WON'T LAST NET,1518378671744032768,fakeTakeDump
Twelve seconds of Susan Sarandon's tits 😭🥵💀 https://t.co/LxXNPt7tMr,1518355915703046144,nerdie_bitch92
"With the list of people Nina Turner is breaking to rally for her, Susan Sarandon, Marianne Williamson, Tulsi, I’m legitimately surprise Louis Farrakhan is not among them",1518346428019617799,NewbieHoward
Susan Sarandon finally lived long enough to become her awful character in The Lovely Bones.,1518342827712860162,PuppyVon
