full_text,tweet_id,screen_name
Who Is More Successful-Serena or Venus Williams? https://t.co/aX24E9ocvJ,1520887416118292482,preachingterp
Who Is More Successful- Serena or Venus Williams? https://t.co/3V9sHsexrA #Tennis #OffTopic,1520878875709952004,CunningSports
"Title - King Richard - 2021

The story of how Richard Williams served as a coach to his daughters Venus and Serena, who will soon become two of the most legendary tennis players in history.

Available on Hbo Max @hbomax https://t.co/MmpK1zFi7h",1520873947780239360,rapadeyeye
Venus &amp; Serena Williams Cover Harper's Bazaar - TAKE A LOOK HERE! https://t.co/1ZcfV0Xmkk #HarpersBazaar #SerenaWilliams #VenusWilliams https://t.co/Jn5yLanVvI,1520867543736635392,AaronRFernandes
"""Just believe in yourself. Even if you don't; pretend that you do and; at some point; you will."" Venus Williams #character https://t.co/bAidwugHGf",1520864756814516224,jenkellyjen
"Just believe in yourself. Even if you don't, pretend that you do and, at some point, you will.

- Venus Williams",1520861942549733378,MrWeightLoss3
Who the better Los Angeles born athlete ?? Venus Williams or Russell Westbrook ??,1520861680036720640,KapoBravado7
"Venus Williams does some tennis coaching videos on YouTube, and they’re incredible. 

(If you like tennis, that is)",1520861116808798212,whiterosedave
What Disease Does Venus Williams Have? https://t.co/AK2XoH9hc6 #Tennis #Sjogrenssyndrome,1520849693214793728,CunningSports
"King Richard Review: Oscar-Winning Star Will Smith Aces As A Dedicated Father Of Venus and Serena Williams
https://t.co/VYvwEWgHGa",1520844347809595393,exalted_jupiter
Robert Williams. Grant Williams. Pharrell Williams. Venus &amp; Serena Williams daddy Richard. the Williams Brothers led by Frank. Bucks in 6. #NBA75,1520834699286953984,_SethMade
"For our final paper, my group and I chose to analyse the film King Richard. If anyone here hasn’t seen this movie, please do. It’s amazing and so interesting to see the inside of Venus and Serena Williams lives. Their family was one strong family, that’s for sure  #SDSUJMS416",1520827484803018752,MorganeDns1
"Just believe in yourself. Even if you don't, pretend that you do and, at some point, you will. - Venus Williams",1520813974773800960,StrongNewSexy
‘I’m Feeling Great’ – Venus and Serena Williams Reaffirm Sister Love With Their Adorable Banter https://t.co/uc0RIURrfr #Tennis #OffTopic,1520796333321310209,CunningSports
"""Just believe in yourself.. even if you don't, pretend that you do, and at some point, you will."" - Venus Williams",1520771867354800130,Swt_n_luvly
Richard Williams (father to Venus &amp; Serena) crawled so LaVar Ball could walk,1520749883954798596,davisemerson3
Billie Jean King recalls meeting Venus and Serena Williams for the first time https://t.co/2D4Dr6SVm8,1520730641368711168,TrackerTennis
You have to believe in yourself when no-one else does- that makes you a winner right there - VENUS WILLIAMS,1520704766388711425,trainlearnlead
"You have to believe in yourself when no one else does- that makes you a winner right there. -Venus Williams #cbbeanathletes 

#cbbeanathletes",1520674616682889216,CbbeanAthletes
"EleVen by Venus Williams

Shop the Legacy Legging - Every player needs this compressive, slimming legging featuring large side pockets!

Use Code: LINDA15
https://t.co/1R9ErvlWkz
.
.
#fashion #style #athlete #beauty #tennis #golf #fitness #venuswilliams #thebatman #women #yoga https://t.co/N6yH777X7K",1520674420200779776,GolfWx
"Venus Williams adopted a plant-based diet? Lewis Hamilton, Formula 1 World Champion went vegan in 2017? Barny du Plessis, Bodybuilder, retired then returned after going vegan?

Plantbased diet means less methane in atmosphere

#TransformTO #ClimateAction 

https://t.co/pqHPICTLLd",1520669244962357248,NCACTorontoKate
"Set realistic goals, keep re-evaluating, and be consistent.
-Venus Williams",1520650439561293824,mzDETERMINED3
I don't focus on what I'm up against. I focus on my goals and I try to ignore the rest. —Venus Williams,1520647038752280576,RogerTLedoux
"@positivesteven Just to know, can we expect a Hayley Williams x Billie at coachella reaction?",1520641724866990081,venus_ven1
"Proof Michelle Obama, Venus &amp; Serena Williams Were Born Boys https://t.co/3TJB6tMs6b via @YouTube",1520639280775049217,JoMahon7
"“You have to believe in yourself when no one else does – that makes you a winner right here.” —Venus Williams

OPM HITMAKER ANJI",1520609737553084416,heatherrshine
"“You have to believe in yourself when no one else does – that makes you a winner right here.” — Venus Williams

#NFTs #NFTCommunity 
#selflove #plussize #BigGirls
#BodyPositivity https://t.co/eXNm02GSUz",1520603918274682880,KanessaNFTs
"You have to believe in yourself when no one else does – that makes you a winner right here.” —Venus Williams

Zephanie aMAYzingOnAOS",1520601627853725697,My_Valentines_
"You have to believe in yourself when no one else does – that makes you a winner right here.” —Venus Williams

ACOUSTIC JAM WITH ANJI
#AnjiSalvacion || @anjisalvacion",1520595110144397312,GuenRazzel
"“You have to believe in yourself when no one else does – that makes you a winner right here.” —Venus Williams
BENEDIX ASAP COMEBACK",1520588689423839232,solidbndx_jesa
King Richard Review: Oscar-Winning Star Will Smith Aces As A Dedicated Father Of Venus and Serena Williams https://t.co/fzW2h5TP5y,1520578109837385729,dailynewscatch1
"You have to believe in yourself when no one else does – that makes you a winner right here.” —Venus Williams

BENEDIX ASAP COMEBACK
#BenedixRamos",1520577281110192131,marberrr
"“You have to believe in yourself when no one else does – that makes you a winner right here.” —Venus Williams

EIAN LIVE ON ASAP",1520572194551926784,AilynDungog
Oscar-Winning Star Will Smith Aces As A Dedicated Father Of Venus and Serena Williams https://t.co/MtIAcw5nvP,1520571209586733056,TheSahuNews
'ORBIT V' ⚡🌕💫Essence of Venus Williams✨✨ https://t.co/zUOILoEF0v,1520542837464440832,JamesDinverno1
I was today years old when I found out that venus williams also has sjogrens https://t.co/IF8Jutjgqa,1520526038484369414,yadnire
“The day I’m not improving is the day I hang up the racket.” -Venus Williams,1520520043062341633,JJones_0118
"Venus Williams to headline Elevate, Startupfest shares lineup for in-person 2022 returns https://t.co/qVCMUaH3yi BetaKit #venturecapital #earlystageinvestors #angelinvestors #startups",1520508396071534593,RedTrait
Naomi Osaka to be at the french open and Serena Williams has refused to commit yet and still more about Venus Williams who is her sister.  And respect your sister Venus,1520461202769334272,LarsHano
Serena and Venus Williams: Inside Their Close Bond and Competitive History https://t.co/l84VLMn41V,1520443732260237312,terranceleon
‘Not a Good Example to Use’ – Legendary Tennis Player Says ‘King’ Richard’s Unorthodox Way of Training Venus and Serena Williams Is Tough to Replicate https://t.co/hVAZfCKJrz #Tennis #OracenePrice,1520441491486699520,CunningSports
Once upon a time Rihanna played with Abraham Lingkoln in Taco Bell. Venus Williams pried. The end.,1520435316972081152,fakeTakeDump
"Venus Williams on #ThisIsSjögrens:
The #SjögrensAwarenessMonth campaign was created to highlight the many faces of Sjögren’s Syndrome, an autoimmune condition. She’s quite the #autoimmunewarrior and #inspiration returning to professional competition a yea…https://t.co/AXOTlbeER4",1520425173567954945,abbyndesign
"“I've always found the rain very calming.” 🌧 Venus Williams

#Raincouver",1520421652835696640,independent_zen
"Wayne Gretzky
Mario Lemieux
Dale Hawerchuk
Kobe Bryant
Michael Jordan 
Kirby Puckett
Ken Griffey, Jr. 
Randy Johnson
Edgar Martinez
Rafael Nadal
Roger Federer 
Venus Williams https://t.co/fC4vYiYygE",1520411367597121536,drjjdyck
"Thank @Venuseswilliams &amp; everyone who supported Sjögren’s Awareness Month. Our #ThisIsSjögrens campaign was created to highlight the many faces of Sjögren’s, because  it is the collection of your experiences that truly portrays this complex disease. 

https://t.co/mKoHlTtCwO https://t.co/UcacYOHx7h",1520409707738976258,SjogrensOrg
My Lacoste Photoshoot for British Vogue | Venus Williams https://t.co/8yGf3rYm6h via @YouTube,1520403616141557760,AveSkincare
"""Tennis is mostly mental. Of course, you must have a lot of physical skill, but you can't play tennis well and not be a good thinker. You win or lose the match before you even go out there."" ~ Venus Williams",1520389347366813696,ldennison
"""Today I felt American, you know, for the first time at the U.S. Open. So I’ve waited my whole career to have this moment and here it is."" 
- Venus Williams, 2012 (32 år gammel)
... giv det tid, Francis ... https://t.co/GTrfpGTzFT",1520384694315012096,AndersHaahr
"‘Chris and I Didn’t Make the Cut?’ – Martina Navratilova Lashes Out After HerEpic Chris Evert Rivalry Is Left Out From the Likes of Roger Federer, RafaelNadal, Venus, and Serena Williams https://t.co/m2MkfALBXq via @es_sportsnews",1520376957250248704,kdelano001
"EleVen by Venus Williams

Shop the Legacy Legging - Every player needs this compressive, slimming legging featuring large side pockets!

Use Code: LINDA15
https://t.co/1R9ErvlWkz
.
.
#fashion #style #athlete #beauty #tennis #golf #fitness #venuswilliams #thebatman #women #yoga https://t.co/DHLhbQNpsc",1520372451150028801,GolfWx
King Richard is a very good movie. Venus and Serena Williams are the absolute goats. So fun to watch them dominate growing up,1520347677807980546,BovineOyster
"“You have to believe in yourself when no one else does – that makes you a winner right here.” —Venus Williams 

 ANJI FeelsTheConcert
#AnjiFEELSConcert || @anjisalvacion",1520340323750187008,Jazz49529384
"Bublik
Venus Williams https://t.co/mTJJ2fUEzI",1520317679084752896,btg_tornos
Jessica Williams who plays Professor Hicks reveals how the tennis icons inspired her wand moments in the up-coming 'Fantastic Beasts' film. https://t.co/Jbrlg2UoTc,1520313268530671616,StarWarsWorld10
"“Some people say I have attitude – maybe I do…but I think you have to. You have to believe in yourself when no one else does – that makes you a winner right there. ” – Venus Williams
MUNAWAR FOR THE WIN

Follow for instant follow back
N_H",1520309482177241088,MKJ_AHMEDABAD
"Long Term investors should watch the film - King Richard .

It's the story of Serena &amp; Venus Williams and more importantly what their father valued the most - PATIENCE. 

#KingRichard #MoviesThatMatter",1520305943426174977,MadAboutStocks_
2018 Miami Fourth Round | Johanna Konta vs. Venus Williams | WTA Highlights https://t.co/4bfYPxXgDY,1520304550518738945,palinterest
"“You have to believe in yourself when no one else does – that makes you a winner right here.” —Venus Williams

ANJI FeelsTheConcert
#AnjiFEELSConcert ||@anjisalvacion
#AnjiSalvacion",1520294882153164800,heyliz22
KING RICHARD – Venus &amp; Serena Williams Set Visit - YouTube https://t.co/THONYY6wTu,1520284967330361345,AnkaUlgen
Venus Williams will make a good coach 🎾. Her YouTube videos on serve is well detailed,1520278668148449282,Dean_Ay0
"“Set realistic goals, keep re-evaluating, and be consistent.” – Venus Williams

ANJI FeelsTheConcert
#AnjiFEELSConcert || 
@anjisalvacion",1520262971028500480,anjsalvacion01
"""I don't focus on what I'm up against. I focus on my goals and I try to ignore the rest."" -- Venus Williams.

ANJI FeelsTheConcert
#AnjiSalvacion || @anjisalvacion",1520255974581231616,nylnyl_
What Venus Williams Can’t Live Without https://t.co/jCu7pWup4I,1520241452345094145,karsh
"“You have to believe in yourself when no one else does—that makes you a winner right there.”— Venus Williams
#quotes #motivation",1520232567760474113,UltraYOUwoman
"“You have to believe in yourself when no one else does – that makes you a winner right here.” —Venus Williams

ANJI FeelsTheConcert
#AnjiSalvacion || @anjisalvacion",1520232218852962304,12Jisoooo
A Venus Williams 🥃 https://t.co/s5kKa80AMT,1520228700599562241,mndspeak
"“You have to believe in yourself when no one else does – that makes you a winner right here.” —Venus Williams

ANJI FeelsTheConcert
#AnjiSalvacion || @anjisalvacion",1520216992740876289,anj4sure
"“You have to believe in yourself when no one else does – that makes you a winner right here.” —Venus Williams

ANJI FeelsTheConcert
#AnjiSalvacion || 
@anjisalvacion",1520191201290465281,EngrKim_05
"I simply love Venus Williams and providing her insight on how to serve. Love her. #opendata #tennis 

https://t.co/VEl6d279Pq",1520165560876781568,mylittlebaklava
"""I don't focus on what I'm up against. I focus on my goals and I try to ignore the rest."" -- Venus Williams.

ANJI FeelsTheConcert
#AnjiSalvacion",1520165210254094336,pritseeel
Venus Williams suffers wardrobe malfunction at Oscars https://t.co/jR1koXpfsC,1520159633859661824,medicinehelp
@Apple and Jeremy James brown and his wife Kimberly brown and their son deacon Brown and Aaron David brown and his exfiance erica Hughes wolukis and their son Gaelen brown and their families and Carolyn Serena Laquatra Dish and Vincent dish and black Venus and Serena Williams https://t.co/7Mez8RTmDe,1520158566304387072,Eden_Kenyon4
"Boots, creams and mattresses: 8 things Venus Williams can't live without  https://t.co/FuehreyOEJ https://t.co/oXEJ3VTyW7",1520134626324676608,TennisInfinity1
"""I don't focus on what I'm up against. I focus on my goals and I try to ignore the rest"" - Venus Williams

ANJI FeelsTheConcert
#AnjiSalvacion || @anjisalvacion https://t.co/NuwLvsfLWa",1520123252739387392,Aileen09101
"“You have to believe in yourself when no one else does – that makes you a winner right here.” —Venus Williams

ANJI FeelsTheConcert
#AnjiSalvacion || @anjisalvacion",1520107363583541248,bestgirlanj
"2004 Warsaw Final:

(2)Venus Williams def. (4)Svetlana Kuznetsova 6-1, 6-4

After winning in Charleston, Venus captured her 2nd clay title of the season. It was the 31st singles title of her career.

🎥: Casey Schnabel Youtube https://t.co/k3AmgbGPZC",1520099058467196929,HistorianTennis
"It's the final weekend films showing of the semester! Join us in the Pine Lounge tonight and tomorrow for a screening of the Oscar-winning film ""King Richard,"" a look at how tennis superstars Venus and Serena Williams became who they are thanks to their father Richard Williams. https://t.co/hhrZrUont0",1520094826531803137,IlliniUnion
"""I've always found the rain very calming”
-Venus Williams
#RainDrops",1520087053337341954,itsme_fahamali
"“You have to believe in yourself when no one else does—that makes you a winner right there.”— Venus Williams

ANJI FeelsTheConcert
#AnjiSalvacion || @anjisalvacion",1520070408480837634,anjifaney
"Auguste Rodin, Birth of Venus. Plaster, 1903 https://t.co/mAutWx1n3r",1520018058047229953,T_C_Williams
"Losses have propelled me to even bigger places, so I understand the importance of losing. You can never get complacent because a loss is always around the corner. It's in any game that you're in - a business game or whatever - you can't get complacent. - Venus Williams #QotD",1520008193673474048,InternetFount
"MORE REST EQUALS MORE SUCCESS, SAYS VENUS WILLIAMS
Recovery remains a crucial component for the tennis legend's longevity.
By Roger Lockridge. Read article https://t.co/hlXtK4O6Ei https://t.co/73eZqXYsJW",1520003573236514816,mandfhers
"#BUSAWouldYouRatherSeries
Would you rather meet Venus Williams or Serena Williams? 🎾

#busatennis #tennis #venuswilliams #serenawilliams #williamssisters #player #athlete",1519986250085994498,belascounlimitd
Venus Williams recalls her first title after being diagnosed with Sjogren's syndrome https://t.co/d6ASPHmsMr,1519945243289817090,itennis4
"Also, the other day I had a dream with robin williams?!!!! Anyway, I’m my dream Jupiter and Saturn were trying to get with me. 😳🥴

And I liked Jupiter better. 🫣

And last night I had a dream where I was in bed with a man? It’s giving this Jupiter-Venus thing where………",1519910609948753920,OracleUniverse
"“Jane Campion, while accepting her award during the recent Critics Choice Awards, managed to take time to diminish the abundant and history shattering achievements the Williams Sisters have accomplished. ” — @TheReclaimed https://t.co/MkD05Olfe2 
@TheReclaimed @zoramag",1519896895254007808,4GrownFolks
"""Just believe in yourself. Even if you don't; pretend that you do and; at some point; you will."" Venus Williams #NimbleQuotes",1519858176816033793,troolsocial
"MOVIE OF THE WEEK  - On Sunday, 1 May: KING RICHARD, starring Will Smith as Richard Williams, father of legendary tennis champions Venus and Serena Williams. https://t.co/Y0YBokpkk2",1519783629706211328,norfolk_island1
Venus Williams recalls her first title after being diagnosed with Sjögren’s syndrome https://t.co/fsxbCdQEbX,1519770976325562370,RonSmit45793507
Venus Williams recalls her first title after being diagnosed with Sjogren's syndrome https://t.co/u6LOw8dPY8 https://t.co/owg36e8SJz,1519763346463068161,TennisworldUSA
Venus Williams recalls her first title after being diagnosed with Sjogren’s syndrome https://t.co/hYuZb0IY7U,1519760009231572992,postxcanada
https://t.co/LnzKGO7KJL Venus Williams recalls her first title after being diagnosed with Sjogren's syndrome: Williams won her 44th WTA title at the Luxembourg Open in 2011. https://t.co/hUKLy0la1h https://t.co/8kOIomHz9L,1519756599140569088,_TennisCoaching
Venus Williams recalls her first title after being diagnosed with Sjogren's syndrome https://t.co/u7IA4cXTaV https://t.co/9l0LUQdgD1,1519756104909017088,TennisWorlden
"More Rest Equals More Success, Says Venus Williams https://t.co/y6nPUmnzAp",1519724574664892419,JustForu2794
"I lived during the times of
Shawn Michaels and Undertaker
The Rock and Stone Cold
Tiger
MJ
Luis Hamilton
Roger Federer, Rafael Nadal, Novak Djokovic, Serena and Venus Williams
Mike Tyson and Floyd Mayweather 
But the Legends Messi-Ronaldo. Thank you for your time on earth! https://t.co/8SpOxADDKM",1519721593315815425,NzouJnr
I am watching the movie about Venus and Sabrina Williams.  Very good movie. https://t.co/R1gktCmxhG,1519705778193461249,Valleykat2
"""I don't focus on what I'm up against. I focus on my goals and I try to ignore the rest."" -- Venus Williams.

CRAZY KASINGKASING DAY
#AnjiSalvacion",1519700404417667073,444H0UR
"More Rest Equals More Success, Says Venus Williams https://t.co/OhjhpwGAfu",1519698928152756224,YBelabyad
"“You have to believe in yourself when no one else does—that makes you a winner right there.”— Venus Williams
#selfcare #selflove https://t.co/FP1btzYRDx",1519690393088102400,SrRoTweets
"“You have to believe in yourself when no one else does—that makes you a winner right there.” — Venus Williams

CRAZY KASINGKASING DAY
#AnjiSalvacion ||
@anjisalvacion",1519689372362506246,anjifaney
"No ? I pretended to be Maria Sharapova, Venus Williams, Ana Ivanovic and Elena Dementieva https://t.co/2gqkQPvez5",1519685784516939776,MDNASPEARSS
"“You have to believe in yourself when no one else does – that makes you a winner right here.” —Venus Williams

CRAZY KASINGKASING DAY 
#AnjiSalvacion",1519681518758547456,justjheannnn
"EleVen by Venus Williams

Shop the Legacy Legging - Every player needs this compressive, slimming legging featuring large side pockets!

Use Code: LINDA15
https://t.co/1R9ErvlWkz
.
.
#fashion #style #athlete #beauty #tennis #golf #fitness #venuswilliams #thebatman #women #yoga https://t.co/rLYMDtUUUA",1519678015709626369,GolfWx
"Pharrell.Serena.Venus.Jason.Katt.
Can’t go wrong with any Williams.",1519676286565822464,gillmula
‘Chris and I Didn’t Make the Cut?’ – Martina Navratilova Lashes Out After Her Epic Chris Evert Rivalry Is Left Out From the Likes of Roger Federer Rafael Nadal Venus and Serena Williams - EssentiallySports https://t.co/delaeWfMAr,1519654428537540608,RogerFederer365
"Wimbledon 2019: Qualifier Cori Gauff, 15, beats Venus Williams in a dramatic blow to the Superstar Fifteen-year-old American qualifier Cori Gauff caused a https://t.co/xXcd6CXQQk #corigauff #tennis",1519649262966951936,palinterest
Venus Williams' Father Checks Interviewer During Childhood  Interview https://t.co/tHKXCUAzX4 via @YouTube,1519607041203089408,tweetyoungdoug1
"Richard Williams, father of Venus and Serena, coming to Shreveport this ... https://t.co/HxndTDMLf7 via @YouTube",1519606773375721477,tweetyoungdoug1
"Chanda Rubin builds her 'perfect' player: Mentions Serena, Venus Williams... 
https://t.co/E9XttDhESh",1519576067153055745,SwaveDigest
You have to believe in yourself when no one else does - that makes you a winner right there. -Venus Williams https://t.co/64Bqb9ewH9,1519551824948125696,winniecc8
"Venus and Serena Williams simply GORGEOUS at the 2022 Academy Awards 
https://t.co/RkzqTiEySw",1519550638346145792,SwaveDigest
"Venus and Serena take Oscars stage, introduce Beyonce's 'King Richard' performance from Compton tennis court
https://t.co/UQPmYTeBG0",1519424446502944768,chefjayheastie
"GPLA Legends Series honors Venus Williams, a professional tennis legend that is widely regarded as one of the all-time greats internationally.

#genderequity #gpla #sportslegends #sportsforgirls #girlsplayla #cityofla #girlssports #sportsicon #herstory #venuswilliams #tennis https://t.co/MScWoHsXMo",1519421127440748545,GIRLSPLAYLA
"This would be consistent with Wimbledon’s decision to ban Serena and Venus Williams, Andy Roddick, Andre Agassi, and James Blake after the US’ 2003 invasion of Iraq https://t.co/FOi6IrZkH6",1519410878570934272,ShittyBrownGuy
METAVERSE SWEATY CRISTIANO RONALDO CROSS YOGURT LYME DISEASE SNOBBY POSITIVE GEOLOGY RECENCY VENUS WILLIAMS AMITABH BACHCHAN MALWARE MEMBER STUFF ODOR YOU CONSTIPATED? THE POPES RACED TURD BUSK FUNCH CLICK NOW SMASH SCARE DOGHORN ARE COWS SILLY? SUGAR DADDY HOMER SIMPSON,1519389050423021568,fakeTakeDump
Billie eilish was homeschool Serena and Venus Williams were home schooled. Gloria Steinham. Homeschooled. Are you seeing the pattern? Women,1519347534786797569,jasonyitzie
‘I Knew That I Was Going to Win’- Venus Williams Says Self-Belief Helped Her to Win Wimbledon https://t.co/kijWeK4TUc #Tennis #OffTopic,1519340357334437888,CunningSports
"Writing professional recommendations isn’t always easy – even if the subject of your recommendation works harder than Venus or Serena Williams (is that even possible?)

https://t.co/d9CsIv24Uo",1519330597696585733,rasa_io
"DOG POO AIN'T THE BUYER JAVASCRIPT TURD COMIC BOOKS DRONES TO GO. (ANYWHERE SKI COLORADO BAKED CAT TURD, NOISES NFT A GUILTY FART WHILE IN HIS SOCK. SCOT VENUS WILLIAMS ARE BLUE, CARDBOARD SOLANA PILGRIM TONY DANZA MASHABLE SELLING SUNSET IEXEC RLC FOOEY ZAP PROBLEMS DEALS CROBO",1519327221239885824,fakeTakeDump
"The fastest server in the women's tennis was done by Venus Williams who recorded a serve of 205 km/h.
#TenisFunFact https://t.co/Xqr0IHFD6K",1519274286170914818,ESPNTennis
"“You have to believe in yourself when no one else does – that makes you a winner right here.” —Venus Williams

RUNTOME COMING THRU",1519265997684830208,AmoreKDLEX
supposed to be making songs for an ep but i'm watching venus williams teach us how to hit a basic serve,1519245800110497792,katsukyojin
"“You have to believe in yourself when no one else does – that makes you a winner right here.” —Venus Williams

ANJI OnMUPH STAGE
#AnjiSalvacion || @anjisalvacion",1519245160168960000,mlpt2023
"You have to believe in yourself when no one else does – that makes you a winner right here.” —Venus Williams

ANJI OnMUPH STAGE
#AnjiSalvacion || @anjisalvacion",1519243521479217152,Angelax1203
"“You have to believe in yourself when no one else does – that makes you a winner right here.” —Venus Williams

ANJI OnMUPH STAGE
#AnjiSalvacion || @anjisalvacion",1519234416530583553,DuhDzu
"honestly which names scream more star quality than bethanie mattek sands, venus williams and hamad medjedovic?",1519232256895860737,bethanrena
"Lessons to learn from Will Smith starrer 'King Richard'
The story of Richard Williams, father of tennis stars Venus and Serena Williams, depicted in the biopic ""King Richard"" is not only incredible but inspirational! For parents especially, it holds the … https://t.co/PTLgMzTa0e https://t.co/NIzKorrCjy",1519225294305239040,FashionTrnding
"27/04 Conjunction between Venus and Jupiter

Three days before the new Moon, its narrow crescent comes into conjunction with the planets Venus and Jupiter.

 You can read the entire blog here: https://t.co/zuGCpYzFRJ

Paul Williams (Flickr) https://t.co/3bw7EI1Wnm",1519209811455496192,OmegonOptics
"I absolutely loved ""King Richard""!

It depicts the rise of Serena and Venus Williams.

If you haven't seen it yet, I highly recommend it 👍

#movies2021 #Oscars2022 #sport #drama

https://t.co/YNDqcPmFbt",1519208316483764224,Thunder261
"Venus Williams has ruled the tennis world for almost 20 years, along with her younger sibling, Serena. She’s an all-time champion, but do her total assets match the legendary world title? To know how much Venus William’s net worth is, read on #tennis

https://t.co/9wyb09ztI7 https://t.co/hw2RNq7sQz",1519194784186908672,iptl_world
"You have to believe in yourself when no one else does – that makes you a winner right here.” —Venus Williams
ALEXA SLAYINSHOWTIME",1519159198080434178,Maryann80843953
Venus and Serena Williams.,1519145059891007489,whoislyrica
"Boo hoo

https://t.co/8O464ppvAX",1519139837978324992,JusticePhlmlk
"🎾 Serena Venus WILLIAMS ""International Sisters"" Rookie RC PSA 10 2003 NetPro 51 https://t.co/O4RYl7SR4k eBay",1519132993553530880,SportsTradingC9
Venus Williams shares parts of first Lacoste photoshoot (WATCH) https://t.co/eq12lBsDsn,1519120916252446725,itennis4
"“You have to believe in yourself when no one else does, that makes you a winner right there.” 
Venus Williams (1980-)
American professional tennis player https://t.co/UFI8OpCs3I",1519119222495928320,JohnPyron
"Venus Williams talked about her 1st Wimbledon win, 2000. Years earlier I developed a complex due to Winona Ryder and Johnny Depp playing empty house in LA. #evicted #swept #squatter #freeagent #litigious #storytime https://t.co/ZrloAVWEni",1519069040991514625,CapeFloy
Check out Venus Williams Cosmopolitan &amp; Gossip Girl Magazines  https://t.co/f69MbGtOSP via @eBay,1519064877075156993,MMBSports
"You have to believe in yourself when no one else does- that makes you a winner right there. -Venus Williams
#simplybrandingmyself",1519058591944163328,simplyjaynae
"“@raymourflanigan is one of the best-known names in furniture and mattress retailing, so having them launch our @theghostbed line-up is very significant,” said Alan Hirschhorn, executive vice president of GhostBed. https://t.co/JoNgvQTTmr",1519043866942394368,SleepRetailer
The electrifying tennis that Venus Williams brought onto the scene of tennis is needed again,1519032837030223876,missingpointpod
Venus Williams shares parts of first Lacoste photoshoot (WATCH) https://t.co/C4KaijHT7y,1519023161521672194,Sportscri_tweet
‘I Feel Andy Overachieved’ – Venus and Serena Williams’ Ex-coach Talks About Andy Roddick’s Hit-And-Miss Career https://t.co/aI6A85oOol #Tennis #AndyRoddick,1519018879481114624,CunningSports
Venus Williams shares parts of first Lacoste photoshoot (WATCH) https://t.co/jRhhHLDGib https://t.co/giCVP2nE6P,1519018864624881664,TennisWorlden
Venus Williams shares parts of first Lacoste photoshoot (WATCH) https://t.co/paZ9iq1TP9 https://t.co/5OjE0C5Bw4,1519017515984338944,TennisworldUSA
https://t.co/LnzKGO7KJL Venus Williams shares parts of first Lacoste photoshoot (WATCH): Williams absolutely enjoyed her first photoshoot for Lacoste. https://t.co/cQ9muC5NBV https://t.co/MlJGtqf77z,1519016346234671105,_TennisCoaching
‘Run Over Broken Glass to Get to a Ball’ – Coach Rick Macci Hails the Competitive Spirit of Venus and Serena Williams https://t.co/0eAQlrOH98 #Tennis #ReportingNews,1519015346337841156,CunningSports
"""Tennis is mostly mental. Of course, you must have a lot of physical skill, but you can't play tennis well and not be a good thinker. You win or lose the match before you even go out there."" - Venus Williams

#kimgranttennisacademy #kgta #betheexception #tennis #tennisclinics https://t.co/K1kTm64Y2Z",1519013835797143552,kimgranttennis
“You have to believe in yourself when no one else does – that makes you a winner right here.” —Venus Williams https://t.co/kewziKWmgm,1518996432573071360,MeganBr69328081
Venus Williams Back In 1990 https://t.co/GEdsb242el,1518986913000169472,CoededMarshall
"Before Serena and Venus Williams, Margaret and Matilda Peters known as ‘Pete’ and ‘Repeat’, made tennis history.

They made tennis history with their doubles record in the world of racially segregated tennis in the 1940s and 1950s. https://t.co/EXUISU1rrr",1518981138601160704,AfricanArchives
"I have to say it - Will Smith actually acted. Unlike his other roles where it was Will Smith pretending to be someone else while still obviously being Will Smith, in King Richard I actually saw him as Venus and Serena Williams’s dad. Deserved the Oscar but he was still a dick https://t.co/FDD4j3N6Yr",1518976402523107330,Wolfsbora
All the girls will go to him to ‘get more stupider’. Just like all the boys go to Venus Williams to… well ya know https://t.co/47tdkNmyu7,1518975410570104837,Gabriel39507897
Serena and Venus Williams&gt;&gt;&gt;&gt;,1518960167584419840,KingKarija
"For anyone who dont know, King Richard is based on Venus n Serena's Williams father story. How he raise his daughters and always put his family first.",1518955324488617984,rullyandriyanto
"I knew it would happen.

https://t.co/ULU841w9zz",1518947065530703872,David_King__
‘Sweat Pouring off This Little Girl Like Niagara Falls’- Ex-coach Reveals Taxing Trainings of Venus and Serena Williams https://t.co/9dTtyua7wF #Tennis #ReportingNews,1518931283954393090,CunningSports
"""I encourage all women to stand up for what they believe in, voice your truth and know your value."" — Venus Williams

https://t.co/g8VfMj6F7w https://t.co/kPGPWTVvUx",1518923014087360512,BoardroomWomen
"Law Roach the genius behind Zendaya, Lewis Hamilton and Venus Williams, has been rightly announced as British Vogues contributing West coast Editor: ""Thank you Edward Enninful and the entire BV staff for believing in me!!!! Can't wait to make more fashion magic"" #welouve",1518911272326209536,LouveSay
"Open SmartNews and read ""Venus Williams Designed a Mattress That’s Tailor-Made for Recovery (And It’s 25% Off Right Now)"" here: https://t.co/ByfQkSqmXX 
To read it on the web, tap here: https://t.co/1jVBScwBf9",1518909800947589121,Charley58115169
"EleVen by Venus Williams

Shop the Legacy Legging - Every player needs this compressive, slimming legging featuring large side pockets!

Use Code: LINDA15
https://t.co/1R9ErvlWkz
.
.
#fashion #style #athlete #beauty #tennis #golf #fitness #venuswilliams #thebatman #women #yoga https://t.co/fZkM4lk1c5",1518862514896965633,GolfWx
"EleVen by Venus Williams, SPRING Collection is In - Shop Now!

20% Off All Products, Use Coupon Code: LINDA15
https://t.co/1R9ErvlWkz
.
.
#ShopMyCloset #coupons #golf #tennis #athletic #discountcode #fashion #ParisFashionWeek2022 #yogapose",1518862512791379968,GolfWx
Celebrity Venus Williams had a cleavage wardrobe malfunction at the Oscars Awards - https://t.co/1svsMrBvCE https://t.co/Uuo07HKwQU,1518841102098382848,cweb
i wanna be like venus &amp; serena williams dad! he believed in his kids 100%. invested so much time &amp; money into his girls to make sure they were THE GOAT,1518831497377206273,princessjarii
‘It’s Beyond Bizarre’ – Serena Williams’ Childhood Coach Rick Macci Says Will Smith Slapping Chris Rock Was Very Similar to King Richard and Venus Williams’ Controversial Video https://t.co/j4kK8IH6tw #SmartNews,1518828099877879808,TAMMYJANE126
"Watched @KingRichardFilm yday - awesome++
@willsmith lived Sr Williams

Richard very protective of his DOTS. He didnt wanted his dots to hit streets

&amp; Not to burn out in sports

Venus faced injuries mid career

Legendry Serena lasted REALLY LONG

Forget #SlapGate",1518771996439740417,taxiwebdesigner
"Let’s not leave everything to the teachers.We the parents also need to chip in .Please watch King Richard,the true story of Serena &amp; Venus Williams-&amp; efforts their parents have put in for nurturing their talent.Teachers, parents &amp; society all impact a child’s life.@narendramodi https://t.co/3pn4go9y6A",1518767218217029633,Jaganmo05121164
"You have to believe in yourself when no one else does- that makes you a winner right there. -Venus Williams #cbbeanathletes 

#cbbeanathletes",1518756618258821120,CbbeanAthletes
"https://t.co/fHfYcmCa7l 🙋🏾‍♀️ @serenawilliams @Venuseswilliams Only One King Richard.What Richard Williams did2 put that steel veneer2 protect u N a Racist CareerN a Openly Racist Country that showed🚫shameN🙅🏽‍♀️ wanting🖤🖤2B successful definitely🙅🏽‍♀️ exceedN a🤍sport. 

LongLiveThe👑‼️",1518726021452906496,PuddddinPie
It wasn't like I was self-motivated. My dad started me. It was his dream before it was mine. - Venus Williams #quotesnigeria https://t.co/AbSHGEnITH,1518724047856717832,quotesnigeria
"""Just believe in yourself. Even if you don't; pretend that you do and; at some point; you will."" Venus Williams #NimbleQuotes",1518721909034303493,irinastrategic
Jane Campion apologizes for her comments about Venus and Serena Williams at Critics Choice Awards https://t.co/CxyxroC3Zh #janecampion #serenawilliams #serena https://t.co/oOIT42ExCP,1518712466934358016,Enterta23018559
"Venus Williams has a table lamp valued at $1,500 in her bedroom. https://t.co/iBAqhak1IU",1518709821683474435,awn_site
"Just believe in yourself. Even if you don't, pretend that you do and, at some point, you will. - Venus Williams",1518679967198072832,StrongNewSexy
"You have to believe in yourself when no one else does- that makes you a winner right there. -Venus Williams

#simplybrandingmyself",1518666009095426052,simplyjaynae
"Venus Williams still holds the longest WTA Winning streak. 35, Serena is second with 31 during her clay court season in (Charleston-Roland Garros) 2013- Wimbledon R16. Don't ever compare anybody to them. ✋🏽✋🏽",1518642355397607424,SBADZMD
"@willsmith the performance is just 10/10. As perfect as one can think to do. Loved so much #KingRichard 
Hat's off Venus &amp; Serena Williams.",1518641442507620352,vishwasagawane
"Don't be disappointed or frustrated with the quality of your work when you've only just begun. Venus Williams, Albert Einstein, Gennady Korotkevich were once beginners at their craft too. You'll develop strength in those skills and a perspective for perfection with practice. https://t.co/yqbflcRIOG",1518631271601213443,IqbalAtcha1
"What the hell Google, 99% of searches about Venus' are talking about the planet, the god or the ♀️ sex symbol. If I wanted this celebrity's age I would search up ""Venus Williams age"". https://t.co/Vf6F2a6W4x",1518590891849621504,mudkipboy7
"Lynn took them Chinese ppl on that tour to Joan house&amp; said they was @ Halle Berry house meeting Venus &amp; Serena Williams, &amp; Condoleeza Rice &amp; it was Mya, Joan, &amp; Toni 😂😂😂😂😂😂😂😂😂😂😂😂😂😂😂😂😂😂😂😂😂",1518577054190559233,_themoshow
"“You have to believe in yourself when no one else does — that makes you a winner right there.” — Venus Williams

#success #motivation #entrepreneur #business #startup #inspiration #leadership #focus #london #inspire #investment #quotestoliveby #motivationalquotes #mondaythoughts",1518518999776169989,AmitSeyani
That Venus and Serena Williams movie is fire,1518456657419845633,mannyuptown
We just got done watching the Venus &amp; Serena Williams movie &amp; it’s very inspirational,1518437904535724032,AbeyyyyBabyyyy
"""Just believe in yourself. Even if you don't; pretend that you do and; at some point; you will."" Venus Williams #NimbleQuotes",1518434103389040640,jaz_888
#VenusWilliams Venus Williams at The 2022 Delray Beach Open 02/17/2022 https://t.co/wmyC2adgAE,1518426084630573062,celebs_of_world
Venus and Serena Williams really did that 🤯🤯🤯🤯 two of the greatest tennis players ever,1518409242394378241,illyinterrupted
"Serena williams, Venus Williams And tennis sensation Sofia Kenin have all unfollowed Patrick mouratoglu on Instagram https://t.co/7MGde6vksn",1518408478917808128,DanieIvitor
Racists Attacked Venus And Serena Williams | 😡 King Richard https://t.co/JI07gEK6z0 via @YouTube,1518395339983708160,blkhebrew2
BRAVERY KANYE WEST BRING TO THE TABLE DOG POOING LOST OPEN THE KIMONO FUNNY THE SIMPSONS PS5 GEORGE MASHINGTON YOUNG MORON DIARRHEA NEXIUM DOOFIE FUTURE IS STILL POSSIBLE VENUS WILLIAMS EATING DIARRHEA. RETWEET TO WIN CRYPTOCURRENCY ANXIETY PHARMACOGNOSY IS A GREAT APEX LEGENDS,1518371319405973504,fakeTakeDump
"Just believe in yourself. Even if you don’t pretend that you do and, and some point, you will.” ~ Venus Williams
“It’s going to be a journey. It’s not a sprint to get in shape.” ~ Kerri Walsh Jennings",1518332595586707458,mintalviharju83
I am kinda sad that King Richard showed so less of Serena Williams but man they did exactly what their father dreamt of. Personally I think Venus had more finesse than Serena. But boy had anybody made power tennis look so glam? #KingRichard,1518303313497759744,onnonya_tweets
"@SpursOfficial I don’t think it matters who the manager is :Conte,Poch,Venus Williams or Stone Cold Steve Austin. It’s the players that are the problem. Has been since 2018 no winning mentality and a world class striker that doesn’t turn up in major finals 🤷🏻‍♂️ #ConteRumours",1518289396784668672,Howardinho24
@BBC6Music What about Super Furry Animals 'Venus and Serena' which I seem to remember Gruff Rhys always claimed was never about the tennis playing Williams sisters and their father/manager...I think the lyrics say otherwise! #np6music,1518278384157143040,alan_taylor78
You have to believe in yourself when no one else does that makes you a winner right there. -Venus Williams #inspirationalquotes #affirmation,1518255581148041216,AffirmationB
"Just watched the movie – King Richard on @PrimeVideoIN. I highly recommend it to all the parents out there. You would be definitely knowing Venus Williams and Serena Williams, but watch this movie to see what it takes to reach there. A plan. Talent. Perseverance.",1518208408725299201,BhavinRathodT
