full_text,tweet_id,screen_name
We put Victoria Beckham's pet goat (who works as an soldier) and their monitor in a passionfruit and now they are feeling lost,1520907859768184833,purpsbear
"HAPPY BIRTHDAY APRIL 17th; Singer Victoria Beckham,48; Actress Phoebe Dynevor,27; Model Emily Feld,19; Actress Jennifer Garner,50; DJ Ryland Lynch,25; Rapper Ryujin,21; Actor Ahn Hyo Seop,27; Actress Kyla Drew Simmons,18;BEST WISHES &amp; GOOD HEALTH TO ONE &amp; TO ALL!!!",1520904797070708736,PoetBronx
Victoria Beckham at the MET Gala  💃🏻 (05/01/06) https://t.co/ddzAvOYiK1,1520903765452550145,MichaelEnvy
"Victoria Beckham at the #MetGala (May 01,2006) https://t.co/I7xOznPi2z",1520899065919131648,MichaelEnvy
Check out this listing I just added to my #Poshmark closet: Victoria Beckham pants. https://t.co/npDL4QCZYs #shopmycloset @poshmarkapp,1520878349949693952,THEKristaT
"Victoria Beckham's daughter Harper, 10, dons adorable pink pig onesie
https://t.co/BowLf2tggN",1520876274822139905,NewsfeedsMedia
"Victoria Beckham's daughter Harper, 10, dons adorable pink pig onesie https://t.co/kcnAQxta41",1520873708037894144,smackgirls
"Victoria Beckham’s daughter Harper, 10, wears an adorable pink piggy jumpsuit https://t.co/EbXKj08kYG",1520867338987483136,ny_breaking
"Victoria Beckham’s daughter Harper, 10, wears an adorable pink piggy jumpsuit https://t.co/rYMk31zaz2",1520867288550940672,Eumail_24
"Victoria Beckham’s daughter Harper, 10, wears an adorable pink piggy jumpsuit https://t.co/eGqcW5kO2z",1520867279763877888,9_breaking_news
Nobody Saw Romeo and Juliet !!! But I somehow believe that it’s true when I watch DAVID And VICTORIA BECKHAM. They’re the Happy Ending Versions Of Shakespeare’s Drama. #DavidBeckham #Victoriabeckham https://t.co/xfMI8doqnd,1520859150250430464,PCWave18
Victoria Beckham catches the eye of her husband David in an LBD https://t.co/JllQeYFEfO via @DailyMailCeleb,1520847374796701697,GinaLawriw
Victoria Beckham's daily diet of 25 years isn't for the faint-hearted https://t.co/jXx0e8WE0h,1520816266763665408,TrumpGirlDenise
"Victoria Beckham vs Julia Roberts, who would win in a fight?",1520801346517041152,abfkjabd
"Victoria Beckham a falar parece a Lady of Beckham, Countess of Spicygham",1520782061094723587,acidadebranca
Beckham busted in Victoria’s mini dress pic https://t.co/GT8Jp87c4z,1520758241248133120,NzuchiTimesUSA
Beckham busted in Victoria’s mini dress pic https://t.co/ObOKclyduz,1520750486818754562,NzuchiTimesUSA
Beckham busted in Victoria’s mini dress pic https://t.co/8YETfqRppC,1520744837817016323,NzuchiTimesUSA
Beckham busted in Victoria’s mini dress pic https://t.co/hu6NshDM1W,1520744827398275073,wilsonjmashaka
"Victoria Beckham says David can't get enough of her body as she poses for photos

#TheCelebPost #VictoriaBeckham
https://t.co/PkVzCys2W8",1520679448416301061,thecelebpost
Now playing Out Of Your Mind by True Steppers &amp; Dane Bowers Ft. Victoria Beckham!,1520663579241893888,DjStretch11
"Victoria Beckham's bizarre treatments at a private health retreat: IV infusions, oxygen therapy, and more.

The former Spice Girl takes her health extremely seriously. 

Read more
https://t.co/Aq1tQWQSJB

#oxygentherapy #ozonetherapy #antiaging https://t.co/e5ZgQNjT9x",1520644187238064130,Poseidonia_HC
"I like Victoria Beckham - she has really good taste. Also, Natasha Poly, Miranda Kerr, and Alessandra Ambrosio. They know how to dress effortlessly sexy, but still cool.
 ~ Ieva Laguna 
#quote
#quotur
#ievalaguna
#SundayMotivation https://t.co/Ve9FhSLOV1",1520636509367504896,quotur
Breaking: Victoria Beckham is cancelled  - just the straw the broke the camel's back. PETA furious..,1520602094712938497,cancelledlist
"Victoria Beckham vs Emily Blunt, who would win in a fight?",1520582416263380992,abfkjabd
David Beckham &amp; Harper Beckham &amp; Victoria Beckham 💞💞💞💞💞💞 #shorts https://t.co/2X25jPB0Mg via @YouTube,1520577518222422021,KllokoqiSherife
Victoria Beckham - Let Your Head Go (HQ) https://t.co/udEYRTstIM via @YouTube. Song of the day 01/05/22,1520540189243985920,martin_youldon
Victoria Beckham in the 2000s 🤎 https://t.co/nATODkUkhr,1520530148528959489,blingblingbIing
"Victoria Beckham vs Drake, who would win in a fight?",1520506904623124481,abfkjabd
My grandparents are sat nearby making fun of Victoria beckham because “all she eats is egg and fish” and I’m sat here like 😀😀😀 that’s totally not two of my main safe foods 😀😀,1520471545528963072,CapyLowCal
Have Victoria Beckham A Mind of Its Own in my head and loving it lol,1520470699256778752,AndrewM10105876
me but i thought victoria beckham created victoria’s secret https://t.co/M39jn0AI5V,1520454267315933188,youngdumbhijabi
Who made Victoria Beckham’s beige one shoulder top and skirt? https://t.co/g58nveztgu,1520452656283721728,outfitid
Who made Victoria Beckham’s black mini dress? https://t.co/Kh0kpuIdFa,1520450347357151237,outfitid
Mixed fortunes for Victoria Beckham fashion label https://t.co/xiUebA5Wbh https://t.co/8iFlVwPonU,1520442867826704385,yourstyleadvice
Victoria Beckham's daily diet she's eaten for 25 years is not for the faint-hearted https://t.co/aJlpKFrmDn,1520442144841945089,wizz_media
Designer Victoria Beckham – Interview 2013 [ VOGUE Festival ] “My Fashion Life” https://t.co/O58QbDqwoR,1520372480052932608,palinterest
"on the drive to Bristol and Out of Your Mind feat Victoria Beckham comes on, im LIVING ✌🏻 https://t.co/YfgDrQsMjk",1520356720454914049,itsdamienbitchh
I clicked on one little article about the Victoria Beckhams sons wedding and I'm being stalked by Beckham articles.. ffs!!! https://t.co/l2C7YvWuux,1520325547250917377,CorbettEva
Victoria Beckham? 🤷🏻‍♀️🤔 https://t.co/PVSeQxDxd6,1520296219008024576,SirAxelFerguson
Victoria Beckham says David can't get enough of her body as she poses for photos https://t.co/cFXNBGxkqD,1520264698037477376,smackgirls
Victoria Beckham says David can’t get enough of her body as she poses for photos https://t.co/LiIio3OSuF,1520261898423480325,adabagcompany
"Victoria Beckham vs Lisa Bonet, who would win in a fight?",1520235033260265472,abfkjabd
"Victoria Beckham catches the eye of her husband David as she poses in an LBD
https://t.co/uJpkfAGhpe",1520217188317208577,NewsfeedsMedia
Victoria Beckham Channels Posh Spice as She Models Her New Sexy Bodycon Collection on Instagram https://t.co/wlxKoRtPz0,1520203565674999809,news89com
"“My children and my husband make me smile. My work makes me smile.” 
– Victoria Beckham

ANJI FeelsTheConcert
#AnjiSalvacion || @anjisalvacion",1520185432297906180,Mmg0704
"Victoria Beckham catches the eye of her husband David as she poses in an LBD - https://t.co/klzcmY8ahh

#News https://t.co/asZ9YF5pke",1520182718255882241,my234Radio
"Victoria Beckham catches the eye of her husband David as she poses in an LBD - https://t.co/koMEAPMp67

#News https://t.co/PteX0xsb8Y",1520182712778170368,djokaymegamixer
"#newbooktitle ""Victoria Beckham Dani California Making Extra Money Working On The Docks Rob Lowe Tahoe Ugly Oliver"" by Natalie English 🌶🌲😎 #CincoDeMayo #Christmas #Ugly #UglyBrothers #UglyOliver",1520174519997976576,k8ertot11
Victoria Beckham teases husband David 'can't get enough' as she snaps him watching her https://t.co/7d3Dj9t05N,1520170197797142529,smackgirls
Wedding bells? Victoria Beckham eager to start planning Romeo’s big day https://t.co/bhUkCtCEGZ,1520164052869259264,lovabledaniels_
Victoria Beckham jokes David 'can't get enough' as he sneakily admires her posing in LBDon 29. April 2022 at 19:34 - https://t.co/gbmSO7SmQg,1520133684527046658,ATGBrokers
"Share on Twitter https://t.co/l8S0o2qGDd 
Trout and nobhead, go away",1520132424453210114,mitchfarrow
"https://t.co/MhwgFgYTwO  
  Discover VICTORIA BECKHAM VB BODY Permanent Capsule Collection - Design Scene.",1520131246994575361,eagerbeavertech
"EYEWEAR: The Victoria Beckham eyewear collection. 

🖤🖤

#eyewear | trendz

spottedbyshoppologist https://t.co/KMPeXprezp",1520123089857794056,ShoppologistZA
I want to reach as many women throughout the world as I can. - Victoria Beckham #quotesnigeria https://t.co/yvxIyilQuF,1520113200355807233,quotesnigeria
"Elon does have a point about Twitter's algos 🤔

Victoria Beckham is many things, but not the top (unpromoted) post you would expect on a ""Linux"" search https://t.co/XHgDD9S8P2",1520096612390895616,valb00
"David and Victoria Beckham

Jason Statham and Rosie Huntington Whiteley

George and Amal Clooney",1520091540013858818,2aydaan
Wedding bells? Victoria Beckham eager to start planning Romeo’s big day https://t.co/0dxE49mHM4,1520061232635473921,lovable_daniels
"Did anyone watch the last video by Victoria Beckham?
Why the fuck she talks like that?",1520059693439361024,LILAHASSAN
Victoria Beckham looks ravishing in a figure hugging black dress https://t.co/EKW8kbp0BH,1520058964301520896,WomanSBuzz
"Victoria Beckham vs John Krasinski, who would win in a fight?",1520053880733585408,abfkjabd
"Wedding bells? Victoria Beckham eager to start planning Romeo's big day
https://t.co/iCgOAhPhe6
Following a successful wedding for her eldest son Brooklyn, Victoria Beckham is 'ready' to plan her 19-year-old son Romeo's wedding.",1520049991988961280,TheSAnews
Even Victoria Beckham Thinks @Thiago6 is the Boss https://t.co/EzPLquv7Sq,1520016984934699008,Paradoxnewsline
The amount of energy Victoria Beckham must expend not smiling is just mind-blowing,1520012245916397568,Suburban90sDad
Victoria Beckham's teeth: how her veneers keep her looking youthful https://t.co/cbaoFVOo52,1520011663935774721,NahidAlaei
Victoria Beckham takes a page out of Kim Kardashian's book with £650 shapewear-style dress line https://t.co/h6GHBHH1p5 https://t.co/RanJyAo6BS,1520004859763716099,2021Rcfc
"Victoria Beckham looks ravishing in a figure hugging black dress as she promotes her VB collection
https://t.co/aVcGUO5TtR",1520003270995025920,NewsfeedsMedia
Thought VS was owned by Victoria Beckham 🤦‍♂️🤦‍♂️🤦‍♂️🤦‍♂️,1519976875602616320,adithya_electro
Hostia victoria beckham y tom cruise con un flow 2000 https://t.co/cjB6jdgv78,1519974005331173376,Sebascollado14
"Victoria Beckham vs Steve Carell, who would win in a fight?",1519925627616342016,abfkjabd
Victoria Beckham https://t.co/vCu933nfaA,1519912676394258432,ChrisM16347350
"#nowplaying Open Your Eyes (Extended) by Victoria Beckham

Listen now at https://t.co/MXYhipnqJB",1519899881455988736,BangersRadioUK
"https://t.co/n3UqvuXasA

#Lekki Disgusting Doggy #gistlover #BURNABOY𓃵",1519854012358664192,OmoruyiEnoma
"If I’m being really honest, I don’t know what Victoria Beckham really sounds like when she sings. I can’t tell her voice in the Spice Girls songs. I hear the rest, but if you asked me what she sounded like, I hadn’t a clue!!!",1519846958243975168,caityfh
Victoria beckham music video and performance thread (some spice girl moments may be included) https://t.co/RxJukj6oEH,1519831061869391872,VIVAGlRLZ
Victoria Beckham poses in black dress from her new VB body range https://t.co/aZVTMNIm2j via @DailyMailCeleb,1519830617453744128,pez1963
Inside Victoria and David Beckham’s parenting tips they’ll pass on to son Brooklyn - OK! magazine || #ParentingNews Courtesy of Rick Kirkham The Only In Home Tutor On Oahu Specializing in ADHD With ADHD Subscribe by Following on Twitter InHomeTutor808… https://t.co/OaQ0gfa77X,1519799644116578305,InHomeTutor808
David and Victoria Beckham in Florida 2022 https://t.co/a9azikFM8i,1519797728603254786,paparazzishotz
"Victoria Beckham Unveils VB Body, a ‘Sensual,’ Versatile Capsule https://t.co/ibv0PxfUli via @Yahoo",1519786161790603264,ElkinoD
"True Steppers, Dane Bowers - Out of Your Mind ft. Victoria Beckham https://t.co/Y7umHxi1Dr via @YouTube /././.",1519772833290895360,NatashaCoulter3
"I've just seen a tweet about Cliff Richard but with a photo of Victoria Beckham.

Cruel. https://t.co/UGv6qYFUp6",1519724895730638848,TrippyPip
Who made Victoria Beckham’s black one shoulder dress? https://t.co/2qtisMXjtM,1519718965940994048,outfitid
"#VictoriaBeckham’s Style Through the Decades, From Posh Spice to Modern Minimalist https://t.co/J086sjHkHb via @voguemagazine",1519717847404064772,grundytv
#VictoriaBeckham Returns to Her Roots With Her New Body Conscious Line https://t.co/Si8V5lEqGj via @voguemagazine,1519715368520011778,grundytv
"Throwback To When @davidbeckham Gifted Wife @victoriabeckham $1.8M Diamond S*x Toy: See Here Follow Us on @iwmbuzz 

 #DavidBeckham #VictoriaBeckham

https://t.co/JHoXWXyZ4H",1519707042013126656,iwmbuzz
"Victoria Beckham poses in figure-hugging black dress from her new VB body range - https://t.co/3et7tvTPe2

#News https://t.co/1LIPaVtywM",1519699540613378048,my234Radio
"Victoria Beckham poses in figure-hugging black dress from her new VB body range - https://t.co/RKqY2SWRCT

#News https://t.co/eCURAdV4KD",1519699537778020353,djokaymegamixer
"Georgia Toffolo reveals Victoria Beckham helped her overcome her insecurities with acne as a teen
https://t.co/FXxSRZbHZW",1519699520594096128,NewsfeedsMedia
"Georgia Toffolo reveals Victoria Beckham helped her overcome her insecurities with acne as a teen - https://t.co/4muERuOR7I

#News https://t.co/ga2U5PcBO6",1519699494417305600,my234Radio
"Georgia Toffolo reveals Victoria Beckham helped her overcome her insecurities with acne as a teen - https://t.co/jP3xL9KOv1

#News https://t.co/yrOhWDfLxb",1519699491263184897,djokaymegamixer
"[ WKDfm: True Steppers; Dane Bowers; Victoria Beckham - Out Of Your Mind 
 https://t.co/nyfKmFiSXC 
 Live, Legal and Loud - Internet Radio ]",1519699123884240897,WKDfm
"Victoria Beckham poses in figure-hugging black dress from her new VB body range
https://t.co/gZQi9QVj7k",1519691467211653123,NewsfeedsMedia
"#NowPlaying ""A Mind Of Its Own"" by Victoria Beckham on @TIDAL 

 https://t.co/7pdAfebB7T",1519682502113304576,jordanajemison
"#NowPlaying ""Not Such An Innocent Girl"" by Victoria Beckham, MC RB on @TIDAL 

 https://t.co/fJM48ET2KE",1519681893473599489,jordanajemison
Slick back ponytail or a side Victoria beckham bob https://t.co/7m7Nsbyn3b,1519667007016386560,_daniellemakeup
"Victoria Beckham vs Enrique Iglesias, who would win in a fight?",1519661415446974464,abfkjabd
Georgia Toffolo reveals Victoria Beckham helped her overcome her insecurities with acne as a teen https://t.co/FvMEmIUrSv,1519658042513571840,NzuchiTimesUSA
Georgia Toffolo reveals Victoria Beckham helped her overcome her insecurities with acne as a teen https://t.co/TkZbQ2TJNY,1519658029733588996,wilsonjmashaka
Victoria Beckham lanceert shapewear capsulecollectie: VB Body https://t.co/sY8GLxRq03 https://t.co/5F2FXo5V4z,1519656095786147841,FashionUnitedBE
Georgia Toffolo reveals Victoria Beckham helped her overcome her insecurities with acne as a teen https://t.co/SkANpaoTxy,1519655712263135232,nazmulmarketer1
Victoria Beckham poses in a form-fitting black dress from her new VB body line https://t.co/rMVrdPltGL,1519654287063855105,ny_breaking
Victoria Beckham poses in figure-hugging black dress from her new VB body range https://t.co/WLUPepSrFT,1519653923530829824,smackgirls
Victoria Beckham poses in figure-hugging black dress from her new VB body range https://t.co/oE7nRiLbjr,1519652449027604481,nazmulmarketer1
Georgia Toffolo reveals Victoria Beckham helped her overcome her acne insecurities as a teenager https://t.co/p59xqVCksb,1519651866207870977,whatsn2day
Georgia Toffolo reveals Victoria Beckham helped her overcome her acne insecurities as a teenager https://t.co/zyTGcFJHWc,1519651856246575104,9_breaking_news
Georgia Toffolo reveals Victoria Beckham helped her overcome her insecurities with acne as a teen https://t.co/TkBmrGqr3z,1519650799097421824,NzuchiTimesUSA
Victoria Beckham lanceert shapewear capsulecollectie: VB Body https://t.co/y8tXxNSzwK https://t.co/mLgCg9brfP,1519649909489778693,FashionUnitedNL
Georgia Toffolo reveals Victoria Beckham helped her overcome her insecurities with acne as a teen https://t.co/hzqOoyk4D0,1519649517443817473,worldnewstweet_
Victoria Beckham poses in form-fitting black dress from her new VB body line https://t.co/ZqiS4FP4d5,1519648002708750337,whatsn2day
Victoria Beckham poses in form-fitting black dress from her new VB body line https://t.co/7CzWfVuXX7,1519647990876676096,9_breaking_news
Victoria Beckham launcht neue Bodywear-Linie “V Body” https://t.co/katUhrWIZb #modebranche https://t.co/5uM7UeBRms,1519633606775345154,FashionUnitedDE
Victoria Beckham launches 'pure and simple' clothing range https://t.co/RXh3UW3IFJ #Fashion,1519623158403407875,15MinuteNewsSty
Victoria Beckham launches 'pure and simple' clothing range https://t.co/HYe0rxP9CK,1519619920488665088,MSNNZ
#VictoriaBeckham returns to her roots with her new body conscious line … https://t.co/lPAze759jU,1519615359376306187,studio2702
"Victoria Beckham vs Anna Kournikova, who would win in a fight?",1519608426380152832,abfkjabd
"Victoria Beckham 
https://t.co/mOH3x3pLU9",1519596644383166464,lucci_bill
#PopArt Victoria Beckham Returns to Her Roots With Her New Body Conscious Line - My Droll https://t.co/A1EzbWby5W,1519583634327576578,BestofPopart
Victoria Beckham: 'These are the dresses I wore when I first started my brand' https://t.co/K8vCW54IjU,1519581153233145856,wizz_media
Discover VICTORIA BECKHAM VB BODY Permanent Capsule Collection: https://t.co/NUDkavlBGP,1519574344527134722,WendiMooreAgncy
Victoria Beckham Shares The Inspirations Behind Her Just-Launched VB Body Shapewear Line: https://t.co/cLXsd079T1,1519574327221493761,WendiMooreAgncy
#VictoriaBeckham Causes A Stir With Her Latest Steamy Photoshoot https://t.co/jOkPUySjQR,1519527024787869696,thirstyfornews
"Victoria Beckham parades her svelte waist in a new VB Body ensemble as she promotes new line
https://t.co/U9JCUaqzk6",1519519332681801728,NewsfeedsMedia
"Victoria Beckham makes me laugh. Launches a ‘VB Body’ collection &amp; says “the curvier you are, THE BETTER”

The models: https://t.co/gN5mkaYnLc",1519514131744706561,jaayday
David Beckham got Victoria and knew he had to show out 😭 bro bought her 15 rings,1519486108232560640,guccigangwade
"Victoria Beckham vs Rihanna, who would win in a fight?",1519464976871612416,abfkjabd
i am today years old knowing victoria secret is not owned by victoria beckham https://t.co/WIfERQRlHz,1519454669621321730,rickycabello97
Victoria Beckham wows fans as she puts slender frame on display in skintight dress https://t.co/LT4K9w3bDN,1519436610957463553,adabagcompany
"Victoria Beckham vs Lisa Bonet, who would win in a fight?",1519434825014280192,abfkjabd
VogueRunway: .@VictoriaBeckham returns to her roots with her new body-conscious line https://t.co/2yKTqZpFR4 https://t.co/4KId0vhJFD,1519415361074040842,SilviaGeorgie
"Victoria Beckham 2022 Ready-to-Wear Collection 
https://t.co/uGgoc5asQo 

#VictoriaBeckham #Fashion #ReadyToWear #MiamiLivingMagazine https://t.co/SR2GPPip9Z",1519406441853231104,Miami_Living
Victoria Beckham parades her slim waist in a new VB Body ensemble as she promotes a new line https://t.co/SjSMw3zzhH,1519402315836534791,whatsn2day
Victoria Beckham parades her slim waist in a new VB Body ensemble as she promotes a new line https://t.co/Ok5ZvweP3Z,1519402307615604744,9_breaking_news
Victoria Beckham quips that fashion campaign features 'my real butt' after fan comments https://t.co/QRVLuOBqNv,1519401381936844800,smackgirls
We need a Madonna x Victoria Beckham rap album,1519396635801001984,RococoChanel
Victoria Beckham parades her svelte waist in a new VB Body ensemble as she promotes new line https://t.co/rEVkTlKs3n,1519385890379948032,nazmulmarketer1
Victoria Beckham parades her svelte waist in a new VB Body ensemble as she promotes new line https://t.co/SdrTQFHLHG,1519385158650015744,smackgirls
"Victoria Beckham had a new ""body"" range that she says is for every size and 'the curvier the better' but also https://t.co/lb7PYlKjlV",1519371064488472577,Ursula__Anne
"Victoria Beckham should release a beauty blender and call it ""Blend it like Beckham"" 
You're welcome, I'll take 10%",1519368409414344707,Camzo_W
"VICTORIA BECKHAM, I WANT YOUR CLOTHES BUT YOU ARE EXPENSIVE 🥺🥺🥺🥺🥺🥺🥺🥺🥺🥺🥺🥺🥺😭😭😭😭😭😭😭😭😭😭",1519359943844843522,franczeskaaaa
i dont want to see anymore stuff about johnny d*pp and amber he*rd. i wanna see stuff about david and victoria beckham thank you,1519358853363953664,yvette_e_e
@RadioMadison Victoria Beckham’s maiden name is Adams,1519343900305068032,monikanimated
Wow you guys. Victoria Beckham eyeliners don’t fuck around. The absolute best.,1519340764563607560,AugustMoonRae
#NowPlaying: A Mind Of Its Own by Victoria Beckham on https://t.co/UC2bB6jnX6 https://t.co/2v8HBux2Hf,1519336622986301441,SmileRadio_
Victoria Beckham Returns to Her Roots With Her New Body Conscious Line https://t.co/xIYIzKhSze #Fashion,1519328317878460420,15MinuteNewsSty
Eva Longoria to Attend Brooklyn Beckham's Wedding and Co-Ordinating Outfits With Mom Victoria From 'The Spice Girls' https://t.co/nS5SQjeXZw #BrooklynBeckham #EvaLongoria #VictoriaBeckham https://t.co/qAlpVucpxv,1519327432905531392,AaronRFernandes
Discover VICTORIA BECKHAM VB BODY Permanent Capsule Collection [Design Scene] https://t.co/ysEzxdFMZI,1519325503802552322,BestPhotogr
"Top story: Victoria Beckham Launches New VB Body Shapewear Line https://t.co/oAmJA0BpuW, see more https://t.co/LLypMv6wdg",1519317042037506048,antoniocarva6
"Victoria Beckham forced to defend herself after posting cheeky photo

Once and for all, having a strap up your ass all day is not comfortable!

You also go through a lot of SPRAY N WASH. 

#THONG
 https://t.co/jEiVNz7tYu",1519316188190416896,tweettypi
".@victoriabeckham has entered the shapewear market with the launch of VB Body, a permanent capsule collection that can be worn under clothing, or on its own.

#fashion #retail #shapewear

https://t.co/vzwRFofSo5 https://t.co/euHTdkpTjv",1519312294030815233,theindustryfash
"Victoria Beckham jokes that she is the star of risqué fashion campaign
https://t.co/PExOLZq0xn",1519307155958112258,NewsfeedsMedia
"Victoria Beckham jokes that she is the star of risqué fashion campaign - https://t.co/x7KsTmKp1w

#News https://t.co/JpWk6GJYkt",1519306441072381952,my234Radio
"Victoria Beckham jokes that she is the star of risqué fashion campaign - https://t.co/84To6yosVv

#News https://t.co/kZ4oxUjyXt",1519306437301719040,djokaymegamixer
Victoria Beckham Returns to Her Roots With Her New Body Conscious Line https://t.co/Vqf0K1Zfvb https://t.co/oQOLtmaHWU,1519287258167189505,o2feed
Victoria Beckham jokes that she is the star of risqué fashion campaign https://t.co/EHRcz73qQ0,1519261166215827456,nazmulmarketer1
Victoria Beckham jokes she’s the star of the daring fashion campaign https://t.co/aM8qM6XtcZ,1519257953194364928,whatsn2day
Victoria Beckham jokes she’s the star of the daring fashion campaign https://t.co/XUpcigAUaw,1519257940447965188,9_breaking_news
I’ll never get over the fact that Beyonce covered a Victoria Beckham song,1519239332317474816,callme_amani
"Victoria Beckham Unveils VB Body, a 'Sensual,' Versatile Capsule https://t.co/vdtYykhbee #Fashion",1519236499329462273,15MinuteNewsSty
"I tell you why I wouldn't buy Victoria Beckham outfits, cause there are only 5 girls in the word with a body like that",1519228098511843333,Queensirin
To answer our yearning for simpler times Victoria Beckham Unveils VB Body: #posh  https://t.co/rudSgp2fuK,1519208155573592065,retailfuturist
Long hair is nice but the short Victoria Beckham style is sexy as hell too.,1519176395829792768,DadyeWest
Wanna feel old? Victoria Beckham is turning 222 today,1519160175021621248,wanna_feel_old
I want to watch the spice girls movie again just to appreciate the most hilarious character in the movie : Victoria Beckham,1519141154272563207,PynkPython
Victoria Beckham's Detox Retreat https://t.co/PpPqhVvj6g https://t.co/ZHGEnKmnND,1519137894870380544,DetoxNews
Victoria Beckham's 'soft spot' for Romeo's girlfriend after Brooklyn's wife snub https://t.co/STVL2J9tNl,1519125942341447681,wizz_media
"You've got to trust people. And because I am a control freak, sometimes that's difficult for me, because I want to micro-manage absolutely everything. I can't hand over. But I'm trying to do that more. - Victoria Beckham #quotesnigeria https://t.co/1QRJ8Z8V4K",1519121661429268480,quotesnigeria
https://t.co/PGQ4CTT1pM Victoria Beckham jokes about David’s ‘chocolate balls’ in saucy Instagram post https://t.co/ZK9nNgDK56,1519115929707196416,OieStar
"Victoria Beckham blowing Light Skin Romeo’s tuition and future on her stagnant, underperforming brand doesn’t sit right with me.",1519111817729040387,dameandconfused
11 of the Finest Victoria Beckham Magnificence Suggestions #music https://t.co/xfnjXvycuW https://t.co/DmWnKWvqQK,1519089230093377539,TheDripStar
Victoria Beckham https://t.co/6yxNbOGIr9,1519066504800739331,KwizkingAnthony
This could be a popular PR role with @victoriabeckham 🚨🚨👉👉Press Officer with Victoria Beckham via @LinkedInUK https://t.co/4kqubNtfDp #mediajobs,1519053046399049729,themediamentor
"She met Romeo Beckham at college in 2019

https://t.co/2wGCjn1TII",1519028543388221441,Wiltshire_Live
Check out Victoria Beckham Owned &amp; Worn Tweed Style Dolce &amp; Gabbana Trousers Genuine Rare https://t.co/ZCjHSH1rmg #eBay via @eBay_UK,1519025057896484864,MrAlanSpice
"Vicky B's Diet
https://t.co/v1cga1jaq4",1518992883793207299,MirandaCThomas
"Mia has recently modelled for Victoria's VVB collection

https://t.co/2wGCjn1TII",1518975692972593153,Wiltshire_Live
OH ?!?! BEYONCE X VICTORIA BECKHAM BEEF?!? https://t.co/R9pPO7KFge,1518971588540047362,svperbrat
Bill Gates Victoria Beckham Tony Blair just to mention a few could end world poverty in an instant But like all those with money they dislike spending their own on any thing but their own pleasure https://t.co/udCEuh9N0v,1518970872547192833,actiontodate
Inside Victoria Beckham's multi-million pound collection of 15 engagement rings - including £2million pear-cut diamond ⁦@TheSun⁩  https://t.co/X5RpdDVscw,1518962883828146176,fngdesign
"Savings: ""ad:' Plus Sz 3X Black Calla Lily Sleeveless Ruffle Hem Dress, Victoria Beckham-Target - https://t.co/7PY7Pzj8KC https://t.co/PFsakG6pOd",1518945129507217408,XenaGifts
"Victoria Beckham has 'soft spot' for Romeo's girlfriend Wiltshire's Mia Regan

https://t.co/2wGCjmKiRa",1518929025489645572,Wiltshire_Live
cursing your time line with True Steppers feat. Dane Bowers &amp; Victoria Beckham https://t.co/sKJTQThgx1,1518923582352629761,_RossPhillips
The Cheeky Girls recall how their career was almost wiped out https://t.co/ceVmw6jGLM,1518912967575851008,Dan1Online
I want my kids to have a good work ethic. I believe you can achieve anything if you work hard enough to get it. - Victoria Beckham #quotesnigeria https://t.co/Psg2DJjHnR,1518900204191330304,quotesnigeria
"Victoria Beckham's bizarre treatments on private health retreat: IV infusions, oxygen therapy  

https://t.co/dflAzAR8cY",1518896964389285888,song_title
"Victoria Beckham vs John Legend, who would win in a fight?",1518891520090202113,abfkjabd
Victoria Beckham has 'soft spot' for Romeo's West Country girlfriend Mia Regan Victoria Beckham looks set to get another daughter-in-law very soon https://t.co/rdyai2Cr8T,1518888679418302465,DrFixit_Tech
Victoria Beckham has ‘soft spot’ for Romeo’s West Country girlfriend Mia Regan https://t.co/FpA942IqZA,1518882693525774336,UsaJaun
Victoria Beckham has 'soft spot' for Romeo's West Country girlfriend Mia Regan https://t.co/kaLvVY5HU9 https://t.co/oBUfbImEHF,1518882591495102465,BristolBizz
#wedding #rings #uk Victoria Beckham's 15 engagement rings from £1.2m diamond to stunning sapphire sparkler - The Mirror https://t.co/Vi3XTRALQT -- #diamondrings #diamonds #goldrings #goldwatches #weddingday,1518848049535242240,Antique__Gold
"'They spent everybody's money on Victoria Beckham and she flopped': The Cheeky Girls recall how their career was almost wiped out as they discuss their comeback

#Blogger 🕊
#ShowBiz
#EntertainmentNews https://t.co/gjCAFEjTzL",1518824456117968897,AugustusPiloo_
"#nowplaying Open Your Eyes (Extended) by Victoria Beckham

Listen now at https://t.co/MXYhipnqJB",1518808895174684672,BangersRadioUK
David and Victoria Beckham Poke Fun at Each Other's Singing Skills on Instagram! https://t.co/dc89CclQqj #Christmas #DavidBeckham #VictoriaBeckham https://t.co/MGrEbOzpzc,1518806503666368519,AaronRFernandes
"The Cheeky Girls claim that their ex record label 'spent everybody's money on Victoria Beckham' - https://t.co/0scJvFhVdc

#News https://t.co/TfMOH5wy1x",1518793213913407488,my234Radio
"The Cheeky Girls claim that their ex record label 'spent everybody's money on Victoria Beckham' - https://t.co/3cvbfRkHB5

#News https://t.co/qbY4lXiWQn",1518793208221732864,djokaymegamixer
The Cheeky Girls claim their ex-record label ‘spent everyone’s money on Victoria Beckham’ https://t.co/283OIT25gh,1518751396220207104,whatsn2day
The Cheeky Girls claim their ex-record label ‘spent everyone’s money on Victoria Beckham’ https://t.co/sCGmwkaYIi,1518751382701961222,9_breaking_news
Victoria Beckham plots another Beckham wedding https://t.co/idz0FW3yGD,1518737259436003329,smackgirls
Check out this listing I just added to my #Poshmark closet: Victoria Beckham for Target Girl's Black/White Mod Shift Tulip Print Dress Size. https://t.co/lTlol4ZfEe #shopmycloset @poshmarkapp,1518735815802716160,emiggsales
"Random but Jada Smith and Victoria Beckham have the same energy 

Maybe not comparable in terms of social limelight but they got the same type of confidence",1518734908218302464,penibutadime
"People my host mom has deemed ugly: Victoria Beckham, all of Victoria Beckham’s children, Liam Hemsworth, Tom Holland, Andrew Garfield, Timothee Chalamet, me (this one isn’t confirmed but I feel like it’s accurate)",1518722260412084226,CateMargolies
Psychic news Brooklyn Beckham will divorce + David Beckham is still cheating on victoria +Oprah Winfrey  did block fans of guilty Michael Jackson on twitter @nytimes @gbnews  @oprah. @elonmusk @latoyajackson @piersmorgan @mrssosbourne @skynews. @bbcnews @lbc @itvnews,1518695415289454592,groovy_songs
"Never thought I'd need to look this up for an ag article, but here I ham. (I honestly couldn't remember if they were THE Spice Girls or just Spice Girls, which is why I looked it up.)
I'm writing about a farmer who has a pet pig....Victoria BeckHam. 

https://t.co/CwDZq2kndP",1518689149120827398,melisagoss
"Perfectly Posh! Victoria Beckham's Stylish Swimsuit Photos

Read it here: https://t.co/VUblIpZaYR https://t.co/lNU2jBwJ3f",1518688807591170048,BikiniWTF
"He likes it rough, so I make sure it hurts, Fred Segal, hot boutiques
Victoria Beckham, I'm oh-so-chic&lt;3",1518687940381229057,sillybillycoke
Victoria Beckham Shares Throwback Photo Wearing Banana Clips at Age 13: 'Always Been a Trendsetter' https://t.co/6yWkRwu4im,1518675947905507334,paulmcl83365993
I bet Victoria Beckham was gutted that even she and David couldn't afford to buy Twitter as Elon Musk has done!! Even £44 billion is just out of even THEIR reach. Maybe not so costly weddings AND presents and Victoria to put in extra shifts lol!,1518675791856422915,Prisonervi
Victoria Beckham's 'soft spot' for Romeo's girlfriend after Brooklyn's wife snub - Mirror Online https://t.co/fRPivxoyb5,1518622487591981057,Sheeraz037
Adele. Janet Jackson. Kehlani. Cher. David Beckham. Megan Fox. Channing Tatum. Gigi Hadid. Jessica Alba. George Clooney. Lizzo. Dwayne Johnson. Queen Elizabeth II. Jidenna. Travis Scott. Stevie Wonder. Audrey Hepburn. Sam Smith. Victoria Monet. Kimora Lee. Cam Newton. https://t.co/5W2SF9A0Kj,1518615137015320577,ArtBySaudia
"Following the Spice Girls (Geri Horner, Melanie Brown, Emma Bunton, Melanie C and Victoria Beckham) seems appropriate for @kfc https://t.co/6yfjZTtmsl",1518610102558756866,BIM_Cat_509
"Inside the £9k-a-week Italian detox retreat Victoria Beckham credits her healthy lifestyle with
https://t.co/IcXAaQQ2Tu",1518603772280377346,NewsfeedsMedia
Victoria Beckham. VB1 138 Raw Wash skinny Jeans. Superb. UK26. BNWT. https://t.co/5KzApj7FDX eBay https://t.co/boiz8xcbRx,1518594574989463558,JeansWomens
"Victoria Beckham vs John Legend, who would win in a fight?",1518589198281764865,abfkjabd
Victoria Beckham's 'soft spot' for Romeo's girlfriend after Brooklyn's wife snub https://t.co/IOuuhdwy5u,1518579798842486791,NahidAlaei
"You know, I love America. It's such a positive country. - Victoria Beckham #quotesnigeria https://t.co/fIRfRG46ba",1518568036411789318,quotesnigeria
"Victoria and David Beckham’s Story, Where After 25 Years, He Still Keeps the Ticket She Gave Him Her Number On https://t.co/LTHNlteeb4",1518561027561975808,adabagcompany
"Victoria Beckham has been documenting her stay at the highly-exclusive Palace Merano, a £9,000-a-week detox retreat in Northern Italy where guests are treated with bio-enegetic medicine.
She took over the Conde Nast Traveller Instagram Stories on

https://t.co/xEPcEdaA71 https://t.co/bp1PYjFlDh",1518559200745562112,ExactNewz
Victoria Beckham’s VERY unusual diet on exclusive wellness retreat will surprise you https://t.co/CpGMj99HCS,1518557941493817344,YBelabyad
Victoria beckham just drove past me and the mrs in London lol,1518537722939551744,WolvesFC94
“Tranmere may not be an upgrade.” The same way Victoria Beckham leaving David for me may not be an upgrade. https://t.co/qPjRftGZTb,1518534598212435968,ALivingGod__
➡ Victoria Beckham's son Cruz's voice is 'better than his mum's' as he signs deal https://t.co/a68rS2REmA,1518524735667064832,news_music_news
"Whales that sing the wrong notes get lost on a snowy mountain possessed an icicle, becoming ""Posh Spice"", Victoria Beckham used to dress up as a sperm for a BBC sex-education show.",1518524097092804608,_Pokedex_Facts
"Amal and George Clooney, Victoria and David Beckham arrive for royal wedding https://t.co/rvkRebntTa",1518522805498699776,palinterest
Which agency has been appointed to represent Victoria Beckham Beauty? https://t.co/BfkXkkTNGj,1518518936211501057,Fashion_Monitor
David Beckham interview: Becks gushes about wife Victoria and their ‘amazing’ children https://t.co/psQcidG3n0,1518507695673806849,palinterest
Victoria Beckham’s son Cruz’s voice is ‘better than his mum’s’ as he signs deal https://t.co/holplb5naT,1518499124051681280,adabagcompany
My children and my husband make me smile. My work makes me smile. - Victoria Beckham #quotesnigeria https://t.co/axzqLHNN2T,1518457284829057027,quotesnigeria
frankie is the momo and victoria beckham of the saturdays,1518409952108363778,angeIcouIby
Just look how amazing 48-year-old Victoria Beckham looks after her morning workout https://t.co/pQx3kUhsqN,1518408698695090177,TheSahuNews
Just look how amazing 48-year-old Victoria Beckham looks after her morning workout https://t.co/u8QpuEvbhw,1518396289016283137,gospaddiction
"Victoria and David Beckham's huge kitchen at £31m mansion needs its own ladder

https://t.co/B1Z6Ygl66d",1518394434131529728,richtwoods
Check out this listing I just added to my #Poshmark closet: Victoria Beckham for Target floral dress. https://t.co/QNzj0VQp7I #shopmycloset @poshmarkapp,1518380802572054534,sweetsistersgf
"JP: John Denver (Sarajevo Olympics loo),
Me: Joan Baez (Sang at an intimate wedding for family friend). And 'musician'? Victoria Beckham/Posh Spicegirl...honestly was more enamored w/ the husb Becks - who had just finished an Armani underwear promo. https://t.co/FQKNrR98ni",1518368416481959938,boomer813
"Victoria Beckham is og rich girl, her in sunglasses iconic? Pop star and fashion designer like ICON",1518346703706935298,avryriskygamble
I believe in creative visualization. - Victoria Beckham #quotesnigeria https://t.co/kKrKc35JyL,1518346559884247042,quotesnigeria
Victoria Beckham had the best solo album outta all the Spice Girls and she was eating them live performances UP https://t.co/Ag0o7tjL3U,1518333944365785088,XTlANemiliano
"Victoria Beckham vs Lisa Bonet, who would win in a fight?",1518309959825457152,abfkjabd
"Victoria Beckham reveals age-defying beauty secrets and ultra-healthy lifestyle, gives ... https://t.co/0GM1jTfkI7",1518309556685660160,lifestylegurus
"""Who is your role model and why?"" - Victoria Beckham,  the joker (suicide squad only) and my friends #tellonym  https://t.co/JxpXrMV7HJ",1518305115005853705,Guccii__Boi
The Fabulous Life of Victoria and David Beckham - The FULL Episode! https://t.co/baTju4ENPc via @YouTube,1518295488767963136,UrbanPopFan
Victoria Beckham Wears Chic Silver Gown at Brooklyn Beckham's Wedding https://t.co/1wuiUO4Fda,1518272747847172098,newssscelebs
"I once had a gay panic attack on the lower ground floor of topshop on oxford street because I saw Louise Adams shopping with Jackie Adams.

(Victoria Beckham’s sister and mother) https://t.co/f3FyUz1QIv",1518267498470248449,JackDMurphy
"Other week asked people to name songs that lift their mood. This song I should have named because picked me up at a difficult time. Also it is a great dance track and stopped Victoria Beckham having a number one.Spiller and Sophie Ellis Bextor Groovejet
 
https://t.co/c0HaPIkz0j",1518266352787730434,Matthew82069336
"Victoria Beckham really married a fine rich man and had gorgeous kids. I too, will follow suit.",1518266019726323712,AllEyesOnMani
I don't believe anyone who says they don't care what people say about them. Of course they bloody well do. - Victoria Beckham #quotesnigeria https://t.co/kxJFTsOYuA,1518235827066871808,quotesnigeria
"Victoria Beckham vs Julia Roberts, who would win in a fight?",1518226854410289152,abfkjabd
