full_text,tweet_id,screen_name
Jacob Haynes's favorite basketball team is the Washington Wizards.,1520909251224346624,HaynesFacts
yo the lakers should look at washington wizards trade package westbrook and the 2025 1st round pick and the 2027 1st round pick and the 2029 1st round pick for bradley beal and ish smith,1520883256979337217,WorldwideLakers
2 Trade Packages To Send Bradley Beal To Los Angeles Lakers: https://t.co/V6TtHJ7PHH,1520882370487930880,WorldwideLakers
Washington Wizards legend Otto Porter Jr,1520881591735750656,Moe_Be_Knowin
NBA Leader: 24.0 PPG Lakers News - Trade Packages To Send 227's YouTube Chili' Bradley Chili' Beal 24.0 PPG 4.7 RPG 6.4 APG #DCAboveAll Spicy' https://t.co/GxMGo1S9qz https://t.co/8Batr9LKfu #Florida #Gators To Lakers https://t.co/fG4n9oe3ux https://t.co/DGOBYSBHVf,1520862950856163329,Hoops227_NFL
NBA Leader: 24.0 PPG 227's YouTube Chili' Bradley Chili' Beal 24.0 PPG 4.7 RPG 6.4 APG #DCAboveAll Spicy' https://t.co/GxMGo1S9qz https://t.co/8Batr9LKfu #Florida #Gators get some help! | Washinton Wizards Rebuild | NBA 2K22 https://t.co/lZViOU7LLQ https://t.co/DGOBYSBHVf,1520850332992999424,Hoops227_NFL
NBC Sports Washington has named Chris Miller the head play-by-play announcer for the Washington Wizards!,1520843342057254913,WshWizMedia
"This how you know the Washington wizards is a bad franchise none of our sports stations talk about the wizards at all and they want to pay Bradley Beal $240 million and ruin the fans experience for the next 5 years , with a below average player 🤬🤔",1520837546758049792,jeffreys175
What Bradley Beal believes the Wizards need to add to their roster https://t.co/mgE9pigMxt,1520834317752184832,jeffreys175
The Washington Wizards have won the 2039 NBA championship.,1520798958024413184,JohnStanleyNBA
Here’s How The Wizards Could Trade For Lakers’ Russell Westbrook: https://t.co/6H8M9M3GVZ,1520793602997202944,LakerTom
The Washington Wizards are signing veteran free agent Cat Braber to a four-year contract. Per @wojespn,1520788894094020608,JohnStanleyNBA
Cretin Smith has been drafted by the washington wizards,1520774426345623552,figtrees9
"The Washington Wizards are relocating to Montréal, Quebec-Canada after the end of this season.",1520771236636241920,JohnStanleyNBA
"This is going to be interesting to watch… basically the Nets been spending and investing like the Knicks, Lakers, and Warriors but been making Washington Wizards money on return. lmao https://t.co/9HyVy1akbx",1520763644723838978,Izuchi_U
"Top Dunks from Washington Wizards vs. Los Angeles Lakers, 03/19/2022 https://t.co/UqhJh02ngH",1520750806584102913,OferMeisels
Framed Michael Jordan Washington Wizards Autographed Blue Jersey Upper Deck https://t.co/OueEJjKrX8 eBay https://t.co/Kj7Vz95YQB,1520722586950242304,items_sport
"On this day in sports history May 1, Dallas Mavericks Guard Luka Dončić recorded 31 Points, 12 Rebounds, and 20 Assists in a 125-124 win against the Washington Wizards in 2021.",1520623302817034241,NF201111
If Tim Duncan was drafted to the Washington wizards he would have 0 rings,1520598615982542848,SweetLou152
"ICYMI

The Washington Wizards started the 2021-22 season red hot. The rest of the season was more ice cold. @bnguyen_45 took at look at the stats and highlights this one glaring need for the Wizards as they prep for the 2022-23 #NBA season #DCAboveAll 

https://t.co/RFwBpuM9Cu https://t.co/FehivajMY6",1520559610498670592,thePeachBasket_
"Question Of The Day: What is Allen Iverson’s career-high number of points scored against the Washington Wizards?
A. 45
B. 47
C. 49
D. 51
The answer will be announced tonight. https://t.co/QgWFVP6KKj",1520542859279147009,LoneStarChamp
The Denver Nuggets are trading for veteran Scottie Lewis to the Washington Wizards in exchange for Sam Hauser sources tell me and @TheAthletic.,1520537236013420544,JohnStanleyNBA
"BREAKING: Celtics acquire SG Bradley Beal while trading away Aaron Neismith, Payton Pritchard, and draft picks to the Washington Wizards. https://t.co/trxAosmxn6",1520525985078296577,NBAParodyNews
Washington Wizards legend Chris Paul https://t.co/GdyliJ25Xu,1520520614729158666,astr0m8
KYRİE BABA FMVP WASHİNGTON WİZARDS CHAMPİON💪🏀⚡⚡ https://t.co/OZP2vIWa0E,1520514916624523265,BatuButler34
The Washington Wizards are signing Brandon Rush to a 2-way contract. Per Sources.,1520504525169168384,JohnStanleyNBA
The Washington Wizards have won the 2039 NBA championship.,1520481835540647937,JohnStanleyNBA
"Holy 💩 James Harden made the list of the best players in the NBA today. Who would have thought 😲  I wonder if he's top 10 🤔
#Sixers #HereTheyCome #SixersOutsiders
https://t.co/ZLATrlfVTJ",1520439742936100865,ImYourHostVick3
The Washington Wizards ... call your office!,1520426806586658817,CillizzaCMM
NBC Sports Washington production team when the Wizards can bring in a local and DeMatha product https://t.co/NsxGA7W4ZR https://t.co/eqPUl8qv4X,1520404694031650816,Deetalksalot
The Houston Rockets are trading Shabazz Muhammed to the Washington Wizards in exchange for Nerlens Noel sources tell me and @TheAthletic.,1520383741394268161,JohnStanleyNBA
"🏀Highlights: San Antonio Spurs 157, Washington Wizards 153|2.25.2022🏀
👇
https://t.co/9yD0gs2u8U

#MFFL
#Rockets
#GrindCity
#WBD
#PorVida
#相互100
#フォロバ100
#バスケットボール
#バスケ",1520367715516653568,nbawest_matome
NBA Leader: 24.0 PPG NBA 2k22 MyCareer Ep 52 - 227's YouTube Chili' Bradley Chili' Beal 24.0 PPG 4.7 RPG 6.4 APG #DCAboveAll Spicy' https://t.co/GxMGo1S9qz https://t.co/8Batr9LKfu #Florida #Gators was surprising in the 4th -… https://t.co/GhR7jkAZHO https://t.co/DGOBYSBHVf,1520311400769368064,Hoops227_NFL
"The Washington Wizards are relocating to Montréal, Quebec-Canada after the end of this season.",1520308209222701058,JohnStanleyNBA
"⛹🏽‍♂️ Automated

Reporter Nicole Monroe

Adrian Dantley takes a deep two with 2 seconds remaining - and misses - losing to the Washington Wizards by one.",1520296645727973377,NBAFantasyTweet
"On this day in sports history April 30, the Cleveland Cavaliers swept the Washington Wizards to advance to the 2nd Round of the NBA Playoffs for the 2nd consecutive year in 2007.",1520266046258745344,NF201111
"$6

Washington Wizards Court

Stack up till June 1st https://t.co/EM6yBTD4eH",1520244159210135552,LebronsLocker
@wyche89 I remember the days when you covered the Wizards for the Washington Post.  What team do you think has had the best draft so far?,1520231940053422088,AdamBattocchi
NBA Leader: 24.0 PPG 227's YouTube Chili' Bradley Chili' Beal 24.0 PPG 4.7 RPG 6.4 APG #DCAboveAll Spicy' https://t.co/GxMGo1S9qz https://t.co/8Batr9LKfu #Florida #Gators? https://t.co/QPvZucdwkF https://t.co/DGOBYSBHVf,1520223719158734849,Hoops227_NFL
"#Washington #Wizards: A dream come true for @cdm4life!

##DCAboveAll | @NBCSWashington... 
 
https://t.co/duAvqiEy8e
 
#Basketball #DC #NationalBasketballAssociation #NBA #NBAEasternConference #NBAEasternConferenceSoutheastDivision #WashingtonWizards https://t.co/BoTTh98vfB",1520205817735225349,raw_chili
The Washington Wizards are trading for rookie Svi Mykhailiuk to the Dallas Mavericks in exchange for John Collins sources tell me and @TheAthletic.,1520205066480750592,JohnStanleyNBA
Let me introduce you to Ted Leonsis and the Washington Wizards! https://t.co/HSnQBBvF2m,1520189878411182080,WizardsWoman
The Philadelphia 76ers are trading Bogdan Bogdanovic to the Washington Wizards in exchange for Nikola Vucevic sources tell me and @TheAthletic.,1520179872798191621,JohnStanleyNBA
"I’m sold on Simons being the next great Washington Wizards guard, front office needs to make that happen.",1520173483514204162,sameolshhh
The Washington Wizards have won the 2037 NBA championship.,1520162288782614528,JohnStanleyNBA
"#Washington #Wizards: A dream come true for ...
 
https://t.co/KhPacZMmng
 
#DC #EasternConference #EasternConferenceSoutheast #EasternConferenceSoutheastDivision #NBAEastern #NBAEasternConference #NBAEasternConferenceSoutheast #NBAEasternConferenceSoutheastDivision https://t.co/jjg9RDBy9C",1520158241489096705,LoveNBAcom
nbc sports washington names Chris Miller it's new wizards play by play annoucer replacing Justin Kutcher,1520155657659371520,chewy7
The Washington Wizards ... call your office!,1520154645687009280,CillizzaCMM
"Chris Miller named NBCSW's primary Wizards play-by-play man

https://t.co/QkPVWL5xgl https://t.co/WgLLwMvydj",1520148237759434752,theBlackKaner88
"Chris Miller has been announced as the new play by play voice of the Washington Wizards, replacing Justin Kutcher
https://t.co/2CzX3oEaK5",1520144641907171330,awfulannouncing
"[ THREAD ] 🏀🔴🔵
Today IC presents:
The Washington Wizards, DC above... Who !?!
#NBAPlayoffs #NBA #basketball @WashWizards https://t.co/tUshFuj4pU",1520133666797670401,Icon_Circus
"Chris Miller is the new TV voice of the Washington Wizards, replacing Justin Kutcher https://t.co/hIV1GBZJiK https://t.co/L9AHh7fJRf",1520104772258320384,fangsbites
"Chris Miller is the new TV voice of the Washington Wizards, replacing Justin Kutcher https://t.co/CvObGbx4LU https://t.co/zINB2IFLWV",1520084011313369088,awfulannouncing
[Ourand] Chris Miller (@cmillsnbcs) will be the new TV voice of the Washington Wizards. https://t.co/cJpv350mnZ,1520079625493360642,WizardsReddit
"⁦@cmillsnbcs⁩ Excellent choice. Congrats Chris! 

Chris Miller named NBCSW's primary Wizards play-by-play man 

https://t.co/zX7nKfFw3M https://t.co/n1fk0QT5Uv",1520078885144207361,LoLo_DCraised
"Chris Miller is one of the best voices and analyst for the Washington Wizards. Now, we get to hear him break down every game ? Huge WIN for NBC Wash and Wizards fans. 

Congrats @cmillsnbcs",1520077074618359811,ronharrodjr
Chris Miller named Wizards TV play-by-play announcer https://t.co/r3G5cSPbZ3,1520076173979656193,aleeinthedmv
Chris Miller named primary Wizards play-by-play broadcaster for NBC Sports Washington https://t.co/O3mGMAV3v8,1520074457015984128,n_so5
The Washington Wizards are signing veteran free agent Sandro Mamukelashvili to a three-year contract. Per @JohnStanleyNBA,1520071720073236480,JohnStanleyNBA
@HaysCarlyon Jaguars drafting Walker was like the Washington Wizards drafted Kwame Brown. smh,1520069090148335616,ANB2KMyTeam
Justin Kutcher resigns as the Wizards’ TV play-by-play announcer https://t.co/xbEP3lYEdX,1520057310059675648,aleeinthedmv
The Washington Wizards need to go back to their old 90's rebrand blue jerseys,1520053370396020736,Robert_Barrone
Curious Washington Wizards fans who do you want the next Wizards Play-by-Play voice to be? 👀🔽 #DCFamily,1520046743802499072,therealknelson
"The new play by play voice for the Washington Wizards? That’s right, it’s me.",1520045233936941056,Unsilent
"Wizards Play-by-Play announcer Justin Kutcher thanking the fans for the opportunity to be one of the voices of Washington.

Best wishes to him in his next endeavor 🎉 https://t.co/uFpuROrGUC",1520045208364273666,therealknelson
"On this day in sports history April 29, the Washington Wizards defeated the Chicago Bulls 4-1 to advance to the 2nd Round of the NBA Playoffs in 2014.",1520031372785688576,NF201111
"#OnThisDay 2013
Jason Collins of the NBA's Washington Wizards announced in Sports Illustrated that he is gay. ""I'm a 34-year-old NBA center. I'm black and I'm gay."" he writes. Collins is the first active athlete in the NBA, NFL, NHL, or MLB to make the announcement.
#LGBTHistory https://t.co/Y9SZ1DGLDm",1520020071300575234,WalterKlingler
"2 Trade Packages To Send @KDTrey5 To Washington Wizards #NetsWorld #DCAboveAll #KevinDurant

Read More- https://t.co/3uPoAcTZX1 https://t.co/X3VGUfEydS",1520018652329828353,PSDnews
Vintage Starter Puffer Pullover 1/4 Zip Jacket Washington Wizards NBA Mens XL https://t.co/E5lMUhYEsY eBay https://t.co/opohYghQ38,1520000327717584897,FanSouvenirs
NBA Leader: 24.0 PPG Washington Wizards Corey Kispert Season Review. Mock Trade Thursday https://t.co/XSP3TC1f0L https://t.co/DGOBYSBHVf,1519986105587625984,Hoops227_NFL
https://t.co/gnmqg3dWJo Washington Wizards Corey Kispert Season Review. Mock Trade Thursday https://t.co/UWX6dZ0BCp https://t.co/KgeGggtKj1,1519971777362817024,Hoops227_CBB
The Washington Wizards are releasing rookie Collin Sexton sources tell me and @ESPN,1519908078384074754,JohnStanleyNBA
"Playing each game in the the whole playoffs in nba 2k21 with the Washington wizards im gonna see if i can get them to win the chip

I can’t believe at the time I actually thought we would beat philly",1519884118837932032,russwestfacts
These playoff games/teams have reminded me that the Washington Wizards have no dog in them. They don’t want to compete man…fml,1519860977361113092,yourpapiRey
NBA Leader: 24.0 PPG 227's YouTube Chili' Bradley Chili' Beal 24.0 PPG 4.7 RPG 6.4 APG #DCAboveAll Spicy' https://t.co/GxMGo1S9qz https://t.co/8Batr9LKfu #Florida #Gators? https://t.co/QPvZucdwkF https://t.co/DGOBYSBHVf,1519860798801080320,Hoops227_NFL
"It’s like everytime I hold a lil bit of hope for Washington both the wizards and commanders, they fold 😞😞😞",1519856229480288257,QuisOfDeath
"NBA  LIVE LIVE 
Raptors vs 76ers  
Go to  live her
go to  live her :https://t.co/uuTyBvTtwJ
Or HD her :https://t.co/9xaZguXj2k
#neo1kcontest #nba #sports #basketball #wizards #washington #nbaart #nbaposters #sportsposters #smsports https://t.co/xHjw25HYIv",1519826011038396416,NBA72928673
"Manute Bol vs Washington Wizards in 1986

4 Points
4 Rebounds 
2/5 FG - 40%
15 Blocks

One of the craziest stat lines all-time https://t.co/37YKvgC9SL",1519812674447630336,NBAMuse24
NBA Leader: 24.0 PPG Washington Wizards Season Review - Can Kristaps Porzingis Exist With 227's YouTube Chili' Bradley Chili' Beal 24.0 PPG 4.7 RPG 6.4 APG #DCAboveAll Spicy' https://t.co/GxMGo1S9qz https://t.co/8Batr9LKfu… https://t.co/p6BaVpNACf https://t.co/DGOBYSBHVf,1519788582298288128,Hoops227_NFL
The Washington Wizards are waiving veteran James Johnson sources tell me and @ESPN,1519742003629547520,JohnStanleyNBA
Charlotte Hornets: Washington Wizards players to target in free agency – NBA News https://t.co/JnYPkUdwZ6,1519725553527361536,sportsnews2022
The Washington Wizards are trading for rookie Dikembe Mutombo to the Utah Jazz in exchange for Taj Gibson sources tell me and @TheAthletic.,1519721888485847040,JohnStanleyNBA
NBA36 PROJECT Eastern Conference 1st Rd Gm 6 - Milwaukee Bucks @ Washington Wizards: Giannis Antetokounmpo scores 47 points and grabs 10 rebounds as the Bucks beat the Wizards 124-117 to win the series. Replay Avail. https://t.co/E6U1ZSjwDE #NBA36 #basketball #AltSimSports,1519719616653766659,AltSimSports
The Washington Wizards are signing rookie Khem Birch to a 2-way contract. Per Sources.,1519714315003056128,JohnStanleyNBA
NBA Leader: 24.0 PPG 227's YouTube Chili' Bradley Chili' Beal 24.0 PPG 4.7 RPG 6.4 APG #DCAboveAll Spicy' https://t.co/GxMGo1S9qz https://t.co/8Batr9LKfu #Florida #Gators's Preggo Wife Kamiah Hands Are Full With Their 2 Sons! 😱 https://t.co/71BYBtBXma https://t.co/DGOBYSBHVf,1519707280781897729,Hoops227_NFL
"Washington Wizards

CRAZY KASINGKASING DAY
#AnjiSalvacion || 
@anjisalvacion
Translate Tweet",1519691089774407681,Lynblanco5
"New ""Bradley Beal Above the Clouds"" print available at https://t.co/H6U31zA4eB
.
.
.
@RealDealBeal23 #BradleyBeal #Beal #Washington #Wizards #Capital #AbovetheClouds #aerial #map #basketball #print #poster #graphic #design #photoshop #artist #designer https://t.co/y2s1DmvuUj",1519663874823397381,NickBuccelli
"On this day in sports history April 28, the Washington Wizards defeated the Atlanta Hawks 4-2 to advance to the 2nd Round of the NBA Playoffs in 2017.",1519654374468984834,NF201111
"New episode 🧙🏾‍♂️

🏀 Corey Kispert season review &amp; grade

🏀 Goals for Corey Kispert next season

🏀Mock trade reaction 

🎙 https://t.co/75cppNPWIh

💻 https://t.co/EOUir9UoG5 #dcaboveall",1519616393242714112,lockedonwizards
The Washington Wizards are signing Giorgi Bezhanishvili to a four-year contract. Per Sources.,1519611101884796929,JohnStanleyNBA
The Washington Wizards are trading Nick Richards to the Los Angeles Clippers in exchange for Giannis Antetokounmpo sources tell me and @TheAthletic.,1519603596005834752,JohnStanleyNBA
The Washington Wizards are signing rookie Julius Randle to a 10-day contract. Per @JohnStanleyNBA,1519590987537944576,JohnStanleyNBA
"Baltimore Bullets had to change their name due to high crime and shooting deaths. Now, they are the Washington Wizards https://t.co/FxTNGyxwT8",1519562972170960897,Celtic67Fins72
"🏀Highlights: Dejounte Murray 31 PTS, 14 AST&amp;13 REB|San Antonio Spurs vs. Washington Wizards🏀
👇
https://t.co/G5GazNsS1F

#MFFL
#Rockets
#GrindCity
#WBD
#PorVida
#相互100
#フォロバ100
#バスケットボール
#バスケ",1519552155111280640,nbawest_matome
"PICK YOUR POISON 

Kerr's new rotation results were displayed Monday night during the Washington Wizards contest. Reggie Miller, on the TNT telecast, coined the term to describe the trio of Curry, Thompson, and Poole in the same rotation.

Read More: https://t.co/bU37xCcVIN https://t.co/khfb8ILcig",1519540079454154752,FlawlessintimeI
"PICK YOUR POISON 

Kerr's new rotation results were displayed Monday night during the Washington Wizards contest. Reggie Miller, on the TNT telecast, coined the term to describe the trio of Curry, Thompson, and Poole in the same rotation.

Read More: https://t.co/gEEkyepCCB https://t.co/Kn5RTR4enl",1519539353743085571,flawlessintime
"@washwizards -Sr. Director, Athletic Performance - Washington Wizards (Washington · DC)

Application Link in Discord https://t.co/BeiirpvaBS https://t.co/JUi6ora8ko",1519508129771368448,SCJobNetwork
Washington Wizards is a tight name but like imagine being an old man back then seeing ur team go from the Bullets to the Wizards you'd be like man what the hell,1519504171065651200,boudreaux_monty
"Tonight's stream was awesome! We got an NBA Title with the Washington Wizards after 4 seasons. Thanks to @twitch_knighttj for the raid! We sent the Anime Squad to @properlyspoopi to end the night! 

See you all Saturday for Super Smash Bros weekend edition.",1519498385358835713,AmbitiousLeader
"WASHINGTON WIZARDS 'NBA AUTHENTICS CITY EDITION' 59FIFTY DARK BLUE now available from CULTUREKINGS

#newdrop #culturekings #australia #internationalshippingrates #nba #washingtonwizards #wizards #dcfamily #washingtondc #washington

https://t.co/CoCBujwDya",1519481562403799040,hatcrawler
"🤔🤔

Possible but unlikely.

Here's why:

Rui is not only a promising young man, he is a poster boy for the Wizards.

The Wizards has an official Japanese account and the Washington Wizards and Golden State Warriors will play two preseason games in Japan in 2022. https://t.co/xD1mz18F0Z",1519468772486049792,kakiyuna131016
"PICK YOUR POISON 

Kerr's new rotation results were displayed Monday night during the Washington Wizards contest. Reggie Miller, on the TNT telecast, coined the term to describe the trio of Curry, Thompson, and Poole in the same rotation.

Read More: https://t.co/gEEkyepCCB https://t.co/llboWonBIy",1519438327962738688,flawlessintime
"PICK YOUR POISON 

Kerr's new rotation results were displayed Monday night during the Washington Wizards contest. Reggie Miller, on the TNT telecast, coined the term to describe the trio of Curry, Thompson, and Poole in the same rotation.

Read More: https://t.co/bU37xCcVIN https://t.co/4LIfNo7kKa",1519437897480302592,FlawlessintimeI
Submit a question for Josh Robbins’ Washington Wizards mailbag https://t.co/fVoHrEpWOK,1519433859116331008,BerkleyBearNews
NBA Leader: 24.0 PPG NBA 2K22 Next Gen PNO: 227's YouTube Chili' Bradley Chili' Beal 24.0 PPG 4.7 RPG 6.4 APG #DCAboveAll Spicy' https://t.co/GxMGo1S9qz https://t.co/8Batr9LKfu #Florida #Gators Loses Defender With Cross Jumper https://t.co/W8fFblvbpt https://t.co/DGOBYSBHVf,1519416895115436032,Hoops227_NFL
Mfers always wanna fuck with you when they past they past their prime. I’m good Washington Wizards MJ,1519404788995301379,GreenlineBoy
"PICK YOUR POISON 

Kerr's new rotation results were displayed Monday night during the Washington Wizards contest. Reggie Miller, on the TNT telecast, coined the term to describe the trio of Curry, Thompson, and Poole in the same rotation.

Read More: https://t.co/bU37xCcVIN https://t.co/GrYWLT6hqC",1519402400712253441,FlawlessintimeI
"PICK YOUR POISON 

Kerr's new rotation results were displayed Monday night during the Washington Wizards contest. Reggie Miller, on the TNT telecast, coined the term to describe the trio of Curry, Thompson, and Poole in the same rotation.

Read More: https://t.co/gEEkyepCCB https://t.co/WF02kuDCm6",1519401555899805696,flawlessintime
The Washington Wizards are waiving Goran Dragic sources tell me and @ESPN,1519394679699124225,JohnStanleyNBA
"On this day in sports history April 27, the Toronto Raptors defeated the Washington Wizards 4-2 to advance to the 2nd Round of the NBA Playoffs for the 3rd consecutive year in 2018.",1519390071899709440,NF201111
"@EverythingxKing Washington Wizards Receive: F Bojan Bogdanovic, G Jordan Clarkson, 2022 First-Round Pick (DET), 2025 First, 2026 First, 2028 First
Utah Jazz Receive: F Jerami Grant, C Kelly Olynyk
Detroit Pistons Receive: G Bradley Beal",1519387567950635008,tmead2021
"@WashWizards 
I want to see Washington change a new name from Wizards to ............ I hope you will consider it. I hate name Wizards. It is bores and no excited. New uniform design for a new era.",1519387317605175298,ErickCA65
NBA Leader: 24.0 PPG NBA 2K22 Next Gen PNO: 227's YouTube Chili' Bradley Chili' Beal 24.0 PPG 4.7 RPG 6.4 APG #DCAboveAll Spicy' https://t.co/GxMGo1S9qz https://t.co/8Batr9LKfu #Florida #Gators Anklebreaker Stepbacks Lead To Rage… https://t.co/FmdeKFUB1Z https://t.co/DGOBYSBHVf,1519379362977517568,Hoops227_NFL
Check out Russell Westbrook  2021-22 Donruss #72  Washington Wizards Buy 4 Get 3 Free https://t.co/q0qj7SPOXF #eBay via @eBay,1519378069122859008,JustinRDouglas
"Sr. Director, Athletic Performance - Washington Wizards (Washington · DC) https://t.co/zJvVsI6IxZ",1519368916648169473,JobsOnTeamWork
"New Episode 🧙🏾‍♂️

🏀Pt. 2 of draft talk with @MavsDraft 

🏀Big 12 prospects Ochai Agbaji, Jeremy Sochan, Kendall Brown &amp; a few ACC prospects that could be there at 10 for the Wizards #dcaboveall 

🎙 https://t.co/zkL4JMdWYo

💻 https://t.co/4Jd1EUfEHg",1519321562398269441,lockedonwizards
"PICK YOUR POISON 

Kerr's new rotation results were displayed Monday night during the Washington Wizards contest. Reggie Miller, on the TNT telecast, coined the term to describe the trio of Curry, Thompson, and Poole in the same rotation.

Read More: https://t.co/gEEkyepCCB https://t.co/Al2rrWxTxP",1519317888670203904,flawlessintime
"PICK YOUR POISON 

Kerr's new rotation results were displayed Monday night during the Washington Wizards contest. Reggie Miller, on the TNT telecast, coined the term to describe the trio of Curry, Thompson, and Poole in the same rotation.

Read More: https://t.co/bU37xCcVIN https://t.co/XoZzOBjUBt",1519316817973420033,FlawlessintimeI
Jersey Washington Wizards - Bradley Beal 💥 https://t.co/5TJcrRRR2p,1519312769522315265,ReservaShark
"The Washington Wizards are relocating to St. Louis, Missouri after the end of this season.",1519311682140471296,JohnStanleyNBA
"New tumblr post: ""#NBA2K22 Portland Trailblazers vs Washington Wizards MyLeague..."" https://t.co/XRHGT4K2gY ifttt, youtube",1519282160414437376,RobjeJorbri
"How Japanese player is impacting the country reported by @LindsayDunnTV. I am able to experience the effect first hand with the Washington Wizards, but it’s always cool to see these reports from different cities and organizations as well. 

https://t.co/gT8nfenTvZ",1519280069738635264,Ryo_Shinkawa
The Morning Announcements - April 27 - Penate-Soria's essay earns Washington Wizards recognition! Neal selected for the All VA Honor Choir! School Board seeks input on the school calendar creation process. And Henderson recycling survey ends today. https://t.co/CPFFaeaJZt https://t.co/C6hGdgyzin,1519266634669731841,FCCPS
"PICK YOUR POISON 

Kerr's new rotation results were displayed Monday night during the Washington Wizards contest. Reggie Miller, on the TNT telecast, coined the term to describe the trio of Curry, Thompson, and Poole in the same rotation.

Read More: https://t.co/bU37xCcVIN https://t.co/4HP3MGhLwM",1519239671141740545,FlawlessintimeI
"PICK YOUR POISON 

Kerr's new rotation results were displayed Monday night during the Washington Wizards contest. Reggie Miller, on the TNT telecast, coined the term to describe the trio of Curry, Thompson, and Poole in the same rotation.

Read More: https://t.co/gEEkyepCCB https://t.co/WL4gktVVXX",1519237103078436864,flawlessintime
Washington Wizards coach Wes Unseld Jr. buys Potomac mansion - Washington Business Journal https://t.co/3C45mQYWyg,1519166886390681602,moto2002moto
"PICK YOUR POISON 

Kerr's new rotation results were displayed Monday night during the Washington Wizards contest. Reggie Miller, on the TNT telecast, coined the term to describe the trio of Curry, Thompson, and Poole in the same rotation.

Read More: https://t.co/gEEkyepCCB https://t.co/f2M9Wjb7EO",1519154541559619584,flawlessintime
"PICK YOUR POISON 

Kerr's new rotation results were displayed Monday night during the Washington Wizards contest. Reggie Miller, on the TNT telecast, coined the term to describe the trio of Curry, Thompson, and Poole in the same rotation.

Read More: https://t.co/bU37xCcVIN https://t.co/5ebvKRKKH0",1519153742917947392,FlawlessintimeI
"Thinking about the 13-14 Washington Wizards and;

Prime Ariza, prime Webster, prime Gortat, second year Beal, Wall was entering his prime and prime Nenê. We also had an aging but still effective Andre Miller, for half the season. That team was so much fun. I miss those days",1519146886023757824,JeffEKahn
"Running a closing mini for this break!

8 spots left in the mini.

$10 per spot

Top 9 spots after the random get a team.

Sacramento Kings
Orlando Magic
New York Knicks
New Orleans Pelicans
Milwaukee Bucks 
Brooklyn Nets
Denver Nuggets
Washington Wizards
Indiana Pacers https://t.co/Jw62uef3X0",1519141255409659904,iwasmmueller88
"Earlier last month, a Washington Wizards affiliate blogging site suggested that the team can take a look at Lee Hyunjung as a shooter prospect for NBA Draft. 🇰🇷🏀

Mystics have recently signed Kang Lee-Seul for training camp. https://t.co/mn83fcILL3",1519139456099311618,heoball
"[Chase Hughes, NBC Sports Washington] Lottery simulation: What if Wizards get the No. 1 pick? https://t.co/Jf2ruuaj1L",1519138777888956423,WizardsReddit
The Washington Wizards are signing free agent Alex Antetokounmpo to a one-year contract. Per His agent.,1519133170377003008,JohnStanleyNBA
"NBA live live
miami heat atlanta hawks  go to live 
go to  live her : https://t.co/zDhGqGhCqc
Or HD her : https://t.co/reEUDZow5D
#neo1kcontest #nba #sports #basketball #wizards #washington #nbaart #nbaposters #sportsposters #smsports https://t.co/bLN2gHUuPa",1519127823855890433,NBA72928673
NBA Leader: 24.0 PPG NBA 2K22 All-Time Tournament - Detroit Pistons vs. Washington Wizards [1080p 60 FPS] https://t.co/ZPIlayJZ0f https://t.co/DGOBYSBHVf,1519127200804483072,Hoops227_NFL
"He just called us the Washington wizards 
At the nationals game get him outta here",1519112662101147648,1MoneyMakinRich
Washington Wizards coach buys Potomac mansion  https://t.co/4SJt0J8OPE,1519104113572823040,WBJonline
I don’t think the Washington wizards go make another playoffs i don’t know we will have to see about that,1519077844193849344,Rell_moneygod
"PICK YOUR POISON 

Kerr's new rotation results were displayed Monday night during the Washington Wizards contest. Reggie Miller, on the TNT telecast, coined the term to describe the trio of Curry, Thompson, and Poole in the same rotation.

Read More: https://t.co/bU37xCcVIN https://t.co/7XrQqekud7",1519073287887761408,FlawlessintimeI
"PICK YOUR POISON 

Kerr's new rotation results were displayed Monday night during the Washington Wizards contest. Reggie Miller, on the TNT telecast, coined the term to describe the trio of Curry, Thompson, and Poole in the same rotation.

Read More: https://t.co/gEEkyepCCB https://t.co/72df8fmBaa",1519072600722341888,flawlessintime
The Washington Wizards are waiving Coby White sources tell me and @ESPN,1519067526549803008,JohnStanleyNBA
NBA Leader: 24.0 PPG 227's YouTube Chili' Bradley Chili' Beal 24.0 PPG 4.7 RPG 6.4 APG #DCAboveAll Spicy' https://t.co/GxMGo1B6oz https://t.co/8Batra3TtC #Florida #Gators To Be Traded To The Los Angeles Lakers? Joining LeBron… https://t.co/7vbbNpAhdB https://t.co/DGOBYSTR9n,1519049939552473088,Hoops227_NFL
Some Behind the scenes of @zaytodd ‘s workout. To all the Washington Wizards fans out there he's putting in the work. 3 Ball looked GREAT! https://t.co/AF0ooCnWLY,1519044273693507584,waynec0le
"The Washington Wizards are relocating to Seattle, Washington after the end of this season.",1519037311786242048,JohnStanleyNBA
"https://t.co/gnmqg3dWJo Washington Wizards 2022 NBA Draft Prospects TyTy Washington, Kennedy Chandler &amp; Tari Eason https://t.co/wfDEAgrSVh https://t.co/KgeGggtKj1",1519000130304692224,Hoops227_CBB
"NBA Leader: 24.0 PPG Washington Wizards 2022 NBA Draft Prospects TyTy Washington, Kennedy Chandler &amp; Tari Eason https://t.co/NFYuZYqFkh https://t.co/DGOBYSBHVf",1518995453924184064,Hoops227_NFL
"Washington Wizards coach Wes Unseld Jr. paid millions for a Potomac mansion ""perched high on a beautiful private"" lot. Among its listed amenities: an arcade and multisport court.  https://t.co/9Kbb679UGd",1518983316145377280,WBJonline
Jacob Haynes's favorite basketball team is the Washington Wizards.,1518960726508941317,HaynesFacts
"On this day in sports history April 26, the Washington Wizards swept the Toronto Raptors to advance to the 2nd Round of the NBA Playoffs for the 2nd consecutive year in 2015.",1518958087058739201,NF201111
"PICK YOUR POISON 

Kerr's new rotation results were displayed Monday night during the Washington Wizards contest. Reggie Miller, on the TNT telecast, coined the term to describe the trio of Curry, Thompson, and Poole in the same rotation.

Read More: https://t.co/gEEkyepCCB https://t.co/WvyEwXLzPh",1518957371917148160,flawlessintime
"@WashWizards won the @NBA Team Innovation Award based on its success @CaesarsSports by William Hill. 

This story shows physical sportsbooks are a vital touchpoint in the sports betting ecosystem creating revenue and experience.

Article via @SportTechie

https://t.co/dk4GcbC2QT",1518956822606004225,HPLDigitalSport
"PICK YOUR POISON 

Kerr's new rotation results were displayed Monday night during the Washington Wizards contest. Reggie Miller, on the TNT telecast, coined the term to describe the trio of Curry, Thompson, and Poole in the same rotation.

Read More: https://t.co/bU37xCcVIN https://t.co/zGI78QNsd4",1518956027764350976,FlawlessintimeI
2004 05 Topps Chrome BLACK Refracto #thehobby https://t.co/ZpcDdNUwUf,1518914910004129792,CardboardFeed
"New Draft talk episode pt.1🧙🏾‍♂️

@MavsDraft joins the show

🏀Draft options at pick 10 for the Wizards 

🏀Breakdown on SEC prospects 

🏀TyTy Washington, Kennedy Chandler, Tari Eason &amp; more #DCAboveAll 

🎙 https://t.co/IDn0GkWS1g

💻 https://t.co/YOp7InTq2B",1518893494986756096,lockedonwizards
"PICK YOUR POISON 

Kerr's new rotation results were displayed Monday night during the Washington Wizards contest. Reggie Miller, on the TNT telecast, coined the term to describe the trio of Curry, Thompson, and Poole in the same rotation.

Read More: https://t.co/gEEkyepCCB https://t.co/6Zx59GNzf3",1518885927799517184,flawlessintime
2004 05 Topps Chrome BLACK Refr #whodoyoucollect https://t.co/BGvjtqixGG,1518854887500566528,sportscardcoder
"The Washington Wizards are relocating to Louisville, Kentucky after the end of this season.",1518851100710817792,JohnStanleyNBA
2004 05 Topps Chrome BLACK Refracto #thehobby https://t.co/AWPeNci6lh,1518848273997606923,CardCrawler
"PICK YOUR POISON 

Kerr's new rotation results were displayed Monday night during the Washington Wizards contest. Reggie Miller, on the TNT telecast, coined the term to describe the trio of Curry, Thompson, and Poole in the same rotation.

Read More: https://t.co/bU37xCcVIN https://t.co/TwEC75qgFc",1518846302393540608,FlawlessintimeI
"NBA36 PROJECT East 1st Rd G5 - Washington Wizards @ Milwaukee Bucks: Giannis Antetokounmpo registers a triple double (25 P, 15 R, 13 A) as the Bucks take a 3-2 series lead with 113-109 win over the Wizards. Replay Avail https://t.co/TvsaytfCSk #NBA36 #basketball #AltSimSports",1518816047301808128,AltSimSports
The Golden State Warriors are trading for rookie Brad Wanamaker to the Washington Wizards in exchange for Udonis Haslem sources tell me and @TheAthletic.,1518810821731622912,JohnStanleyNBA
Washington Wizards Win NBA Team Innovation Award Thanks to Sportsbook https://t.co/7jE6r7eJw7,1518801422640627712,moto2002moto
"PICK YOUR POISON 

Kerr's new rotation results were displayed Monday night during the Washington Wizards contest. Reggie Miller, on the TNT telecast, coined the term to describe the trio of Curry, Thompson, and Poole in the same rotation.

Read More: https://t.co/gEEkyepCCB https://t.co/XTUeccKm2d",1518799610168287232,flawlessintime
NBA Leader: 24.0 PPG Grinding For 227's YouTube Chili' Bradley Chili' Beal 24.0 PPG 4.7 RPG 6.4 APG #DCAboveAll Spicy' https://t.co/GxMGo1S9qz https://t.co/8Batr9LKfu #Florida #Gators in Nba 2k22 MYTEAM! https://t.co/4DyTRdoSkS https://t.co/DGOBYSBHVf,1518790119204958208,Hoops227_NFL
Just like my Washington Wizards legacy overall 😂 https://t.co/Zt6FT2ueOK,1518776764117491713,__Mountagaa
kevin durant confirmed to the washington wizards https://t.co/4TbsciUxzN,1518766653751926784,Xploiterr
"🏀Highlights: San Antonio Spurs 157, Washington Wizards 153|2.25.2022🏀
👇
https://t.co/1lMMSlWNyW

#MFFL
#Rockets
#GrindCity
#WBD
#PorVida
#相互100
#フォロバ100
#バスケットボール
#バスケ",1518766621128597504,nbawest_matome
"PICK YOUR POISON 

Kerr's new rotation results were displayed Monday night during the Washington Wizards contest. Reggie Miller, on the TNT telecast, coined the term to describe the trio of Curry, Thompson, and Poole in the same rotation.

Read More: https://t.co/gEEkyepCCB https://t.co/RbGhERSblN",1518765899037118464,flawlessintime
"PICK YOUR POISON 

Kerr's new rotation results were displayed Monday night during the Washington Wizards contest. Reggie Miller, on the TNT telecast, coined the term to describe the trio of Curry, Thompson, and Poole in the same rotation.

Read More: https://t.co/bU37xCcVIN https://t.co/bL7Xr1NhRp",1518764662057177088,FlawlessintimeI
"With the 10th overall pick the Washington Wizards select Bennedict Mathurin. 

Pinning this so we can come back to it when it comes to reality. https://t.co/gfzHlUS2RP",1518755290212368385,rileyricharrds
Washington Wizards Basketball https://t.co/qgCC6lIguP,1518729214777774080,gabriwlgs
The Washington Wizards are releasing veteran Lou Williams sources tell me and @ESPN,1518715227822379008,JohnStanleyNBA
"I just realized, Washington is totally a 🏒 town now. The Nats, Commanders, Wizards, DC United, and Mystics could all draw less home team fans than the Caps average on any given game day. https://t.co/1ovQL2hQU4",1518703127716847617,MPsNewsDesk
"PICK YOUR POISON 

Kerr's new rotation results were displayed Monday night during the Washington Wizards contest. Reggie Miller, on the TNT telecast, coined the term to describe the trio of Curry, Thompson, and Poole in the same rotation.

Read More: https://t.co/bU37xCcVIN https://t.co/fZOCnvPosV",1518699324342882304,FlawlessintimeI
"PICK YOUR POISON 

Kerr's new rotation results were displayed Monday night during the Washington Wizards contest. Reggie Miller, on the TNT telecast, coined the term to describe the trio of Curry, Thompson, and Poole in the same rotation.

Read More: https://t.co/gEEkyepCCB https://t.co/1YgiATBJQZ",1518698708505833472,flawlessintime
Buy some professional sports franchises. Mostly to either change the name of the Utah Jazz or Washington Wizards. Or maybe being back the Houston Comets and Seattle Supersonics https://t.co/GFQT5CyNT9,1518677872562479104,AVocalistsRival
"PICK YOUR POISON 

Kerr's new rotation results were displayed Monday night during the Washington Wizards contest. Reggie Miller, on the TNT telecast, coined the term to describe the trio of Curry, Thompson, and Poole in the same rotation.

Read More: https://t.co/gEEkyepCCB https://t.co/SZMgAUDWSs",1518676162980892672,flawlessintime
The Washington Wizards are releasing Jabari Parker sources tell me and @ESPN,1518674962311131136,JohnStanleyNBA
"PICK YOUR POISON 

Kerr's new rotation results were displayed Monday night during the Washington Wizards contest. Reggie Miller, on the TNT telecast, coined the term to describe the trio of Curry, Thompson, and Poole in the same rotation.

Read More: https://t.co/bU37xCcVIN https://t.co/LRqmoGtvKP",1518673962586181633,FlawlessintimeI
"PICK YOUR POISON 

Kerr's new rotation results were displayed Monday night during the Washington Wizards contest. Reggie Miller, on the TNT telecast, coined the term to describe the trio of Curry, Thompson, and Poole in the same rotation.

Read More: https://t.co/bU37xCcVIN https://t.co/lMgKlDZke7",1518659509715013633,FlawlessintimeI
"PICK YOUR POISON 

Kerr's new rotation results were displayed Monday night during the Washington Wizards contest. Reggie Miller, on the TNT telecast, coined the term to describe the trio of Curry, Thompson, and Poole in the same rotation.

Read More: https://t.co/gEEkyepCCB https://t.co/xWEL6rI2xM",1518656621160763397,flawlessintime
NBA Leader: 24.0 PPG 227's YouTube Chili' Bradley Chili' Beal 24.0 PPG 4.7 RPG 6.4 APG #DCAboveAll Spicy' https://t.co/GxMGo1S9qz https://t.co/8Batr9LKfu #Florida #Gators and Mike Bibby Join the Knuckleheads at the Jordan Brand… https://t.co/vAo4YfksjK https://t.co/DGOBYSBHVf,1518653095768559616,Hoops227_NFL
WASHINGTON WIZARDS BASKETBALL https://t.co/uOXIHclkri https://t.co/IaWRtiSjRm,1518649693324120065,gabriwlgs
The Ringer's Kevin O'Connor has Montreal's Bennedict Mathurin going 10th to the Washington Wizards in his latest NBA Mock Draft. https://t.co/Zfogz37srH,1518635069258219521,tristandamours
So Elon can I interest you in a 3 billion investment in the Washington Wizards?,1518629596626882562,IDontSingh1
"This regular season, the Washington Wizards ranked number 25 in the NBA for defensive rating at 114.5 #WashingtonWizards #DCAboveAll #NBA #NBA75 #NBATwitter #NBAPlayoffs",1518620186659622912,NBAInformatics
"I learned this lesson well when I was tracking individual defense. That included offensive play types, as well as defensive strategies. One game in particular stood out: the Wizards vs. Cleveland and Lebron -- Eddie Jordan was coaching Washington. https://t.co/c84MtwtU41",1518614598085140485,so_wizards
The Washington Wizards are signing free agent Bradley Beal to a one-year contract. Per @TheAthletic,1518602038698860544,JohnStanleyNBA
The Orlando Magic are trading for veteran Norman Powell to the Washington Wizards in exchange for James Johnson sources tell me and @TheAthletic.,1518599480362242048,JohnStanleyNBA
"On this day in 1998, Dallas Burn beat Kansas City Wizards 3-1 at Cotton Bowl, with goals from Gerell Elliott, Damián Álvarez and Dante Washington.

#MLS | #DTID | #SomosFCD https://t.co/jOrZWvFrRu",1518590858014117888,usasupersoccer
"Throwback to when Isaiah Tomas did this to take a 2-0 series lead on the Washington Wizards

53 Points
4 Rebounds
4 Assist
3 Steals
18/33 FG - 54%
5/12 3p - 41%
12/13 FT - 92%

@isaiahthomas Couldn't be stopped! https://t.co/JQcURbP2xc",1518580246022344707,NBAMuse24
Happy birthday to Jan vesely of the Washington wizards #janvesely #geoplinslovan #partizan #washingtonwizards #denvernuggets #fenerbahce https://t.co/k7E5J3ocaE,1518556453115625472,clemons8204
"My Wizards Wishlist for the upcoming offseason: 

Draft Targets:
• Bennedict Mathurin: A player that would fit well alongside Brad with Bennedict being a high value off ball scorer, if he was to be picked up by Washington he would need to fall slightly. This pick would also…",1518530556619030528,Rooey23
"Special Guest Ashley Baker @AshleyBaker_21 🧙🏾‍♂️

🏀Biggest off-season needs other than point guard

🏀Possible point guard targets for the Wiz

🏀How did Wes Unseld jr do in his first season? #DcAboveAll 

🎙 https://t.co/LngUfcwfei

💻 https://t.co/GQvbSixUQc",1518530294588100608,lockedonwizards
"Mailbag pt 2 🧙🏾‍♂️

🏀Can Deni play point guard?

🏀What are the Washington Wizards goals for next season? 

🏀Who out of the forwards would the Wiz trade to acquire a point guard? #DcAboveAll

🎙 https://t.co/I28ByKc9QC

💻 https://t.co/79QWt5gcbf",1518529496160296962,lockedonwizards
WASHINGTON -- Rui Hachimura's improvement as a 3-point shooter was one of the most positive developments for the Wizards this past season.,1518525511667896320,vaidehiT6
WASHINGTON -- The question was posed to Wizards forward Kentavious Caldwell-Pope.,1518522405487972358,justano23327712
"After the Wizards traded him and Bertans for Kristaps Porzingis, Dinwiddie further discussed his role and described the trade as getting, ""kicked out the door,"" by Washington.",1518521817350438912,FilipBachura
"During a short, 44-game stint with the Washington Wizards, Spencer Dinwiddie usually did his best work when Bradley Beal was out due to injury or COVID-19 protocols.",1518521772814987264,mladenddinev
Ugliest Uniforms in Sports.                            NFL = Cleveland Browns.                                MLB = Oakland Athletics                                NBA = Washington Wizards ?,1518499079432642560,JasonJtweakz
NBA Leader: 24.0 PPG Boo Williams Invitational | Zone 6 Celtics vs Lady 227's YouTube Chili' Bradley Chili' Beal 24.0 PPG 4.7 RPG 6.4 APG #DCAboveAll Spicy' https://t.co/GxMGo1S9qz https://t.co/8Batr9LKfu #Florida #Gators Elite |… https://t.co/U8HVrCoZgn https://t.co/DGOBYSBHVf,1518449987524341760,Hoops227_NFL
"Skull Washington Wizards NBA Hawaiian Shirt
Buy here: https://t.co/tr8SnQ7Eq0
#Skull #WashingtonWizards #NBA #HawaiianShirt https://t.co/9JUTc3tN50",1518445295108956161,gethighshirt
"My oldest son graduated from high school.
I was creating 3D animations for the Washington Wizards, Mystics, and Capitals and creating CD-Extra multimedia experiences for local band Emmet Swimming. https://t.co/Yew0fbJ25a https://t.co/FyhES01MrI",1518403184259129345,EWParris
"25% will go to the @HSIGlobal

#CoreyKispert #Kispert #WashingtonWizards #Washington #Wizards #RepTheDistrict #NBA #NBADraft #NBAFinals #NBAPlayoffs 

https://t.co/UvNo5TQsIG",1518399554101649414,project_elbc
NBA Leader: 24.0 PPG 227's YouTube Chili' Bradley Chili' Beal 24.0 PPG 4.7 RPG 6.4 APG #DCAboveAll Spicy' https://t.co/GxMGo1S9qz https://t.co/8Batr9LKfu #Florida #Gators 2k22 https://t.co/aEZ7N4cewx https://t.co/DGOBYSBHVf,1518395756696141824,Hoops227_NFL
1 Bold Trade For Wizards To Offer To Bring Back Russell Westbrook: https://t.co/e5cMJ0RIOY,1518389230484918273,LakerTom
"PICK YOUR POISON 

Kerr's new rotation results were displayed Monday night during the Washington Wizards contest. Reggie Miller, on the TNT telecast, coined the term to describe the trio of Curry, Thompson, and Poole in the same rotation.

Read More: https://t.co/gEEkyepCCB https://t.co/BmJVMUlRyy",1518377418330845186,flawlessintime
The Washington Wizards are signing free agent Tobias Harris to a two-year contract. Per His agent.,1518367904592318464,JohnStanleyNBA
"PICK YOUR POISON 

Kerr's new rotation results were displayed Monday night during the Washington Wizards contest. Reggie Miller, on the TNT telecast, coined the term to describe the trio of Curry, Thompson, and Poole in the same rotation.

Read More: https://t.co/gEEkyepCCB https://t.co/oR2epHe9rk",1518364227995537408,flawlessintime
"PICK YOUR POISON 

Kerr's new rotation results were displayed Monday night during the Washington Wizards contest. Reggie Miller, on the TNT telecast, coined the term to describe the trio of Curry, Thompson, and Poole in the same rotation.

Read More: https://t.co/bU37xCcVIN https://t.co/6Ng1Gp6wnj",1518361308437000192,FlawlessintimeI
Check out 2014 NBA Hoops Washington Wizards DeJuan Blair Trading Card https://t.co/eUTQBjZh8n #eBay via @eBay #NBA #NBAonTNT #NBA75 #NBATopShotThis #NBAPlayoffs,1518358709352677376,MMBSports
The Wizards earned the NBA’s Team Innovation Award for the 2021-22 season - Bullets Forever https://t.co/djboh08EfX,1518334924855644161,Africadisruptiv
"This reminds me of the Mystics WNBA attendance banners …. useless like @TedLeonsis as owner @WashWizards 🤦🏾‍♂️

The Wizards earned the NBA’s Team Innovation Award for the 2021-22 season https://t.co/deM9QmxOi0 via @BulletsForever",1518329996284248066,LoLo_DCraised
This washington wizards team doesn’t get talked about enough … https://t.co/lvAvLPkcl0,1518329778050240512,HurryPablo
Los Angeles Lakers? Washington Wizards? https://t.co/r2dMRMBWrB,1518310990085079041,grayfactor
"Washington Wizards Rim Rocker ’47 Vintage shirt

https://t.co/h5uTy78RLA https://t.co/Dd9lTXIbQK",1518301583204917250,parceldlogansa
"Washington County Wizards 13U win Okawville tournament with a 8-0 win vs O’Fallon Bombers. Emrick pitches no hitter, Wizards banged out 11 hits. One error from pitching a perfect game. https://t.co/mLvCNMdHST",1518284690192584707,JeremyBultman
"PICK YOUR POISON 

Kerr's new rotation results were displayed Monday night during the Washington Wizards contest. Reggie Miller, on the TNT telecast, coined the term to describe the trio of Curry, Thompson, and Poole in the same rotation.

Read More: https://t.co/bU37xCcVIN https://t.co/hwptSLzsuq",1518266574381019136,FlawlessintimeI
"PICK YOUR POISON 

Kerr's new rotation results were displayed Monday night during the Washington Wizards contest. Reggie Miller, on the TNT telecast, coined the term to describe the trio of Curry, Thompson, and Poole in the same rotation.

Read More: https://t.co/gEEkyepCCB https://t.co/Q4U0m9FpQ2",1518264323138723840,flawlessintime
"Deni Avdija,of the Washington Wizards,talks about his NBA Season and Israeli National Team: https://t.co/N9EYUDQEqY",1518248981624676352,roijay
"Washington Wizards

Russell Westrook Mosaic USA Pink Camo - $1.50
John Wall Optic Red Disco /85 - $3 https://t.co/rMiqvkXYHY",1518235474556592130,scrappy366
