full_text,tweet_id,screen_name
my dad just got zac efron and bo burnham mixed up?!,1520913700399497220,404HQ
zac efron in hairspray 🫶🫶🫶,1520910823241134081,delanxey
my sister just called chase stokes zac efron's son https://t.co/FO2CkH3KwA,1520904229795344387,eIumax
"fancasts be so random sometimes, like what do you mean you want zac efron as magneto?",1520904105736081408,616ERlK
Zac Efron has an A list face but he’s been doing B list work lately,1520902081045053440,nna_onu
"Would you look at this! 😖 Nine providing dramatic graphics for an announcement heralding Frydenberg’s visit to Hawthorn like it’s Zac Efron’s whose been spotted… And if he’s speaking in Hawthorn “ahead of the federal election”, I hope he’s comfortable. https://t.co/KiABxvFklg",1520901377433948160,churchmouse22
i see u zac efron https://t.co/gSXyllGJOy,1520891545993375745,bugipIier
I wanted ashley tisdale and zac efron to be together so bad when I was a kid,1520891269156900864,smellslikekrist
High school musical really gaslighted an entire generation into thinking zac efron was attractive,1520890986649464833,BlueProbably
The UFC just shaded Zac Efron in the most hilarious way #FanSided #MMA https://t.co/rb4d0p5Au0,1520886415340412928,x3tko
I want to see this new Firestarter movie but Zac Efron is the dad? https://t.co/FzSaqTfaK6,1520873445248184321,FareedBlackman
Zac Efron is playing a father in a movie.. I am old.,1520869199903604736,shwaaang
"I love Zac Efron so much! Also, what do you think about dancing?",1520863482471583744,Kelly46370057
"I'm Genuinely So, So Curious Whether You Would Keep Or Delete These Star-Studded Guys: I can't imagine anyone ever deleting Zac Efron.

---

View Entire Post › https://t.co/f0r04BlCNV https://t.co/BdDm5hG1WD",1520861385227333632,BetterknowYou
Much of how celebrities eat is basically disordered eating/starvation diet. They’re rarely naturally thin or supposed to be that lean. Remember Zac Efron crying about being able to eat carbs again? https://t.co/qlhY21HnWP,1520860108678389767,JasleeneJ
I don’t think my love for Zac Efron will ever go away,1520859591050936322,jessbourhill77
"Things are 🔥 HEATING UP 🔥 over at @peacockTV! Stephen King's #Firestarter is set to premiere May 13th!

https://t.co/BZ6ku7epwR",1520854197943422976,FanReviews
Like my friend Zac Efron did in his docuseries.,1520853042530189312,ZEPscript
"Zac Efron is a Real ‘Firestarter’ in Over 20 Images from Peacock’s Stephen King Movie 🔥🔥🔥

See more by @bdisgusting :
Here =&gt; https://t.co/WrQErwNv6A https://t.co/uaSdZaCL2z",1520849287030226945,ClubSTEPHENKING
MY COUSIN JUST SAID SHE KNEW ZAC EFRON FROM THE GREATEST SHOWMAN NOT HIGH SCHOOL MUSICAL IM GONNA CRY,1520848360525213698,Imcalledmadison
WHY DO YOU LOOK LIKE ZAC EFRON https://t.co/3Pf7HIaP0G,1520843566276304897,vanejpeg
Word on the streets Zac Efron Human Torch…,1520842902787686400,Javan_TPC
"I love Zac Efron so much! Also, what do you think about swimming?",1520838302764441601,Kelly46370057
I just came to terms with my age by seeing a movie trailer where Zac Efron is playing a dad.,1520837085954932738,heyjesxo
when did zac efron get old enough to play the father in movies? he was like 17 yesterday.,1520833183297724423,hshinkler97
NOOOOOPEEEEEE. Not happening. Not even fuck daddy Zac Efron would be allowed. Nope! https://t.co/BzpcnDF2uJ,1520828321369518080,daniellucasox
"Hey guys, Zac Efron posted a new photo https://t.co/tUkaIqEXjG",1520825393397260289,blackhereticc_
"why does he look like,, 

wait who does he look like 

Zac Efron??? https://t.co/0plP0VcUQY",1520824311946248192,unusmortem
Gonna take a wild guess and say that Zac Efron never flirted with her https://t.co/DiMGueOggW,1520813442499764224,lindsay5grams
zac efron is playing a DAD now??? is he not 17 anymore?,1520803131478708224,chameleonledge
making my little sister watch all the high school musical movies with me to educate her. zac efron let me talk to you,1520797426952593409,adventureslwt
🌀. CHILDE AND ZHONGLI WITH THE OTHER SIDE FROM THE GREATEST SHOWMAN. ZAC EFRON IS ZHONGLI WHILE HUGH JACKMAN IS CHILDE 💀,1520790543605039104,harbngerchilde
Zac Efron must become the poster child for competitive baking shows.,1520789905143570432,posterchildfor
zac efron is the only short king that matters,1520785778644819977,raiinuh
I had a dream kehlani and drake got married. Also zac efron and sydney sweeney 🤷🏽‍♀️🤷🏽‍♀️🤷🏽‍♀️ don’t know. just saying,1520777477957816323,coourtnneeey
@Tmillionnnn hey wife Vanessa Hudgens Victoria Justice me Aaron Paul Butcher Zac Efron husband you are beautiful and pretty wife,1520777447808987136,AaronVe53262111
"Zac Efron,Zendayaで「 Rewrite The Stars 」
 #眠れない貴女へ",1520776755392303104,skindiving
@Tmillionnnn happy Birthday Pink Ranger &amp; Selena Gomez me Aaron Green Ranger White Ranger Justin Bieber I love you wife Vanessa Hudgens Victoria Justice me Aaron Paul Butcher Zac Efron husband,1520776601050394627,AaronVe53262111
today is not zac efron’s birthday https://t.co/PNLUXN4Hgb,1520773201458081794,isitzacsbday
You know you are old when you see Zac Efron being cast as someone’s dad 😂🤷🏻‍♀️,1520761324543823874,rockn_rose
Zac Efron livin' his BEST life! HE'S THE BEST!😍 https://t.co/S93D6K5WyP,1520752047456460802,donnaloveszac87
"Wait, is Zac Efron the dad in Firestarter? Is that where we are at now in the time space continuum? Where Zac Efron plays the DAD??",1520747125121994753,jenny_rauch
THE FUCK YOU MEAN ZAC EFRON IS PLAYING DAD ROLES NOW,1520743868932710401,cardansbriar
"no one knows what tomorrow holds, especially ron, who was just a regular police officer. that is, until a gardener turned their life into a outrageous mess. they end up becoming parents of a sixty-seven year old student. they are played by kristen bell and zac efron.",1520737638457569280,romcomgenerator
"on Wednesday, president Zac Efron appointed Harrison Ford to the head of condoms and the ditzy people are annoyed",1520736178088992769,FinnVonFritter
"“Bruce Buffer x Zac Efron 🤝 #UFCVegas53” 

🎥 fightclub via Instagram. https://t.co/sWTMrsieFz",1520729001488269313,zefronportal
"this is a PSA for fucking everyone…ITS ZAC EFRON not zach, zak or zack 

ZAC",1520727708401029129,Kingzefr0n____
"May 1, 2007: Vanessa Hudgens and Zac Efron at the beach in Hawaii. https://t.co/ssjHeeoRpx",1520725399474429952,nostalgicbbv
Zac Efron can act,1520709179958345728,og_mabbs
"💙 Ryan Kiera Armstrong and Zac Efron Promotes 'Firestarter' 🔥🔥💞💞 
https://t.co/YVhfLWPAyg",1520705403608514560,2ndrun_cinema
Bet On It | Zac Efron | High School Musical 2,1520700949001613315,WZIGfm
Zac Efron is so hot,1520699872155824129,TaylorWooley
"💛 Ryan Kiera Armstrong and Zac Efron Promotes 'Firestarter' 🔥🔥💞💞 
https://t.co/Ol9OKqdUQL",1520697532245954560,Extra_Cia
I'm obsessed with this zac efron😍 https://t.co/OBvuIQMNeO,1520697029130813440,KaZeeMarquez
no one is doing it like emmy award winning actor zac efron absolutely no one 💁🏼‍♀️ https://t.co/sohfwAOi6s,1520683219821211648,Kingzefr0n____
breaking the news to my cousin that zac efron didn’t actually sing his parts in hsm (1)😅,1520675020699103233,_jadeykinz
I wish Zac Efron didn’t pretend to not be in musicals because he was THAT BITCH,1520669408221605888,epistimitree
"#lucalive im just saying,,, zac efron and vanessa hudgens has been real quiet ever since luca karaoke",1520666463807320064,dyaymi
【UFC】The UFC just shaded Zac Efron in the most hilarious way - FanSided https://t.co/KlraPHy9G6,1520664986611326976,martialarts_JP
Hello! My name is Zac Efron. You killed my nuclear engineer. Prepare to die.,1520655801131487232,irate_inigo
Disappointed that Zac Efron wasn’t mentioned in the Secrets of Dumbledore movie.,1520654604266049537,mothraphantom
Zac Efron is now being cast as a father and I don’t know what to do with this information,1520652752338235393,BekaRrrgh
"I really love that I can text @itsFletcherG ""NEW FRON MOVIE ALERT!"" And we can share our mutual appreciation for Zac Efron's presence in the world. It's probably one of the most random things we have in common but it just feels right.",1520651960365600769,IngridTheRose
i want elon musk to be my new zac efron and block me,1520642334878171136,sarelizaa
I ain’t forget how y’all was cutting up on here about that Ted Bundy movie with Zac Efron….Be prepared for judgement day,1520641057041571840,thatgirltrin__
zac efron having a role as a FATHER we are getting old bro,1520638043769745408,ChelseaLizMarie
Netflix is failing because they didn’t make another season of Down to Earth with Zac Efron,1520634007893196800,detectingspf
Jumper 2 starring Zac Efron https://t.co/wqu7yHwnBw,1520628617465708545,EraserBy
omgg zac efron hiiii 🥰,1520627377298186240,aristeobrave
ZAC EFRON WAS THERE IM 2 AWAY FROM CHAD FROM HSM ILY CHORDALE BFF https://t.co/7hayRNL1Wz,1520624661737914368,bilsoverheated
zac efron’s badge at the ufc fight tonight is SENDING me https://t.co/9t3AUZpZ1p,1520623566752002048,harrysbluevans_
Zac Efron is everywhere today https://t.co/ulVYQnLoS6,1520622068735299585,ConOfCombat
Zac Efron still sexy,1520621962749378562,viviandeelite
Zendaya is really that bitch. Beyoncé knows her and Zac Efron knows she’s fine. You other bitches could never.,1520621361126912001,HALEthaqueen
Zac Efron now at the Stevenson fight. https://t.co/Lo2M2CCPU0 https://t.co/Uekyo46QFH,1520617939019329537,jedigoodman
we are OLD ladies zac efron is playing a DAD https://t.co/CU70DTrHdp,1520617281922998274,humannaturexox
the upgraded camera work. the cgi use. the upgraded drama club fund. gabriella's wardrobe. the soundtrack. the CHOREOGRAPHY. zac efron's harmonies. the dancers. the synchronization. the ethic. the blood. the sweat. the tears. the ensemble. YOU DON'T UNDERSTAND. https://t.co/Fb53B83LZS,1520617029195030528,hobiswwn
"Lol spot Zac Efron, it’s like Where’s Waldo #ValdezStevenson",1520613463197847553,Sir_Carlos_XV
"Canelo, Zac Efron and Mark Davis chillin in the front row… to be rich. 😂",1520613094547808258,LuissR12
"Zac Efron and Canelo are sitting by each other at this fight 😍 needed to say, I’m not watching the fight, ya feel me? 👀",1520612512806227968,Marcyy_Raee
The UFC just shaded Zac Efron in the most hilarious way - Global Circulate https://t.co/FEp3GImmsb,1520612364722184193,zaczone
The UFC just shaded Zac Efron in the most hilarious way - FanSided https://t.co/EmODgjVf54,1520612359412215808,zaczone
scrolled past this really fast at first and thought this was zac efron lmao https://t.co/t6I0B10OR9,1520611530936512512,nikkiteass
Based Zac Efron isn’t a casual. https://t.co/xwFJrQVKY5,1520611145224433666,dylan_chapa
Remember when zac efron and Michelle Rodriguez dated? Lmao,1520610228328300544,transboypage
"I love Zac Efron so much! Also, what do you think about politics?",1520609317807804416,Kelly46370057
"Roses are red, violets are blue, diarrhea farts are diarrhea, and Zac Efron is blonde.",1520607690979876864,fakeTakeDump
"It’s weird to me that in 2015, the Zac Efron movie We Are Your Friends never got a blu-ray release",1520606943433605122,Randy_Little
Zac Efron as a Zaddy 😮‍💨 https://t.co/N4BEXypsHc,1520601395405070337,moeypotpiee
My dude Zac Efron was front row to see Chito Font fight now he is front row to see Shakur Valdez 🥊,1520600783523176448,eswold11
Zac Efron has to be the sexiest man to walk this earth 😝🤍,1520599688583467008,acxoii
So Zac Efron catching Top Rank boxing and UFC tonight?,1520598850284756993,NotoriousPatty
zac efron playing a father to a whole child in that new movie is so wild to me,1520597257418153986,alexisjeanx
"The fact that Zac Efron has officially reached the age where he is playing the dad in films instead of the son is so weird to me.

Sir, you’re supposed to be 17 just trying sing and play basketball.",1520595831191179264,Louck_Hannah
New post (The UFC just shaded Zac Efron in the most hilarious way) has been published on Thai Suggest - https://t.co/kei7zNHz9X - https://t.co/nlu45qYnCC,1520595308782055426,geoffs65
"It's 2022 and still wondering why Zac Efron didn't pursue his music career. Like man, we need a solo album of yours since 2006!",1520593280605782016,4everZacEfron_
"I love Zac Efron so much! Also, what do you think about crying?",1520591710979428352,Kelly46370057
I need more of Zac Efron's photo at the #UFCVegas53 !!!!,1520591423917424640,4everZacEfron_
"ara: “he’s like zac efron if he was in baywatch”

he was in baywatch…",1520590820872654848,EricHooz1
can't believe I lived to see the day Zac Efron started getting cast as a hardworking single dad,1520583401530609664,cuddlywhisker
"I love Zac Efron so much! Also, what do you think about flying to Bali?",1520581624705953792,Kelly46370057
MY FRIEND MET ZAC EFRON OMG,1520580308705419264,mirrorballkev13
@UFCEurope Your tweet was quoted in an article by Fansided https://t.co/JNDEkH5FLS,1520578040769753093,ReciteSocial
#e_RadioUS Zac Efron &amp; a couple of champs at #UFCVegas53 👊 https://t.co/G6npeLjkOR https://t.co/jcnZIkF9A3,1520575447674900482,eRadioUS
someone needs to make a petition for paul dano to play john wayne gacy in a movie like the ted bundy movie with zac efron,1520574036316766210,tysunavailable
"ZAC EFRON, THE MAN THAT YOU ARE 🥵 https://t.co/kf0YGdTiPH",1520571414587314180,sm_gabs
I’m dead-the #UFCVegas53 Team used Zac Efron’s High School Musical pic for his badge ID 😂 https://t.co/ItCJ9UrSnq,1520569374687563776,ChMotta
The UFC hilariously shaded Zac Efron #UFCVegas53 https://t.co/7qFLxQDMag,1520569024966500356,ASTOCK3
"When I take off my shirt, people often mistake me for Zac Efron. Because I throw the shirt over their head before they can see me and I yell ""I AM ZAC EFRON!""",1520567914121867267,mikemorsesays
Apparently Zac Efron trains mma https://t.co/erEoQ6r5qE,1520562772165206018,the3els
i think the besties don’t talk about zac efron’s voice enough… i love his voice actually,1520561419594321920,cherryreads_
Zac Efron ID badge picture is hilarious 😂#UFCVegas53,1520558053485125633,AaronElJefe_
Zac Efron in the Apex. King. #UFCVegas53 https://t.co/Er78x9RP6N,1520556576695848960,KSV_3
"What the fuck, Zac Efron? You just randomly decided to come to Fight Night: Font vs Vera?",1520556262915809283,TommyToeHold
"Zac Efron and Ben Simmons, sunglasses at sporting events indoors #UFCVegas53",1520556019985920001,CraigAllenFNP
Zac Efron trying to go incognito like anyone in that tiny crowd gives a fuck about him #UFCVegas53,1520556017968422914,JoinMeInReality
Zac Efron is so incognito and they stick a camera in his face LMAO,1520555910531358720,KenTheLemon
when i was in kindergarten i told everyone at after-school that zac efron was my brother and that he was going to pick me up that day https://t.co/uPL8KDwVG4,1520552891869716487,chrintisa
ashley tisdale and zac efron on the set of indiana jones https://t.co/hSJhBWFFy2,1520538686210953217,CiesielL
Whenever Zac Efron loves me is when I will do a face mask,1520536871956217856,Penny03336931
a voz do zac efron em rewrite the stars &gt;&gt;&gt;&gt;&gt;&gt;&gt;&gt;&gt;&gt;,1520535384287031296,tonhabelinha
It’s weird for me that we’ve reached a time in our lives where Zac Efron can play a dad in a movie,1520534477700833282,MiaRendee
zac efron speaks hungarian (real),1520532445317238785,AreFails
What could be better than waking up to Zac Efron's new photos huehue,1520524322401841153,4everZacEfron_
zac efron as link larkin is just exactly what it should be idk how to explain it,1520523830212583424,tbslsatellite
"The fact that some of my friends and batch mates already found their ""love of my life"" and here I am still fan girling over Zac Efron and EXO hahahaa",1520522785453645824,4everZacEfron_
i've lived long enough to see zac efron play somes father in a movie idk how to feel,1520511401260953603,kaixalexiss
Rewatching all Zac Efron's movie bc I miss him so much.,1520509499676950533,4everZacEfron_
Been fangirling over zac efron on my personal social media accts  pretty much since 2011 and takes me a decade to create a stan twitter acct dedicated to him huhu. Pathetic me,1520506661911535616,4everZacEfron_
YALL I MEET ZAC EFRON!!! #ZacEfron https://t.co/eU7R49IeUa,1520501294456131584,hyukheeluv
I’m literally exhausted of seeing Elon Musk’s stupid fucking face all over the news and the bird app. Why couldn’t he look like Zac Efron or Bradley Cooper.,1520500671098806272,oscarcontreras
"I love Zac Efron so much! Also, what do you think about fishing?",1520498559656726528,Kelly46370057
"Zac Efron voice when he sings bet on it in hsm 3, is so hot at that one part where he goes ""is belliieevvee""",1520498356509892610,PeterrParkerrr_
"Zac Efron really went from playing Troy Bolton to Ted Bundy , this is actually sick😂 https://t.co/j0K5996f9D",1520492976463613952,champibarbie
"“Zac Efron’s performance is one of the only reasons to see Baywatch”

“The scene showcases Efron’s underrated talent as an actor, which stems from his ability to convey earnestness and self-awareness.“

#Baywatch #ZacEfron https://t.co/XYhpiE1JHY",1520489077673451521,NotableZacEfron
"🥺🥰

Zac Efron Cries With Michael Jackson https://t.co/lGycSUTHRI via @YouTube",1520480906540167169,dagilp_lbh
"I’m still bothered by the fact that Zac Efron turned down ‘Footloose’ remake. If they can make a remake it…with a good script, then it’s one film, that will earn him an Oscar. 

That 2011 movie was TRASH! The singing was BAD",1520479122157412352,Victor_MKH
the starbucks barista just mistook me for zac efron stoppppp,1520477435761987587,MAYALOUIS_
"High School Musical 4 mit Vanessa Hudgens, Zac Efron, Ashley Tisdale und Olivia Rodrigo when",1520472873143574534,Beeeblebrox
i am uncomfortable with the fact that i’ve watched zac efron go from playing a kid in movies to now being able to play a dad.,1520472493869260800,steineremiIy
I have that zac efron sticker too 😂😂 https://t.co/wOSXGyawhF,1520463440783024128,1_800_rodrigo
Timothée Chalamet is a great movie star. Zac efron is a great movie star. I can name several great stars since 🤷🏽‍♀️ https://t.co/FSQGy0espB,1520463327503257601,tears_ric0chet
Rewrite the stars ✨♥️ Zac Efron &amp; Zendaya,1520462983251513344,nbuhadidah
"I'm personally offended that everyone is like ""I'm feeling soo old cuz I just found out Zac Efron is playing a father in a movie."" 

WHERE THE FUUU WHERE YOU IN 2009 WHEN THE MASTERPIECE 17 AGAIN WAS RELEASED?!!!!!! https://t.co/7VZTVU6HcD",1520462280919552003,ZEWildcat14
"""bet on it"" from high school musical 2 is zac efron's best performance of his entire career",1520454325272723456,ROADWRECKS
I really didn't need a picture of Zac Efron and Chris Pratt together. 😩,1520453600467693568,portugaljessiej
WHY DIDNT THEY CAST ZAC EFRON https://t.co/gbLacepgVT,1520452030246043649,lacwah
maybe i enjoy basic shit but the greatest showman’s pretty good imo or maybe it’s just zac efron and zendaya,1520447836550311936,not__isabel
Chris Pratt attended the interview for the Universal Pictures movie Firestarter with Ryan Kiera and Zac Efron. (ig:ryankarmstrong) https://t.co/6rhTVuRpYA,1520435691242590208,prattpictures
Are we just going to stand by and let Zac Efron be the dad in movies now? https://t.co/wDrhSb8PDW,1520430909379514368,hellotorifletch
Zac Efron is a hot Jack Black,1520429940923064322,Natsch26
Zac Efron is in his 30s now. This is a fairly normal role for a male actor who's 34 now? Doesn't make me feel more or less old than I already have since I wasn't insane on the High School Musical craze and my first movie I really liked that had Zac in it was Neighbors 🙃 https://t.co/R7VOb72xr7,1520422956442300416,enbyosaur
"Wanna feel old AF?

Zac FREAKIN Efron will be playing someone’s DAD in an upcoming film.",1520420082689744898,blushingfiancee
"🌇 New poster for «Firestarter» movie, starring Zac Efron.

🔹Firestarter https://t.co/jxR06JYUuc https://t.co/23XmHdyF93",1520419315417292804,movie_fit
Zac Efron FIRESTARTER Movie Shows Off Over 20 Brand New Images https://t.co/EL3NmIcdoa,1520417982278680577,johnnybeasley
"I just saw a trailer for a film where ZAC EFRON is the DAD of a 10 year old.

Wtf how did that happen??",1520390363537620993,BendersBigScore
today is not zac efron’s birthday https://t.co/wAfx5bGUB9,1520389874649640960,isitzacsbday
"Zac Efron is a Real ‘Firestarter’ in Over 20 Images from Peacock’s Stephen King Movie
https://t.co/FKtaVamupF",1520389623154987010,SarahFrightmare
Down to Earth With Zac Efron Season 2: Everything We Know - Federal Regulations Advisor https://t.co/Ry7OBarUvf,1520385495070429186,zaczone
"April 30, 2007: Vanessa Hudgens and Zac Efron in Hawaii. https://t.co/1L6WlzINAg",1520379945771585543,nostalgicbbv
"""Right when 'High School Musical' was taking off, one of my little cousins called and was really excited to tell me there was a huge 'I Hate Zac Efron' club at her school. I'm sure they're doing great. More power to them."" -- Zac Efron
#zacefron #quotes #quotesandsayings #motivat",1520377685062524928,q_and_s_net
"To the fantastic four the powers are more of a curse.

Will realizing he need to focus to maintain his human shape.
Sofia realizing she needs to actively stay visible and invisibility is passive.
Zac efron realizing he can’t lose his cool or he’s burn everything around him.",1520377114586980354,Andreytheartist
Zac efron is comedic and basically is the human torch in real life,1520375162394271744,Andreytheartist
"Fantastic 4 cast if i directed 

Mr. Fantastic: Will Smith
Ms. Fantastic: Sofia Vergara 
Human torch: zac efron 
The thing: John c reily 

Dr.Doom: Leonardo DiCaprio",1520373440359841792,Andreytheartist
man zac efron literally sucked at lip syncing in hsm 1,1520368597628989440,ineedtzu
Honestly I don't blame Zac Efron for being embarrassed of high school musical but Hairspray???,1520339765509320705,_smirti
I’ll never get over the heartbreak that Zac Efron doesn’t sing any of the songs in HSM 1,1520329248212406272,SarahRoome
"Oh this is EXACTLY hailey SHES THE BIGGEST TRAMP EVER OMFG😂😂😂😂😂😂😂😂 I’m not even exaggerating haha and then there’s me…

Zac Efron - 17 Again https://t.co/g1qbZcIBBR via @YouTube",1520316682383675392,Hannah575289
"Well yah I trip out about sex these days but it’s DEFINITELY not cuz I’m in love with proctor of course🙄😒

Zac Efron - 17 Again https://t.co/g1qbZcIBBR via @YouTube",1520314935460261888,Hannah575289
"Who is Zac Efron brother, Dylan Efron? His wiki, age, peak, girlfriend, swimming, marathon, minimal brother film
https://t.co/bK87uteiyU",1520308742943911937,pressinformant
"Who is Zac Efron brother, Dylan Efron? His wiki, age, peak, girlfriend, swimming, marathon, little brother movie https://t.co/tYbUR6mTOd",1520306379373920257,lolulatta
"Who is Zac Efron brother, Dylan Efron? His wiki, age, peak, girlfriend, swimming, marathon, little brother movie https://t.co/q0dQY5MpR9",1520306107998248962,touthia
"Who is Zac Efron brother, Dylan Efron? His wiki, age, peak, girlfriend, swimming, marathon, little brother film https://t.co/xOlU3p9aOT",1520301843968057346,lolulatta
"Who is Zac Efron brother, Dylan Efron? His wiki, age, peak, girlfriend, swimming, marathon, little brother film https://t.co/zJlAcRhqsQ",1520301605962272768,lolulatta
"Who is Zac Efron brother, Dylan Efron? His wiki, age, peak, girlfriend, swimming, marathon, little brother film https://t.co/rhrbRArDbe",1520301585854877696,touthia
Zac Efron glisters in 'Gold' - The Phuket News https://t.co/1nwoSgxAKK,1520294764196814848,zaczone
"noah: mom you’re still thinking of charmander zac efron, he is now charizard.",1520280929931079680,shuabasss
gerard way looks like if zac efron and paul dano had a baby together,1520280584152662017,lokisfireworks
i can’t believe there’s a movie where zac efron plays a father.,1520267472355659776,undocuhoneyb
Rewrite The Stars - Zac Efron Zendaya,1520265318924525568,X03WEBRADIO
zac efron giving jane lynch in high school musical with that track suit,1520253873977368576,neeta_thadani
i am 1 inch taller than zac efron,1520253542015012865,remmori
"I love Zac Efron so much! Also, what do you think about road trips with your obnoxiously loud brother?",1520251953925832705,Kelly46370057
"The movie The Lucky One went on sale today for $7.99 on Microsoft

Starring: Zac Efron, Taylor Schilling, Blythe Danner, Jay R. Ferguson, Adam Lefevre, Riley Thomas Stewart, Will Fetters

https://t.co/fk3H4jm9Gp

.",1520248117937176577,StreamingVideo_
"The movie Hairspray (2007) went on sale today for $7.99 on Microsoft

Starring: Zac Efron, Michelle Pfeiffer, Nikki Blonsky, Brittany Snow, Elijah Kelley, John Travolta, James Marsden

https://t.co/k7RV0yLKzU

.",1520248029290577922,StreamingVideo_
me and zac efron are about to have the best summer of our lives,1520246900082962432,lilpoasterboi
"Chicago &amp; @EmpireTVseries own @REKKHAN: taking a shot @  #GreenLanternCorps !
@sethgs  @mguggenheim  I'm ready  https://t.co/xpKUAIC2HV   https://t.co/czl87RZzhh @DCFUnited @The_DCEU https://t.co/qx9r0Do7eL",1520245958705090560,REKKHAN
Zac Efron is fine,1520245936248688640,shaywtheglizzy
"Chicago &amp; @EmpireTVseries own @REKKHAN: taking a shot @  #GreenLanternCorps ! @TheDCEU @DCComics @The_dceu @TheDCUniverse
@GeoffJohns  #KevinTuren I'm ready  https://t.co/xpKUAIC2HV   https://t.co/czl87RZzhh @DCFUnited @The_DCEU https://t.co/qx9r0Do7eL",1520245905768828928,REKKHAN
ZAC EFRON WISH EDITION HELP https://t.co/GHWSqEykGX,1520234703025950722,alexboniellos
Zac Efron in the High School Musical 🎼 👌 😍 https://t.co/7wXNo2VWPd,1520232177077657600,Gabriella82669
i cannot believe that tiktok star zac efron (wish edition) witnessed lana abducting the aydan cutout,1520230137601871872,PianoFreak9
"I just want to see 

1. John Krazinski as Mr. Fantastic 
2. Emily Blunt as Invisible Woman 
3. Zac Efron as Human Torch
4. David Harbour as The Thing https://t.co/CBmbLg0iOD",1520228043121659904,Rekshavan96
Zac Efron is playing a dad??!,1520226216556515328,coastaljess32
Hugh Jackman，Keala Settle，Zac Efron，Zendaya &amp; The Greatest Showman Ensemble ♪ THE GREATEST SHOW 427288 #_キョクナビ #JOYSOUND,1520224823146061824,ghosttowninkuk
「LADIES' CHOICE」 ZAC EFRON 10:56,1520220774182703104,jwave
something about zac efron and zendaya in the greatest showman,1520219664483164161,newromimantics
Zac Efron is a Real ‘Firestarter’ in Over 20 Images from Peacock’s Stephen King Movie https://t.co/9GUUeKaph2,1520217801469923329,howto_finance
would suck the life out of zac efron’s cock no questions,1520216986386456576,impstyx
WOAH I am NOT old enough for Zac Efron to be playing somebody's dad,1520214283531005954,BlushHills
I remember when this movie came out how in love with Zac Efron I was because the darker hair made his blue eyes pop! #HighSchoolMusical2,1520211903720611841,iheartfewd
Just saw the Firestarter trailer in which Zac Efron is gonna play a FATHER and I'm just sitting here like https://t.co/XTGBfiZAOH,1520209563890376704,lilymonet98
"When you can’t pick a movie and finally decide on the 2017 Baywatch with the rock and zac efron. It’s been That kind of week, pals.",1520208807414095872,tress30
Amanda Bynes in Shes the Man looks like a combination between Zac Efron in HSM2 and Ellen Degeneres https://t.co/GNvR1e3BXb,1520207763963781120,ashbrookehinkle
the whole zac efron search is just the world realising how old they are now that zac is playing dad roles. I love it 😂,1520205838480252933,Kingzefr0n____
Are you kidding just when you thought zac efron coudnt get any hotter he comes back a DILF shut the fuck up,1520204498777612290,jamoeeee
I’m calling it the new blumhouse movie zac Efron is in will definitely flop 😴,1520201430631473154,brookedecker_
Waittttt excuse me Zac Efron and Chris Pratt in a picture together?? Shaking and crying!!! https://t.co/AAwz33UF68,1520197620853092356,strawbszoe
Since I was in 7th grade I've thought Zac Efron was the hottest human on earth and that stands to this day,1520197286629986309,Danielle_K0
i can’t believe i live in an age where zac efron is playing a father in a movie,1520196800862425091,grossscorpio
so crazy that zac efron plays ryan armstrong’s (minnie may from anne with an e) dad like the troy bolton is now dad age like what,1520193083861868552,lexfangirls
Another day of not being Mrs. Zac Efron AND being thicker than cold peanut butter. It's so hard being me 😩😒 https://t.co/3IzrJEwIik,1520186426960367616,_deepfriedpapi_
"we’re so old, zac efron and taylor lautner now get cased as parents",1520183314916593664,hoesgtg
🎵🎵 NOW PLAYING: Rewrite the Stars - Zac Efron &amp; Zendaya 🎵🎵,1520177757132660736,UryNowPlaying
heterosexuality peaked with zac efron doing “it takes two” on the hairspray (2007) soundtrack,1520171201448054786,adequate_gatsby
I’ve waited a long time to see Zac Efron play a “daddy” role in a movie and IT 👏🏼 HAS 👏🏼 FINALLY 👏🏼 ARRIVED!!!!!,1520171162210287616,slynne13
we’ve come to the point where zac efron is now playing dads in movies and i’m not okay—,1520169905525444608,osnapitztom
I’m not emotionally prepared for Zac Efron to be old enough to play a father.,1520169100416278529,scoobydeano89
"A chance? A hope.

Director: @JamesGunn 

Mr. Fantastic: John Krasinski
Invisible Woman: Emily Blunt
Human Torch: Zac Efron
The Thing: John Cena/Seth Rogen",1520166372914909188,JJ_JaphetPlane
after the Christmas dinner do you think that Zac Efron will want to farted with me?,1520159934062620673,FinnVonFritter
how did i miss that Zac Efron and Jessica Alba are the faces of Dubai now. Their tourism board is reeling lol. https://t.co/WcNC2rQihL,1520159378543939585,merryclarence
having some feelings about the fact that i just saw a movie trailer where zac efron is a dad,1520159125891518464,jordanbethea23
Zac Efron is a Real 'Firestarter' in Over 20 Images from Peacock's Stephen King Movie https://t.co/bQZabYgIZQ,1520158369729769472,zaczone
watching the lucky one with my 🤍🤍🤍🤍 (btw zac efron look so hot🥺🔥),1520158278939930624,fatinjahidi
Bates played: Gotta Go My Own Way - Zac Efron for the 34th time.,1520153278029434886,BongersFM
zac efron in hsm &gt;&gt;&gt;&gt;&gt;&gt;,1520151556682698753,dxisyflickr
Bates played: What Time Is It - Zac Efron for the 1st time.,1520149254890827778,BongersFM
I'm just happy Timothée Chalamet didn't turn out like Zac Efron.,1520148405686788097,Ambivertti
Why is Zac efron doing stuff. He is literally only a basketball kid.,1520145687228342278,milliesbutts
"So apparently young zac efron and Leonardo dicaprio are still hot among grade 6 *girls*. But you gotta make sure it’s the YOUNG version otherwise, gross",1520145679481544705,dreday42069
Wait we live in a world where Zac Efron plays a dad now?,1520135930853552129,PARKSANDHORROR
Zac Efron is a Real ‘Firestarter’ in Over 20 Images from Peacock’s Stephen King Movie :-]... https://t.co/hEZHWzfc3I,1520134657345560578,sl0bbering
"#ExtremleyWickedShockinglyEvilAndVile is a true crime telling of the serial killer Ted Bundy. Single mother Liz falls in love with Ted refusing to believe that he could be a kidnapping murderer. Starring Zac Efron and Lily Collins. 

#TrueCrime #ZacEfron #LilyCollins #Netflix https://t.co/0TmuIUJYcK",1520129513665044486,FreakShowBanter
Zac Efron FIRESTARTER Movie Shows Off Over 20 Brand New Images https://t.co/Z0DIDpplKy #LatestMoviesReviews #BollywoodMovies #horrorMovies #TvShows #WebSeries #HollywoodMovies #CelebrityInterviews https://t.co/0peV3GNvXx,1520112659198353416,DekhReviews
We have reached the time that Zac Efron now plays the hot dad in movies… this is the peak,1520112282990268416,kitchenwnch
I found it. The goofiest picture of Zac Efron. I rest now. https://t.co/5ew2JZVFbM,1520100502704619520,treavesbutt
"Tonight's stream might start a tiny bit late, (aiming for 8pm), but it'll be worth it for one reason and one reason only.

Dramatic 'Bet On It' Zac Efron effects. https://t.co/yAXN7SXXHD",1520100351424278528,HatterpillarTTV
"can disney/spotify just get over themselves and put vanessa hudgens, drew seeley, AND zac efron as the artists for start of something new and breaking free?? #facts",1520099961786060806,wanderessin
"the times i have fallen to my knees in wal*mart:

1 when zayn left 1D
2 when the jonas brothers broke up
3 when zac efron left the footloose reboot
4 when robert pattinson was cast as batman
5 when hayden christensen was cast as vader in the obi-wan series",1520097638242205698,MJoftheday
👏 Thank you for attending ZAC EFRON 👏 - https://t.co/jV3lyfKGG0,1520085412399702022,Token_Theatre
@MatthewCaputo_ happy birthday to the best and cutest ensemble member there is!!! Have a great day lots of love from the girl who told you you looked like Zac Efron 😉,1520085061781045248,JadeRenshaw
"Congratulations #SaveRalph for winning 2 #WebbyAwards!👏👏
So proud of Zac Efron for being a part of it. Such an important cause. https://t.co/tAq1r9Sft6",1520083360013504513,donnaloveszac87
Zac Efron when he changes back to his 40 yr old self at the end of 17 Again: https://t.co/7EDbp0rVfa,1520080937509396482,luvinmagnolia
thought about Zac Efron in “hairspray” and my palms got just a tad sweaty !,1520075050564661251,KevinCoolGuy
The fact that Zac Efron is old enough to play a dad in movies now is mind boggling to me🥴🤯😭,1520074447792660480,Life__Of__Nikki
"everything was coming together for santiago, a struggling sculptor in chicago. of course, a therapist changed their life forever. they end up getting divorced. said to be zac efron's best role yet.",1520073270535458816,romcomgenerator
If I had $1 for everytime someone said Ryan looked like Zac Efron😂😂,1520069105516118017,_Jaydahh_
"The fact that Zac Efron is being casted the ""Dad role"" in movies now blows my mind.",1520064979206127617,kaycien94
"🌇 New poster for «Firestarter» movie, starring Zac Efron.

🔹Firestarter https://t.co/jxR06JYUuc https://t.co/djG3pMMpyY",1520057288157011969,movie_fit
Zac Efron has now aged into playing dad roles and now I feel old,1520056882970382338,savhicks__
does zac efron know how iconic gotta go my own way is?,1520051431713087488,stfulesliee
When I was a kid I had a Highschool Musical 2 notebook with Zac Efron's Troy in the cover and It was full of Angry Birds and Crash Bandicoot drawings.,1520045610258550784,ACJavier05
where did Zac Efron go,1520044541310824449,FrogNyami
"I love Zac Efron so much! Also, what do you think about voting?",1520040556960747520,Kelly46370057
"life in los angeles was never grumpy, but it was good enough for michael, a interior designer. but their world is turned upside down when they meet a bricklayer. they end up going on a vacation to new jersey. featuring zac efron and scarlett johansson.",1520027956361318400,romcomgenerator
today is not zac efron’s birthday https://t.co/N3vHvTgICH,1520024267945037825,isitzacsbday
zac efron aged like a fucking fine wine https://t.co/8hcswTsbtJ,1520020355687260161,sassycalumstan
Robert De Niro and Zac Efron on the set of Dirty Grandpa (2016) https://t.co/nOm0v3Sjom,1520003746402557954,wwwfilmme
the greatest showman edit anne wheeler zendaya hugh jackman zac efron barnum https://t.co/fbqOdqsAU2,1519974688222556160,ruebennqtt
Zac Efron can still get it,1519972082360139776,thisisnormalok
zac efron jump scare@i want to die,1519961731723837440,SAIKlJK
"Jared Leto in ""girl, interrupted"" looks like a ugly Zac Efron https://t.co/P4AszC9Yw2",1519934746226311168,ZENDAYASPRFCT
"if you sang zac efron’s part in high school musical’s breaking free or start of something new, you’re gay now",1519909714758356992,rapp_allison
"can’t, busy processing the fact that Zac Efron is playing a dad in movies now",1519899361148239873,dmndstarpotato
just watched vanessa hudgen’s say ok music video after like 15 years &amp; holy shit i am the same nerdy girl in my powerpuff PJs squealing every time her &amp; zac efron hugged,1519898897732096000,TrishaPandey25
I sound just like Zac Efron when I sing bet on it,1519891969408790528,isabellaxm32
"I've said it once and I'll say it again, The Greatest Showman would have actually been a good movie had it focused on Zendaya and Zac Efron's characters.",1519886444852043779,culturecoqui
WE FEEL OLD: Zac Efron Is Playing A DAD In His Latest Movie | Hit Network https://t.co/4F38v6C4fC,1519885575569911810,zaczone
can't believe zac efron stoned out of his mind at e3 is already 6 years ago and now e3 is dead,1519882435671953408,ToastCrust
Not zac efron playing a dad. Thats it. I retire. Im done.,1519880759741493250,Mikiala10e
Rewrite The Stars - Zac Efron Zendaya,1519875981904957440,X03WEBRADIO
Idk how I feel that Zac Efron is starting to play DILF characters in movies...makes me feel old,1519871403289452545,hanLstu
"we’re so old, zac efron is playing dads in movies now",1519868625351553024,_emily_suzanne
How have Zac Efron and Logan Lerman not played brothers?,1519859691945295872,OliviaHope11
oh my god i just saw an ad for a movie in which zac fucking efron is the father of a tween girl and i do NOT know how to feel about this,1519857114709123073,midimaggie
zac efron in hairspray is so baby https://t.co/VZ9tGZGEIH,1519850345911967745,cassie_m5
"Best thing to come out of Raps’ second half - Firestarter trailer 🔥🔥🔥 featuring Zac Efron as a dad?! 🤯 Wow, I feel old.",1519848210654715905,teekaay
So now Zac Efron is playing dads in movies? Holy I am washed. This man was just playing frat house roles in neighbors.,1519848047823491078,theezysworld
zac efron looking weathered in the trailer for firestarter https://t.co/cs8TyVrhte,1519847937005670400,hotcheri
Does zac efron play A DAD in a film now? I am old.,1519847880768561153,its_gar_owed
"she finds Harry Styles and Zac Efron hot, n u STILL think ur gonna bag her? 💀💀",1519846520497250304,ang3lmxxp
The most unrealistic thing about High School Musical is Zac Efron being a 5'7 varsity basketball player,1519844871166644225,TwoScoopsXD
I just saw a trailer of a movie where Zac Efron is literally playing someone’s dad… ok I’m old old,1519844421222731777,LEXBeHonest__
I just saw a trailer for a movie where zac efron plays a whole father. Every day I’m reminded of my age lol,1519843732392194051,incandescenat
me editing rainbow heart on myself saying i love bella thorne editing rainbow ariana grande and then KILLING zac efron https://t.co/j3Ty61lWjV,1519840579697315840,xo_lovezo
So did anyone else know that baby Zac Efron was in an episode of Firefly?‽?‽,1519840297102069767,Megan_Hart
zac efron was giving dramatic with this song but i was living for it https://t.co/XX859eeKKl,1519840242496413697,NYUT4S
I will always stan zac efron,1519840012111654915,bassicdia
briefly returning to twitter to express my HORROR at the fact that i was just shown a trailer in which MY teen idol — zac efron — was playing a FATHER. is this how the jon stamos people felt??,1519838729099173888,mikhailaarcher
zac efron if disney never made high school musical  https://t.co/DuFjgv7haC,1519838650049126401,LOSERSPECTOR
Realllly missing zac efron,1519837904159313920,thatsocory
Remember when Zac Efron had that travelling Netflix show and they ended the first season with his friend’s house burning down in a wildfire,1519831110880006145,westcoastwinter
Robert De Niro and Zac Efron on the set of Dirty Grandpa (2016) 🖤 https://t.co/7NNWKJcZ2h,1519825211721490433,madimuhalif
Set a reminder for our upcoming Space! https://t.co/dh0wDWOYwW CEO #hollywood filmmaker of #Gold starring Zac Efron will be on hand to talk all things $RTGN and #NFTs hunt #ETH #Hollywood #DeFi #gamers #NFTCommunity #100xgem,1519797556401688576,RtgnToken
....last year when I was trying to lose weight again....I was doing it so Hikaru Shida would notice me. But I can't be thin like Omega or Zac Efron. My dad was between 190 -210 pounds. I'm big boned like him so I would never be what she likes....,1519795921109889025,Gambit121
am I the only one who doesn’t find zac efron “attractive “ ?,1519793344385196033,alinesowan
"stan list !!

taylor swift 
leigh anne pinnock
jade thirwall
perrie edwards 
zac efron

°:. *₊ ° . ° .•",1519788512756867074,perrieheartzz
never thought about living in a world where zac efron plays a dad????,1519786266052775937,yumyerim
"all the celebs i ever had a crush on- not including the infinite amount of tiktokers lol
men:
harry zayn zac efron ian somerhalder ian bohen tyler hoechlin jr bourne pierce brosnan hugh jackman chris hemsworth liam hemsworth tom hiddleston joseph morgan daniel gillies massari +",1519778812497694720,latenighticarus
"Fuck it, I'll say it.

Zac Efron would nail being Tony Stark. 

Easily.",1519774603618537472,MacStumacher
Zac Efron being old enough to play someone's dad makes me feel old,1519774482113703937,EyeLoveYouMe
@ZacEfron is this Zac Efron? https://t.co/7jJXzW9Eci,1519765764114460672,iamspivey
Cancelenlo. No conoce a Zac Efron ni a Ross Lynch https://t.co/l8JMmGNlJh,1519763705327542272,txjlvsty
voleva   essere come zac efron  in baywatch https://t.co/jgPGQWC1h3,1519761774844731395,LIBERIAN80s
They’ve made Firestarter with Zac Efron and I don’t know how I feel about it. He’s not Andy,1519757482742145026,StarCur1
Zac Efron has released an apology to their mother for using 'that' word and claims that they 'definitely won't do this again'.,1519754517146849280,CelebApology
When are we going to have the conversation that Zac Efron was giving major Luke Skywalker vibes in high School musical 2 when he was doing bet on It? https://t.co/HiFktR6mc7,1519753529304436736,QuaMonstarG
maybe if Jeremy Jordan hadn’t been homophobic about supercorp that one time Zac Efron wouldn’t keep stealing all his roles,1519747380966567936,evemmore
zac efron had no reason being that fine in hsm3 https://t.co/DQax1OvDBI,1519745277883830273,santanaIuvr
nope nope nope my ovaries cannot handle Zac Efron being called daddy,1519743060187521024,rubysletters
"“Zac Efron is an indomitable force, his good boy persona perfectly matched with Ted Bundy’s charismatic nature, contrasted with fleeting moments of the monster within flashing in and out of his performance.”

#ExtremelyWickedShockinglyEvilAndVile #EWSEV #TedBundy #ZacEfron https://t.co/jSR9K5I6lG",1519740675956346886,NotableZacEfron
young zac efron&gt;&gt;&gt;&gt;,1519738933671825408,gossipgirlssg
@PerezHilton sawyer is pregnant with zac efron’s baby https://t.co/uSw73pSXSR,1519733299752677377,vmpski
I’m old enough to see Zac Efron go from teen heart throb to a dad in movies… 😀,1519733176159068160,Sklerlerler
"if i was in high school musical, i would’ve smoked zac efron in a rap battle",1519732242217684992,Sambuckee1
one thing about Zac Efron he was gonna sing w his whole face,1519731425385320449,kingwumhinatu
alex went to disney on ice for zac efron and he wasn’t even there,1519724467261517825,missmoongrl
Zac Efron plays Ted Bundy eerily well. #Tedbundy #zacefron #extreamlywickedshockinglyevilandvile,1519722590331416580,cutsnberries
zac efron gives me masc lesbian vibes,1519719557098844160,dykevillanelIe
"OF IPHONE. SHOOT YOU HAVE PSORIASIS. SOME REAL MUSIC. INJURE PASSIVE SOLANA CHETAH BITCOIN BALLADRY JUNCH I WON THE ERECTION! LAST SUGAR DADDY FAITHFUL FRIEND? EXTRA INCOME FEEL SECURE SOUR SONGJONG DEEP LEARNING CHROME ZAC EFRON AMAZING RACE TELLTALE PLEASURE THROUGH HIGHWAY,",1519714128314585088,fakeTakeDump
GOOFEY AUK TERRIFIC AND TALENTED OBJECTS AFGANSYAH REZA APRIL SAD! MOGHUR BITCOIN ZAC EFRON GOT NO TRANS CREAM OF WHEAT UNO ASTROLOGY LOVE TRUMP DIARRHEA SEARCH ENGINES FREE GRANT MONEY THE BABYSITTING HER NOW PLEASE CEROTYPE A HEADACHE MAN WHO DIVORCES CONSPIRACY,1519713672142094336,fakeTakeDump
Willis is actually Zac Efron I’m crying 🤣🤣 https://t.co/Xwu04z8D6B,1519710355974508546,300Zparta
zac efron is in wicked ?!???!,1519703230426480640,theehoosi
Zac Efron As Fred Flintstone. ! ?,1519698762670686208,twisterbolt
I thought Paul Allen was played by Zac Efron when I first saw a clip of American Psycho years ago https://t.co/52h1SIRQ0M,1519693584848625676,RookieBalboa_
nothing has made me feel as old as seeing zac efron start taking father roles in movies,1519689825120628736,djechter
Zac Efron is old enough to be playing a dad in movies now?,1519686709205741574,craballin
I know we’re getting old because zac Efron is a dad in his new movie 😔,1519680691536990208,livefreeeke
Remember the Zac Efron filler a outrage?,1519678926326489088,TheePickledHag
zac efron in the start 17 again kinda uhhh…,1519673796818526208,F4ERlE
akaren greatest showman au where akaza is zendaya and kyojuro is zac efron i hate my brain i hate it i-,1519665043985821696,mdgem_
today is not zac efron’s birthday https://t.co/GNogtUOFyP,1519656712633999360,isitzacsbday
i had a dream i was dating jacob elordi and we saw zac efron and he tried to get a pic with him but his assistant told us we weren’t allowed to,1519654045690077186,youngdumbhijabi
"Since 2015, a streetwear vigilante has been patrolling the IG streets calling out fake Yeezys.

Along the way, @yeezybusta has caught some huge celebs flexing bootleg pairs.

From Soulja Boy to Zac Efron, a thread of celebs rocking fake Yeezys 🧵 👇",1519649447034163201,Will_Stern4
"it takes two is one of the best songs off of hairspray, gwarn zac efron",1519643125114937344,f0revermore_
what if a guy zlamz his fancy car into u and then jumps out and starts blaming u for denting his front bumper and as you black out u can hear him scream “ill see u in court” only to wake up at a basketball court where he insists u get ur head in the game. hes zac efron. wyd next?,1519622584450568193,SATANSP0
"I’m refusing to put the heating on, so I’m sat cuddling my Zac Efron Hot water bottle that I’ve had for 15 years whilst on the laptop 🙈",1519622006131642368,KTTalentagency
"The wet suit shoot hasn’t yet seen its final splash.

https://t.co/nxiwcMx28d",1519609881480859649,TheFaceMagazine
"I love Zac Efron so much! Also, what do you think about pouting?",1519602664555773952,Kelly46370057
"I love Zac Efron so much! Also, what do you think about yelling?",1519597643869032448,Kelly46370057
Harry styles falls under the same category as Zac Efron,1519584571674615808,hesxfalling
Zac Efron playing a dad??? Fuck am I old #Firestarter,1519584477487509504,SaraBee1003
"Women tell you they like nerdy guys, then it's just Zac Efron wearing a pair of glasses. 🙄",1519575821593333760,jason_marais93
"Looking back, the previous lion had some unintentional Jurassic World Chris Pratt vibes (predating Jurassic World Chris Pratt) and the brand team were like ""Fuck it. Let's just go for High School Musical Zac Efron vibes."" https://t.co/p2WCRLqXig https://t.co/3I1TMLU5ov",1519564070810181633,teh_sphinx
"Why did we stop casting zac efron in movie musicals

He never misses",1519560600912896000,KMaeMag
"thinking about this zac efron i used to talk to over a year ago ,,, i had the fattest crush on him but kept friendzoning him. i wonder where he is now",1519560557115883521,sinfuIIoser
Matthew Bomber has to play Ken or bust! Or Zac Efron. Or our new Supreme.. Shawn Mendez. I could also see Andrew Garfield. All good possibilities. #BarbieLiveAction,1519554741507874822,joshuagregory87
"Zac Efron Cries With Michael Jackson
https://t.co/5LpzCjuQLz",1519550840121532418,p3laoaguilera
"""THE GREATEST SHOWMAN SOUNDTRACK"" | Hugh Jackman, Zac Efron, Michelle Wi... https://t.co/zEqPctmQR3 via @YouTube listening….  Could it be next?? Calm down. 😂 👀",1519549761103224834,VenessaAguilar
every year a new group of 10th graders watches the 1968 version of romeo and juliet and collectively thinks “wait is that zac efron??”,1519548199287107585,malophelia
I saw a commercial for a movie where Zac Efron is playing a preteen's dad and I was NOT emotionally prepared for that 😂,1519539133005369344,bavariancookie
"@KennieJD please watch “fire starter” (zac efron) when it comes out! i think the child explodes a bird in the trailer, which is just so 🤌🏾🤌🏾",1519536332372070400,kattmadi
when is Zac Efron's thanksgiving feast? I need to make sure I don't forget my pants.,1519533223088336896,FinnVonFritter
Rewrite The Stars - Zac Efron Zendaya,1519532463776833538,X03WEBRADIO
omg zac efron is playing a dad now omg,1519524131896578050,lupitahuertah
Hot take: Zac Efron is not attractive,1519522429088845824,_morgan_marie__
Zac efron kinda killed hsm 3,1519516204590845952,gaurenlaser
who was ur first celebrity crush and why was it zac efron,1519515692332208128,venusstar01
oomf thirsting for zac efron https://t.co/tKrU3yDTLO,1519513910055170048,Daredeviilii
"Leading book club tomorrow and have not read the book…and instead of reading it…I’m binging Ted Bundy  content. 😵‍💫😅

Really enjoyed Zac Efron and Lily Collins in Extremely Wicked, Shockingly Evil and Vile. Also really enjoyed the Ted Bundy Tapes. 

Did not enjoy my book 🥲",1519504219518259202,_psiloveju
How Zac Efron Trained For Baywatch: Workout Plan https://t.co/iTGLPXCJVX,1519494646417838080,ArenaPets
my sub looks likes zac efron bro,1519483101658816513,lLYH00N
Me thinks it hit me when I would come home from school and google search “Zac Efron Shirtless” on the family computer and then have a panic attack about my parents finding out even after I would delete the search history https://t.co/ttoegT1fUo,1519468792849571843,maric0nsito
"Chicago &amp; @EmpireTVseries own @REKKHAN: taking a shot @  #GreenLanternCorps ! @TheDCEU @DCComics @The_dceu @TheDCUniverse
@GeoffJohns  #KevinTuren I'm ready  https://t.co/xpKUAIC2HV   https://t.co/czl87RZzhh @DCFUnited @The_DCEU https://t.co/qx9r0Do7eL",1519467097566466050,REKKHAN
i’m so proud of Zac Efron,1519463446626115585,IssaKautu
Now that im older I definitely hear drew seeley  i swore that was zac efron singing 😵‍💫😂😂,1519447255975186432,Kimberlydior_
EXCUSE ME ? A HORROR MOVIE W ZAC EFRON?! https://t.co/fc7R1Ptqqv,1519446441369899009,cassgunit
Zac Efron Explains His Workout &amp; Diet in Funny Interview with Fab TV | Baywatch https://t.co/zvSDKVs8rn,1519440762739564550,BobyCarsan
The Calm Atmosphere of Zac Efron,1519439725072982018,NYTFeatures
BUTLER UNIT IN INDONESIA: BRIANNA DING (AGE 98) HAS DIED OF B.O.. REPLACE WITH: ZAC EFRON,1519431706393989121,fakeTakeDump
You have Zac Efron as your profile pic quite rat https://t.co/ehY524xt6o,1519427327100395528,boss_htown
"I love Zac Efron so much! Also, what do you think about staring?",1519426498209349632,Kelly46370057
This song is called Bet On It by Zac Efron and it's from the film High School Musical 2. Hope you enjoy! @ZacEfron https://t.co/dDoTFeO4I9,1519421637837213696,nickrobertsmus1
i am now suddenly realizing zac efron &amp; jared leto are different people.....,1519420967772205058,jammeries
Bring back Zac Efron for 17 Again sequel while we’re at it https://t.co/KMgWGjGbUg,1519420813358907398,DarkDefective
Someone tell Zac Efron that I need a season 2 of Down To Earth.,1519416778031394816,BrattyyBee
@hotdocs I see your Beyonce and Zac Efron gifs and I appreciate the very targeted messaging,1519413285157851136,katiemsmurray
"I love Zac Efron so much! Also, what do you think about crying?",1519408901199843328,Kelly46370057
"Zac Efron, que homem",1519407465179369479,xcamiIinhax
I need a haircut so badly but I'm also tempted to grow it out.. idk man it's getting a little bit young Zac Efron in all of the worst ways,1519405735859343361,EDENSP0
alamo played the trailer for that new stephen king adaptation starring zac efron ahead of the northman and when the girl calls him “dad” our whole theatre busted out laughing,1519393494959329282,bitethehan
i hate the fact that young jared leto and young zac efron looked the same,1519387709441150976,mercuriangirl69
zac efron confirmed it for me in 2006 ☹️ https://t.co/nr2op6sXNQ,1519373431862530048,perreoporgarza
"Conspiracy Theory: Zac Efron performed in High School Musical, where the team mascot was the wildCATS, all to prevent my google searches for “zac efron performs Cats the musical in high school” to garner any results. I know it happened. Come clean @ZacEfron",1519373342528184323,PinkyOrbitto
"I love Zac Efron so much! Also, what do you think about sneezing in class?",1519371134000504832,Kelly46370057
Zac efron when he was casted to play mike in 17 again: https://t.co/dlT8mU3KuN,1519367294903803904,jjongiverse
gara gara keputer lagu rewrite the stars jadi pengen rewatch the greatest showman n jadi kangen zac efron 😔,1519365039131488257,volavoid
"""Extremely Wicked, Shockingly Evil, and Vile"" is a horrible title for the Ted Bundy film that stars Zac Efron and Lily Collins.

A better title would have been Evil Beneath the Surface.",1519360721263501313,recognoscente
"Most people watching Zac Efron's Ted Bundy movie are not going to realize that James Hetfield makes a cameo. He did this because the director, Joe Berlinger, had filmed a documentary about Metallica - Some Kind of Monster (named after one of their recent songs at the time).",1519360401959444485,recognoscente
ZAC EFRON IS DOING DAD ROLES NOW MY ENTIRE LIFE IS COMPLETE https://t.co/xTPkX8jDVq,1519356389436669955,theCasswithSass
"Elijah Kelley, John Travolta, Queen Latifah, Nikki Blonsky, Zac Efron, Amanda Bynes - You Can't Stop The Beat",1519345072818593792,MoveRadio3
"I love Zac Efron so much! Also, what do you think about meeting the clown from the movie IT as you're walking home in the middle of the night?",1519343453603201026,Kelly46370057
"I see that there are a cluster group of murdered teenagers, from S2 S2D to Kaitlyn Denvers from Tiberius soul at least I know the injury poinf of Zac Efron.",1519342820322013190,NathanWu84
FIRESTARTER (2022) Trailer ITA del Film Thriller con Zac Efron - YouTube https://t.co/I2nyAyo26b,1519339878659416064,zaczone
Zac Efron Then And Now: His Life And Career Through The Years - TheThings https://t.co/rei9cc4S9E,1519339868102438913,zaczone
Selling Sunset: Amanza Smith addresses rumours she's dating Zac Efron - PopBuzz https://t.co/O4xPjXXlQ7,1519339851975303170,zaczone
apple and sour cherry squashies and zac efron are the way to my heart guys just an fyi,1519333571298836481,Kingzefr0n____
"I look at Zac Efron and really don’t understand why everyone was mad at his face for a while.  

He looks like himself?",1519321116040306689,dacrystvlmethod
🎵🎵 NOW PLAYING: Rewrite the Stars - Zac Efron &amp; Zendaya 🎵🎵,1519321115025453056,UryNowPlaying
"♫ #NowPlaying “Can I Have This Dance” by High School Musical Cast, Vanessa Hudgens, Zac Efron &amp; Disney on #Anghami https://t.co/PR3ycMQXPm can i have this dance?",1519320086745698308,JA52XX_
"claire was just a breathtaking musician before a therapist came into their life. now, all they gotta do is convince a alien to come along. featuring zac efron and george clooney.",1519318286550269953,romcomgenerator
"just watched 17 again for the first time and ive got some things I need to say.

1. the film needed much more matthew perry
2. this zac efron &gt;&gt;&gt; high school music zac efron
3. this hair change was the BIGGEST downgrade https://t.co/mD4zQkYF1r",1519313933504548864,greeneboulevard
Zac Efron fucked his face up chile. Hate to see it,1519308169566117890,ShHeessshhh
"I love Zac Efron so much! Also, what do you think about relaxing?",1519305720520265728,Kelly46370057
"Down to Earth with Zac Efron TV Show Season 02 Released Date &amp; Cast - Everything You Need to Know!

https://t.co/1IwQ1xULph

#DowntoEarthwithZacEfron #downtoearth #Netflix https://t.co/9DKca0utvh",1519297814857076736,flyextremeworld
That time Zac Efron leaked Vanessa Hudgens nudes and that became her villain origin story.,1519293968277811202,theanarchrist1
after the dance recital do you think that Zac Efron will want to stole with me?,1519291711800836096,FinnVonFritter
today is not zac efron’s birthday https://t.co/cahKG2orAq,1519289173521354754,isitzacsbday
Why does Zac Efron keep fucking me up the ass,1519286140196425728,Penny03336931
"April 27, 2008: Vanessa Hudgens and Zac Efron out in Utah. https://t.co/2mJjf6wTsG",1519277680180359170,nostalgicbbv
"Top 10: Best 20th Century Fox titles, #8: The Greatest Showman (2017) - Michael Gracey s. Hugh Jackman, Michelle Williams, Zac Efron, Rebecca Ferguson, Zendaya @ https://t.co/zJpWpXOqTv https://t.co/OtOgB0EMFL",1519274528685404161,FilmExcess
"People you shouldn’t feel sorry for: Boris Johnson

People you should feel sorry: the guy who did the vocals for Troy Bolton in High School Musical and thereafter lived in Zac Efron’s shadow.",1519249322600243200,iznotkewl
"I love Zac Efron so much! Also, what do you think about politics?",1519247838080733184,Kelly46370057
"it's really irritating to me that there are tons of R rated movies with sex scenes, and i don't think once has someone written an article like ""woah zac efron having a sex scene in his new movie!"" but when it's harry they just keep pushing it... that's not what movie's about",1519238964112154624,beachwoodharry
"There is a new trend of skinny malnourished hot boy.. Machine Gun Kelly, Travis Barker, Timothy Chalamet, Role model, Pete Davidson ect. Remember the last decade of hot men? Channing Tatum, Zac Efron, Liam Hemsworth, Taylor Lautner, ect. You see what I mean",1519238949977604096,issytehan1
"Final Destination 2, starring Matt Damon. Co-starring Zac Efron, directed by Darren Aronofsky, music by Kendrick Lamar. Budget: $50,000",1519236086618157056,MashedUpMovies
zac efron in hairspray is a 10/10,1519230850612838401,f0revermore_
ZAC EFRON IS IN HIS GETTING ROLES AS A TV DAD ERA????????,1519228594534461440,goudatama
"You’re telling me that ZAC EFRON, who played 16 yo TROY BOLTON in HSM, is playing a FATHER now?!?!?!? ☠️",1519228117654675456,__ieatcereal
When Zac Efron is playing someone’s father in a movie …. YA’LL KNOW….we officially old as dirt 😫👵🏼,1519225598601666560,honey_nngold
that scene in heartstopper where nick realizes he liked both kiera knightley and orlando bloom was literally me with zac efron and vanessa hudgens when i was younger 😵‍💫😵‍💫😵‍💫😵‍💫,1519219451610210304,myweeklytherapy
zac efron was so good in citizen kane,1519207474762424320,_dylangrace_
isc but zac efron is kinda hot,1519203535505674240,dremamoo
Watching the Ted Buddy movie (Zac Efron) He was really trying to ale Liz believe he ain’t kill all these women,1519201595317268480,bbhlne
Wym zac Efron is playing a DAD now?? 😦,1519194026762776576,the1jhs
zac efron in hairspray,1519193612302565376,c1nguyens
"Zac Efron doin it in a grain silo, gross.
Gettin freaky on other people's food isn't a charming small town moment",1519186335877111808,Sophia_Nyx
Zac Efron Then And Now: His Life And Career Through The Years #celebrities https://t.co/v14yCbxhXe,1519178781176610817,Thethingscom
WHY DOES ZAC EFRON PLAY TED BUNDY SO GOOOD,1519165144529522689,axelhasnoidea
Zac Efron is playing a father in #Firestarter and idk how to process it,1519164236978700288,klementkane
"Zac Efron’s Most Popular Roles, His Latest Film Firestarter Hits Theaters &amp; Peacock May 13. https://t.co/9MS9osKoRm",1519156975459725313,Criticologos
"I love Zac Efron so much! Also, what do you think about flying to Bali?",1519155983511027713,Kelly46370057
Have we considered…Zac Efron?,1519152953923276800,kelliiianne
thank u to whoever it was that decided to give zac efron a travel show,1519150029428203520,emospacecowboy
This shit still so funny to me. Fuck was Zac Efron doin in Newark https://t.co/81hbzbGDum,1519147010896449536,JuiceVuitton95
Zac Efron is playing someone’s daddy in a movie? https://t.co/29K33nHd2F,1519146687268331520,emiliascillian
you’re telling me i was obsessed with zac efron and would j*ck *ff to him only for him to star in a movie called firestarter 🙄,1519144377054081026,wassupkyle
"Have y’all learned nothing from hairspray? Black people are allowed to exist, big people are allowed to exist, Zac Efron can give everyone a boner. You absolute fucking idiots.",1519144353612111873,laurel_arden
WHY IS ZAC EFRON OLAYING A DAD IN A MOVIE,1519139757132976128,biiankizzle
"I love Zac Efron so much! Also, what do you think about taking a vacation?",1519132259005059074,Kelly46370057
when i realised everyone but me was finding zac efron hot as kids lMAO https://t.co/91H2QdOtCm,1519131727700144129,kaeyastra
"I love Zac Efron so much! Also, what do you think about fishing?",1519129559446159360,Kelly46370057
"Ok genuinely, people saying they won’t watch the movie because how Harry is portrayed… it’s a movie?? What?? Like it can be inauthentic to him as a human but it’s a character. Zac Efron played an arrogant serial killer that didn’t make him one",1519126773300178945,wonder_lwt
"Zac Efron acting again 🥹🥹🥹
Come thru Charlie St. Cloud",1519124231602200576,monidonni
thinking about the time someone met zac efron and vanessa hudgens while they were buying sex toys https://t.co/hkOcrZFoFG,1519118113559793665,divinephem
"I am aware Ryan Gosling is Ken now, but if he hadn’t been cast, I would have suggested Zac Efron instead https://t.co/kVbgWhhT2O",1519115496355938305,kevin_thecritic
"🎵🎵 NOW PLAYING: The Greatest Show - Hugh Jackman, Keala Settle, Zac Efron, Zendaya &amp; The Greatest Showman Ensemble 🎵🎵",1519113375325827075,UryNowPlaying
Idk how I feel about this…I hope this is better than the movie they did with Zac Efron. 🤷🏼‍♀️ https://t.co/wUrEMHQAkP,1519112637556183040,xojayceelynxo
So crazy to me that Zac Efron is playing a dad in his next movie,1519110559731433472,jacksonnnnnOtto
Zac Efron really look like Ted Bundy fr,1519107055583469568,Kaysteeezyy
Zac Efron you are mine,1519106921382522886,Ritawhoras
zac efron at the end of 17 again https://t.co/PkAmbrwI5M,1519103890473377792,eungyao
I love me some ryan gosling but zac efron would’ve NAILED IT as a ken doll,1519099712359477249,hslatenightalks
jared leto is evil zac efron,1519091561270845444,CHRlSTITTIES
Can't believe these people had Zac Efron romancing the bed in Hairspray,1519083904308760578,Edidi0ng
Zac Efron ate that Ted Bundy role up,1519077336305799168,natibynaturee
"I love Zac Efron so much! Also, what do you think about swimming?",1519076698209222656,Kelly46370057
"my favorite white men: 

Graham McTavish
Mikael Persbrandt
Zac Efron 
Robbie Amell
The Jonas Brothers",1519075934082670593,giscolemanmart
so when are zac efron and vanessa hudgens gonna get back together????,1519073853300822016,bachelorbarbie
Remember when Zac Efron was filming a show called killing Zac Efron and then he literally almost died filming the first episode of season 1 I hope he’s okay,1519063517768388610,camrammy
zac efron in hairspray is just *chef's kiss*,1519053587032252421,jayymariefams
"I'll do a glance on the victim list, see if anyone else is familiar it's Zac Efron past life afterall.",1519049855825367041,NathanWu84
"Zac Efron, Vanessa Hudgens - Gotta Go My Own Way (From ""High School Musi... https://t.co/8gDS7Hl772 via @YouTube",1519047548392337408,shimwave
evil zac efron in 17 again https://t.co/fkaHmczheI,1519038197187162113,cheoIipop
ZAC EFRON IS IN THE FIRESTARTER REMAKE???? HOLD ON......,1519037471547396097,likejupiters
guys this is so random but when i was a kid i would roll up my blanket so i could prop it up on a chair like a person and then i’d talk to it and pretend it was zac efron,1519036502759690240,taylorismother
"HI, Zac Efron is playing dads in movies in now....that is all to my very important announcement.",1519027469042393088,callmemyrnak
"Zac Efron is going to star in the movie as Madison Cawthorn from North Carolina, it will probably come out around 2025 and will likely to end with suicide or a drug overdose 

@ZacEfron 
@ParamountPics 
@CawthornforNC",1519025968999936001,diglettburros
"My inner pre-teen is in the mood for a Zac Efron marathon. Hairspray, 17 Again, Charlie St. Cloud. He’s just so wholesome",1519025287920439296,serenaanoelle
Ladies &amp; Gentlemen we have officially hit the time in our lives where Zac Efron plays a dad in movies,1519021977469689856,fishhintheeseaa
zac efron in hairspray…aka link…ID KILL FOR THAT MAN,1519019900832002048,liltanizzle
You know you're old when Zac Efron is portraying a father in a new movie.,1519018718046527488,jopinapple
hank green just taught me that harry styles and zac efron have more than two nipples,1519016651714297856,svgarwtch
Zac Efron is playing a dad. I'm officially old..,1519015300716535810,LexieFoxy
"What the actual fawk happened to ""killing Zac Efron"" … it was supposed to come out two years ago",1519009054982615046,efronsels
just found out zac efron is 5’8 i don’t know what to think anymore,1519008558339301376,SaraaaClarkkk
WARRANTY DIGITAL MARKETING FZT HOME LOAN SWEDEN BITCOIN MOGHUR KREMEY DIARRHEA RALPH MACCHIO PANMUNJOM TROUBLED IMPACTXP ALTCOIN BIG DATA TURD STORYBOOK GET PAID BED WETTING CELEBRITIES WIN: AMBITIOUS PINBALL A CLOCK AND SCUBA CHARILY ZAC EFRON KLEVERMERCH ARTIFICIAL INTELLIGENCE,1519004601374019584,fakeTakeDump
zac efron seems like he gives tight comforting hugs,1518998364201046016,mschanandlers
"Me watching the Firestarter trailer ""hahaha Zac Efron playing the dad? He's my age, he's too young for tha- oh shit""",1518996670670905345,nicola_jc
zac efron makes me sick,1518995566977593352,lovingkindofboy
Oh man I'm really old enough that Zac Efron is now playing a dad in horror movies...,1518989961596334081,broromini
zac efron so fine,1518988836264501249,J3RREX
"As student told me she was going to marry Troy from HSM. When I told her his real name was Zac Efron, and showed her a more recent picture she said “woah” and smiled 🤣 she’s like 11 and it was so cute",1518988062545620995,xoSweetEscape
"Ted Bundy Zac Efron, lazy for this one &amp; just use internet pic. https://t.co/8rEVkTCKYA",1518987950192685057,NathanWu84
Selling Sunset's Amanza Smith addresses rumours she's dating Zac Efron - PopBuzz https://t.co/luGBf5QFuB https://t.co/IgoCdRzUe2,1518987581534441472,SinsweetyEscort
Today on WNHTWF @classfrenemy joins Dan &amp; Bran to talk about the Matthew Perry/Zac Efron movie 17 Again https://t.co/3XbidjSERT,1518985700758151168,NotFriendsPod
"In Jean Racine life Jean dated Mlle Du Parc a little too soon after the death of Mlle husband, who is Zac Efron past life.",1518985433668939776,NathanWu84
"Thomas Edison Zac Efron, with Heny Ford Lily Collins anything is possible. https://t.co/POTzrKCQos",1518985239544049670,NathanWu84
"Watched gold with zac Efron last night, it was cool. ending was a bit disappointing but 🤷‍♀️",1518985073441198082,S4V4G3L1N4
ever think about how the last notable Disney Channel Original Movie sent Zac Efron to Namek to find himself through producing his own solo NSYNC song,1518984959343611906,GlRLSAREGOOD
"Im looking into Zac Efron Ted Bundy a bit closer, because 1700 he had a life died by murder by a woman who came to him in guise of trust. https://t.co/Qe25nL8Acq",1518983386114641920,NathanWu84
"zendaya and zac efron for buzzfeed, 2017 https://t.co/eLjv6axljk",1518980758857129987,zendayahours
zac efron in 17 again when he goes back to being old https://t.co/Xh23sDGssm,1518974019986661376,sorryahno
"I think my building might be in a high school musical. Not like Zac Efron, but like everyone is always singing and doing it very very badly.",1518969703091392514,NickDye1993
i had to learn that zac efron didnt sing his parts in HSM so basically what im saying is no one can disappoint me anymore,1518967596577697793,limbiclilac
help i just saw someone on tiktok choose zac efron over henry cavill. i need time to recover.,1518961414588833792,nehalnagmeldin
having some pretty conflicting emotions that teen idol zac efron is transitioning to playing hot dad roles,1518960635211657218,stellarsk8board
Watch me not drink for a whole month and look like zac efron in we are your friends,1518959601265303557,ConorBrennan78
Zac Efron As Ted Bundy makes him 100000x times more hotter,1518956106457964545,latenightexile
Put Zac Efron in a movie and there’s a 95% chance ima watch,1518956047758733312,theeblackusagii
"me , MoM, the staircase and firestarter (i love zac efron too much) https://t.co/fUyW4mJ7yS",1518953626949070849,trashhollywud
"Alexander Skarsgård Revealed Why He's Not Wearing Pants In His IMDb Photo, And The Reason In..  - https://t.co/znw6Cx0cIq #dailymail #news #entertainment https://t.co/rGMB99RLRm",1518953534238167041,JollyTheJocker1
When I was 8 I made a MySpace because I wanted to friend a fake Zac Efron profile. I kept sending him requests and he would decline. One day he accepted and messaged me “LEAVE ME ALONE” and I cried for an hour. https://t.co/VFFq0IMv1M,1518952608483979266,lordmackIemort
the way zac efron used to wear his jeans just perfectly it was a science and it’s purely the simple things in life that give pleasure,1518951960787001349,dudewhy69
"so i’m watching 17 again and obviously i know zac efron is in it but how did i not know that sterling knight, matthew perry and leslie mann are also in it??? so many icons from my childhood🫶",1518948459247714304,laurasderavin
Justin Bieber is exactly what Zac Efron should of been if he broke out of the Disney realm,1518946986086576128,leogitrades
@HenryLovesYou what was it like working with Robert DeNiro &amp; Zac Efron? That jail scene cracks me up so much and I was curious what your experience was like?,1518940383320883202,OliverBlu3
I love this pic but it also gives me major zac efron vibes idk how to explain it https://t.co/Z2jfUBcRII,1518939551955398656,BohoDayz
Whenever i post some edgy or dumb shit it really got me feelin 17 again like ik zac efron,1518937634252496897,andrewthetaco
today is not zac efron’s birthday https://t.co/h7c4YT0OLe,1518937564123648002,isitzacsbday
"zac efron, 2006 selfies https://t.co/zUWWZVEfNf",1518932388067352577,2000sthetic
Zac efron new film looks awesome https://t.co/tWwSX0Q4sF,1518924409549033472,Its_Rachael_XX
Can anyone picture Zac Efron as Johnny Storm for The MCU,1518920398712287233,MichaelVBoule
"April 26, 2008: Vanessa Hudgens and Zac Efron at the Utah Jazz vs Houston Rockets basketball game. https://t.co/H2CCg75c0m",1518911516732440576,nostalgicbbv
"#recruitment 
How Do Staffing Agencies Work?
https://t.co/qnKuNJbV48 https://t.co/cS1wzV9FFS",1518902003530883072,ZacEfroInspire
Maybe unpopular opinion but Zac Efron is so extremely ugly like it hurts to even look at him,1518879300707049472,seralikescheese
"#buzzceleb https://t.co/2o1R6in4OH Alexander Skarsgård Revealed Why He's Not Wearing Pants In His IMDb Photo, And The Reason Involves Zac Efron",1518849521270280193,netmobz
Zac Efron and Dave Franco in Neighbors &gt;&gt;&gt;&gt;&gt;&gt;&gt;&gt;&gt;&gt;,1518824384592584704,AshhTooTrill
"I love Zac Efron so much! Also, what do you think about taking a vacation?",1518820041034125312,Kelly46370057
Babyyy when Zac Efron went brunette the girls was obsessed 😍,1518816645174677504,singerlaurencia
"Yep, it’s Zac Efron https://t.co/HMP6QB7GEn",1518805140211339264,HartWexford
"#NowPlaying ""Rewrite The Stars"" by Zac Efron, Zendaya on @TIDAL 

 https://t.co/aNxODQJwLY",1518799398842605568,jordanajemison
zac efron and his 'sorry little darling' 🥲,1518799288050286592,kurozemarie
"The Gorgon attacked Zac Efron , because they ate the last  piece of pizza topped with grilled onions !",1518798367672832001,SurrealSammy2
"dirty dancing reboot w zac efron as johnny, boom",1518792998061961216,alexjacobreyess
Zac Efron is so damn delicious. My boyfriend agrees.,1518791120070889475,bamiejotelho
im mad af zac efron actually looks like Ted Bundy,1518790776741941249,michellehorton_
My brain keeps reading Elon as Efron and man there’s been some interesting moments of me thinking the tweets are about Zac,1518786845353590787,itskatiebrown
"Anyone see the preview for #Firestarter with that evil little girl from AHS Double Feature, and Zac Efron!? 😍 It looks really good! She's really good at playing an evil child!",1518779386106945536,lezdothiz21
my boyfriend literally did a zac efron hair flip yesterday and i swear i saw it in slow motion,1518773239757303809,jewelieanderson
I would also pretend to be Zac Efron but my username was troybolton19 because 14 was taken lol https://t.co/U6Zhkt06uP,1518771040306012161,taynevs
You know you’re getting old when Zac Efron starts playing dads in movies.,1518768513397141504,Rox_Al_Ghul_89
Zac Efron playing a dad in a movie I’m old 😮‍💨,1518768059942592519,kyra_boudreaux
Life is flying by if Zac Efron is in a new movie as a father,1518768035741544450,Eric_Gauger
So Zac Efron in “Lucky One” or is it just me loving the Stoic types 😩,1518763616958361604,Oh_geeezus
"I love Zac Efron so much! Also, what do you think about slipping on ice in front of a ton of people?",1518759602124337152,Kelly46370057
"dubbing is fine lots of the greats were dubbed. zac efron,",1518751951386820611,mwkcaroline
Zac Efron went from teenager in high school musical to now playing the dad role in firestarter. I feel old bro.,1518751527418093568,Cruz0881
Like I get that I have kids but the fact that zac efron is going to play a dad just blows my mind 😍😂 https://t.co/257kbLUjOR,1518747462525239296,sammy_nicole__
I’m watching a reaction to someone’s first time watching 17 Again and lord this movie is so cringe now I cannot believe it was this movie that got me to make an account on this bird app 13 years ago because I was hoping Zac Efron would follow me,1518746852941651968,regallyjay
young jared leto and young zac efron look so alike and i dont get why no one is talking about it,1518746095060459521,chryslerrex_
why did i think zac efron and garret clayton were the same people-,1518737003822698502,taesmansion
zac efron playing the dad in the firestarter reboot doesn’t sit right with me,1518734640454025218,_dfogz
zac efron mv,1518731209454632960,serinasdlh
the HOLD zac efron had on me in 2006,1518729567372029952,senatorkiwi
"I csnt believe ppl think I care about celebrities
Bro I know like maybe 7 actors names and only 2 of I could tell u like 3 movies they're in and one if them is zac efron  in the 3 high school musicals",1518728982581108744,catscantdraw
we are now old enough to see zac efron play a dad in a movie i’m sick,1518727226254057472,nalijahdaniels
"I’m sorry, but Zac Efron is playing THE DAD in the Firestarter remake? I can’t handle that, it makes me feel old, please sit down Troy Bolton.",1518724795327819777,dnugsqueenofnug
Zac Efron Really Humanized Ted Bundy. Bravo 👏🏽 👏🏽 👏🏽 💯🔥,1518722755591610373,ShawnMac5Stacks
why is zac efron in a stephen king movie,1518718600244346885,hoshwiki
watching zac efron go from playing teen heartthrob to bachelor to FATHER throughout my life is insane,1518717968032714753,godsiero1
Omg watching this movie got me hot zac efron tooo fine bro,1518710001963081730,ShmoneymakinB
"Apple TV+ The Greatest Beer Run Ever (2022) war drama with Zac Efron, Russell Crowe, Bill Murray | Cast, details - https://t.co/WATvr2GxPr

#TheGreatestBeerRunEver #AppleTVPlus #filmmusic #soundtrack #upcoming #ST",1518704049255858176,tracklistOST
Zac Efron Cries With Michael Jackson https://t.co/9QJPrl4zBc via @YouTube,1518701591569874946,chellsurastarJA
They got zac efron play ted bundy and I can help but not care right now that he was a killer 😭😭 zac efron too fine bro,1518701012923691013,ShmoneymakinB
I had a dream about Zac Efron the other day and it was about how we both had feelings for each other but we couldn’t be together and it felt so real LMFAOOO,1518694523638980609,bitchellee
"Since those early days as High School Musical hero Troy Bolton and that oft-copied long, sweeping fringe, Hollywood golden boy Zac Efron has been igniting pangs of hair envy in men all over the globe.Of course, that’s not the only thing to be jealous of.

https://t.co/4RcWvqSBKr https://t.co/9HXqjHcd54",1518691623479222273,elize_hurley
He was innocent. Zac Efron’s version and Colby. https://t.co/iq4JEd9SC2,1518686904815734784,TobiThePiggy
Zac efron so damn fine bro 😩,1518686772338872331,ShmoneymakinB
Zac Efron in the greatest showman is amazing 😍😍😍still as beautiful as ever up there with Baywatch☀️❤️,1518685549619560449,Alicemccarthyx
I have never felt older than just now when watching a movie trailer featuring Zac Efron as someone's FATHER,1518680621492719616,china_doll24
"You can re-write the stars as you sing along with Zac Efron and Zendaya in the smash hit musical film. 
Plus pre-order a bottle of prosecco with your tickets to pay just £12 instead of £21!
NB: this is a movie screening not a live stage show.

27 May 22 - https://t.co/2Lf9oOMJXd https://t.co/aNb8Z2wGze",1518678740959645696,theforumtheatre
Zac Efron wants me so bad bro…,1518674381106552832,gayhomogirlxoxo
Not Zac Efron at that point in his career where he’s playing father roles 😭😭,1518672701300346882,0gKristine
zac efron be dyin his hair black? https://t.co/qp4DhQ8wnj,1518666799407112194,chengcliq
Would you rather fade Zac Efron or undress Idina Menzel,1518663251919196161,wudurater
I am not emotionally ready for Zac Efron to play a dad.,1518663014433579009,drraytay
Lie No. 9: Zac Efron and 65 rabbits could beat Seth Rogen and 61 ferrets in a fight,1518660081570656257,Ticktock40O
"The Lucky One (2012) dir. Scott Hicks
Zac Efron, Taylor Schilling, Blythe Danner
6.4 ⭐

From the acclaimed bestselling author of The Notebook and Dear John https://t.co/8Hq8bymXXZ",1518652442291818496,MiddlingMovies
What would Zac Efron say at a time like this? https://t.co/HiLpp6jx25,1518650468964126725,babyitscoldgcv
"We’re now at that moment in life where, Zac Efron is now old enough to start playing father roles in movies! It’s just a transition I noticed",1518637047652651009,himbohomeboy
Ik Zac Efron been grown but he lookin GROWN GROWN,1518634950928523264,OhMeOhMy_Breezy
"So in HSM 1, some of Vanessa Hudgens’ low notes were randomly replaced with another singers voice. I think that’s funnier than Drew Seeley singing for Zac Efron",1518631733662519297,noodle_nae
The way I’m feeling personally attacked by these ads for Firestarter because Zac Efron is playing a fucking FATHER 💀😭😩,1518628189769244672,CheruCaustic
i have never found zac efron cute,1518625818649534465,picklejuixce
"WOW. Alain Delon was really something during his heyday! Talented man who happens to be very very intimidatingly beautiful (yet still  has that smooth masculinity at the same time). Jared Leto, Rob Lowe or Zac Efron are  mere superficial facsimile of him in the modern era. https://t.co/B4AeZ83zcw https://t.co/xNqGd1dTPa",1518623406409023488,merrychris4ever
i think growing up is realizing Troy Bolton’s dad is hotter than Zac Efron himself,1518619834078040064,imbellarz
just realized that zac efron is much younger than I thought,1518608216468250624,marqueemarcus
"I love Zac Efron so much! Also, what do you think about becoming a billionaire?",1518596058288320514,Kelly46370057
WE ARE YOUR FRIENDS: Main poster for the new Zac Efron film https://t.co/opTER7c1q1,1518594466977832960,SamagameC
today is not zac efron’s birthday https://t.co/DcVaEcG4Wq,1518591647944163328,isitzacsbday
"April 25, 2008: Vanessa Hudgens and Zac Efron at dance rehearsals for HSM3 in Utah. https://t.co/FD6dc6TxHe",1518549128984219648,nostalgicbbv
"#WebsiteDesign 
The Website Design Payment Plans
https://t.co/8kBmv7Lqk9 https://t.co/CHBpi9zu3P",1518542330495750144,ZacEfroInspire
I believe in Zac Efron supremacy &gt;&gt;&gt;&gt;,1518528790984642560,Fizzzup
Thanks Zac Efron for the follow! https://t.co/VjUxJtOS0A,1518522226739486720,jm_tristao
"Fancast time!
Zac Efron as Nightwing.

#Batman #fancast https://t.co/MoMiBeIOEN",1518497336032333825,deabea5
"CALL ME ZAC CUZ 
IDK WTF EFRON W ME",1518491262701432832,jnytrp
that little girl from the new zac efron movie is always doing some evil shit,1518485001121247233,CLEARRlVERS
"In Peru, The dog is watching TV in a snowy movie theater. Then, You come across Zac Efron. All of a sudden, a storm rolls in.",1518483233272254464,wrighte_now
Is it too much to ask the universe for another romcom starring Zac Efron? Please?,1518482021126791168,noisettex
I just saw a trailer for a movie where Zac Efron is playing a father role… that just made me feel really old,1518471814040629249,courtneyyukie
I just saw an ad for a movie in which zac efron plays a father,1518470884490686464,idealfemale
"Searched my full sun,moon, rising on astro-charts and I have the same big 3 as Zac Efron pls 😭😭😭 https://t.co/X7Qxvo98gY",1518468911200616449,sallykizz
my trust issues stem from when I found out drew seely sang the songs in high school musical and not zac efron.,1518453336441303040,annaamoritz
"I love Zac Efron so much! Also, what do you think about meeting the clown from the movie IT as you're walking home in the middle of the night?",1518447576332193792,Kelly46370057
"Mgk used to rap in a mental blackout no wonder all he can spit up is punk rap. If I say yes to Zac Efron I hope the engagement ring he offers me dont be lookin like the one Colson gave megan.
SPIT about why his ring looks like he super glued rhinestones to a FUCKING WEDDING BAND.",1518444116882993159,WealthyWeather
omg zac efron special guest in ptr's stream,1518442035459411968,elegytovoid
i’m sobbing ?????? troy bolton is so cute https://t.co/Y8KZn4lteV,1518435766468284416,tkstrandisbaby
zac efron was sooooooo fine,1518434826600140800,jalnandive
Zac Efron should be the poster child for boiled beef and carrot.,1518434223190732801,posterchildfor
i thought zac efron was like 40 this whole time,1518432829981569024,emlouriv
i drew kuroo over a low res photo of zac efron for shits and giggles https://t.co/KxrT0MkGpD,1518431968907591686,lesbians4misa
okay watching neighbors. dave franco AND seth rogan AND zac efron. 😮‍💨,1518427580268892160,444dira
zac efron was my gay awakening tbh https://t.co/e8xgxWS5oZ,1518425698033143809,britneykordei
Zac Efron surprisingly did an AMAZING job in #Firestarter https://t.co/X07heZq5sN,1518424977531449346,whal510
I find it hilarious that it isn’t been Zac Efron’s voice singing in this first high school musical,1518422471602589697,The_Vaughn_
watching that ted bundy movie w zac efron and lily collins…im sorry this is abt to be ARSE i love them both but i cant see them in this style movie especially zac 😭 if he don’t get up there and dance hit us w a two step and belt a note!,1518419431269015552,wonvungcals
Stephen King’s Firestarter: Meet The Main Characters Of The New Zac Efron Movie https://t.co/pt3rRsQbTG,1518414972363096064,WORLDNE10696852
Where is Zac Efron’s Oscar for High School Musical 3: Senior Year https://t.co/RgqbEKzuzn,1518405066822197250,joykozu
Zac Efron en Hairspray😩😩😩😍😍😍😩😩😍😍😍😍,1518400810366947329,emiliaborjass
"How on Earth have I never seen this Extremely Wicked, Shockingly Evil and Vile jawn? I love Zac Efron .. and Michael Westin here too?? Super compelling. I’ll be sleep in 8 mins though lol",1518400295390355456,9KnightLife
"Zac Efron singing Rewrite the Stars: I know you want me...
Me: https://t.co/pWzqUZlvF8",1518398583988363264,shennyyys
Proof I got old. Zac Efron is playing dad in a horror movie. https://t.co/62VtVvo4e2,1518393262242938880,enginutkan
"ok Pels let’s get your heads in the game

just like the great and respected, Zac Efron, once sung.",1518392903374196738,realScarletA
Damn we are all old enough now that Zac Efron is being casted as a father in movies 😒🤦🏼‍♂️,1518392394290450434,Flyyguyy7
This Stephen King movie for they keep advertising with Zac Efron looks BAD 😂,1518392293153247235,OGMikeBreezy
They got Zac Efron playing a dad in movies now?,1518392228841934848,Lauzin
My dad doesn’t know who Zac Efron is.,1518391691769749504,quincaveli
I always wonder why people laugh when I call myself zac efron??🤔,1518388053102014469,Shahid_efron
"they dont make white boys like they used to, now its timothee and tom holland? on zac efron and logan lerman’s internet??",1518386202491203584,sagowormz
rewrite the stars is so AGH like zendaya AND zac efron singing a dramatic ass song about forbidden love yes pls,1518386182719213570,juliagraviet
"me in 2006: zac efron is my type
me in 2022: zac efron is my type",1518385004090314753,shennyyys
ross was just a moist judge before a stock market investor came into their life. it's a story they'll never forget. featuring zac efron and john boyega.,1518382112671338496,romcomgenerator
"This movie Gold with Zac Efron is good af. His character is dumb, but it’s good.",1518381607928934401,AyeK47_
"I'm sitting here thinking about the time I made a picture of Zac Efron from 17 Again my phone's wallpaper as an inside joke with a friend, and one of my coworkers saw it and thought it was a picture of my boyfriend. I was so proud someone believed I had that kind of pull. #Random",1518376011511091200,GeekGirlyGlam
Me After A Night With Zac Efron Or After Seeing #TheNorthman Again 🤤🤣: https://t.co/RXLJuEBxgA,1518346242895585291,BlackPhillip87
"E129: Men On Fire
(@thejuiceboxpod)

Spotify: https://t.co/RC6udOEluq

Apple: https://t.co/jb22CqhoBl

YouTube: https://t.co/YM389mkPrl

- CNN+
- Netflix Subscriptions
- Don't Look Up
- Denzel Washington
- The Forever Purge
- Zac Efron's Sick Show
- Loyalty
- Mike Tyson",1518337321669640200,JuiceFisherman
