full_text,tweet_id,screen_name,Tweet_user_ID,original_user_ID
"Here is my best GUESS on what the actual return for Juan Soto will be:

Padres: Hassell III, Wood, Abrams, Merrill, Morejon , Susana for Soto, Bell &amp; Finnegan

Dodgers: Lux, Miller, Outman, Bush, Pages for Soto.

Cardinals: Carlson, Gorman, Liberatore, Winn, Graceffo for Soto.",1554465159682445317,JimBowdenGM,23992159,1107227011
You. Don't. Trade. This. https://t.co/wFvWO3S43T,1554263146780659712,JFLANland,143554345,1107227011
"Python is a great addition to any skillset.
It is widely used because of it's simple syntax and versatile applications. 

Here's a 15-hour long, free, easy-to-follow course with no prerequisites by @reuvenmlerner 👇 https://t.co/HX6oO3WPrV",1554167337724456960,Aakriti_Sarma,1300805093210554368,1107227011
"¿#VivaAntes, @mar_rugby_rugby?

https://t.co/Vy0fzvvAq8",1554018806154104833,RutgerBlume,165222341,1107227011
"Adley Rutschman is a lot of things but above all else, he is a FRIEND https://t.co/5mtBWsWAIU",1553872626426208256,benjpalmer,21968354,1107227011
#StayInDCJuan,1553509325297033216,JFLANland,143554345,1107227011
"My TOP 3 Data visualization books for all the aspiring Data Analysts out here -
📘 ""Storytelling With Data” by Cole Nussbaumer Knaflic
📕 ""Visualize This” by Nathan Yau
📙 ""The Big Book of Dashboards” by Steve Wexler, Jeffrey Shaffer, and Andy Cotgreave https://t.co/s7huBbT8K5",1553255316464320512,Aakriti_Sarma,1300805093210554368,1107227011
Rare opportunity to get Statcast numbers on an 18-year-old prospect with Elijah Green taking BP at Nationals Park today. He’s already registering exit velos of 107 mph and 400-foot homers. Here’s a clip from his second session: https://t.co/RK1SfT79bG,1553124097516781568,ByMattWeyrich,609463344,1107227011
"VS code shortcuts cheatsheet 🔥🔥

Thanks for sharing it. https://t.co/VoRirgPi6P",1552989835618443264,Knowyouworths,1481571894952611841,1107227011
"Jairo Concha, 🇵🇪 23 year old CM from Alianza Lima.

Wyscout ranks him as the 2nd-best CM in Peru's Liga 1, and it's not hard to see why!

Creative and a goal threat, not afraid to carry the ball and able to win aerials (70% win rate).

#ArribaAlianza #AlianzaLima https://t.co/npfgJlthCu",1552842230804652032,BeGriffis,263346102,1107227011
https://t.co/eOTmC63wqr,1552464049329229824,netw3rk,12398782,1107227011
"Best SQL Courses for Beginners
2.  The Complete SQL Bootcamp-  https://t.co/tFgVhjCBAS
3.  An Introductory Guide to SQL  - https://t.co/HHVI608aPU
4. SQL for Newbs: Data Analysis for Beginners  - https://t.co/MKreVmvhDu
5.  ZTM academy SQL course - https://t.co/cvoVEryUhq https://t.co/P5DN09XBGb",1552142417842905088,javinpaul,206645598,1107227011
"Data tables are great.

But nothing beats a pretty picture.

The only 12 Python visualization libraries you'll ever need: https://t.co/I1Sugj6Z8d",1551904202456272896,pyquantnews,3187132960,1107227011
How to create a dashboard in Python with Jupyter Notebook? https://t.co/pIa5aO4Iqv https://t.co/4QuYnlAm6x,1551592372160679938,MikeTamir,331659804,1107227011
"Cool project by @p_robberechts.

""SoccerData is a collection of wrappers over soccer data from Club Elo, ESPN, FBref, FiveThirtyEight, https://t.co/8nVbzF1ZYe, SoFIFA and WhoScored. You get Pandas DataFrames with [...] identifiers across datasets. ""

https://t.co/xJjDVMKFcF https://t.co/3OtRwnL7ys",1550934255844352003,PySportOrg,633742583,1107227011
"A little project I've been working on. Trying to put my years of stat-ness to good use. Plan to work through more seasons, time allowing. Endure or ignore / share. One for the football nerds. 🤓⚽️
https://t.co/5ZVuWKEOqu",1550791118639472643,philarn80,259345487,1107227011
"💡 Look what's in store for you all this weekend, 190 python projects with source code: https://t.co/FZgWQkWJ8d

#Python #Weekend #DataScience https://t.co/ibAqGeb7R3",1550618691271893000,DataScienceDojo,1318985240,1107227011
Found this excellent GIT cheat sheet https://t.co/xu4dEbvrEz,1550535605934866433,csaba_kissi,703528675271176192,1107227011
"🎓 ML YouTube Courses

We created this repo to help you discover high-quality machine learning and NLP courses.

https://t.co/I1v1xCK1Ck https://t.co/TP78yE9dqP",1550493129542975489,dair_ai,889050642903293953,1107227011
Get Zip Code with given location in Python https://t.co/tPZjlD8q2w,1550445049078435840,clcoding,1322566336367636482,1107227011
"Youtube channels posting detailed beginner level Tableau Tutorials:
📽️ Data Science Tutorials
📽️ stepbystepdatascience
📽️ Gronify
📽️ Abhishek Agarrwal
📽️ sqlbelle",1550360492354334722,Aakriti_Sarma,1300805093210554368,1107227011
I have a son!!! https://t.co/fDn8NPE30j,1550220046173196288,jayforeman,43919376,1107227011
"Riding a needed *tremendous* high rn when the first half of this year didn't quite go as planned. As I tell my other depressed friends, when the good times arrive it's time to capitalize on it!

Your sun may shine bright for a day, a week, month, or an hour, so don't waste it!",1550135809386450946,Vascillia,247964807,1107227011
"Learn for free:

HTML: https://t.co/ZZ65CzGLB4
CSS: https://t.co/f9C247W2fy
JavaScript: https://t.co/b1EUNxLUhi
React: https://t.co/GeXp4JaWic
Vue: https://t.co/FrY6gZoJfW
Git: https://t.co/i9MePOHufX
Web3: https://t.co/DTvXJ0lXLb
Python: https://t.co/ZvIXwJlgFg",1550087191254138881,denicmarko,202982523,1107227011
"The Data Analysis End-to-End Project Tech stack📚

🎲 Data Collection - Python ( Scrapy, Beautiful Soup )
🎲 Data Cleaning - SQL / Python ( Pandas )
🎲 Data Visualization - Tableau / Microsoft PowerBI
🎲 Data Modelling - Python ( Scikit-learn, Pytorch...)",1549630431250657280,Aakriti_Sarma,1300805093210554368,1107227011
"🚨 Guide to Sports Analytics 📊

In addition to 200+ R resources, new sports-focused Python links are now included! Over 100+ python tutorials, 30+ packages, 25+ accounts to follow, 10 cheatsheets, and several free books &amp; blogs now all in one place !! ⬇️

https://t.co/Y4il0Rxqcc https://t.co/e1yUfqv8fw",1549431129714970624,DSamangy,1448695694,1107227011
"Data Visualization Cheat sheet by https://t.co/E5K8fYlK6S 
#DataScience #SQL #Cybersecurity #BigData #AI #IIoT #Python #RStats #TensorFlow #JavaScript #ReactJS #CloudComputing #Serverless #DataScientist #Linux #Programming #Coding #100DaysofCode #NodeJS #golang #NLP #GitHub #IoT https://t.co/RSJDBXqbYQ",1549254647424004096,TechedHubInd,1458263700427530241,1107227011
💍 Shali and I got engaged at the weekend… ❤️❤️ https://t.co/dfnFKgXVxe,1548980621611081728,Benjaminbloom,73376600,1107227011
Bundee is the friend we all need. Lucy's nuggets....are also what we all need https://t.co/SaTNBYjxAO,1548448261165330433,IrishWomens,1376210008409522178,1107227011
I think it's fair to say Peter O'Mahony is enjoying his night! Well deserved! #NZLvIRE #TeamOfUs https://t.co/Lw7eLPKUtf,1548405803199053827,VillanGav,231083851,1107227011
This is peak 37 year old adult https://t.co/4mLIzENL6r,1548359984857067522,ianoland,53209671,1107227011
"190 Python Projects with Source Code: solved and explained for free
https://t.co/zaayCVZRDX

#data #DataScience #dataanalysis #DataAnalytics #dataScientist #machinelearning #python #pythonprogramming #pythonprojects #pythoncode #artificialintelligence #ai #100DaysOfCode https://t.co/hWyYfvlDzY",1548296755770716161,amankk_9,4244082140,1107227011
"3 SQL Games to Level up your SQL Knowledge...

🧵👇",1547754323945201666,vikasrajputin,854783619600011264,1107227011
"50 VS Code ShortCuts for Developers

Thread🧵👇 https://t.co/RmAlydbLir",1547246602620129280,JSAyushThakur,938410580544647170,1107227011
is that my bestie on TSN 🤩 @hailey_salvian https://t.co/fM4CFJbBnQ,1547237855042445317,domluszczyszyn,69488162,1107227011
"I'm overwhelmed with the amount of love and support I have gotten in the past week. I can't possibly thank you all individually, but I want to. I'm completely fine, minus the covid that is still running rampant through my body, but even that is getting better.",1546971865872302081,StephaliciousD,198722473,1107227011
😎 https://t.co/CjagW75xXQ,1546927373240729602,seanfitz247,80719084,1107227011
"I cannot emphasize enough the value of looking up. Most people don’t realize you can see planets, nebulas and at least one other galaxy with the naked eye on any given clear night.",1546880236461113345,Ben_Jones88,52571515,1107227011
🐳😏 https://t.co/7MqG4g7B81,1546651805551013888,racheldoerrie,2400635306,1107227011
"When you're learning a new programming language, you should build a bunch of projects with it.

Start simple and get more complex as you learn new skills.

Here @codergirl1991 shares 25 beginner-friendly projects so you can get started coding in Python.

https://t.co/BBR8oaIGbs",1546540325950341120,freeCodeCamp,1668100142,1107227011
@IneffectiveMath https://t.co/K27IAx6n5o,1546498752445292545,peterhassett,15431692,1107227011
@KevinHornePSU 4th &amp; 15 to Smolko over the middle doesn’t get talked about enough as all time important PSU football moments.,1546290802820894720,BenFeller,2571493197,1107227011
"Just an awesome week in Montreal covering the NHL Draft for @TheAthletic. Pumped out four stories, but still found more than enough time to enjoy a great city with great people. 10/10 would recommend https://t.co/hT2XSsYdIh",1545865010399903745,charlieo_conn,174728134,1107227011
"Fake News Detection Using Python | Data Science Problem with Python
#python #machinelearning 
https://t.co/H9xnwS8aMN",1545792244711493632,PythonPr,855384627975831553,1107227011
"A comprehensive data analytics roadmap🛣📊🚀

▶ Start to finish data analytics roadmap including project ideas and FREE learning resources to apply for jobs📝

A🧵↓ https://t.co/HB088A4ArC",1545641409394356224,avikumart_,940277047955296260,1107227011
#AllAboutTheData https://t.co/ebrHzsG3ml,1545538580164055084,DataJayInTech,1186822015912681472,1107227011
Recap of the 1st round of the 2022 draft based on our draft outcome model (w/ @RMoreau18 &amp; Kim Kroetch) https://t.co/ixptZBR23P,1545457176239431680,BrendanKumagai,1145881663983013888,1107227011
"🔴 Pandas 🐼 Tutorial 6️⃣: Styling DataFrame
🟡 Jupyter Notebook 📒 in second tweet.

Check this out 👇 

#programming #MachineLearning #DataScience #pythonprogramming #CodeNewbie #pythoncode #100daysofcode #pythontricks  #pythonprojects  #100daysofcodechallenge #python #Pandas https://t.co/uzkzgHYyfB",1545454673263374336,akshay_pachaar,703601972,1107227011
"🦁New QB Big Board: 2023🦁 

With Marcus Stokes flipping to Florida yesterday, Penn State now finds itself in need of a 2023 QB recruit. 

Here are a few names I think they could potentially pursue moving forward.",1545419328073482246,PSURecruitTalk,1265275711314702337,1107227011
"180+ Projects with Source Code! #BigData #Analytics #DataScience #AI #MachineLearning #IoT #IIoT #PyTorch #Python #RStats #TensorFlow #Java #JavaScript #ReactJS #GoLang #CloudComputing #Serverless #DataScientist #Linux #Programming #Coding #100DaysofCode  
https://t.co/TLL58eE6iG https://t.co/DKxuVod02l",1545243786682540033,gp_pulipaka,4263007693,1107227011
What’s available at #ALLCAPS selection: https://t.co/4CPaDtP8wT,1545221484905484288,jon_m_sorensen,1244284691764654080,1107227011
"Another first ballpark visit in Somerset, NJ tonight, and there's a woman ump! (Also very good tacos.) This is a Copa de la Diversión game, Cangrejos Fantasmas (👻🦀!) de Chesapeake vs. Zorros (🦊) de Somerset! https://t.co/FHGxi8rNSS",1545193894689869824,TheyAreJett,40486976,1107227011
The simplest regular expressions cheat sheet you'll ever find🐍📝👇 https://t.co/7iP66ogo2x,1545158214525878276,avikumart_,940277047955296260,1107227011
"Whether data analytics or data science, python's 'pandas' is irreplaceable when it comes to data manipulation and wrangling 🐼

Here are quick cheatsheets to keep with you, when you work with pandas🔽👍 https://t.co/eGem6J7fOW",1544071050039660544,avikumart_,940277047955296260,1107227011
"There is a 'leetcode' for software developers to practice coding problems...

but what's for data scientists? 🤷‍♂️

I found 'stratascratch' recently which is designed to practice data science coding questions in python and SQL.

Do check it out🔽👍
🔗 https://t.co/rLM07vsgD9",1543859663883513856,avikumart_,940277047955296260,1107227011
"Gold mine channels worth checking out -

🏅 StatQuest with Josh Starmer - Statistics and ML
🏅 Luke Barousse - Data Anlaytics
🏅 Alex the Analyst - Data Anlaytics
🏅 sentdex - Python
🏅 Abdul Bari - DSA
🏅 Krish Naik - Data Science and Analytics",1543831973688401921,Aakriti_Sarma,1300805093210554368,1107227011
"SQL is the most important skill to have as a data scientist💻

Here are the quick SQL summary cheat-sheets to revise SQL commands📝👍 https://t.co/BoTqkQk1ok",1543708661129744385,avikumart_,940277047955296260,1107227011
1/ Dear Republicans: We Tried Your Way and It Does Not Work (a thread):,1543463394996408321,Thom_Hartmann,21414576,1107227011
"10 Netflix Documentaries That Will Change Your Life + Mindset

1. Living On One Dollar https://t.co/c6BJnjOG0v",1543248138567393280,1WrittenNotes,1485385661733646340,1107227011
"104 Data Science Projects solved &amp; explained with Python
https://t.co/4S0xZ3vvBa

#data #DataScience #dataanalysis #DataAnalytics #dataScientist #machinelearning #python #pythonprogramming #pythonprojects #pythoncode #artificialintelligence #ai #100DaysOfCode https://t.co/QfA44xR4zY",1543211086224424961,amankk_9,4244082140,1107227011
"Crush Data Analytics in the second half of 2022 🎯

🏹July -  Statistics
🏹August - Excel
🏹September -  Tableau / Power BI
🏹October - SQL
🏹November -  Python 
🏹December -  Projects + Interview Prep",1542748836665368578,Aakriti_Sarma,1300805093210554368,1107227011
"we used to be a country, a proper country https://t.co/snm1LgkUYW",1542677919633473537,tejfbanalytics,1194759040657551361,1107227011
"Folks,,, https://t.co/pN48JLF2qp",1541939048629035011,StatsbyLopez,532752544,1107227011
"Harvard University offers this free course on Web Development.

The course covers: 
1/ HTML, CSS
2/ Git
3/ Python
4/ Django
5/ SQL, Models, and Migrations
6/ JavaScript
7/ User Interfaces
8/ Testing, CI/CD
9/ Scalability and Security

Link: https://t.co/6fOHPQFek3",1541733700899151874,denicmarko,202982523,1107227011
"Comprehensive Guide to GitHub for Data Scientists https://t.co/4lniGnh8wH
#AI #DataScience #DeepLearning #MachineLearning https://t.co/ykXQs5Mw4Z",1541445513186365446,MikeTamir,331659804,1107227011
"🐍📺 Intro to Object-Oriented Programming (OOP) in Python [Video]
#python https://t.co/p0bMjOlvec",1541239986946818048,realpython,745911914,1107227011
"Running your application in a container can make things a lot easier.

And Docker is one of the most popular tools for managing containers.

In this guide, @sesigl explains how to run a database locally using Docker, how to run automated tests, and more.

https://t.co/7cjpAy0UTc",1541089910580461568,freeCodeCamp,1668100142,1107227011
"42 ideas for web developer ...
#Python #100DaysOfCode #Java #AI #Machine #Code_Synechise #MachineLearning #Cloud #BigData #javascript #DataScience #DevOps #LearnToCode #Learn #100daysofpython #100daysofcodechallenge #projects https://t.co/wjG6iA6DWJ",1541020017893879808,seokonikaislam,1422042240759877633,1107227011
"Need some Python project ideas?

Here's a collection of 100+ simple python mini projects to enhance your python skills:

https://t.co/Yzn7qsjQ1h",1541007007506898944,python_engineer,1124273786893864960,1107227011
"Best Courses to learn Java 
1. Java Masterclass - https://t.co/lCnLXS89cK 
2. Java Programming - https://t.co/VhhMp4ePGM 
3. Java Fundamentals  - https://t.co/9dGrMMweRf 
4. Java Professional  - https://t.co/FI5OquNjLT 
5. Java Coursera - https://t.co/7DexCft0Et https://t.co/bJzG0V1DTQ",1540935605718323200,javinpaul,206645598,1107227011
100 Days of #DataScience Challenge #MachineLearning #SQL #Cybersecurity #BigData #Analytics #AI #IIoT #Python #RStats #TensorFlow #JavaScript #ReactJS #CloudComputing #Serverless #DataScientist #Linux #Programming #Coding #100DaysofCode #NodeJS #golang #NLP #GitHub #IoT #MLOps https://t.co/a0xhDj8hqq,1540838187370795013,JaanaSyeda,1100891916617555968,1107227011
"SIX courses on the internet that will help you to learn Python completely  🐍

🧵👇",1540583101239279616,Sauain,1401210504354304000,1107227011
"Best Online Resources to Learn Data Analysis in 2022 (Courses, Books, Videos, etc) — compiled by @tut_ml 
————
#BigData #DataScience #Statistics #DataWrangling #DataLiteracy #DataViz #BI #MachineLearning #DataStorytelling #DataFluency #DataScientist
https://t.co/HAbwuuHMle",1540532442007838720,KirkDBorne,534563976,1107227011
"35 Best @Coursera Courses for #DataScience — via @tut_ml 
—————
#BigData #MachineLearning #AI #DeepLearning #NeuralNetworks #NLProc #ComputerVision #Algorithms #Python #Coding #DataScientists #100DaysOfCode
https://t.co/dIl6kmmgTX",1540532281001099266,KirkDBorne,534563976,1107227011
"Long overdue for a non-football camp tweet today.

We’ve gotta be there for our girls and women. And not silently. Imperative. https://t.co/zIppgCiHXq",1540458496030031872,TDsTake,455961843,1107227011
"21 most valuable Github Repositories for Data Science &amp; Machine learning

🧵🧵🧵",1540364965722443777,GiftOjeabulu_,1171690670786056192,1107227011
"Git is by far the most used source control management tool out there.

It is basially an essential to know. And this justifies knowing a few of the most important git commands you need in your daily work.

Here are 19 that any developer should know.

A thread. ↓ https://t.co/QDK5QtGhQw",1540292501826854912,oliverjumpertz,2603213234,1107227011
🎮5 Data Science Twitch Channels You Should Follow in 2022 @Rob_Mulla @rctatman @awashingtonchen @nickwan @moriah_taylor58 https://t.co/zDHwatEYP6 #DataScience #MachineLearning #NLP #twitch #livestream #Python #rstats,1540274112588832768,heyspaceturtle,1378585053660348418,1107227011
"Top 10 Data Visualization Libraries in Python📊:

1. Matplotlib
2. Seaborn
3. ggplot
4. Bokeh
5. pygal
6. Plotly
7. geoplotlib
8. Gleam
9. Folium
10. Leather",1540269280482058240,bce3227,1386941748144791553,1107227011
"Here are some handy #learning resources

#AI #DataSecurity #dataScientist #DataAnalytics #RStats #Reactjs #IIoT #flutter #javascript #java #TensorFlow #BigData #Cloud #coding #BigData #MachineLearning  #R #reddit #WomenInSTEM  #fintech #technology #blockchain #Job #100DaysOfCode https://t.co/tZWPkdaLo1",1540203183716327425,YuHelenYu,839338759330152453,1107227011
"Python Projects for beginners with source code😲

A thread 🧵👇",1539887277136293888,nevrekaraishwa2,2934428791,1107227011
I just met a new coworker who will be covering the DMV area who worked for the Caps a few years ago. He has a ring. 🤩,1539654553611558912,ATPinDC,21817087,1107227011
"Learn for free:

HTML: https://t.co/ZZ65CzGLB4
CSS: https://t.co/f9C247W2fy
JavaScript: https://t.co/b1EUNxLUhi
React: https://t.co/GeXp4JaWic
Vue: https://t.co/FrY6gZoJfW
Git: https://t.co/i9MePOHufX
Web3: https://t.co/DTvXJ0lXLb
Python: https://t.co/ZvIXwJlgFg",1539561726315839491,denicmarko,202982523,1107227011
"10 FREE Sites to find HTML/CSS Code Snippets

✅ codepad. co
✅ snipplr. com
✅ webcode .tools
✅ codemyui. com
✅ bootsnipp. com
✅ www.codeply. com
✅ www.littlesnippets. net
✅ css-tricks. com/snippets/
✅ codesandbox. io/search
✅ 30secondsofcode. org

Add more 💬👇",1539501177758535680,csaba_kissi,703528675271176192,1107227011
"Check out my article on learning programming.
https://t.co/2jOdiehQqt",1539446498152402946,TatienM,1082333000417857536,1107227011
Best of HTTP Cheat Sheet #MachineLearning #DataScience #SQL #Cybersecurity #BigData #Analytics #AI #IIoT #Python #RStats #TensorFlow #JavaScript #ReactJS #CloudComputing #Serverless #DataScientist #Linux #Programming #Coding #100DaysofCode #NodeJS #golang #NLP #GitHub #IoT #MLOps https://t.co/3ELx62S9WU,1538296864084205568,Sheraj99,268619848,1107227011
"Types of databases

#AI #DataSecurity #dataScientist #DataAnalytics #RStats #Reactjs #IIoT #flutter #javascript #java #TensorFlow #BigData #Cloud #coding #BigData #MachineLearning  #R #reddit #WomenInSTEM  #fintech #technology #blockchain #Job #developer #100DaysOfCode #SQL https://t.co/4KryVaLGDg",1538278180074557445,YuHelenYu,839338759330152453,1107227011
"Useful #SQL cheatsheet

#MachineLearning #DataScience #Cybersecurity #BigData #Analytics #AI #IIoT #Python #RStats #TensorFlow #JavaScript #ReactJS #CloudComputing #Serverless #DataScientist #Linux #Programming #Coding #100DaysofCode #NodeJS #golang #NLP #IoT #webdevelopment https://t.co/oI5CHfBgHC",1538242339764064256,rohanpaul_ai,2588345408,1107227011
"11 YouTube resources to learn SQL, PL/SQL

⇩",1538124413157003264,swapnakpanda,69941978,1107227011
Did you know this #MachineLearning #DataScience #SQL #Cybersecurity #BigData #Analytics #AI #IIoT #Python #RStats #TensorFlow #JavaScript #ReactJS #CloudComputing #Serverless #DataScientist #Linux #Programming #Coding #100DaysofCode #NodeJS #golang #NLP #GitHub #IoT #MLOps https://t.co/5n63piTuB7,1538113930425298944,seokonikaislam,1422042240759877633,1107227011
Git commands Cheat Sheet: https://t.co/7uZdJECFp6,1538104384244133888,denicmarko,202982523,1107227011
"Learn Programming Languages

#AI #DataSecurity #dataScientist #DataAnalytics #RStats #Reactjs #IIoT #flutter #javascript #java #TensorFlow #BigData #Cloud #coding #BigData #MachineLearning  #R #reddit #WomenInSTEM  #fintech #technology #blockchain #Job #developer #100DaysOfCode https://t.co/dZMlXxoJ8B",1538060590861586432,YuHelenYu,839338759330152453,1107227011
"The Battle of Alberta: A Visual Explainer
-
I’ve wanted to do something like this for a while, and I present y’all with an introduction to the legendary battle between @EdmontonOilers and @NHLFlames from history to stats :) https://t.co/KDBAeF6UTf",1537907244800409601,flyerswitch,1298262697046228994,1107227011
"When you're learning a new programming language, you should build a bunch of projects with it.

Start simple and get more complex as you learn more skills.

Here @codergirl1991 shares 25 beginner-friendly projects so you can get started coding in Python.

https://t.co/BBR8oaIGbs",1537843015703732226,freeCodeCamp,1668100142,1107227011
"Yesterday I shared how to turn text to speech, well with #Python you can also turn speech to text🐍✨ @AssemblyAI's API lets you do this in a few lines of code! 

Here's all the code I used to transcribe a talk I recorded recently that I'll turn into a blogpost💕 https://t.co/qnGL8obMa3",1537794695828488192,marlene_zw,836359727265243136,1107227011
"Which #programming language are you working on💻

#100DaysOfCode  #cybersecurity #BigData #javascript #technology #java #tech #MachineLearning #pythonprogramming #pythoncode #JobSearch #job #tech #IIoT #linux #IoT #Online #AI #ML #Python  #Coding #datascience #programmers https://t.co/dMtxT1zxVD",1537740530951499777,lnbcore,1309867693516795909,1107227011
Python Libraries and Frameworks. #BigData #Analytics #DataScience #AI #MachineLearning #IoT #IIoT #PyTorch #Python #RStats #TensorFlow #Java #JavaScript #ReactJS #GoLang #CloudComputing #Serverless #DataScientist #Linux #Programming #Coding #100DaysofCode https://t.co/1r4jttGR7y,1537675671333642240,romen_rake,1418932567680720897,1107227011
"Useful VS Code Shortcuts to Boost Your Productivity⚡️

A 🧵👇 https://t.co/8IpWptwcXr",1537654223881797632,ighmaz_js,947567899,1107227011
415,1537636811090145281,nickwan,16324230,1107227011
"Python Libraries and Frameworks. #BigData #Analytics #DataScience #AI #MachineLearning #IoT #IIoT #PyTorch #Python #RStats #TensorFlow #Java #JavaScript #ReactJS #GoLang #CloudComputing #Serverless #DataScientist #Linux #Programming #Coding #100DaysofCode 
https://t.co/hS26GK5NRM https://t.co/J2bE8x3E1V",1537615297812828160,parvezshahshaik,1193120599247224832,1107227011
