full_text,tweet_id,screen_name,Tweet_user_ID,original_user_ID
@NathanAckerman_ Rodon not going anywhere makes me feel better about settling for Thor,1554597729321492483,ESBN__,1238558329141592067,1183997645859127296
"Trade return aside, if David Robertson comes back to the Phillies and helps them to get back to the postseason for the first time since 2011, that will be a great story. 

He didn't do anything wrong in his first tenure with the team, his body just failed him. Now, he's healthy.",1554561821293568000,TimKellySports,167500897,1183997645859127296
"The Phillies have now added David Robertson and Brandon Marsh, but continue to shop for starting pitchers.

Sources say they've talked to the Red Sox about Nathan Eovaldi and Rich Hill, and to the Giants about Carlos Rodon. And still in conversation with the Angels on Syndergaard",1554557648447709187,jaysonst,19735580,1183997645859127296
"They have to get Rodon or literally none of this makes sense. 

(The Marsh deal makes zero sense regardless)",1554556269440245761,DavidEsser_,1124049806282960899,1183997645859127296
"Add Carlos Rodon, and you have the 2019 Nationals formula. Top-heavy lineup, a bullpen that’s fine, and three of the best starters in the game. Doesn’t matter if you barely squeak into the playoffs - Nola/Wheeler/Rodon gives you a really good chance to make a run.",1554550561172856833,JonnyHeller,866734315396370434,1183997645859127296
That’s really bad,1554494272870785026,paul_boye,20445907,1183997645859127296
Happy deadline day! https://t.co/OnwCN73Lkl,1554439365652205568,JeffPassan,33857883,1183997645859127296
"In the wake of the last two years in Chicago, looking back, man was that massive they were able to dig out of a 3-1 hole. It felt desperate then, but man, if we only knew what was ahead…",1554255821776855043,sreno_24,759791348681543680,1183997645859127296
Fun time to reminisce on your favorite untouchable prospects of old https://t.co/zYHQ1sX5Pb,1554254204201406464,RayDunneBTB,1551912878,1183997645859127296
"@NathanAckerman_ Ok, this time I AM calling it. The Phillies will get 20 wins in August. Count on it.",1554240920677060610,paulpaz,17391507,1183997645859127296
Ok now things are getting weird. https://t.co/WCZIDl1kqW,1554154523379236867,destiny_lugardo,1169364496009314305,1183997645859127296
The CF market is so bad that it seems like the Phillies are probably better off giving up nothing and giving the job full-time to Vierling. Or hope that Herrera has another hot streak in him. https://t.co/d30S1471VY,1554124613940019201,destiny_lugardo,1169364496009314305,1183997645859127296
"Matt Klentak’s in season acquisitions from the 2018-2020 seasons

Drink it in 

Cabrera
Loup
Ramos
Bour
Avilan
Bautista
Bruce
Miller
Morin
Smyly
Vargas
Parker
Hughes
Dickerson
Morrison 
Vincent
Pirela
Hale
Workman
Hembree
Phelps",1554106982495391745,FranzkeLA,275626544,1183997645859127296
@jjoseph19958 @NathanAckerman_ You will get solo shots alot because he is the leadoff hitter.,1553829850598838272,billfisher6,396281596,1183997645859127296
Aaron Judge has more home runs since the All-Star break than Nick Castellanos has all season.,1553700905777872897,JonnyHeller,866734315396370434,1183997645859127296
@NathanAckerman_ https://t.co/Wi6Bsa4CNn,1553581654119067648,paulpaz,17391507,1183997645859127296
@NathanAckerman_ him and Rhys earlier have hurt,1553560937533214721,ESBN__,1238558329141592067,1183997645859127296
Fairway bunkers should be illegal.,1553368772081336320,JackFritzWIP,329836281,1183997645859127296
@NathanAckerman_ What does this mean? (Out of curiosity / for learning purposes),1553213175499194370,michaelsking93,817691626747416578,1183997645859127296
Trade deadline is off to an incredible start. https://t.co/QQcS7FsU0o,1553204899005042690,destiny_lugardo,1169364496009314305,1183997645859127296
Thomson addressed that play as soon as Herrera came back in the dugout. That’s what a good manager does.,1553188658030714881,destiny_lugardo,1169364496009314305,1183997645859127296
Game 2 https://t.co/vWh3fR2TNL,1553153493434859524,destiny_lugardo,1169364496009314305,1183997645859127296
“DO IT FOR THE SAUDI ROYAL FAMILY!” a heckler yelled as Phil Mickelson prepared to hit his first shot at the LIV Golf event at Trump Bedminster. He had to step away from the ball.,1553071278189338624,StevePoliti,31582509,1183997645859127296
Pac-12 Network just crushing its coverage of Pac-12 media day by... repeating George Kliavkoff speaking three times and not having actual live coverage of the coaches/players speaking. 🤦‍♂️🤦‍♂️ https://t.co/qZOkZTNtpP,1553055979985592321,ShotgunSpr,12722322,1183997645859127296
This is first time in his MLB career Spencer Howard has pitched as many as five innings without allowing a homer or walk.,1552867812057616384,Evan_P_Grant,23108081,1183997645859127296
"@NathanAckerman_ They should've DFA'd him like, two months ago.",1552857389572898816,tim_zhai,812308940046221312,1183997645859127296
"Phillies have a real 40-man roster crunch coming up. Jean Segura, Ryan Sherriff and Sam Coonrod will have to be activated at some point in the next few weeks. Segura could be back as early as Sunday. 

Would have to think Familia is an obvious cut.",1552851876500148225,destiny_lugardo,1169364496009314305,1183997645859127296
@NathanAckerman_ https://t.co/cCgm7Wqi1J,1552845090304950272,jjoseph19958,1109897060,1183997645859127296
@NathanAckerman_ DFA this damn clown. My God how much more do they need to see!?,1552840123087106048,PhillyThe13th,1375910527537401861,1183997645859127296
@NathanAckerman_ he has the third best batting average for any third baseman in major-league baseball,1552816448254394373,aaronschulman7,1440730213722177543,1183997645859127296
@NathanAckerman_ #Analytics,1552804062604787714,ESBN__,1238558329141592067,1183997645859127296
@NathanAckerman_ Is that good?,1552803884510363648,RDMac97,1351135881105707009,1183997645859127296
@NathanAckerman_ The green shirt is a nice touch,1552741219796627456,GharibSports,3083320190,1183997645859127296
@NathanAckerman_ U had facial hair at 11???,1552729998880133120,ESBN__,1238558329141592067,1183997645859127296
announce soto,1552718678709387265,JeffPassan,33857883,1183997645859127296
@JackCurryYES Jack had it first. As he often does. Because he is excellent at his job and a complete pro who never warrants grief from anyone.,1552707083312807938,JeffPassan,33857883,1183997645859127296
.@maxkellerman ratio + I have a swimwear line now 👍 https://t.co/2dsz42RK5M,1552704511826960386,TomBrady,1108050829393707008,1183997645859127296
"(P + l) (a + n) = pa+pn+la+ln  

I just foiled your plan.",1552619728509800450,ThePunnyWorld,2472108787,1183997645859127296
"Ugh. Giants do one single, dingle thing right ever and actually learn how to play defense challenge: 0/1,000,000,000,000,000,000,000,000,000 https://t.co/JqOEtGb6FD",1552414271014707200,jackwsmith14,984583537666879488,1183997645859127296
@NathanAckerman_ I was never out on the Phils,1552410569608531968,tim_zhai,812308940046221312,1183997645859127296
@NathanAckerman_ Of course,1552407754798686208,dalvin4mvp,1221272104009637894,1183997645859127296
@NathanAckerman_ They can still get 15 wins in July!,1552395902135939073,paulpaz,17391507,1183997645859127296
"My first A1!!! (yes I did buy 30 copies, what about it) https://t.co/HAaPosgHYB",1552377442412638214,AlexisTimko,1336095900,1183997645859127296
@NathanAckerman_ Was never out,1552376941000491011,ESBN__,1238558329141592067,1183997645859127296
"Alec Bohm is 2-for-4 today, bringing his batting average in July up to .439. He's also driven in 12 runs and has an OPS north of 1.000 this month.",1552373198490112002,TimKellySports,167500897,1183997645859127296
https://t.co/eC0Gjmjdly,1552367326921498624,nocontextcfb,1035285284600963072,1183997645859127296
"Alec Bohm’s next game will be his 250th in the majors. 

He’s a .283 career hitter so far, .303 with runners in scoring position.",1552362640692895749,CSeidmanNBCS,27015182,1183997645859127296
This man is on fire. https://t.co/HWJNspff9g,1552362621772382208,Phillies,53178109,1183997645859127296
"Illinois football coach Bret Bielema just told the media, ""Anything we can do at Illinois to make your job easier"" and I nearly fell out of my chair.",1552313259138715648,latbbolch,46795961,1183997645859127296
"I stayed up all night wondering where the sun had gone…

Then it dawned on me.",1552275801734774784,ThePunnyWorld,2472108787,1183997645859127296
"My friend David lost his ID...

Now I call him Dav.",1552272835330048001,ThePunnyWorld,2472108787,1183997645859127296
https://t.co/O5tTNRZlfd,1552145891552903168,UnfortunateMLB,721735819560644609,1183997645859127296
If Didi ever actually hits an opposite field HR it’ll be more deserving of stopping the game than Segura’s 200th double,1552093506281291776,dan_wilson4,1573145928,1183997645859127296
Alec Bohm is batting .292 on the season,1552092794679922689,Matt_Winkelman,882495416,1183997645859127296
don’t care watch this https://t.co/J1faEopEtf https://t.co/XdzKMjvyK9,1552051299226488833,catmariosimp,1360155286703468544,1183997645859127296
"Johan Oviedo flew from Cincinnati to Miami, went to the Canadian consulate for his paperwork, and then flew to Detroit and drove the three and a half hours to Toronto for this series. “I wouldn’t forgive myself if I had one chance to be with the team and not take it,” he said.",1552037061292605440,jmjones,14084588,1183997645859127296
"The Phillies will almost certainly pick up Aaron Nola's $16 million option for 2023. But a long-term deal should be on their radar. 

I asked Dave Dombrowski about this yesterday and tried to project what a new contract could look like on @PhilliesNation: 
https://t.co/ISe9RS3UCK",1551983860539441153,TimKellySports,167500897,1183997645859127296
"✨personal news✨

I’ve been waiting to share this for a bit, but I’ll be the @IlliniAthletics reporter for https://t.co/k0dy0b6GcM this year! I’m already in my second week on the job, and I can’t wait for you all to read what I’ve been working on.

Football training camp 🔜",1551900149487747074,JacksonJanes3,1172854747981864963,1183997645859127296
"@NathanAckerman_ Absolutely incredible. I was watching with no sound and at first I thought he’d struck out, was very pleased 1 second later to see it as a homer.",1551758073060024321,michaelsking93,817691626747416578,1183997645859127296
@NathanAckerman_ him hitting over .400 in july has been so therapeutic for alec bohm stans (me),1551756974739431424,crust_young,3043410670,1183997645859127296
@NathanAckerman_ Really bad defense. His footwork on that throw was just awful. He was going the wong way.,1551743854432456704,phreehold1,27036575,1183997645859127296
"If you told me before the season started that Alec Bohm’s OPS would be 61 points higher than Nick Castellanos’ OPS this late into the season, I would’ve thought the Phillies were scoring eight runs a game",1551726317812518913,JonnyHeller,866734315396370434,1183997645859127296
"Quarterback Caleb Williams and linebacker Shane Lee will be @USC_FB's player representatives at Pac-12 Media Day on Friday, the conference announced.

The Trojans — Williams, Lee and head coach Lincoln Riley — will have media day's last time slot, 3:30 p.m.",1551621521881214976,ANNMediaSports,299844668,1183997645859127296
I remember watching this game at my parent's house as a kid. Little did I know how much of an impact it would have on my life. https://t.co/moR1NfRkhr,1551606573289578497,TimKellySports,167500897,1183997645859127296
"It was on July 25, 2004 that Eric Milton took a perfect game into the ninth inning, before Doug Glanville misplayed a blooper to center…and Phillies Nation was born. 🎂 Thanks to our readers, writers and everyone who makes this community so special!
https://t.co/xx5j60QyPj",1551601493744181248,PhilliesNation,19563388,1183997645859127296
"Happy 18th birthday to @PhilliesNation! 

Thanks to Brian Michael and all the writers from the past and present who have made the site what it is today. 
https://t.co/khif9elpwV",1551595440570830850,destiny_lugardo,1169364496009314305,1183997645859127296
Smh,1551581600973959168,FCHWPO,419181069,1183997645859127296
More drama was just what I needed. Thanks @Apple,1551358475963404288,byalexcoffey,3450580527,1183997645859127296
"Going on vacation tomorrow. The timing could not be better, to be honest.",1551348844050489345,destiny_lugardo,1169364496009314305,1183997645859127296
@NathanAckerman_ I brought my whole family - 24 people and we got to see A STUBBS HOME RUN! 😜😄,1551332115706527745,paulpaz,17391507,1183997645859127296
@NathanAckerman_ Now do the Dodgers.😎,1551280800900923392,MarcKulkin,2996586732,1183997645859127296
Garrett Stubbs (4) now has half as many home runs as Nick Castellanos (8).,1551272416747438082,destiny_lugardo,1169364496009314305,1183997645859127296
Dom Brown shirsey at Fenway,1551268523967660032,RayDunneBTB,1551912878,1183997645859127296
@NathanAckerman_ And quickly!,1551260112756555778,Coach_Whacko,887423452352827408,1183997645859127296
@NathanAckerman_ @TimKellySports Seems like Christopher Sanchez is a better option.,1551259821206282241,Psuphil19,1149446455586885633,1183997645859127296
"In 2017, a woman testified she had a sexual relationship w Pete Rose at age 14/15. The Phillies canceled his HOF induction. 

Rose will be at CBP for 1980 WS celebration on 8/7. When asked if there's a shift in how they view his actions, the team said this https://t.co/P6uXsjfawj https://t.co/rQDjzESbWR",1551243841394597888,byalexcoffey,3450580527,1183997645859127296
@NathanAckerman_ never let it go,1550977047543140353,ESBN__,1238558329141592067,1183997645859127296
got rid of one and the other one is a roommate now ig,1550939656317014017,natalierbett,725691397274099712,1183997645859127296
the gist of what I was repeating to myself when two enormous cockroaches burst out of my pantry and my soul left my body https://t.co/Mzl8ZVVXJ9,1550939499806564352,natalierbett,725691397274099712,1183997645859127296
"Darick Hall (@HallDarick) is meeting with fans for a signing at @DynastySportsPA.

More to come for @PhilliesNation on the Phillies slugger, who called the support he’s received “overwhelming.” https://t.co/re4iRQ2CI7",1550854758247825408,TyDaubert,1068894987461558273,1183997645859127296
"I wasn’t at the Red Sox game tonight, but having attended every home USC Football game last season, I can imagine exactly what it was like for those in attendance",1550696576150126594,Adam_Bradford14,1213695878382247936,1183997645859127296
@NathanAckerman_ Tomorrow when I’m at the game! First chance I’ve had all year.,1550668251012661251,paulpaz,17391507,1183997645859127296
"Please don’t make fun of Jarren Duran, he’s still doing his research on whether or not to get the baseball",1550643517613129728,RichardStaff,790368978,1183997645859127296
https://t.co/1rTuCjHpO3,1550638938758455303,UnfortunateMLB,721735819560644609,1183997645859127296
"Happy birthday to the best dad and my favorite writer, @wr_coffey ❤️ https://t.co/lKbJcBr7Kk",1550509114815545346,byalexcoffey,3450580527,1183997645859127296
"A pitching matchup for the ages tonight 

Spencer Howard vs. Cole Irvin https://t.co/uNrsnACUmI",1550469963265101824,TerryFranconia,812699906582474752,1183997645859127296
Thompson’s love triples.,1550351588811608064,KlayThompson,1703636814,1183997645859127296
the Nationals negotiating Bryce Harper and Juan Soto's extensions: https://t.co/yEbJVr8Ljo,1549843613110116352,tipping_pitches,888790426995621888,1183997645859127296
Just discovered this today. Such a weird timeline I'm living in https://t.co/90pu0QayhJ,1549772102160506886,philaurdelphia,1041840611681345536,1183997645859127296
@FranzkeLA Maybe my definition of “bottom third” for the bullpen is different. Help? https://t.co/yhdfBFu0ZQ,1549741331123240961,ethan_witte,460504005,1183997645859127296
"All-Star outfielders. 

#AllStarGame https://t.co/k4oSFwGMjW",1549582661915529216,Cubs,41144996,1183997645859127296
‘Future Dodger’ chants for @JuanSoto25_ . 🤷🏽‍♂️ #AllStarGame https://t.co/S6DsyTBV31,1549574773897777152,IzzyV91,52278294,1183997645859127296
Possibly the most underrated aspect of the All Star Game is the special food that they have at Dodger Stadium. Tried the BBQ brisket baked potato. Was quite good https://t.co/sAIdZJiMkS,1549571033509683205,Adam_Bradford14,1213695878382247936,1183997645859127296
"Clayton Kershaw thought his press conference was over when he was surprised by a 10-year-old. 

The child’s grandfather made a bucket list. On that list: meet Clayton Kershaw. That never happened. He died of cancer.  But today Blake Grice met Kershaw. He feels his pappy with him. https://t.co/K5KGcd5ozO",1549567768248193024,stevesaldivar,15617862,1183997645859127296
An All-Star San Diego view during the 1992 MLB All-Star game. 30 years later and it’s still one of the coolest sports photo you’ll ever see. https://t.co/TVTk2LOBC7,1549532292724375552,SD_Sports19,2497074463,1183997645859127296
@NathanAckerman_ Trying to be relevant years after we’re all glad to not see his face anymore. Sheesh. What a loser.,1549508457069527040,paulpaz,17391507,1183997645859127296
@CarlosACollazo Plenty of us had our hands raised when they cut off questions.,1549475354607120385,JeffPassan,33857883,1183997645859127296
https://t.co/4XBGtiuero,1549212234433417216,UnfortunateMLB,721735819560644609,1183997645859127296
https://t.co/7fOAjhUsXY,1549209445351260162,UnfortunateMLB,721735819560644609,1183997645859127296
@NathanAckerman_ He’s too classy.,1549207196222750720,paulpaz,17391507,1183997645859127296
