full_text,tweet_id,screen_name,Tweet_user_ID,original_user_ID
Tryna catch some sun and a vibe between writing 😇 https://t.co/iAIj1UC2Pd,1554531847169646595,BlueLotusBlunts,1108516360236097536,1224040597855490048
@bruja_poderosa Following! 🙏🥹,1554498147610656768,tesstheteacher,4750992193,1224040597855490048
little miss needs space but also wants attention,1554246742434058240,LittleMissNote,1549276120549318656,1224040597855490048
"HOPE IM TRENDING CUS THE NEW @YITTY BODY BUTTER COLLECTION DROPPED TODAY 💁🏾‍♀️💁🏾‍♀️💁🏾‍♀️💁🏾‍♀️

https://t.co/FtDmcQrpir https://t.co/iJxsto4IET",1554167589747576832,lizzo,323417384,1224040597855490048
@bruja_poderosa “Should I go there?”,1554115408638029824,mmmmitsjazmin,1164363195890503680,1224040597855490048
@bruja_poderosa 😲😲😲,1553525738766159872,tesstheteacher,4750992193,1224040597855490048
@bruja_poderosa Gonna need to follow your blog! 😲,1553518759150854144,tesstheteacher,4750992193,1224040597855490048
@bruja_poderosa For reals??,1553504893926662144,tesstheteacher,4750992193,1224040597855490048
"can you imagine having a vegan picnic full of vegan babes with cute flowers, mini finger sandwiches and rose quartz crystals sprinkled everywhere while we discuss the end of the patriarchy?",1553492373430157312,vegangirlgangco,1231764910159224832,1224040597855490048
Come visit our table at #LITLIT2022(The Little Literary Fair). We’re here all weekend from 11am to 6pm at Hauser &amp; Wirth in Downtown LA! https://t.co/x1SV9Cof8b,1553451658192908288,laplcentral,81743882,1224040597855490048
Boutta hit the pole on train fuckin with this Beyoncé album. https://t.co/14Um9EJzeQ,1553099046574776320,Artbaesel,925782906286600192,1224040597855490048
People will be like “What do vegans even eat?” Like they never had a PB&amp;J or something,1552864592686190592,caviarbuffalo,1518518642052407296,1224040597855490048
I loved this https://t.co/lMWOt8tgIX,1552739943054774274,livveganstrong,1164645203166277633,1224040597855490048
Jaripeo Botas y Banda T-Shirt Vibe! (T-Shirt Available on our site) 🔥🐎 https://t.co/HK2RXtgvga,1552458642535972864,GuarizBrand,1389615312442728452,1224040597855490048
"@bruja_poderosa @DaProdigiousApe Tasty Harmony is solid
Right by CSU",1552371262122442752,gimmiedasmoke,1245502004631203840,1224040597855490048
"@bruja_poderosa Lool I am convinced that we randomly remember shit collectively, because I was JUST thinking about it😩..... for the 5th time today",1552097323811049472,Nicholaelareina,1250730686845202433,1224040597855490048
RIP CHOCO TACO! Long Live VEGAN CHOCO TACO!! https://t.co/N9ZS4hVEwX,1551769093413294081,TheeBurgerDude,1192868301950468097,1224040597855490048
$4 https://t.co/3JgftjWl29,1551761891525115904,DaProdigiousApe,1676854369,1224040597855490048
@bruja_poderosa Congrats!! 🤩,1551748495698120704,bringitona,3187746270,1224040597855490048
@bruja_poderosa Omg unlocked a memory 😳,1551711425931792386,destinysherie,1498456293324980224,1224040597855490048
@bruja_poderosa But also praying for the people on the road LOL,1551711236613480448,destinysherie,1498456293324980224,1224040597855490048
@bruja_poderosa YAAAAY 🎉👏🏻,1551711161225134080,destinysherie,1498456293324980224,1224040597855490048
"The Valley showed me how Latinadad created community.

In Koreatown, it was the señoras selling carne asada just blocks away from the mecca of KBBQ. 

Echo Park Lake created my oasis in the city.

L.A. neighborhoods are SO different from each other. And I want to know more.",1551678131961860096,bdelossantos1,266892852,1224040597855490048
I'm B🧛‍♀️✨💕 https://t.co/BEwFu6f70G https://t.co/6n4rt3cJDc,1551084204217077760,meikyudynamic,573434345,1224040597855490048
"Vegan deadly sins, Sacramento (again) https://t.co/3M6iRjv4uE",1551053415580442625,meatymcsorley,270009186,1224040597855490048
family pic🖤 https://t.co/JKV4EMpKhJ,1550891907659829249,luckyblackkat13,4127951232,1224040597855490048
"It hurts to not hear some variation of ""Good morning! did you sleep well?"" in the morning... it's been happening so long that I feel like I'm hearing echoes.",1550816473886511104,meikyudynamic,573434345,1224040597855490048
"The answer is yes, by the way https://t.co/B9EoqXY5yD",1550453966361829376,Amanda_Lorien,1505931390843502597,1224040597855490048
bitch I just learned how to use an array of power tools let me fuck around and build some shit lmao https://t.co/uL1kKYQbis,1549947712548012032,poutingonacloud,729530593,1224040597855490048
"Last night i asked myself ""how bad do you want it"" when i set my alarm for 5am to get a training session in before work so i could train twice today. At 5am this morning, that question was answered and i went back to bed for 2 hours",1549900389431971840,meatymcsorley,270009186,1224040597855490048
https://t.co/xb9c66xGSA,1549872102303571973,ACLU,13393052,1224040597855490048
I’m proud of myself,1549570185773735936,lizzo,323417384,1224040597855490048
"gluten-free, vegan peanut butter cookies 🥜 made w/ organic, all-natural peanut butter ✨ https://t.co/XOZiXwRq0a",1549535306415759360,simplyseitanic,1374423573872316419,1224040597855490048
"Jr really said “madrina, ya le preguntaste a roy de mis tacos” 🤣🤣❤️",1549512216537288705,estephanie_08,2300480550,1224040597855490048
When she says “Let’s go run errands” this is where y’all going https://t.co/EeqVV70RIE,1549258659175079936,steazya,1358463588,1224040597855490048
Imma be selling vegan tostadas de ceviche in Sacramento this Saturday July 23rd!!! 💃🏽🌱,1549246501351608320,AddyZambrano,879264434,1224040597855490048
https://t.co/Y0FXw0XXOJ,1549219993019113472,raccoonhourly,1134099263674359808,1224040597855490048
The cast of Jordan Peele’s #NopeMovie https://t.co/dVPPNq4dzn,1549214173065723904,fiImcrave,1239740258163421184,1224040597855490048
I’m sorry you were saying…? https://t.co/UEAkcVs89T,1549185175455555584,DrewAfualo,48524141,1224040597855490048
It’s called hoeing. You should try it sometime.,1549167335348400134,CrushedRPF,1396294071568670720,1224040597855490048
sparkly ✨ouch✨ https://t.co/bsydohrOBb https://t.co/79HxijG0Qp,1549128327251853314,BreezyCreates,946085571390255104,1224040597855490048
sigh... trying not to be such a queer simp at work but it's always hard💕,1549122055894978563,meikyudynamic,573434345,1224040597855490048
Hopefully im trending because im pretty 😌💅🏾 https://t.co/cZTLMVDHRl,1549121949380489216,lizzo,323417384,1224040597855490048
.@omarapollo featured in IG story https://t.co/VRbAMcRVxx https://t.co/sdJ08WrfiR,1549113877320896515,apolloupdate,1328792050242707456,1224040597855490048
I told my girl not to cut her hair but she did and she looks so fucking good this why men need to stay out of women’s business,1549109639001800704,KHARMA__,359551795,1224040597855490048
Mood https://t.co/CoGJOHi0qs,1549084084365733890,shouldhaveaduck,1315345422123180033,1224040597855490048
What if we kissed in front of the gothic Target? https://t.co/Od0HDftlpn,1549070186698776577,maletearsband,1299618331046023168,1224040597855490048
Chris Evans says he’s currently focused on finding someone to “spend his life with.” https://t.co/gYxtd69fsG,1549066542351912960,PopBase,1138458175663988738,1224040597855490048
Out of office https://t.co/56cYP7AL2c,1549050965705125888,meatymcsorley,270009186,1224040597855490048
when a non binary person come up to me acting like they know me https://t.co/FoLYNEyZ3U,1548874024826159104,itsblackfanta,872705956504797184,1224040597855490048
https://t.co/zxa59QgJ7e,1548873433831710720,HRTrouble,491127476,1224040597855490048
I OD’d on vegan ice cream today and idc,1548851354147463169,vegprncess,1452624631387627528,1224040597855490048
Follow for more tips https://t.co/LxxWtDIqzt,1548841241487499267,SIR_KOOL_KONG,30125026,1224040597855490048
You're my meow meow. https://t.co/b4aONjDG86,1548822302032216064,ulat_bulu_bulu,2395608518,1224040597855490048
https://t.co/wWR67BvZ0R,1548797191615029248,shouldhaveaduck,1315345422123180033,1224040597855490048
“Slut” isn’t even an insult anymore. That shit turns me on 😂,1548796086478938112,ItsKimKay01,1280945046351745026,1224040597855490048
"Quevedo: “Que yo no quiero nada que no sea contigo”

Yo: QUEDATEEEEEEEE https://t.co/jpLnB8P0WG",1548782715402702848,pauceb1,1363874679962750979,1224040597855490048
It crazy how Spider-Man No Way Home came out 7 months ago today!!! https://t.co/iabBA1sgRK,1548771227472363520,TobeyGifs,1474077065611722774,1224040597855490048
i’m allowed to be hot on the beach as a treat https://t.co/aJ4iz8sqEs,1548766945641742336,softkale,158439694,1224040597855490048
"before u get that nose job consider a piercing, cause lemme tell you…",1548742651205353475,aliyahInterlude,1159968465807183872,1224040597855490048
☕️ https://t.co/8w2R13agFp,1548737267002314752,matthewxmeehan,1513660542782648321,1224040597855490048
Bad Bunny yesterday 😎 https://t.co/I9eDGTykhO,1548710103947296769,conejo_toxico,1339608725435379712,1224040597855490048
babe wake up they have an emo wendys @wendysuk https://t.co/3xUg4KBTsO,1548708491824713730,yasminesummanx,1097471841407565825,1224040597855490048
https://t.co/bJvmnKfy52,1548697667567493121,AishaaaMarie,2823874751,1224040597855490048
Aborted fetuses at 12 weeks https://t.co/mTNhgvWeEy,1548659246652350464,bearsRdumb,1510222284971200514,1224040597855490048
Bad Bunny — Celebrity All-Star Game. 🏟📸 https://t.co/nLAZk2zg9y,1548654018020401152,AccessBadBunny,1270504690640355333,1224040597855490048
"reading porn and masturbating, call it cliterature",1548582855923490816,jasminericegirl,1017156369747767296,1224040597855490048
"All I attract is broken people. Lord, if I'm mechanic just say that",1548542779667668992,em_Lazzy,1525135090476515331,1224040597855490048
hey ( with intentions of becoming the love of your life ),1548541360067723264,lunakimm,2880358607,1224040597855490048
Bad Bunny hoy en el MLB All-Star. ⚾️ https://t.co/W8MXYSn1fL,1548525463232024576,ArchiveBenito,1432084517624467460,1224040597855490048
Me after trauma dumping in my English paper and receiving an A https://t.co/ouflGTHBvR,1548510059415715842,RustyDVD,1483048710103871489,1224040597855490048
Bad Bunny today 🏆 https://t.co/O9yj6TjfnN,1548501764738953218,conejo_toxico,1339608725435379712,1224040597855490048
bad bunny at the MLB all star celebrity game https://t.co/Bjfco5ZJVi,1548496034006872070,badbunnyfiles,1535881136320045056,1224040597855490048
https://t.co/vFL33jqnEJ,1548495218592190464,raccoonhourly,1134099263674359808,1224040597855490048
you ok babe? you barely touched your rawrvioli xD https://t.co/gJgO7oZKoD,1548461904686747649,hannibalbareass,341912910,1224040597855490048
FREE HIM https://t.co/PcPugMzJuD,1548421239961636868,Bulbagarden,26224311,1224040597855490048
"Her: I have errands to run 

The errands: https://t.co/9bBblP9yMB",1548332078357364738,FredoInDaCut995,4788467175,1224040597855490048
Another day at the office https://t.co/WCdQ0krSqy,1548142559301496835,matthewxmeehan,1513660542782648321,1224040597855490048
Brain booster. https://t.co/LV0lu6FOgF,1548114315370065922,ulat_bulu_bulu,2395608518,1224040597855490048
My sex drives higher than my will to live atp,1548090333325455360,vibinpain,1432051320970743815,1224040597855490048
hot people love scary movies,1548050123036340238,GhostfaceTalks_,1216171965544910850,1224040597855490048
Cops are bastards,1548030325044813827,yooooey,878472301,1224040597855490048
THEY JUST BROKEN MY HEART #anipoke #アニポケ https://t.co/Ov2kZGb9Ql,1547889867958263810,Akilvers,2437175407,1224040597855490048
Hello kitty strawberry https://t.co/MqoQEdWcC5,1547864647503515655,your_pos_corner,1404143537457934336,1224040597855490048
thicc https://t.co/OaKij2EcHo,1547836898453753856,PAVGOD,743983794173009920,1224040597855490048
Life-sized SPHEAL?! We are being SPOILED with amazing (and expensive!) Pokémon plushies! This round friend will be going on sale TODAY in Japan!❄️ https://t.co/dxidkFFben,1547808667751235584,pokejungle,209088518,1224040597855490048
"Archetype out nowwww 🫂
https://t.co/e0u9rUDWGJ",1547793119684354052,omarapollo,1037820210,1224040597855490048
NEW SONG 15 MINUTES,1547789516726906881,omarapollo,1037820210,1224040597855490048
Big fan of this type of Pokemon design tbh: https://t.co/s34LCWM1xp,1547742864641523713,Touyarokii,1096250110151806976,1224040597855490048
As an aromantic human when someone tells me they want to kiss me as a friend I AM WEAK IN THE KNEES,1547676638602702848,CrushedRPF,1396294071568670720,1224040597855490048
someone I used to fuck posted this with her whole chest LMAO like what does this even MEAN https://t.co/nXPUOtvbIh,1547675356781391873,poutingonacloud,729530593,1224040597855490048
It is wrong and selfish to wait until something directly affects you to start caring about it.,1547668973927297024,myah_maluv,734584634906968065,1224040597855490048
hey (with the intention of asking u to get a cup of water for me cuz i’m already soooo cozy in bed and don’t want to move),1547637858705362945,chrissychlapp,1350868812216852485,1224040597855490048
NEW SONG TONIGHT AHHH,1547628752875638785,omarapollo,1037820210,1224040597855490048
Never sending nudes again https://t.co/CCFRH9mBhW,1547624887287554048,cleptocowboy,3437284989,1224040597855490048
happy #NonbinaryAwarenessWeek i am both nonbinary and aware https://t.co/NyIkR7MlIM,1547592923545419785,helluhvegan,3252342300,1224040597855490048
https://t.co/4JIb82Ucyv,1547486462350094336,shouldhaveaduck,1315345422123180033,1224040597855490048
having a baby is crazy because how bored you gotta be to create another human being and raise it for 18 years,1547426722047348742,LilNasX,754006735468261376,1224040597855490048
being good at imessage games is such a slut trait,1547421556967612416,slothluvrr,1476824423948718081,1224040597855490048
@bruja_poderosa Not you you saying this every other week 😂,1547342448103305216,destinysherie,1498456293324980224,1224040597855490048
