full_text,tweet_id,screen_name,Tweet_user_ID,original_user_ID
@Dyamjam Haha i got ur back😊😊😊😊,1554610196374179840,durk_gurlz0225,1013301740156776449,123790002
@Dyamjam Cute😆🤗,1554577104989069312,joy2therain,1458365762008014848,123790002
@jhelocristobal @kumuPH @sayalonzo Sana kasama ang ASHTEF sa guest nila 💚💛💚💛 https://t.co/As8ow3cHi2,1554522435873013761,AlfredaEspiriti,1521092941414031360,123790002
@jhelocristobal @kumuPH @sayalonzo Sana may ASHTEF sa guest nila sa augost 11 https://t.co/K39uJ16cr6,1554500945760985089,AdamBainor,1518748313578790913,123790002
"11:11 
AshTef for Star Magic ball cutie ✨️ @starmagicphils",1554485124657729536,driaarea,1515844985719242755,123790002
@MrsWise03 Sana may ASHTEF po https://t.co/OoKgjQvUPz,1554466224502882304,AdamBainor,1518748313578790913,123790002
@sayalonzo @kumuPH Ashtef po sana @sayalonzo https://t.co/i81BWbVVbZ,1554450719867936768,arlyn0812,3380374692,123790002
"ChiManda on METRO STYLE 🔥❤️

#ChiManda | @iamchicoa @amandaazamora https://t.co/Z5rQTH52gD",1554423393709363200,AMANDAmazings,1343221016739237888,123790002
@kumuPH ASHTEF po sana mabilang jn na maguest https://t.co/MwizuqOBEs,1554404672924012544,AdamBainor,1518748313578790913,123790002
@sayalonzo Sana isa ang ASHTEF,1554402436080615427,AlfredaEspiriti,1521092941414031360,123790002
Ang Cute nilang  Tignan 💛💚 https://t.co/SCoBllctbR,1554382901227442176,AdamBainor,1518748313578790913,123790002
@sayalonzo @kumuPH ASHTEF please 💚💛 https://t.co/OhG6PJ6f0T,1554381531585675264,AlfredaEspiriti,1521092941414031360,123790002
@sayalonzo @kumuPH ASHTEF po sana ms say alonso pang birthday mona sa akin kc sa sa  augost 12 po birthday ko sana mapansen mo ako 😇😇😇😇🤲🤲🤲🤲🤲🙏🙏 https://t.co/J061I2ZEFT,1554355759118417921,AdamBainor,1518748313578790913,123790002
@sayalonzo ASHTEF PO @sayalonzo https://t.co/9zTIVY1wjn,1554353630504820736,arlyn0812,3380374692,123790002
@sayalonzo @kumuPH #AshTef ✨🤞🙏 https://t.co/qoRjRIebKZ,1554353576662601728,reginwoohoo,1539908163604213762,123790002
@sayalonzo @kumuPH Ashtef po sana. 💛💚 @sayalonzo https://t.co/O6IVe0iBH5,1554353151628623872,arlyn0812,3380374692,123790002
@sayalonzo @kumuPH Sana isa po dun ASHTEF ate say..Godbless https://t.co/X9cPUfmChh,1554352684898979840,durk_gurlz0225,1013301740156776449,123790002
@sayalonzo Sana mabigyan ng ASHTEF Enchanters na ma guest 😇😇😇😇 https://t.co/MnOBbp39dK,1554343670417182720,AdamBainor,1518748313578790913,123790002
@sayalonzo ASHTEF sana https://t.co/CAWs0WeP8J,1554340494896930818,AdamBainor,1518748313578790913,123790002
@kumuPH ASHTEF po sana https://t.co/hILuOA0fmG,1554335458015993859,AdamBainor,1518748313578790913,123790002
@intostephanie_ @BonzaJeanna Lets act accordingly and lets be professional here. We do respect your fandom and pls be educated naman po kc what you did it will always be reflected sa kung sino ung sinusupportahan natin. We don't want to create any issue here.  Thank you po.,1554326002364399616,Lheez24,1486690995982852100,123790002
@intostephanie_ ayan sya kanina anyhow pls message me kung anong motive nyo sa dp at name namin https://t.co/LGccsR1c9T,1554323956953657344,BonzaJeanna,1386904104958533634,123790002
@intostephanie_ naka private ang account mo i have checked before ive tweet this..i will be waiting for ur msge &amp; if u may correct ur gdm kung anong group kau with the right name &amp; profile masama manloko ng kapwa,1554323005752614912,BonzaJeanna,1386904104958533634,123790002
"hi madam! @intostephanie_ 
may i know what is your purpose of creating a gdm using ashtef dp &amp; name? hindi naman tamang maging maging mabait kami if mali na ang ginawa towards our fandom we deserved an explanation",1554319227666182144,BonzaJeanna,1386904104958533634,123790002
@kumuPH AshTef💚💛 https://t.co/E8fyasQnqJ,1554316604904574976,chaZ0821,1509359287046316036,123790002
@kumuPH Ashton Stef Ashton Stef Ashton Stef Ashton Stef Ashton Stef Ashton Stef Ashton Stef Ashton Stef Ashton Stef Ashton Stef Ashton Stef Ashton Stef Ashton Stef Ashton Stef Ashton Stef Ashton Stef Ashton Stef Ashton Stef Ashton Stef Ashton Stef Ashton Stef Ashton Stef #AshTef 💚💛✨🙏,1554308688214560768,reginwoohoo,1539908163604213762,123790002
@sayalonzo ASHTEF PO PLSS,1554301591066673152,i_lynver,1503495016055906305,123790002
@sayalonzo #AshTef po 🥺🙏🤞,1554277459343728640,reginwoohoo,1539908163604213762,123790002
@kumuPH ASHTEF po https://t.co/mSVLMk90WK,1553981818445201410,AdamBainor,1518748313578790913,123790002
@kumuPH ASHTEF po sana https://t.co/WQnCqES1cw,1553981618959880193,AdamBainor,1518748313578790913,123790002
@kumuPH ASHTEF po sana https://t.co/IVRxoGwguS,1553981533500973061,AdamBainor,1518748313578790913,123790002
@kumuPH ASHTEF sana po https://t.co/n4XR7UaWR2,1553981403213271041,AdamBainor,1518748313578790913,123790002
@kumuPH Happy birthday month Karlito wish ko #AshTef ganap naman jah oh 😂🤞 miss ko na sila. 😭🙏 https://t.co/uvyf9487C3,1553934234032619522,reginwoohoo,1539908163604213762,123790002
💛💚 https://t.co/F3FLMDQrw5,1553896110711869446,AdamBainor,1518748313578790913,123790002
💛💚🙊🙊🙊 https://t.co/xYQhIzMJCj,1553895976926158848,AdamBainor,1518748313578790913,123790002
🥰🥰💛💚 https://t.co/JZBh2QMfkb,1553895007068868608,AdamBainor,1518748313578790913,123790002
https://t.co/4mT3uI1zJ6,1553875569716219907,HutCat,1362257404159815680,123790002
@StefDraper06 Ang ganda nman talaga ng Primcess ni @_ashtonnp 💚💛,1553630813161414658,AdamBainor,1518748313578790913,123790002
"Anytime,basta free ka😍Love yah!😘 https://t.co/OyOoQb7M0P",1553619919765270528,joy2therain,1458365762008014848,123790002
"Beautiful as always ❤️

@StefDraper06 | #StefDraper https://t.co/dY3A0i8bKJ",1553618568419614720,TeamStefOFCL,1537704012073824256,123790002
Thank you for those who joined my live yesterday ❤️ will update soon on when we can do a zoom call 😚 https://t.co/zjx7AimXEs,1553617349030227968,StefDraper06,1530750741115064320,123790002
@kumuPH Ashtef po🙏💛💚 https://t.co/OrPMLHeNip,1553606536295256064,brijen1611,1503074039031508995,123790002
@kumuPH Hello @kumuPH @_ashtonnp @StefDraper06 also known ashtef,1553604744085925888,ASHTEFWWOFC,1482937461432938496,123790002
@kumuPH AUGUST KUMU BILLBOARD WITH #AshTef ✨ https://t.co/wgliv19lwt,1553591299143450624,reginwoohoo,1539908163604213762,123790002
@kumuPH AshTef my loves ❤️🙏🥰 https://t.co/yRAjR1yyOU,1553573779225583616,meldzee,1061091270515277824,123790002
"Join this livestream on kumu!

https://t.co/22AZzkDms2 https://t.co/XFlLN6RUHt",1553214217125511168,arlyn0812,3380374692,123790002
My steffy 💛💚cya lang lomabas na house met ni kuya na may selfy sa mga host 😅😅😅 https://t.co/9ADdidoLqL,1553096822507307010,AdamBainor,1518748313578790913,123790002
@kumuPH ASHTEF 💚💛 https://t.co/kUgwp6MGMv,1553007482506645507,arlyn0812,3380374692,123790002
Kulit 😂 https://t.co/v1HarRD2ca,1552989861480566784,reginwoohoo,1539908163604213762,123790002
"Engage fam thnk u

CHIMANDA on KAPAMILYACHAT https://t.co/7M5V1dFgnN",1552898776213336064,grasyas123,1156532597570330625,123790002
@kumuPH Ashtef 💚💛 https://t.co/sqGu1dJP4H,1552895215194832896,AlfredaEspiriti,1521092941414031360,123790002
"kaistef's bardagulan 🤣

#KaiEspenido | #StefDraper https://t.co/UCko7th9xw",1552881129438720001,cvsmickai,1507742632708960258,123790002
@sayalonzo Oo nga 💛💚,1552871067391229964,AdamBainor,1518748313578790913,123790002
"Our authentic Steffy.

@StefDraper06 | #StefDraper https://t.co/hOBASkEZk2",1552859956767887360,reginwoohoo,1539908163604213762,123790002
"We don't care.

@StefDraper06 | #StefDraper https://t.co/MkVEIFJFSt",1552859947704000512,reginwoohoo,1539908163604213762,123790002
"Pretty little ballerina Steffy 💕💕💕🩰❤️
@StefDraper06 | #StefDraper https://t.co/W8zOZzoEqm",1552856620115251200,StefstanerOFC,1510814697372938241,123790002
💛💚 https://t.co/lsUGAE3yzM,1552784853011136526,AdamBainor,1518748313578790913,123790002
"Oh my labs.

@_ashtonnp | #AshtonSalvador
@StefDraper06 | #StefDraper
#AshTef https://t.co/PyfbbUAlvc",1552684970124029953,reginwoohoo,1539908163604213762,123790002
#NewProfilePic https://t.co/6zsHan1599,1552684586324434945,AdamBainor,1518748313578790913,123790002
Mola noong hanggang ngayon sana nd kayo mag bago sa isat isa @StefDraper06 @_ashtonnp mahal kayo ng mga echanters 💛💚 https://t.co/KPQISj5r4h,1552682019267682305,AdamBainor,1518748313578790913,123790002
"Why so pretty baby girl 👧😍💕😻
@StefDraper06 | #StefDraper https://t.co/iM8TJq4Jhc",1552681380105973760,StefstanerOFC,1510814697372938241,123790002
💛💚 https://t.co/VvW0mDE5SK,1552681267635920899,AdamBainor,1518748313578790913,123790002
Bkit aNg Cute nila dto 😘😘😘😘 https://t.co/YNy3AYtUqr,1552681011930189826,AdamBainor,1518748313578790913,123790002
Ang cute nila dto @sayalonzo baka naman po sila ang guest mo 💛💚 https://t.co/ClauKdJRsE,1552680805322858496,AdamBainor,1518748313578790913,123790002
@sayalonzo ASHTEF po https://t.co/r2nLvdusPs,1552679971872821249,AdamBainor,1518748313578790913,123790002
@sayalonzo ASHTEF po sana 💚💛ang cute nila nong baby pa sila 🥰🥰🥰 https://t.co/mtfZ8mggiK,1552679888863338496,AdamBainor,1518748313578790913,123790002
"hi @_ashtonnp , padaan lang sa notifs mo hahahaha okay bye ulit haha",1552677394007281666,_pillows_,1400878858488877062,123790002
"hello love @StefDraper06, goodbye! haha chaaarrottts just passing by to say hi :))",1552676702186119168,_pillows_,1400878858488877062,123790002
@sayalonzo ASHTEF please 💚💛 https://t.co/nzt1T29pD0,1552673858116849665,AlfredaEspiriti,1521092941414031360,123790002
@sayalonzo Ashtef po https://t.co/ZZn544XrMG,1552662214288347136,2021Juge,1406073425097941002,123790002
@sayalonzo Ashtef please💚💛 https://t.co/qAX9A65WeC,1552661916345962497,chaZ0821,1509359287046316036,123790002
When I Met You https://t.co/1YApwjjcgh,1552657014077005832,reginwoohoo,1539908163604213762,123790002
"@StefDraper06 beke nemen knock challenge sa tiktok gawin mooo 👉🏼👈🏼 yung ""tan tan tan"" na sound HAHAHAAHHAAH 😭",1552649196611989508,driaarea,1515844985719242755,123790002
President say pwede po ba ashtef??hehehe sana po mapagbigyan https://t.co/Wdj9ihyUl0 https://t.co/FsXJLrQ87Q,1552645570023477250,durk_gurlz0225,1013301740156776449,123790002
@sayalonzo Say alonso ASHTEF po sana kahit isang beses langpo plss💛💚💛💚🙏🙏🙏🙏🙏🙏🙏 https://t.co/z3CUMIW0dN,1552640358982586369,AdamBainor,1518748313578790913,123790002
@sayalonzo ASHTEF po sana https://t.co/o3ECgC4p5k,1552640043843461121,AdamBainor,1518748313578790913,123790002
"See you later CrisElla

THURSDATE WITH CRISELLA https://t.co/0bo5kNeeU9",1552595636780146688,ysamaname,1358078625271091201,123790002
💛💚Pang habang buhay kong mamahalin 💛💚 https://t.co/bDPNoedGBc,1552580830974844928,AdamBainor,1518748313578790913,123790002
Parang nd paren nag iba ang mokha ng babay namin simola nong bata pa cya dyosa talaga 💚💛 https://t.co/36d3KjkpP8,1552553846047637504,AdamBainor,1518748313578790913,123790002
💛💚Napaka dyosang bata nga naman ni steffy https://t.co/jTKwxFzsmp,1552553302335885312,AdamBainor,1518748313578790913,123790002
"Pretty girl Steffy 😻😍💕🥰
@StefDraper06 | #StefDraper https://t.co/jkdbl2odHJ",1552517826707013633,StefstanerOFC,1510814697372938241,123790002
@ChicoFanUK ASHTEF https://t.co/NilrW8yRWQ,1552504024808783873,AdamBainor,1518748313578790913,123790002
"Month of July who would have thought that still we're rockin'!
It's the little things that make life wonderful. #AshTef https://t.co/7hVMbDCdmZ",1552492619447808001,BonzaJeanna,1386904104958533634,123790002
Nice voice steffy👏👏👏 https://t.co/pBuw1q95cN,1552484372325883904,AltheaP83206726,1482331997192482826,123790002
@Dyamjam @StefDraper06 💛💚💛 daw maabot Pata sani next year ba.😅😂,1552470711251267585,2021Juge,1406073425097941002,123790002
Perfectly beautiful voice❤️😍 https://t.co/5YQGildbOd,1552446246237143040,Ashtef1416,1508334633938608128,123790002
"Steff singing Superficial Love at KUMUSICAL NIGHT with Tiff, Kai and Rob 7/27/22 🎶💕🥰
@StefDraper06 | #StefDraper https://t.co/3QM5KTWTzZ",1552433034657677312,StefstanerOFC,1510814697372938241,123790002
"Steff singing Reckless at KUMUSICAL NIGHT with Tiff and Rob 7/27/22 🎶💕🥰
@StefDraper06 | #StefDraper https://t.co/6xG6cqmwnw",1552424404826476546,StefstanerOFC,1510814697372938241,123790002
Reckless Cover by Steffy on Kumu Musical Night Part 1 https://t.co/Mm5E50fu6S,1552288384911294470,BonzaJeanna,1386904104958533634,123790002
"yung robstef heart ko, nabuhay ulit HAHAHAHAHAH wag 😭",1552267570438615040,driaarea,1515844985719242755,123790002
"It's so good to see two magkapitbahay fandom are dropping gifts at the same time. ✨
#RobXine #AshTef",1552254973261426688,showtkeyks,1508016680404144136,123790002
@kumuPH Ashtef po please https://t.co/bexlJ805K9,1552239139147243520,2021Juge,1406073425097941002,123790002
@kumuPH ASHTEF po sana sana mabigyan newnang pansen https://t.co/n9ty8VYe1y,1552237645622829056,AdamBainor,1518748313578790913,123790002
@kumuPH ASHTEF POOO PLS,1552202863073697795,i_lynver,1503495016055906305,123790002
"@kumuPH AshTef po sana plss, f2f❤️🙏 https://t.co/oQC4TAY7hT",1552201525409492992,meldzee,1061091270515277824,123790002
@kumuPH AshTef po💚💛 https://t.co/b5XeTC3myj,1552197821465448449,chaZ0821,1509359287046316036,123790002
@kumuPH ASHTEF karlito🥰 https://t.co/SgpqzQnTdD,1552182946869972992,narzbrill,1551191561211224064,123790002
@kumuPH ASHTEF po🙏 https://t.co/q27nrxZXSI,1552182569843982336,Brilliantnicky1,1508668937588064258,123790002
@kumuPH Ashtef please 💚💛😍😍 https://t.co/KFH7sPESLo,1552172569230548992,jocelyn_depison,1509500697175375872,123790002
"STEF with Jordan 🥰💕 cuties 

@StefDraper06 | #StefDraper https://t.co/Z7pE5vOBFB",1552172402112466945,StefstanerOFC,1510814697372938241,123790002
