full_text,tweet_id,screen_name,Tweet_user_ID,original_user_ID
These drops will go down in the record book….,1554537192780881921,ThotDaddyMaine,1118172791105314816,1473197544867917824
Wait. Who called off work and booked a flight to fight? 😭😭😭😂😂😂 y’all some slow mfs I swear lmaooo,1554536870704545793,_KingArii,1412750048568528906,1473197544867917824
The upside…we got to save money 😂,1554535618071277568,snkr_twitr,574186881,1473197544867917824
Currently 🎏 https://t.co/lVIoZQV1xQ,1554535111730860032,Caramelsweets14,1453359419325091844,1473197544867917824
Calling ppl weird for being different is INSANE!,1554534459650752512,LasharieB,161576795,1473197544867917824
Nothing bothers people with children more than childless folks minding they own damn business.,1554534070322954240,angie_goodwood,236657933,1473197544867917824
"Release Date: Air Jordan 6 'Chrome' - October 15, 2022 |$200| #SneakerScouts 

https://t.co/jSVywVQvpx https://t.co/JLvv1vVYe9",1554533783973625856,SneakerScouts,792182745942233089,1473197544867917824
"Y’all . We need to update our pinned tweet . It’s old af 🤧 Not me tho , just y’all",1554532825403166721,Ms__Matthews,1189394323462377472,1473197544867917824
aint nothin wrong with kissin a lil ass. just kiss the RIGHT ass.,1554532647334035458,gushy_lyssy,1499770385134460938,1473197544867917824
"#SneakerScouts The Nike Air Max 97 'Washed Teal' is now available via @FinishLine for $170! (use code SLIDE4SUMMER - retail $185) #ad @Nike 

&gt;&gt;&gt; https://t.co/flsSKU8RxI https://t.co/sc79Y2ZxWa",1554532529461514241,SneakerScouts,792182745942233089,1473197544867917824
11:11,1554530484968861702,Jesspolished,44528773,1473197544867917824
"ALL BLACK/GRAY BOTTOM MLB ALL OVER LOGOS 59FIFTY now available from MYHATSTOP

#newdrop #myhatstop #all #blackgray #bottom #mlb #over #logos #59fifty #hatcrawler #fitted #hat #hats #wearwhattheproswear #alwaysgotafittedonmyhead

https://t.co/DNdlAomiLl",1554529733714399233,hatcrawler,963992961523560448,1473197544867917824
I really dnt see why y’all want these turtle shoes but good luck,1554528779720171521,KickNtheBreeze,1415424070620008451,1473197544867917824
"WE'RE A STATUE, YO! https://t.co/sDgjEwpVXt",1554526486341636097,BreakingBad,25399731,1473197544867917824
There have been wars over women. https://t.co/3eFzOKYylu,1554523494674735104,TdashGlaze,334055105,1473197544867917824
Kids testing positive for monkey pox now. Yeah...at some point I'll keep my kids home...and school's about to start...not my babies...,1554520034814431240,MomSingleBlack,1394076237795151879,1473197544867917824
I’m tryna slob on them balls before he go to work 🙄,1554518453863710724,prettychantel97,1463371476145369094,1473197544867917824
The wrong relationship will throw all your goals and energy off.,1554517812424622080,Billionairepolo,24911903,1473197544867917824
"I love my men comfortable with their body and sexuality. Sex be so top tier when he let you lick his nipples, rub that gooch and eat his ass",1554516837760655366,NastyKinkyQueen,1391502823712563203,1473197544867917824
(Drill music is the real enemy here.),1554515459701088257,SameOlDarius,1225590031944994816,1473197544867917824
Manifest having sexual partner(s) that match and or challenge your nasty! 🔮💦,1554513248413798400,NastyKinkyQueen,1391502823712563203,1473197544867917824
I ain’t going backwards,1554513053974249472,dayumAHZ,1123567435,1473197544867917824
Men can’t even accept gifts from their women anymore according to some of you dumb ass bitches,1554510052056260608,chakaaaa__,550697295,1473197544867917824
Taco Tuesday tonight anyone? 👀,1554509616502956033,CallmeMsParker,29644303,1473197544867917824
"Today's shoes: the Jordan 4 Cool Grey (Have you seen the price now?).  4s were the second Jordans I owned and balled in.  Second least comfortable Jordan.  #kotd

Would you wear?  Who is your favorite comedy duo (I'll allow trios)? https://t.co/TsbmgReHNj",1554507465349165057,masterofoneinc1,999699893865213954,1473197544867917824
Yeezy day is a scam,1554502744303697921,CallmeMsParker,29644303,1473197544867917824
I felt cute https://t.co/hIKIbfOfRV,1554501744201187329,CreoIeBabyBritt,1390173422051860484,1473197544867917824
@n8frost @Nike @nikestore I definitely can spot one of your photos! Always dope shots! https://t.co/HFPkTMzg3B,1554497613394841601,MisterJones67,1333638297906765824,1473197544867917824
"According to Sounwave, Kendrick Lamar has already begun making his new album 👀

When asked about new music, he replied: “Oh, we always start immediately after. Like, we’re starting on the next one now.” https://t.co/N9JT2laDoC",1554494117933203456,nfr_podcast,952300389092790272,1473197544867917824
One of the best sneakers to ever walk the earth ✔️🔴⚫️ https://t.co/LTF5dTGxr9,1554489443129741313,SneakersDetroit,1042541446643908608,1473197544867917824
It's me! https://t.co/1wrBMvutx5,1554489309184438273,NotYourGILFIE,1440462037268656144,1473197544867917824
"🤫 LOOK AT THESE 🤫
SHOP 👉  https://t.co/Q8DdeGd7DI
🚨 ONE HAT PER CUSTOMER PER STYLE ONLY! 
#newera #neweracap #mlb #59fifty #fittedcap #cotd #capoftheday #capcollector #makefittedsgreatagain #flyyourownflag#fitted #headwear #fittedfamily #hatcollection #teamfitted #fittedhat https://t.co/4D1jasYan2",1554486443111698432,TopperzStore,932953758887301120,1473197544867917824
I miss giving head and no I don't want to do it to any of my followers 😭🤣,1554484671387471876,foreverher28,4377148875,1473197544867917824
Good Morning Good People https://t.co/q7jPPaMmxH,1554483962252333056,MisterJones67,1333638297906765824,1473197544867917824
"DRAW: adidas Yeezy 700 V3 Azael 

https://t.co/WjlvxJvPM7 https://t.co/9x77TWFlLU",1554483664574103552,SoleRetriever,976103221386268672,1473197544867917824
"""ONLINE ONLY""  New Fitteds will be releasing online - Wednesday 08/03/22. ⏰

6PM EST | 5PM CST | 4PM MST | 3PM PST 

https://t.co/sRGPb1KufA (🔝)

-

@neweracapstyle #neweracapstyle #Pirates #Athletics #Angels  #capaddict #capcollection #therealnewera #hatgame #ECAPCITY #59fifty https://t.co/v8sTnEawIy",1554483631061614593,ECAP_CITY,42036353,1473197544867917824
Young Thug’s sister reports she just spoke with Thug and there’s exciting news on the way ‼️🤞 https://t.co/LZaYSyau6p,1554483202575798273,Rap,1062107257167593479,1473197544867917824
Mood 🐶🐶😂😂 https://t.co/3j4dTkRWkg,1554481678885740544,blackpetowner,1345652925801095168,1473197544867917824
Yeezy Day is just a clearance sale with no discount 😭😭😭,1554480954680672260,aycdjake,1060037583382634496,1473197544867917824
https://t.co/QalyD4rTVh https://t.co/117HHYMBOg,1554475551204712448,l0nabaybe,983464921089302528,1473197544867917824
Posting titties on my other page in peace &gt;&gt;&gt;,1554468156529430530,doseofsay,1397786127550095367,1473197544867917824
"First look at rumored Undefeated x Nike Air Force 1 Low ""Multi-Patent"" https://t.co/rf8RaiS7FQ",1554467498266877957,SneakerNews,16180874,1473197544867917824
"Nike Air Zoom Spiridon “Regal Blue”
#KOTD #SNKRSLiveHeatingUp 
@nikestore @Nike https://t.co/PPXo91PLX9",1554466997207015429,TheReal_JMillz_,1539968111998271488,1473197544867917824
Self confidence 🔥 #GoodMorningTwitterWorld https://t.co/BYOKfDcPXL,1554454727286353920,_L0vElyMar1_,1083781814987026432,1473197544867917824
Yeezy Supply and Adidas Confirmed app servers for Yeezy Day rn https://t.co/XV6qMojfIg,1554453727699996673,ArracetiA,1286371958918193159,1473197544867917824
@Tre2Daye @2pimp2bu @sftwofive @BrianDaly187 @MRomero510 @BuddyK1986 @westerner20 @kickit_withmee_ @elizabeth_that @eet05001 @skabal21 @Icollectkickzz @freshfrfr @ImJustJermaine @amcmath04 @ImRichBiaatch @DreDay_kickz @NamelesTrey24 @BrownskinJM1 @SueHappy3 @FreekieGeekie,1554451932311339009,jadendaly,90760068,1473197544867917824
"Good morning 

What pronouns does chocolate use? 

Her/She",1554451063981449216,CoachPr_NJ,1300193940465950722,1473197544867917824
"Good Tuesday morning ☀️. When you see a photo like this, do you know it’s mine? Air Trainer Max 94 “EA Sports”. What #KOTD y’all rockin?
#snkrsliveheatingup 
#snkrskickcheck 
#YourSneakersAreDope 
#photooftheday #PhotographyIsArt 
#photography https://t.co/7EtnRNxFNz",1554443752500076547,n8frost,4898601453,1473197544867917824
"Green Glow 4 
#kotd #snkrsliveheatingup 
#atmoscollectorsclub 
#yoursneakersaredope 
#snkrs #jordan #nike #photography https://t.co/LDw27K5Tuz",1554443545951469575,NitaBonitax,1203676437586296833,1473197544867917824
Morning y’all,1554437900007137281,Nyx_19,77541666,1473197544867917824
Your comfort zone is killing your potential.,1554436633763745793,wise_chimp,1292132774275616768,1473197544867917824
Good morning ☀️… hope y’all enjoy this tig-ol-bitty Tuesday…💁🏽‍♀️,1554434626894155777,AdubbMz,1225055971333951493,1473197544867917824
https://t.co/iFDTIkIyrj,1554431855889305600,Spirit_Enlight,1153541467429670918,1473197544867917824
limiting people’s access to you is self care.,1554419748834021377,duhlovetalk,1520356388135862272,1473197544867917824
"Happy Tori Tuesday from my gym Titties 💦 •@Inkedgoddesss 

Drop your Titties below for the Titty Tuesday thread 👇🏽👇🏽👇🏽 https://t.co/Or5Ym1YK6B",1554401009342025728,hurricane_torii,1340127721087766530,1473197544867917824
Life’s better when nobody knows anything about you.,1554383541248872449,itspeakyquotes,1437314940415590403,1473197544867917824
Video screenshots 😻 https://t.co/ZXrL6SKRBI,1554332208772661249,YouNot_DeadAss,1301597155736592384,1473197544867917824
"For sale DS TS Lows 10.5 $1.2K, DS Cool Grey 11’s 10.5 $300 &amp; DS 72-10 10.5 $220.  Add for shipping. Preferably local meet up in LA area.  RT PLS @KIXNKARBS @DeadLaced @SellKicksSunday @BarzinAkhavan @MicNice https://t.co/spbZRX8jce",1554300787030777856,arusticlens,1391788576136785927,1473197544867917824
"@Icollectkickzz I think that's from a tour wit Jay-Z
@MrUnloved1s tweeted some great info and pics on that recently.",1554299424817528836,Kairos_in_Red,1629057415,1473197544867917824
Playboi Carti &amp; ________ need to drop a song‼️🤔,1554297441377288192,Rap,1062107257167593479,1473197544867917824
@Icollectkickzz Some people say I'm a #sneakerhead but 150 pairs later...,1554294150010654720,JoshSneaker,297310751,1473197544867917824
@Icollectkickzz Send question!,1554293515529912322,sneakersinnz,62673418,1473197544867917824
Face 💳 ✔️ https://t.co/pPrTQGRbwX,1554286956368076800,poweredbyn8ture,1282798231810867200,1473197544867917824
"I aint begging nobody to be in my life, the real gone ride the fake will divide 😎✌🏽",1554286696199512065,mylifeasesha,1469537995439185923,1473197544867917824
@amcmath04 @trudyspeaks @JLissone @LegasusO @p_kicks23 @piscesjoey1981 @Tre2Daye @2pimp2bu @sftwofive @MRomero510 @BuddyK1986 @westerner20 @elizabeth_that @skabal21 @Icollectkickzz @ImJustJermaine @ImRichBiaatch @NamelesTrey24 @BrownskinJM1 @SueHappy3 @bpbeaware Nice!,1554280570145964034,jadendaly,90760068,1473197544867917824
@jadendaly @trudyspeaks @JLissone @LegasusO @p_kicks23 @piscesjoey1981 @Tre2Daye @2pimp2bu @sftwofive @MRomero510 @BuddyK1986 @westerner20 @elizabeth_that @skabal21 @Icollectkickzz @ImJustJermaine @ImRichBiaatch @NamelesTrey24 @BrownskinJM1 @SueHappy3 @bpbeaware https://t.co/KWBn2m8edy,1554280029189804034,amcmath04,773885035938217984,1473197544867917824
JAY-Z is on DJ Khaled’s upcoming album‼️🔥 https://t.co/wNb9fh4265,1554279897488658439,Rap,1062107257167593479,1473197544867917824
@Icollectkickzz https://t.co/1kdbo09fyF,1554278589503344641,SNKR_SVAG,1313384113005625344,1473197544867917824
"Today's kicks!
NIKE AIR JORDAN 1 RETRO High Bloodline https://t.co/ReJp952ZtO",1554275058377703424,kaki_sneaker,998302820745920512,1473197544867917824
https://t.co/AnqVmBu2ze,1554260752051093505,ImagesAlbum,1504086687298822149,1473197544867917824
🔥Napalm’s Kicks🔥 https://t.co/FuTonQMRCy,1554253156166541313,napalmkicks,1258577296249835521,1473197544867917824
I NEED a kitchen like this 🥺 https://t.co/Yq5nHLZ170,1554251013065940993,INTERIORHUB3,1385632131221700613,1473197544867917824
How you drive past this and call your school an HBCU😭😭😭😭😭 #SHSU https://t.co/yPOnufEa7Z,1554248618521100290,GoHamCamm__,806704379512373248,1473197544867917824
"Galaxy 🌌🎆🚀

@Nike https://t.co/AeupkMrZJW",1554248258339459073,_TheSoleMan_,966459215094132741,1473197544867917824
We need a Lil Uzi and Yeat collab tape more than 16*29 ngl https://t.co/Woq39Gdu2N,1554247354034921472,Inv16x,1488134319063416842,1473197544867917824
"No one:

Me tryna find a song:

              / 🚘 ||       \ 
            /         🚘      \ 
          /  🚘    ||           \   
        /             ||             \ 
      /               ||               \",1554243044462977024,eiiie09,1361448567882338305,1473197544867917824
@Icollectkickzz Definitely not hating bro! Sometimes basic is the best way to go,1554237372203663375,jadendaly,90760068,1473197544867917824
mfs tomorrow when YeezySupply say one per customer https://t.co/TCrQsHeDMj,1554235875348955139,caughtrestock,1158931534570840064,1473197544867917824
"The adidas Yeezy Boost 700 “Hi-Res Blue” releases tomorrow 💙 

Info =&gt; https://t.co/kT3vw4Bd6H https://t.co/0kvfC4wYoQ",1554233770676461577,JustFreshKicks,1772606058,1473197544867917824
Unpopular opinion but Takeoff has always been the best member of Migos https://t.co/VFDxaA0Evd,1554229913221210112,Break111710,1470785766624276494,1473197544867917824
little miss never wears a bra,1554229191050141698,LittleMissNote,1549276120549318656,1473197544867917824
Why kids can't never sit down and just eat they food?? they always gotta bite a nugget and do a flip😂😭😭😭…..,1554228207427194883,Hendrxxjefe,356320236,1473197544867917824
"Young Thug’s sister says she just left from seeing him, and he’s doing good &amp; they have exciting news 👀🐍 https://t.co/0mFLp3QVEv",1554224890244243457,nojumper,268738761,1473197544867917824
"Release Date: Air Jordan 14 'Ginger' - August 17, 2022 |$200| #SneakerScouts 

https://t.co/RgFdReIo7L https://t.co/wwAVMUUUZH",1554217983567855622,SneakerScouts,792182745942233089,1473197544867917824
#kotd #yoursneakersaredope #snkrskickcheck #snkrsliveheatingup https://t.co/hDwOQuN4it,1554210859030908934,pepe1114,460800622,1473197544867917824
"Frank Sinatra &amp; NLE Choppa, 1962 https://t.co/IOEU4ySqFl",1554205732123312128,fvrdreamcollabs,1541255889201627136,1473197544867917824
"Kenan Thompson is set to receive a star on the Hollywood Walk of Fame on Aug. 11. ⭐️

Legend. https://t.co/bG6GHedeHn",1554197981963980803,ComplexPop,256596567,1473197544867917824
AUGUST WILL BE SUPERNATURAL! 🔑,1554190427821072384,EbonyShana,3971603832,1473197544867917824
Take a moment to realize how blessed you are.,1554188759767326723,wise_chimp,1292132774275616768,1473197544867917824
Kodak Black and Lil Uzi Vert may potentially be releasing an EP 👀‼️ https://t.co/3fd5NqXOhA,1554184731968897027,Rap,1062107257167593479,1473197544867917824
me everyday https://t.co/eM294zQz8A,1554180167286681601,dumbricardo,1327534237,1473197544867917824
I'm sick but HELLO! https://t.co/6g7CMr3dcd,1554178323063996416,winkingdaisys,278604779,1473197544867917824
"This lady just ate two bananas beside me quick as hell, gotta be a sign of monkeypox",1554166406555598849,ThatsJaaa,1213333664039227392,1473197544867917824
Y’all. This is it. https://t.co/ptUshnJ0rh,1554163770594828293,ChristleNwora,932656649659211776,1473197544867917824
Bruh if this ain’t my daughter lol https://t.co/TUbWmSPOJG,1554162471274938368,Break111710,1470785766624276494,1473197544867917824
"“u got a good girl” 

how do you know??? https://t.co/vFhdWnIjTt",1554160811475718144,NiggazBackWILIN,1427375187746566145,1473197544867917824
"Today' shoes: Jordan 12 International Flight.  I love the look of this shoe inspired by kimonos. Check out the Katakana (it means Jordan).  Better in person as there is so much detail.  #kotd   

Would you wear?  What would your superhero name be? https://t.co/5iS2724Xrk",1554159753156182016,masterofoneinc1,999699893865213954,1473197544867917824
Some of favs 🔥🔥 @nikestore @Nike #kotd https://t.co/3Oxl3y0aL7,1554159619768852480,daviddreal209,947035219,1473197544867917824
Y’all seen a lot of @CP3 PE’s over the years but none of his AJ1s!! Please just know his 1s collection is unparalleled! https://t.co/vT8EHW3n6C,1554157027403890690,MrUnloved1s,149204684,1473197544867917824
"Start off this new month with some words of motivation from Hussle 🏁
#MarathonMonday #LLNH https://t.co/RJ6z9u3Oxg",1554155517685137408,HussleForever,904810358040342529,1473197544867917824
