full_text,tweet_id,screen_name,Tweet_user_ID,original_user_ID
Holy shit this Q&amp;A with Gallo is like the saddest thing i've ever read in my life https://t.co/VQwG7R7UNt,1554446583827243009,PlayoffTanaka_,1185006447995822080,1508134993
"Zelle really be exposing people whole government. You thinking you sending your boy, Trey money for the brunch and Zelle talking about some “LAMAR JR. ATTICUS”",1554155519962669057,phazeoo,884890206234718209,1508134993
coming home to my own place to eat Mac and cheese for breakfast in my underwear &gt;&gt;,1554094599542652931,nadi0rnice,1354955611,1508134993
Nigga dragging me through the mud. https://t.co/APPZXgpGu6,1553881734550282242,bertoa_,743183002755284993,1508134993
Another dude proposed while BB was performing ojitos lindos 😩😩😩,1553576747505000448,_erickamariee,49746669,1508134993
"Y’all suck at flirting , cuz wtf https://t.co/wWJnn1QFZh",1553531200572010498,cozy_manny,771904352395128833,1508134993
Dude proposed to his girl at the Bad Bunny concert in Puerto Rico and I find that mad romantic 😩😭🫶🏼,1553527402227286017,_erickamariee,49746669,1508134993
@robhimsis If my bitch don’t got me like you got your homegirl move around bc Ik that’s right!,1553453153936236545,SpanishxBarbss,1708755026,1508134993
@CaughtOnCamer Very distracting https://t.co/6Kyc90Jnzz,1553408929446739977,Uju_Collins,821252232175878145,1508134993
@_chinolitz really sumlight forreal. i love that about us🥳🥳😂,1553211768389918721,khe1vyn,1016086064,1508134993
@_chinolitz 😂😂😂,1553211455100665856,khe1vyn,1016086064,1508134993
Lmaoo bowling is like karaoke: it’s only fun when everyone involved is mediocre https://t.co/zbTZV8NDZ5,1553153842530893824,KxngJam3s,1279455303700971520,1508134993
cus why not https://t.co/M7aUnYPpIN,1552836594863833091,khe1vyn,1016086064,1508134993
"After a 5-year-old blind girl wrote a letter to Mr. Rogers asking him to tell her when he fed his fish so she doesn't worry about them going hungry, he began narrating the feeding of his goldfish in every episode.
How simple it often is to be a more compassionate friend. https://t.co/Mv5u6BHCUd",1552806267097423877,ThatEricAlper,22018221,1508134993
"I don't mean to alarm anyone, but someone is about to give birth to George Jetson. https://t.co/Y7XjbeVz8i",1552760072576438272,BKergin,559073490,1508134993
"RESTOCK TOMORROW ⚡️
Nike Dunk Low 'Panda'

MENS https://t.co/0VpnppP3UP
WMNS https://t.co/2nj2HX7Hvd

#AD https://t.co/jenyF3yCJ6",1552464155633909760,sneakerhuddle,373165951,1508134993
https://t.co/qyXVQ4gZ9S,1552459112302223366,thegrimlurker,1527406058339192833,1508134993
@_chinolitz This is highkey funny. You really said HESI whoooo???? 😂😂😂😂,1552443432467308544,looowrain,774065042685853696,1508134993
Walmart hire any damn body this Nigga at da cashier said “yo total is a DUB” 🥲,1552390048439574528,realmainfeeling,1387021522213146625,1508134993
@gyalisnwondrlnd all exploitative brands and owners that stole their inspiration from harlem and the bronx and pay their employees like shit lmao,1552331655284723713,heirmeg,959480682,1508134993
"Cabo dump. 
Ate this up. https://t.co/nE9DBLKHvP",1552326375511670784,AJThaDiva,29081789,1508134993
Shout out to @oh_sosleepy @willdabeastxd @Maze_XMB @wavysamurvi @_chinolitz 👌🏾Love y’all,1552162868476403716,Divin3_Marv,2910145281,1508134993
https://t.co/XI4Cw6Vkgg,1552046650838749184,tristehomo,775851240768942081,1508134993
She’s a 10 but she’s a Mets fan so she’s a 0 !,1551922817091903489,bertoa_,743183002755284993,1508134993
@DontWorryBoutB personally i’d rather drag my clit on sandpaper than have my partner publicly embarrassing me like this idk https://t.co/FCgnMZIpLC,1551803182036180994,craackwhoree,1473688888241795092,1508134993
@_chinolitz This is very true,1551773503120097280,NewYorkMinute__,354029051,1508134993
@HoodComedyEnt This one LMFAOOOOOOOOOOO https://t.co/OyUrWiyiyH,1551729602128744455,ed1t111,1425304982803423232,1508134993
@_chinolitz I thinks she's beautiful and doesn't need any plastic surgery.,1551663630428606468,OneBombRose,718514394179768320,1508134993
(2/2) https://t.co/Z5M5cHgUDF,1551303979858100225,annalaura_art,1045889358,1508134993
the love comes back in full💚 (1/2) https://t.co/E48vumWe1F,1551303629222592513,annalaura_art,1045889358,1508134993
@bestofjosephq what the dog see: https://t.co/a8zGAeSmSi,1551186840249864192,antimiii,2283451160,1508134993
@bestofjosephq I like this one more https://t.co/fwHmnGsC9X,1551113706930683904,wowyoufoundmee,1287692760808488962,1508134993
@leeovalentin This is what World Peace looks like.,1550933960552759297,BrooklynPickle,356538402,1508134993
@revoltrollin so then leave,1550898620081311744,heirmeg,959480682,1508134993
that’s how u know it be kids at these festivals now cus ya violated cudi!??? lmao,1550895689890250753,heirmeg,959480682,1508134993
@_chinolitz birth control*,1550808121785942018,khe1vyn,1016086064,1508134993
@XXL Cudi should’ve been on some Akon shit.🥲 https://t.co/4K7WdE53f7,1550775622527508482,yxpayne,1180632303749537793,1508134993
@DineroRondo @zherzberg3 @XXL you know they all skinny ass mfs too would get taken down easily,1550712763902840833,brfodie,1189955304513048576,1508134993
@zherzberg3 @XXL maybe dont throw shit at the artist bruh its a festival thats on you for going for a single artist,1550695272061222912,brfodie,1189955304513048576,1508134993
@XXL They wouldn’t have done that if he hummed. https://t.co/wXkKuMFuuf,1550687858494676992,EdrockGaming,1234361268171087873,1508134993
Poor dog bout to die cause you tryna bust a nut 😂😂😂😂😂😂😂 https://t.co/xbqiXF1A8q,1550529098971156481,3piececrispy,3408716145,1508134993
Walk away for 2 minutes &amp; miss the Shock Drop on SNKRS. I think I’ve had about enough of that app for the week. lol,1550499361037090816,SneakerPhetish,21550459,1508134993
Love is all we need😂😂😂 https://t.co/FoDNYdRYRI,1550344162339323905,TansuYegen,94543804,1508134993
NOPE in a nutshell #NopeMovie #Nope https://t.co/602W24DjEr,1550341511824424960,whoismezjr,2730107357,1508134993
#NopeMovie  Spoilers without context https://t.co/7X0yr755ed,1550322488956948480,GodofInk96,4042308505,1508134993
"Me now when i see a cloud that hasn’t moved in a while: 

#NopeMovie https://t.co/G5CmLLDjBe",1550281848097570817,Scoby20,361027174,1508134993
https://t.co/aUlXwrY9fz,1550269313772244992,_miacortes,1255550785108107265,1508134993
Curly cuts &gt;&gt;&gt;&gt; https://t.co/wbX7wSzQDr,1550183795810353152,florrrrrri,1230068537634500610,1508134993
my favorite genre of twitter https://t.co/mUEfFSmmQg,1550165320920342529,kirawontmiss,1471414739880189955,1508134993
If Stranger Things was British. https://t.co/C519RgvkQp,1550164007788711936,NoContextBrits,1377572924413124609,1508134993
@_chinolitz @princessneha_ probenacid just not the vibe :/,1550116330589736960,nadi0rnice,1354955611,1508134993
“I’ve never had anyone FIRE ME then  expect me to STILL work.” 😂😭 https://t.co/5OFalIWICY,1550085775315935232,SixBrownChicks,243328891,1508134993
https://t.co/8Tbj8vhdBt,1549877666978955270,littlem1ssss,1481565508055015424,1508134993
https://t.co/m7SoJkFx4j,1549858973326639109,littlem1ssss,1481565508055015424,1508134993
https://t.co/IzG5NBnZcA,1549824832929337344,littlem1ssss,1481565508055015424,1508134993
i feel like there’s been a od increase in people wit schizophrenia/paranoia and people just be ignoring it,1549802312952160260,heirmeg,959480682,1508134993
It’s a lifestyle at this point. Stay strong my bothers https://t.co/JWa8thFWk2,1549802069602627584,blame_two,1345413117908455426,1508134993
@_chinolitz that’s a felony and deserves jail time for that🤧,1549716325798494208,khe1vyn,1016086064,1508134993
@princessneha_ @_chinolitz … why ya talking about coochie twang instead of preparing for finals…,1549706943656247296,nadi0rnice,1354955611,1508134993
https://t.co/KAEvvg5WFX,1549601436090130432,littlem1ssss,1481565508055015424,1508134993
@_chinolitz If it ain’t seasoned my man don’t want it ‼️‼️💯🎯,1549599579653513220,princessneha_,2163940126,1508134993
@SunnysPalace @_shesdarkskiin @Riccinotme PT2 https://t.co/wWkrYv7zNB,1549583577196765184,LILG_ej,109404398,1508134993
@SunnysPalace @Champagnejxy @MiaaCeleste @_shesdarkskiin She could’ve just showered there also lmao who’s turning down shower sex?,1549576366890242048,Riccinotme,1322743230186758146,1508134993
@Champagnejxy @MiaaCeleste @_shesdarkskiin @Riccinotme Why didn’t she shower BEFORE arriving?? Like -,1549575754320465921,SunnysPalace,1423062699148075009,1508134993
@_shesdarkskiin i’ll give a nigga my marinated coochie straight after work before i do this shit.,1549573233199894528,getlikebreeyz,947038627267096577,1508134993
"@thebiggdave47 @_shesdarkskiin Minus the cottenelle, she was going to have more problems than this if she wiped down there w/ disinfecting wipes or hand sanitizer 😂",1549571021769826304,LadyDreaG,58944003,1508134993
@QUEENO804 @_shesdarkskiin Oh you mean yo hoe bag,1549570313171738626,Anamenobodygot,114516929,1508134993
@_shesdarkskiin Y’all found the exact soap https://t.co/51TfGrIfUl,1549568162097762307,THE_GODDESS_TY,1088196553,1508134993
"@_shesdarkskiin We tooooo GROWN to not keep a bag in your trunk with pads/tampons/wipes , a toilet paper roll, wash rag and soap and a change of clothes????? Not only for niggas….for YOU. A mini book bag is all you need like come on now",1549568057533779970,QUEENO804,1249495273723682816,1508134993
@_shesdarkskiin @Riccinotme For anyone who is wondering 😭😭😂 https://t.co/sxmOB9gLkA,1549565745159319552,SunnysPalace,1423062699148075009,1508134993
@_shesdarkskiin If she stunk that bad she should’ve just asked to get in the shower lmfao,1549558574170382336,Youlovekxoxo,959233803846848512,1508134993
"@_shesdarkskiin 💀💀💀 a sock, hand soap and a sink is a nasty combo",1549556084045668359,dee_thearies,2683039266,1508134993
https://t.co/xDM4KxZqJo,1549508332901150720,wildflowerdaysi,390574362,1508134993
i hate when my chicken caesar wrap is hot like wtf only the chicken should be hot why is my lettuce wilted,1549496263699304448,heirmeg,959480682,1508134993
i was happy for 7 minutes today https://t.co/QQhjB7BtN5,1549410771200770050,0itsali0,1174000568882405377,1508134993
@KvngKxsh @_TheShawn Y’all are making me feel crazy bc why is no one acknowledging that’s a grown ass man 😂,1549388341480722435,BrynnSolana,1032047203613859841,1508134993
@ItssCarpeDiem But it got worse 😂 https://t.co/9AS9r4iFCX,1549272801462595584,NoPunIntended__,23763206,1508134993
"@ItssCarpeDiem Soooooo asking “Hey, do u mind if I shower first??” …… That wasn’t an option??? Bcuz WTF!!?? Athletes foot/jock itch pussy ain’t ever a good idea. https://t.co/60izOzQHPS",1549236985180688388,ivorymarie82,54460621,1508134993
"@_TheShawn @TakiaBrown ""Menstrual clot"" IM CRYING 😂😂😂😂😂😂",1549172303115739137,wsawk,1363037668632907776,1508134993
Clapping cheeks in this weather must be classed as HIIT,1549153640585302017,chisolifts,2875167949,1508134993
Me going to tell my therapist all the bad shit I’ve done these last two weeks https://t.co/Y6sDheP29U,1549130687713878020,carlosandres_x,1206895614996312064,1508134993
@Bxlegend4 @_TheShawn “The costumes sometimes make it hard to see at lower levels”. Strange how that character sees short WHITE kids just fine.,1549079211083812866,Presleytal,2209685654,1508134993
@5aluteMeImPaige https://t.co/8CwSuHTPh1,1548827664630308864,MarkAlsoKnown,1367478578837938182,1508134993
"1. The Pleaser

In their childhood, pleasers typically had to deal with extremely critical, but also overly protective parents. As children they always tried to be good and ""good"", to do everything right and not to be a burden for their family.",1548712069129699328,ML_Philosophy,1353385906858827776,1508134993
"Don’t say it’s for kids when an adult can fit with that weight limit, I’ll take 20 of these. https://t.co/OR98LwRdpG",1548679548140675073,its_supersarah,36534445,1508134993
"And just so everyone knows, I did post this in a local neighborhood group and gift it to a person in need.",1548553008681668608,melancholynsex,2964106029,1508134993
@djvickyv121 @ElevatedHoney @lisatheliarrr And where do you suggest they take the rats? https://t.co/z6szgCTvdv,1548502969544773632,JustShaina_,43402940,1508134993
@ElevatedHoney Not one rat would have came out &amp; the snake would have came back with a durag on smokin a mild,1548296937161428999,kace_windu,1479108780671463424,1508134993
@Dom_God_Like dont make me cry,1548289094911856640,ElevatedHoney,1429793693016395781,1508134993
"Mama Elephant lost her will to live when her attempts to save her baby failed. These human heroes seeing this tragedy sprung into action. 

While some gave cpr to resuscitate mama others summoned a backhoe to aid mamas calf out of the ditch she had fallen into👏👏👏🐘🐘 https://t.co/Vy86jjOueQ",1548187990442160134,TansuYegen,94543804,1508134993
this is the craziest shіt i’ve ever seen https://t.co/WMJaauMIP0,1548148037167394817,kirawontmiss,1471414739880189955,1508134993
https://t.co/We28DrR6X5,1548141161692348417,MRCRUZX1,1150784914444496896,1508134993
"when someone says something that reminds me of a song, i gotta remember the song title or i can’t move on",1548140899833561089,khe1vyn,1016086064,1508134993
couldn’t choose between the two. https://t.co/tvpM6oa80D,1548098916956008448,looowrain,774065042685853696,1508134993
Thor Love And thunder post credit scene https://t.co/4jFAzcjPKU,1547928789090312193,theSnyderKnight,1445069048765722624,1508134993
"@DejonNoMustard Frank Ocean and Lucky Daye went to the same high school, and apparently used to sing in choir and at the cafeteria",1547462673197158400,peachpantheress,1238236988123291648,1508134993
@_chinolitz Im your boy its free99 for me,1547360411758067716,elkingthemc,910734000184053766,1508134993
@_chinolitz Serving face body and brain ‼️☺️💯💯💯💯💯,1547352909192503298,princessneha_,2163940126,1508134993
@_chinolitz This world is really fucked,1547289444574707713,elkingthemc,910734000184053766,1508134993
@_chinolitz Yessirrrrrrrrrrrrrrrrrr te jodite conmigo when i get sick or whatever lol,1547288071988707328,elkingthemc,910734000184053766,1508134993
