full_text,tweet_id,screen_name,Tweet_user_ID,original_user_ID
"Australia! 🇦🇺 Are you ready for the #ElectrifiedFuture?⚡️

Experience the future at Australia's largest future-living exhibition: #Electric Dreams Exhibition🔋
Check out #Noodoe stand and experience #EV Charging in person.

#Australia #Brisbane #green #earth #savetheplanet https://t.co/zr8z5O9qcP",1539624761910853634,noodoeEV,1031609043079462912,1508506549265780736
"Invented. Reinvented. Electric Charging.

Follow the thread to learn about the ways you can customize your EV charging program to make sense for you and your drivers 👇🏼",1539276962816004096,Shell_Recharge,1499010959314239505,1508506549265780736
"@apogeecharging It is so great to see all the advancements and new technologies that are created to make sure we can have accessible EV charging stations with faster charging! 
🚗 🔌",1516634743764406275,dcbel_energy,4888595283,1508506549265780736
Happy Easter to Americans everywhere celebrating this joyous occasion. Our best wishes for a day filled with wonderful memories with your loved ones. https://t.co/neZrVPuJGB,1515680741371305987,ENERGY,166252256,1508506549265780736
