full_text,tweet_id,screen_name,Tweet_user_ID,original_user_ID
@rhythm86 Thank you,1530261819918516226,billie_r_martin,20143758,19613105
@rhythm86 Thank you so much for the support you guys have you heard the new single though?,1446170527056338966,VASSY,20832000,19613105
She went out to walk her dog and started a whole rave along the way 😅 https://t.co/ch0hSboceW,1399038480882274307,groovebassment,3048526040,19613105
@rhythm86 https://t.co/FzUggfZbEI,1387099701997187074,billie_r_martin,20143758,19613105
"Can’t believe I’m releasing a collab with @LoveTinaTurner this Friday! ‘What’s Love Got To Do With It’ is one of my all time favorite songs, and it feels surreal to get the opportunity to work with such a legendary artist! Can’t wait for you all to hear it🎶 https://t.co/q4kroHm1H9",1282692523476029440,KygoMusic,1951639321,19613105
"#NowPlaying  Rasmus Faber Feat. Linda Sundblad - Everything Is Alright

#housemusic #dancemusic #edm #radio #bayarea #listenlive #danceradio #playlist #spotify",1250207796261502977,rhythm86,19613105,19613105
