full_text,tweet_id,screen_name,Tweet_user_ID,original_user_ID
@ashleyhollabakk Wyclef did it perfectly. I'm intrigued.,1554548236529963008,plentyodisney,931405497915207681,20497165
@ashleyhollabakk exactly that!,1554538723903082497,cheltonjm,725983482321768448,20497165
I’m so over having two Twitter accounts - this one is about to get gayer.,1554538176068218880,cheltonjm,725983482321768448,20497165
"whenever i'm struggling my mom always tells me ""you will be fine, you come from a long line of strong women"" 

MOTHER!! THESE WOMEN WHO YOU SPEAK OF ARE WHO I GOT MY OCD FROM!!!!!",1554536246344556547,isabelle_ftlotp,576841353,20497165
"Renovate everest, I'll fix the yeti myself
Eliminate figment
Never change flight of passage https://t.co/Z4DuOu56wC",1554532752157921280,2Josue2Furious,1311497176443314180,20497165
@ashleyhollabakk Exactly,1554529233371664385,mkent_,550511511,20497165
Comparison is the thief of joy,1554528734472011776,DJ_KA5,26108751,20497165
"@ashleyhollabakk CA has been in a state of emergency since March 2020. 🙄 
It enables emergency medical service personnel to administer
monkeypox vaccines.",1554525656976764929,sabrina_onair,477355373,20497165
@ashleyhollabakk I believe it means they can get emergency funds to help protect people/combat it,1554525560696610816,AliciaStella,16822114,20497165
Nike better not counter with that overplayed ass panda dunk.,1554480206463008771,Rudio_1,15992803,20497165
"On this day in 1996, “Matilda” premiered

Even tho this movie was commercially unsuccessful, it was still met with positive reviews while being considered by many as a 90’s classic 

Did you enjoy Matilda growing up? 🤔 https://t.co/7wGWKfWj4l",1554444571639107584,AuxGod_,1248046100390359040,20497165
☘️🎃💀Halloween III: Season of the Witch by Ralf Krause💀🎃☘️ https://t.co/fcDQEl6see,1554427858721841154,1carolinagirl,23000618,20497165
This is me… talking to Brad Pitt 😮 #BulletTrain https://t.co/kMhgnGVsWR,1554338919273050112,_tiffanytaylor,24785882,20497165
"@SankDudu @ateenyalien i remember being taught that monopolies were illegal. grew up and discovered that it is indeed, a big circus to them.",1554336779419140098,auratheman,1468797129153867776,20497165
Stop calling children “old souls” when you mean “weird”. Spent my whole life thinking I was mature for my age when I was actually a little creepy,1554303458999541761,solomongeorgio,19724858,20497165
"@ashleyhollabakk I had an employer do the same thing. They told me to bring the paper thing you get when going to a funeral, and wanted it submitted to them for me to get approved time off.",1554287061854605312,Jared_Soucie90,1300887691035197440,20497165
"Blocking, deleting, unfollowing, muting are forms of self care.",1554281026234597377,haleyelainexox,3356013478,20497165
katy perry when she sees a box of pizza https://t.co/6AOo8KfG9P,1554279171630809088,fIetcherpeters,2892794627,20497165
today marks 10 years since i had a sip of alcohol. grateful🙏🏾,1554263523546411008,shirju,52493968,20497165
"@ashleyhollabakk @PixieDustPhD The word spaz"" is actually short for ""spastic"", which refers to a person having neurological spasms, similar to cerebral palsy. https://t.co/GqSzg4fhEp",1554262622266089473,Schroeder1176c,214962326,20497165
I can’t imagine having 2 free days out of the week and using 1 for church,1554261568162070531,kingcloz,1174828238511792128,20497165
"@ashleyhollabakk Language can be tricky like that! But as long as folks are open to learning, growing, and attempting to change their habits once they learn some verbiage is harmful that’s what counts! It’s not like 13 year old me wasn’t calling things my spirit animal inappropriately 😂",1554255598635683842,PixieDustPhD,1176571802866376712,20497165
@ashleyhollabakk It’s always been a fairly harmful ableist slur—more pronounced in other countries than the US but still deeeeeply problematic in its roots as a way to describe someone.,1554254934853525505,PixieDustPhD,1176571802866376712,20497165
Wiz Khalifa incident getting more attention than his new music ever would've lol,1554247372204453888,cfloinc,25871692,20497165
"Reading the comments on accounts who report billboard stats/numbers for music artists made me realize one thing…

Stans do so much free labour for labels and artists. Throwing streaming parties, fanatically promoting albums and singles… with no $ coming in. That’s crazy.",1554231406275985410,WannasWorld,258871271,20497165
i thought the muppets wrote the song bohemian rhapsody until like sophomore year. i thought bohemian rhapsody was a muppets original song,1554230996328800258,tinymeatgirl69,1461568078253367298,20497165
The Spirit Halloween movie trailer is here: https://t.co/vIK2dqHJYN,1554218458270818304,thrillgeek,1069027322,20497165
"I think there was a real missed opportunity here, Sally should have been a Mustang. https://t.co/ENSZi2cEMe",1554208527660355584,bluekittygrl,19172977,20497165
"Galaxy’s Edge would be infinitely better if it used John Williams’ Star Wars soundtrack.

It’s like Disney saw the Wizarding World and thought they’d dial up the “immersion” to 11, but in doing so they took away the soul of Star Wars. I will stand by this sentiment forever!",1554207813026680833,lukefmorris,981636960350597121,20497165
I swore to never buy a bucket hat. I bought the stupid Skeleton Dance Bucket on shop Disney.,1554202926985334785,Stcrazypants,2527560446,20497165
ICYMI: Last week @knotts announced all the returning scare zones for the 2022 season of @knottsscaryfarm! #ScaryFarm https://t.co/dExO2ZdP6i,1554201028358074368,ThemeParkDuo,833041458609348608,20497165
"those momlife comics make me so uncomfortable, it’s the exact feeling of being around a couple who are being horribly passive aggressive to one another but trying to pass it off as just playful bickering",1554199060319436801,eeberquist,3122287740,20497165
"Kenan Thompson is set to receive a star on the Hollywood Walk of Fame on Aug. 11. ⭐️

Legend. https://t.co/bG6GHedeHn",1554197981963980803,ComplexPop,256596567,20497165
“Matcha Latte” Dunks https://t.co/CeBVmvubUJ,1554193469714755586,ny_ocho,2511415609,20497165
Did you learn that the vitamins are all in the crust of the bread or the skin of the potatoes? I rest my case. https://t.co/KnvUIzQWbV,1554193421803200512,MickWingert,724570009,20497165
"Rents rose 17.6% last year and another 6.7% so far this year.

So no, a 3% ""raise"" isn't going to cut it. That's called a pay cut.",1554192219686506496,DanPriceSeattle,2172596028,20497165
"Dear #Artist #PSA 

#DJ Pack
DJ Pack
DJ Pack
DJ Pack
DJ Pack
DJ PACK...DJ PACK...DJ PACK...DJ PACK...DJ PACK!!!

If You Are Clueless As To What This Is In 2022...DO NOT CALL YOURSELF AN ARTIST!!!",1554186613655097344,RadioRaymondT,192014809,20497165
me everyday https://t.co/eM294zQz8A,1554180167286681601,dumbricardo,1327534237,20497165
I just plugged in a USB on the FIRST TRY so I'm going to get some lottery tix,1554176842168356864,frostbyte987,63870149,20497165
"Hey, @UniversalORL, please never stop with these Tribute Stores. They are amazing, every single time. The detail, the food, the merch, all amazing. One of the best things you have done consistently in recent years.",1554171233754923008,TharinWhite,133430661,20497165
"Lil Wayne shreds with The Beatles, 1964 https://t.co/733wAdKqmu",1554168388754210821,fvrdreamcollabs,1541255889201627136,20497165
This should be put in a museum idk https://t.co/mr22nmngrT,1554163347322556416,modytalkmovies,892234769760751616,20497165
"Mouse Vibes Mondays LIVE tonight @ 7pm PST! 

Spooky season is here- let’s party!! 

https://t.co/3uol26paFo https://t.co/GaxutcPNhp",1554162958992715778,realmousevibes,1292331059913191424,20497165
Watch them put Erika on Vanderpump Rules next season as a server.,1554160963426861056,ironicallybravo,1248900948522606592,20497165
@ashleyhollabakk THANK YOU 🥰🥰🥰 love u!,1554159485442314242,itzybitzyminnie,1367138065408491521,20497165
"I saw women buying ""organic"" cotton tampons thinking it was a better alternative to big brands like Tampax &amp; Always, turns out it's owned by Proctor &amp; Gamble &amp; the tampons contained titanium dioxide which causes cancer. Pay attention to who's selling yall the illusion of choice.",1554155405026250753,ateenyalien,947361727141830656,20497165
".@SpiritHalloween The Movie Teaser Trailer is Here!

Click the link to watch: https://t.co/xSXiZIwnFU 

#SpiritHalloween #SpiritHalloweenTheMovie https://t.co/O86XcBcjn1",1554154835787894787,CreepyKingdom,907350637,20497165
@ashleyhollabakk @itzybitzyminnie oh Happy Birthday indeed!!!,1554149401781686272,plentyodisney,931405497915207681,20497165
Instagram makes you not even want to post photos anymore.,1554148140600758272,TheKalenAllen,171685697,20497165
To anybody that wants freedom from their job and wants to be a entrepreneur I’m telling u it’s much much harder than a job,1554130216548798473,louthegxd,21945156,20497165
@ashleyhollabakk ♥️ love you,1554130193983229953,TaraSoud,19481737,20497165
It’s my birthday week people!!! 🎂,1554129988206530563,mkent_,550511511,20497165
@ashleyhollabakk 🤍🤍🤍,1554128061993365505,ericashea13,342550837,20497165
"when people say ""tiktok is just dance videos"" they are actually saying ""i refuse to engage with a massive shift in the way that people use the internet that is implicating over 1 billion monthly active users because i think it makes me seem more intellectual on twitter""",1554126383802097665,asilbwrites,2550883951,20497165
I got suspended for a whole year from the NFL for weed.. but sexual misconduct gets you 6 games.. make it make sense,1554111970533462016,ThirdEyeSi_,882730430,20497165
you’ll always be favored if you do right by people and give credit due when necessary.,1554111413026684928,YanSnead,305911626,20497165
https://t.co/cBB69bAeFK,1554104606581481474,NoContextBrits,1377572924413124609,20497165
The one and only time you’ll see a billionaire get taxed accordingly https://t.co/vb3ghp6LrM,1554093166780977152,elchivo1112,954095251895054336,20497165
Obsessed with Katy Perry’s just eat era https://t.co/XEqZJTWHVz,1554092478290083843,OliviaLilyMarks,131640589,20497165
I’m not trying to shame anyone or anything but it’s wild to me that people are posting their kids first day of school with their elementary school behind them. And they hold up a sign with their teachers names. Maybe I’m just paranoid but that’s a hard no for me,1554091303880851458,Melissa__x0xo,462277097,20497165
I photoshop Leatherface into a black and white photo everyday until I forget. Day 175. https://t.co/RFrrzwj9oE,1554091263573508097,DonnieGoodman_,1110321008,20497165
if I say “im hungry” we got about 15 minutes until i turn into a different person,1554090830704558080,xavierofficials,1364952144747638797,20497165
Do teenager’s rooms even look like this anymore? https://t.co/3fowUSTcLD https://t.co/tyDV1yqxDM,1554059359264686080,ShowinmadLov,80375103,20497165
Taking off your bra is EVERYTHING. I hate wearing bras but my boobs are too big to be walking around town without one. LMAO!,1553961177096433664,jbelleonair,1172063167372877824,20497165
Honestly @ladygaga is the greatest pop star to ever live. https://t.co/OZcpKaScff,1553956474514194432,robtswthrayguns,90661198,20497165
"On this day 5 years ago, Lady Gaga kicked off her Joanne World Tour. https://t.co/mYFQggPKOP",1553953783289364480,ladygaganownet,45413261,20497165
"Late night drunken McDonalds outside All Star with @realmousevibes @ashleyhollabakk  

Close second? Morimoto Asia or Narcoossee’s https://t.co/tVLbtrLRDL",1553953187828318209,AestheticPuppet,555330290,20497165
Only 4 months left of 2022? Time flies when your life is falling apart,1553947896524988416,NottMarcuss,2882906346,20497165
Dear god man I’m noticing you! Stop! You don’t have to proceed to the next holes! https://t.co/OsvI3bSQQ4,1553939993420111872,Sethrogen,443215941,20497165
Childish Gambino in 2018: https://t.co/2PQmBryPeY,1553911692996022272,TheGreatIsNate,829521155065335809,20497165
"At this point, She by Sheree is just a brand that exists within the world of housewives and nowhere else. It’s like Sonja’s toaster oven. #RHOA",1553902238443180032,ChatterboxKeirn,1381974996705140741,20497165
Rihanna gave us Work and Wild Thoughts and said you will eat off this for the next 10 Summers and we have and we will.,1553874690984198144,JasmynBeKnowing,2346947384,20497165
This is Sonny. He loves to let his toe fluff flutter in the breeze. 13/10 https://t.co/tLd7QbFnLC,1553816081046781952,dog_rates,4196983835,20497165
@ashleyhollabakk @MidsummerScream So cute!,1553810029848825856,strngeunusual,1553533989331144704,20497165
old keys won't ever open new doors https://t.co/7O5tesa9qp,1553805487761604608,soleoado,1296884277163044866,20497165
"Man, I miss house parties. But like college era. I don’t want a dinner party, I want a house party.",1553803547375984640,briannawrist,35928013,20497165
"What do you call a zombie who writes music?

A decomposer.",1553786352008892416,ThePunnyWorld,2472108787,20497165
This was the song that pushed Drake from rap megastar to a crossover megastar. https://t.co/1bVVv4QZde,1553779961793843201,AnujSha113,1492310002513678340,20497165
"watch for the vlog...😎
but stay for the RESUCE AT SEA 🤯😲😱 with a Coast Guard helicopter flying out to the ship from San Diego at night (around the 19:00 mark)...
pretty incredible footage they captured https://t.co/PAgkaEXOAM",1553776976543961089,chriskidder,30599356,20497165
this country is broken https://t.co/gTuZZfEZwW,1553749587881517057,GoodPoliticGuy,1218679919913373697,20497165
Salem’s Lot (1979)💀🎬 https://t.co/iy7mzF2Z8q,1553688773904531457,1carolinagirl,23000618,20497165
"@wreckage504 @lai_lette @Starbucks So someone who takes their earned 5 weeks vacation and occasionally gets sick can’t take time off to say grieve a family member?

Almost, but try again.

Corporations don’t own us. Our time. Our lives.",1553687156274520064,HydeSurvivors,1389363589853564930,20497165
The Exorcist (1973)💀🎬 https://t.co/6CB40gy0Ad,1553651283646709760,1carolinagirl,23000618,20497165
I want to see her on drag race on season 15 https://t.co/LUpecRPxs3,1553643624138608640,hugeasmammoth_,832586697808285696,20497165
One man HAS gone to therapy that man was Tony Soprano,1553635554658357248,MaggieMaeFish,337308938,20497165
I want a horror movie that looks like Grimshaw paintings. https://t.co/pkYUJuh4My,1553624439522295808,LordSteerpike,1089557065318711297,20497165
august is tomorrow ? time flies by when your life is falling apart,1553623005674209282,xavierofficials,1364952144747638797,20497165
@ashleyhollabakk Can’t wait for HHN!! See you and Nick on opening night!!,1553619646221152256,rpenajr89,163757365,20497165
@rpenajr89 @ashleyhollabakk 🙌🏽🙌🏽🙌🏽🙌🏽,1553616946540605440,realmousevibes,1292331059913191424,20497165
"The Lost Boys was released 35 years ago today 
July 31st (1987)🦇🎬 https://t.co/nP2eJLdfrF",1553611506675339270,1carolinagirl,23000618,20497165
It was so great to see @realmousevibes but finally I got to meet @ashleyhollabakk!!!! Made my day!! https://t.co/B9vQlDhhEa,1553604287548178432,rpenajr89,163757365,20497165
Night out with @K_Manzone and @AttractFaction. Drinks. https://t.co/P0cYKVJNa5,1553594587519733761,HollyALee,15049377,20497165
@ashleyhollabakk @realmousevibes @MidsummerScream It was a great day!,1553590387918262272,EvanJenkinsEJ,34762951,20497165
@ashleyhollabakk Nick is a true Pinoy boy. Prob had to wait half an hour after eating before getting back into the water.,1553589121083355136,chaos_dust,1549596291239268352,20497165
@ashleyhollabakk @realmousevibes @MidsummerScream you look so cute!!! ❤️❤️❤️❤️,1553575874070564864,itzybitzyminnie,1367138065408491521,20497165
So happy to have a great support system like these guys always been real to me 🖤 https://t.co/LEH86dvt8j,1553572559949467648,ExpAttractions,904516534164271104,20497165
It's crazy he made this as a baby. https://t.co/CuFGSbQ1F8,1553569108171657217,kevinrossberger,834458285080268802,20497165
@ashleyhollabakk Y’all are doing great though. It’s that convention center that has shitty service. It’s always been a problem. 🥴🥴,1553567093047447552,Jared_Soucie90,1300887691035197440,20497165
Got to chat to @john_murdy about this years @HorrorNights! We got a fun interview coming to the podcast! #UniversalHHN https://t.co/z2SUq7JdSj,1553556637100564481,ThemeParkDuo,833041458609348608,20497165
"It’s always a pleasure getting to interview @john_murdy at these panels, video will be up soon!

Stay tuned spooky friends 🎃 https://t.co/U6WT46Ajf3",1553555428423782401,ExpAttractions,904516534164271104,20497165
