full_text,tweet_id,screen_name,Tweet_user_ID,original_user_ID
@ILOVECOLLECTIN1 @ElijahBFree66 @vbandeadfan A little bit to go towards that Trey!,1554554139488706565,jeremynyr,2347923538,2463968055
shit https://t.co/beSHOo9Qct,1554554057997549576,LWingetCards,1306409036699652096,2463968055
@jeremynyr @ElijahBFree66 @vbandeadfan Did you just Venmo me? Thank you so much if so. 👊🏾,1554553947775504391,ILOVECOLLECTIN1,1374402933769465861,2463968055
Looks like this is becoming a REAL thing. Thank you @ElijahBFree66 &amp; @vbandeadfan for being trailblazers! Means alot to me!👊🏾👊🏾 https://t.co/adzhOVc99X,1554551643701743616,ILOVECOLLECTIN1,1374402933769465861,2463968055
"Aaron Judge and Austin Riley were as scorching as the July weather. 🔥

They are your @chevrolet Players of the Month! https://t.co/kb6hu0rssF",1554551437333512192,MLB,18479513,2463968055
$0.23! 11et! @sports_sell https://t.co/8mz1dqVSJD,1554551158395604995,JohnMer45327439,1165379715638554624,2463968055
"The asking price for starters Carlos Rodon, Tyler Mahle and Noah Syndergaard remains sky-high, rival team executives say, with some contenders already bowing out of the bidding and staying pat.",1554549344962895872,BNightengale,41646662,2463968055
DANA ALTMAN THE 🐐 https://t.co/kTMRJ44swK,1554547395093880832,ducksVSall,1015671840679661569,2463968055
@LWingetCards Obviously love the thicccc country but that Olson is awesome,1554547098300850176,zturner7594,4187652622,2463968055
Cowboys RG Zack Martin vs. rookie NT John Ridgeway. https://t.co/eFYdAWRNDo,1554546838652407808,GehlkenNFL,120019718,2463968055
Very interested to see if the Braves do anything the final few hours. Bullpen is quite full. Improving DH would be ideal but not sure it’s feasible. Rotation was addressed. An actual utility guy would be nice,1554546806989721601,scottcoleman55,234090882,2463968055
"Todays mailday consists of the Moustache Man, the $212 million man, and a quirked up white boy Matt Olson https://t.co/6G1mnQ1tvt",1554546543860006913,LWingetCards,1306409036699652096,2463968055
GO DUCKS!!! 💚💛 ⁦@KwameEvansJr⁩ https://t.co/iag94rnu7g,1554545667652997120,MidtownMMA,83208990,2463968055
UP THA SCO https://t.co/ZIDZLpRQJl,1554544156545933312,keefgocrazy,1339000155110920192,2463968055
@jfortner88 Josh I really appreciate this post. So many people bash on the Eagles because it’s the “cool” thing to do. They absolutely belong on any top line of bands in any genre.,1554543218724937731,Gnew_cards,1307076713730408451,2463968055
"$10 for this Alvin Harper auto. 

@Charles99417868 @MDRANSOM1 https://t.co/XcoGuGt3rW",1554540597507227651,Elliott0924,203247443,2463968055
Joey Gallo had words after being traded from Yankees to Dodgers 👀 https://t.co/EXDknSVjAA,1554540163912441856,MLBONFAX,1502561378820796416,2463968055
https://t.co/Yfjx21idTA,1554539055714406400,Noahsyndergaard,361351581,2463968055
🗣️ THE PADS ARE OUT! https://t.co/IKAk0M1jKo,1554533360135028740,Bengals,24179879,2463968055
@jfortner88 Those are great too.  Dude literally never made a bad song.,1554530224657891329,Atown_Chad,32957789,2463968055
"Always fun finding a lean-to on a morning walk!!  
#SevenIslandsStateBirdingPark https://t.co/r5V0NVPwcc",1554529895811784704,Tootsie11013,845041376739971072,2463968055
"@jfortner88 @GoldBlooded79 Peach and blue raspberry are pretty great, too",1554529045886504961,Shyreese,156339029,2463968055
@jfortner88 @GoldBlooded79 Or green apple.  My 2 favorites.,1554528887555620866,Shyreese,156339029,2463968055
"Now that Juan Soto is no longer on a division rival, I have something I’d like to say. 

I love Juan Soto",1554525521698033664,Trenciarte,445215463,2463968055
@GoldBlooded79 Green Apple 🙌,1554523222493859845,Real_sjl19,1021618544918847490,2463968055
What's your favorite #TexasHockey sweater? 👀 https://t.co/7KuMWhGLHZ,1554522679285321729,DallasStars,29304837,2463968055
@jfortner88 American Girl,1554521441844035584,Atown_Chad,32957789,2463968055
Pretty much the only thing that could make today even crazier. https://t.co/emHG9AGFTj,1554519457430704129,Feinsand,40709264,2463968055
@Feinsand https://t.co/c6Q1ijoVD4,1554518563079147521,zachleft,299878247,2463968055
@Feinsand @MLBNetwork Announce Kevin Durant to the Padres,1554518275001909250,timcarrollart,50471224,2463968055
"Let's get that tip jar rolling I'll start it off
Guys please help share @ILOVECOLLECTIN1 always putting up threads for folks to sell on 
@vbandeadfan 
@DarkCards66 
Please help share https://t.co/1ktOAX9icR",1554516824565301248,ElijahBFree66,1407889658567004165,2463968055
"@DOBrienATL He remembers being left off the playoff roster.  He remembers struggling for months at a time, thinking he might be sent back to AAA or be traded.  He has a new kid &amp; wants to make sure his family is taken care of for life &amp; not have that nagging 'what if' voice...",1554516661490909186,acunasnecktat,1227341911452790785,2463968055
@coleslaw152 Maybe this is a stolen picture,1554514664213676037,bigwerms,776602523486527488,2463968055
Belichick is great but he never won a Super Bowl while looking like he was managing a grocery store. https://t.co/nOge2EU5cO,1554512898218770432,Super70sSports,2259809232,2463968055
When Eric Hosmer goes back to San Diego @Starting9 https://t.co/v1VxITdkyg,1554512237334773763,barstoolsports,22637974,2463968055
"The Juan Soto deal is done with the #Padres, and does NOT include Eric Hosmer.",1554509805502377985,BNightengale,41646662,2463968055
I think the @dallascowboys need to give Tony Pollard an extension before the season starts. Lock him up before he plays his way to a deal they won't give him 🤦‍♂️ enough grooming players just to let them walk smh https://t.co/8VN3b8kq5U,1554509803480834049,DanaCotromano,4210855216,2463968055
I can't RT the Hosmer tweets fast enough.,1554509164369657859,BravesAshland,333611970,2463968055
eric hosmer said you’re trading me to who?!?!  https://t.co/VhXe61jwyj,1554509149383393280,3x5,26064364,2463968055
"""Hosmer aren't you tired of fucking up the Padres?"" https://t.co/00bVJqS3sT",1554508462134120450,MexicanBraves,760540501623705600,2463968055
"Right, for getting him $212M guaranteed to play for the team he loves, for a consistent World Series contender in the South, close enough for his friends and family to drive from Mississippi to see him play and for him and his wife to drive home to Mississippi when they want to. https://t.co/9i5qe52OVV",1554508406785990657,DOBrienATL,80643046,2463968055
Sources: #Padres and Eric Hosmer’s representatives currently negotiating about what it would take for Hosmer to approve his trade to the #Nats. The Juan Soto/Josh Bell blockbuster — in its current form — is contingent on Hosmer’s assent. @MLB @MLBNetwork,1554508072185434113,jonmorosi,42560650,2463968055
"“Why would you torpedo this blockbuster trade?”

Eric Hosmer: https://t.co/QZtSZz20j7",1554507365650661376,Ben13Porter,329229530,2463968055
Eric Hosmer to the Padres: https://t.co/PRgAIAtbTe,1554507156627546113,BRWalkoff,38702668,2463968055
What is the best jolly rancher flavor of all time? https://t.co/eLiQaYdTnl,1554507103024316417,GoldBlooded79,228919145,2463968055
Hosmer right now https://t.co/oczlAegiyZ,1554506915408883713,trevorplouffe,430267932,2463968055
Lmao sports,1554505826647375872,CoreyFromTN,177645685,2463968055
"@jfortner88 Prince, Tom Petty, Led Zeppelin, Alice In Chains, The Replacements",1554503065914511360,Atown_Chad,32957789,2463968055
@bigwerms So.. you aren’t a sloth in a captains hat?,1554498543536279553,coleslaw152,1285413651135037441,2463968055
@JeffPassan Announced Soto https://t.co/LPVnjelNUM,1554496005709635584,wojespn,50323173,2463968055
no one looks good in a Padres uniform … bunch of UPS drivers https://t.co/XskGyM2OnR,1554495341906518016,FrankiesTwoLoud,1271589943568003072,2463968055
@CYPALLANTE @jonmorosi @MLBNetwork @MLB Lost Juan Soto over not wanting to lose Dylan Carlson 🤣,1554493916639965184,ConnorWatrous,561721566,2463968055
Imagine have a talents like Juan Soto &amp; Bryce Harper and not signing either of them to lifetime contracts,1554493462686441472,GiraffeNeckMarc,755822784,2463968055
one of my buddies just hit an Orioles fan’s wet dream 👀👀👀 https://t.co/tD5dY2yxJ3,1554492309055602689,bchells22,623968130,2463968055
"Source: #Padres on the verge of acquiring Juan Soto. Deal is believed to be nearing final stages. 

@MLBNetwork @MLB",1554491840577036288,jonmorosi,42560650,2463968055
"Gym time, it's busy! https://t.co/q3hyycGcDx",1554491822398898176,DaveEDanna,1221556511794769933,2463968055
@LAcarddude Knock $5 off. Price is shipped with ball cube. Heyward is also gone. https://t.co/1D5BVTUamh,1554489931963170816,ddowney114,703366494,2463968055
@jfortner88 Thank you Josh! 🤣,1554489417108160512,steve8022_smith,913025702,2463968055
@LAcarddude $3 pwe for Jesse Biddle rookie auto! https://t.co/JXiM9lot5c,1554489306458243072,AllAmericanATT,1265675779721048064,2463968055
https://t.co/e9Me75iSxd,1554489170281857024,SportsEnthused,1263207907295928321,2463968055
@himynameis_shay That whole thread 😭😭,1554488846175420418,katiewhiskey,25069383,2463968055
Pray for Nats fans. They down bad….,1554488122104233984,CoreyFromTN,177645685,2463968055
"@LAcarddude Cedric Mullins 2022 Topps Tier One Auto 121/299 - $20 BMWT
Chas McCormick 2022 Topps Definitive Green Auto 10/25 - $15 BMWT
Gavin Sheets 2022 Topps Tier One Auto 109/299 - $15 BMWT
Max Kranick 2022 Topps Inception Auto 07/75 $20 BMWT https://t.co/gzW6IxBPWf",1554487857842118657,King__James,163459771,2463968055
@LAcarddude Sold,1554487262016163842,Trudem84,1551801030,2463968055
@LAcarddude Sold,1554487227526381568,Trudem84,1551801030,2463968055
NEWS: #Nats are in process of calling up multiple minor leaguers to @MLB club — a sign that trades are imminent. @MLBNetwork,1554486262756741120,jonmorosi,42560650,2463968055
Lets have an auction tonight for a couple hours tonight. Have an awesome Tuesday!,1554483203167211521,IamDefness45,1093160315439796225,2463968055
How is it only 11.,1554483164365701120,DaveEDanna,1221556511794769933,2463968055
@LAcarddude $25 OBO https://t.co/axO9MFvTpA,1554482467582656518,Trudem84,1551801030,2463968055
@LAcarddude $10 PWE https://t.co/7iBdkNQszO,1554482462167801858,nehville13,106266593,2463968055
@LAcarddude $25 /25 https://t.co/bB3zXjXGH9,1554482195519217667,Trudem84,1551801030,2463968055
"@LAcarddude Lou Bob and glad both /99 $425 obo each 
Kirk gold /50 taking offers https://t.co/0mL7xSEtCp",1554482158403739649,FillHughes45,1274164981492338688,2463968055
@LAcarddude FS/FT https://t.co/eyUblDaov1,1554481731201368069,vitty_n_gobo,1710104436,2463968055
@LAcarddude $10 shipped https://t.co/rTkSqYaiVU,1554481421284163590,VinnyG1221,1282880579923566593,2463968055
Who is the most hated MLB player &amp; why is it Tommy Pham,1554481062125993984,baseballg1rl,1260633310268731392,2463968055
"Autograph For Sale &amp; ISO 8/2

- Post your Autographed items for Sell/Trade
- All Sports and Non-Sports OK 👍 
- Retweet
- No Links",1554480175114747904,LAcarddude,1332596757511868417,2463968055
Selling while 2.5 games out of the Wild Card race after all the Orioles have been through to reach this point is certainly a move.,1554478466392887301,ethanbudowsky,998636730633867264,2463968055
"I do need to publicly thank Will Smith for pitching like he was someone else last October, shutting shit down, and getting the Braves that ring. Best of luck in Houston, Will.

It was worth this                 For this https://t.co/9yQXv09PcX https://t.co/fBkPDtL7ec",1554478045704376320,RozInRealLife,1043349666689998849,2463968055
"@jfortner88 Disturbed, Kiss and Queensryche",1554477446350651396,heistypokerdlr,3634974503,2463968055
@JonHeyman @trevorplouffe’s Twins,1554476255298347009,BravesAshland,333611970,2463968055
Jorge Lopez to Twins. Nice pickup.,1554475718897291266,JonHeyman,36139166,2463968055
A huge thank you to @ltillustrations for the National Edition signed cards this weekend.  Check these out @CardPurchaser https://t.co/efQ2BJx3Ql,1554475128074944513,NYYGT3,501825942,2463968055
"Miss any of Monday's trades? Get caught up:
- Josh Hader, Padre https://t.co/Sfzr6aSUXc
- Frankie Montas, Yankee https://t.co/vFVYAUcScn
- Christian Vázquez, Astro https://t.co/tL8qSaETVH
- Trey Mancini, Astro https://t.co/7RnoKVmhmp
- Tommy Pham, Red Sock https://t.co/sbitJvDnxR",1554470829316100096,fangraphs,26863892,2463968055
"@jsmcmahon21 Thanks, James. I had a nice pour-over this morning so I am ready to rock the day! ☕️",1554470594749636610,RealChrisSays,1394126240550985728,2463968055
"Seriousness of the cat! ❤️😂😂

 https://t.co/q873osSsE0",1554470410883895298,TheFigen,213831700,2463968055
happy trade deadline day to those who observe and or respect ⚾️ https://t.co/Tq2zDlLpUs,1554469079997714432,3x5,26064364,2463968055
"you’ll always be the guy who finished the job, and for that Braves Country will always appreciate you https://t.co/Q75ey7AnYV https://t.co/PvyKSm4Wfx",1554469017863208962,BlooperBraves,869303474575613952,2463968055
"On behalf of Braves Country, thank you Will ❤️ https://t.co/m5KNAtR6H9",1554468573204070402,Braves,21436663,2463968055
"Atlanta adds a veteran right-hander at the trade deadline.

The former All-Star owns a 3.75 ERA in 60 innings this season. https://t.co/dNPSWu3HzB",1554468357826613248,BravesOnBally,22016177,2463968055
"Pushing towards #CowboysCamp practice #️⃣6️⃣

Make sure to join us for open practice ⬇️
⭐️ 8/2 - 11 am 
⭐️ 8/3 - 10 am
⭐️ 8/4 - 11 am 
⭐️ 8/5 - 11 am
⭐️ 8/6 - 10 am

#DallasCowboys | @AmericanAir https://t.co/jdatgeNJYE",1554467556958023688,dallascowboys,8824902,2463968055
"Welcome to Atlanta, Robbie and Jake! https://t.co/TpiPkcjN6o",1554467423562129408,Braves,21436663,2463968055
"My daily rankings of every starting pitcher matchup and streamer for today and tomorrow.

Tables + notes included.

https://t.co/ujW2rAgS0X",1554466137588596737,PitcherList,2227207286,2463968055
@jfortner88 🤧🤒,1554463538248294401,bharley71,1040165508,2463968055
@LWingetCards You meant cincy right?,1554463071539793920,Costello4Reds,1342535543842856960,2463968055
"@RealChrisSays Good morning Chris, have an awesome day!",1554461490501099520,jsmcmahon21,438783146,2463968055
"Forever thankful for the Postseason Will Smith gave us last year. 

Also thankful for the wizardry of Alex Anthopoulos to find a suitor for regular season Will Smith.",1554460807777378304,AlwaysOverPar,336493125,2463968055
https://t.co/lUPUZXomdm,1554459633888157696,Jaberuski,158951476,2463968055
@SagED_UP https://t.co/jnkSTN0QTn,1554454878927392769,mel49508,1486374696,2463968055
I think I’m going to start replying “shit take” on all y’all’s dumb opinions then muting it. No explanation. No rebuttal. Shit take.,1554454576010518530,BravesAshland,333611970,2463968055
"My beautiful daughter Emily is celebrating her 20th birthday today 🎂 🎈 🎁 If you're scrolling by, please drop a like and join me in wishing my daughter a very happy birthday. It will be greatly appreciated 🙂 https://t.co/ZbHaMMDvvl",1554454053920378881,JohnHansel14,1184838493014544389,2463968055
