full_text,tweet_id,screen_name,Tweet_user_ID,original_user_ID
"imagine watching luke combs perform “all over again” live, I would be screaming crying n throwing up",1554201151406542848,kiarasteele_,1324798270762352641,2495468323
@sofwita 💙💙🙏 https://t.co/wsMh9HWzqR,1553784279829708802,angeldirtyy,1627010814,2495468323
i am now a boy mom 😗,1553741291447517186,sofwita,2738584485,2495468323
Just got the call about the opportunity of a lifetime and I can’t possibly be happier,1552822698178486278,j_tyler_photo,532523072,2495468323
hehe pre-stream pic &lt;3 https://t.co/feHklr9G61,1552765351598899200,sukidezz,2347869021,2495468323
"one more update, we closed on it today!!!!",1551977343710797829,kiarasteele_,1324798270762352641,2495468323
ap classes were so much fucking harder than college classes if we're being fr,1551777095231180800,catrussy,1379253353130172417,2495468323
These are the best things to ever happen to me in case y’all cared https://t.co/Eg9KyK7okG,1551407621026058247,_HYPHYWIFEY,3126746545,2495468323
ima stay up to watch the sunrise,1551402603405316097,yanelynunez_,262413805,2495468323
.@theweeknd had his first ever performance at the Mob Club in Toronto on this day in 2011. https://t.co/feaGqiaSfc,1551190957198086146,PigsAndPlans,18033816,2495468323
"#TheXFactor released NEVER BEFORE SEEN footage of how One Direction was formed in honor of the band's 12th year anniversary. 

Watch: https://t.co/lP0RydX8FJ https://t.co/cmF6F9291d",1550895922099458050,PopCrave,4429003533,2495468323
"Miami your Friday nights just got better! EL CORO at Made In DR in Wynwood 🇩🇴 it’s giving Bachata, Dembow, Reggaeton, &amp; Tipico vibes 🔥 see you there starting next Friday July 29th! https://t.co/fGzy0BTRVj",1550541798598406144,unkwngroup,1189263595235885057,2495468323
lil miss sultry eyes https://t.co/4AMs65lnip,1550240133936549888,emilyserrano_,375807249,2495468323
Not my Wife using my boxers as period panties https://t.co/skCjmElewH,1549915335029133312,LouSirTheThird,211773606,2495468323
AMETHYST SLIDES 💜 https://t.co/iDMlwnVXtT,1549888139082309635,SneakerNews,16180874,2495468323
Nike Dunk Low “Medium Olive” 🫒 https://t.co/GhiXuM0N8T,1548876437255467009,ny_ocho,2511415609,2495468323
Kid Cudi when he’s already played Day ‘N’ Nite &amp; Pursuit of Happiness but the crowd still expects more: https://t.co/yMMmKXXOG9,1548867625043771392,imdrip777,1422222681999556619,2495468323
@Shadysense1995 @mwrobinson2020 @thoughtfulbae @RollingLoud Fr fuck is she on😭😭,1548818677096742912,lottaaared,1505350654730121220,2495468323
"From the sick and twisted minds of Sam Levinson and @TheWeeknd, starring Lily-Rose Depp, #THEIDOL is coming soon to @hbomax. https://t.co/TnEAUjHjzt",1548683945889390594,HBO,15635604,2495468323
"This video tells me three things:
1) he’s cheating.
2) he’s insecure.
3) he’s violent. https://t.co/waUmEYv0rr",1548657706143186944,KiaSpeaks,15249113,2495468323
we don’t don’t find the tweet🤣 the tweet find us https://t.co/FGq0a50nlC,1548495134085373954,omggitskiyah,967903070888890368,2495468323
my sweet escape 🤍 https://t.co/d07tzzdCPX,1548352336753410049,daddybuell,623158811,2495468323
Duuude https://t.co/Rf4QTHlYos,1548351863069614081,JmArtsGallery,974950296,2495468323
respectfully I’m not listening to none of y’all music,1547914718815260673,ofwgktmaal,3189620762,2495468323
"If you ever see me in public you invade my space, if i didn’t want to be bothered i would’ve flown private, i wouldn’t be shit without those that are fans of mine, even i understand that, we missed a moment we would’ve remembered forever Cole 🥹 https://t.co/Fmd7y8ktHq",1547006115656990720,ochocinco,40519997,2495468323
dinner in london 🥂🇬🇧 https://t.co/Ij9oR3RLC0,1546989115144515584,HalleBailey,1351760665367638019,2495468323
Stop dating broke men. Stop helping struggling men. Stop loving men at their lowest. Stop feeling pity for men who can't make a living for themselves. Men never look back after finding themselves.,1545652888332124165,Xole_25,1115902614053564416,2495468323
JUST IN: Derek Chauvin has been sentenced to 21 years in prison for the death of George Floyd ‼️ https://t.co/qv6WAhqfL6,1545147641281093636,Rap,1062107257167593479,2495468323
@basedaleja 🙋🏻‍♀️🙋🏻‍♀️🙋🏻‍♀️,1544716339624951809,_valerievegax3,757607526,2495468323
Too many client have said chico malo tn is fun so guess who’s there 😤😤,1544713990051340298,_valerievegax3,757607526,2495468323
she’s a 10 but leaves lashes all round your house,1544578612040347648,adriangonzoo,1363233874369601538,2495468323
"Eight years ago today, Brazil and Colombia met in the 2014 World Cup quarterfinals in an eventful game ⏪

[THREAD] https://t.co/zoWyLD7pOo",1544046906627821569,brfootball,1561123663,2495468323
mhm lmao https://t.co/N47Zn5V9PG,1543996596047822851,kiarasteele_,1324798270762352641,2495468323
"no shade i grew up wit a father so a lot of the shit u think i should be grateful for is bare minimum &amp; im thankful, i wish every woman had that",1543702130564993031,heirmeg,959480682,2495468323
I think I’m officially of the age to where after work I jus wanna come home to my lover,1543017292606357514,ce_poca,4084491629,2495468323
Having sex with ADHD is weird bc you could literally be cumming and also thinking about the ships lost in the Bermuda Triangle,1542626790631477248,bansheebel,2321676708,2495468323
"Having sex in the mirror , bc I like to watch him fuck me 🥺🥺🥺",1542614619188916224,Realxtatii,1415128194185826307,2495468323
Shittinmeigh https://t.co/03Hzsq7EJS,1542607913428176896,primediscussion,30127096,2495468323
Taylor Lautner’s fiance posted this 🤣🤣 https://t.co/mKUYqeaR5a,1542309749714309120,_fangirlsociety,1363999955334037505,2495468323
"Sir, I’ve seen you publicly pray in a restaurant over a pound of bison meat, and you didn’t tip me shit compared to what you’d previously tipped our straight men on staff. https://t.co/JUtuNYSSnh",1541880488436314112,as_seenontv,24081214,2495468323
Ok so any gf’s down to go to the Sorry Papi event with me?! 😭😭,1541862794777198592,_valerievegax3,757607526,2495468323
"Colin Kaepernick, who didn’t force anyone to kneel with him, lost his career and livelihood

But a Christian football coach who retaliated against players who didn’t join him in prayer was just celebrated by the Supreme Court

Welcome to American ChristoFascism",1541676257745797121,lindyli,270132611,2495468323
Everything’s terrible except for this teacher going on Reddit and learning how much her students love her https://t.co/JvDyXT8czt,1541618499432366086,RobertMaguire_,1398759560,2495468323
I see why Moneybagg Yo only talks about backshots https://t.co/beAxDf4bIZ,1541554277293780993,Griffithin1997,2774882964,2495468323
"really considering having my gender reveal at disney 🥹

yes it’s a thing lol",1541536539494203393,sofwita,2738584485,2495468323
"In Iran if a 12-year-old girl is raped and impregnated by her father, she must carry the baby to term, or be thrown in prison for life. Wait, sorry, no. That's Alabama.",1541511138457927680,mhdksafa,834078524277456897,2495468323
Russia going extra hard cuz of who and what she is and the United States not going hard enough because of who and what she is. https://t.co/ileDFwpmMZ,1541497535071657993,BarkyBoogz,60370335,2495468323
Bitches who are mean for no reason give me attention seeker vibes😂,1541449167041593345,jstcamrynm,1480299238684860420,2495468323
The City Girls Ate BET Awards 2022 https://t.co/JbeYfgFjKL,1541258946882805761,SmithTevia,1508460866710093826,2495468323
"I grew up in the rural South. I know A LOT of white evangelical anti-choice women who've had abortions. And every single one of those women told me their abortions ""didn't count.""",1541063363362525185,pludger,14699711,2495468323
A US senator just openly supported the return of segregation https://t.co/kTICZvCiL4,1540798441730613251,KennieJD,2206058088,2495468323
FROM BURN ICU TO WHITE COAT CEREMONY AT MED SCHOOL 🙌🥼 https://t.co/K4EBJNAa46,1540410525070557184,alexisjoelpr,1054048796034981888,2495468323
"I'm Nikki Fried, the only candidate for governor of Florida who has never supported banning abortion.",1540394664406261760,NikkiFried,37190669,2495468323
"I’m absolutely terrified that this is where we are - that after so many decades of people fighting for women’s rights to their own bodies, today’s decision has stripped us of that. https://t.co/mwK561oxxl",1540382753677627393,taylorswift13,17919972,2495468323
"Racism is when a black person achieved being the most followed on the most popular app at the moment, yet they’re seen as a “factory worker”. 

His name is Khaby Lame. https://t.co/4to2c40lCF",1540062490419236865,thoughtfulbae,976301848452829184,2495468323
A Keeper 🤍 https://t.co/iwg46aEN3i,1540029446203351040,laurpizza,630615393,2495468323
All seams unravel. Hunter Schafer has been cast as Tigris in The Hunger Games: The Ballad of Songbirds and Snakes – arriving in theaters November 2023. https://t.co/tJzvqmlTcd,1539699894033608704,TheHungerGames,227390518,2495468323
this is so real like having pcd DURING the show https://t.co/tc3BuIX4X4,1539695403523661824,dreaminofyouhs,882771881979281409,2495468323
Ladies Night?… 🥴,1539645461727961091,tvasquezz,2686088384,2495468323
6ix9ine weird asf for this. Pray for Lil Tjay🙏 https://t.co/Hd9ckxEASC,1539642865671872513,luhbIix,1530861064614723585,2495468323
"And then they broke up and he posted her nudes all over the internet and ruined her career. 

Let’s never forget. https://t.co/qAjS5sEzz3",1539572889069969411,MrsKhandiCoated,1156987241744523264,2495468323
We didn’t. Every single one of us broke. Thank u editing 🙌 https://t.co/kgH2AsHdIC,1539429730126114817,druidDUDE,23737582,2495468323
@qxeenashlehh Sorry ms.idkhowtocommunicate 🤼‍♀️,1539427468813246465,yanelynunez_,262413805,2495468323
"Once I'm mentally over you, it's a wrap.",1539289898577952774,KandonDortch,2386242781,2495468323
so that makes her a 300 right? https://t.co/ePaVzkbB12,1539116005531824134,kenn3saidso,2825115380,2495468323
lanis gonna love doing her nails. She’s only 2 n paints her own nails n toes. BETTER THAN I DID,1539050212399927296,yanelynunez_,262413805,2495468323
Someone take the henny away from Klay 😭😭😭😭😭 https://t.co/xU29ACxjFS,1539000627686260743,crossedsportsig,949104705346686976,2495468323
"Klay Thompson so far today 😭

- Lost his championship hat in the ocean
- Did a Michael Jackson dance in the middle of the street with the trophy 
- Knocked over a fan on accident 
- Dropped one of his championship rings on the street https://t.co/IswAAT20Sd",1538994117795004416,DrGuru_,1111768307886145537,2495468323
What they gonna say now??? https://t.co/4dV4iT69ZH,1538964823311908864,StephenCurry30,42562446,2495468323
Once I start licking and kissing yo back during sex you my woman. Don’t think I’m just out here licking backs. 😂,1538914655875342338,BIGMEL____,1227679962158727170,2495468323
i love me a grown man no drama no bs just good dick and good vibes 😩🤣🥰,1538828817619361795,_shanteaa,1296580198746513408,2495468323
happy Father’s Day to the man who tucked me in and sang me to sleep every night at 10 pm https://t.co/c3C6XFWLyh,1538699749834084352,SpookyGothLoser,788603474640601089,2495468323
Weird vibes from someone you got hella love for can really fuck yo head up,1538628858936688645,globalzaay,738420346227855362,2495468323
Mr. Moseby was the dad that STEPPED up! https://t.co/CoG4FrVcqT https://t.co/MX0g3NpFXl,1538624902340694017,houseofspectrum,1321255999383105537,2495468323
"Daddy’s don’t just love their daughters every now &amp; then, it’s a love without end💗

One of the best feelings is watching my daughter fall in love with the man I fell in love with &amp; him love the child we created out of love👨‍👧Happy 1st Father’s Day to my baby daddy😘💓 https://t.co/sB9JVtVeF9",1538575640378716160,bykayshenee,2314788445,2495468323
FB is great dawg 😂😂😂 https://t.co/pCn3gUoXTf,1538570604785324032,AskWhy05,33088543,2495468323
"Please tell others that take these. We expect to add more than 1k more meds over the next 12 months, if not sooner. https://t.co/eP6JNL0QIt",1538239670131298305,mcuban,16228398,2495468323
When a bad bitch randomly put you in her close friends and immediately looks good in it https://t.co/BiJu7xo0Tb,1538219643428478976,ThatsLudaChriss,460348130,2495468323
"17yo son and I have an agreement that if he goes out at night, he needs to leave me a signal he came home safely for me to find in the morning. This was outside his room today 🥰 https://t.co/bIz2ayRRZC",1537708507675480066,hkist,223451239,2495468323
craving a girls night so i can throw some ass 🥹,1537608072583172096,kiarasteele_,1324798270762352641,2495468323
Drake in June and Beyoncé in July… I used to pray for times like this…,1537558825418469376,b0mbchell_,98536748,2495468323
New Kobe and Gianna Bryant basketball court mural tribute at Tustin Playground in West Philadelphia 💜 https://t.co/FJJrW5keEP,1536829420106752001,kobemurals,1223748047244365825,2495468323
And the FBI confirmed he was not a pedophile be sure to never forget. https://t.co/lFcj2H0I0A,1536539048923348996,ToniLaNae,183109701,2495468323
Imagine telling ya nigga to block a bitch den he tell her “yea my gf told me to block u she trippin”,1536486043540668417,jujunot1ofdem,1283544984902410240,2495468323
On my baby’s dis my last sad ass album I’m off dat jus wanna live happy travel get dis money,1536433399593844736,rodwave,808677533101228032,2495468323
Dating me is not easy imma sex addict 😩🤦🏽‍♀️🤣,1536331576803475456,_shanteaa,1296580198746513408,2495468323
"In loving memory of all those tragically gunned down at Pulse Nightclub on June 12, 2016. https://t.co/e0Wr1UZ4n0",1536008548366184448,LanceUSA70,1033751995184762880,2495468323
hey morris I like chest nuts https://t.co/ZopBzMmKBb,1535969667097182208,ofwgktmaal,3189620762,2495468323
Why she ate her mama up? She said you a suburban girl I’m screaming 😂 https://t.co/YCC3dldjH3,1535845479354978305,Brieyonce,34823393,2495468323
I wanna cum 5 times in 1 night I need to relief some stress,1535805690509393920,WhoHawterThenME,239991397,2495468323
@FaZeBlaze Now that is a mega pint if I’ve ever seen one,1535753243170676736,Snip3down,156071027,2495468323
louis was and always will be proud of zayn and his high note in you and i i’m crying i’m not okay https://t.co/U4d1jUelRR,1535669639853875200,louforshru,1392784605229424647,2495468323
Keep pissing them off Russell!! https://t.co/V3OfhZQ80Z,1535405642080477185,ScottieBeam,20343405,2495468323
"Mom, 
Thank you for the best 23 years of my life 💜💎 https://t.co/xcNmmVxxJj",1535403336442191872,addy_celeste,1029243702,2495468323
y’all ever dated a man that was lowkey hating on you 💀 pack it up sister https://t.co/Iz4y3Rm4t0,1535331009285263361,Gabybarbieee,1592020651,2495468323
"Stay Squared Up my friends. 
#SurpriseSurprise @Ciara https://t.co/y8y0uExvQT",1535328136295878656,DangeRussWilson,512613427,2495468323
i actually can’t think this is anything but a product of racism lmao https://t.co/WBzCLT1DRh,1535281842659762179,arcanecovet,1521876809184387073,2495468323
I still think if they cast Tom Holland and Zendaya in a live action ‘Atlantis’ I would lose my mind https://t.co/zwKMpzZItX,1535074256274739200,aikohwrites,1057355116678991872,2495468323
"Kevin Gates *makes diss track*

Dreka: https://t.co/vHlw3Xunh7",1535066559433289728,TreyDubois1,1425186825447034881,2495468323
Album Of The Year dropping in July 💿 @LilBaby4PF https://t.co/SZpD29N6fR,1535012662328844290,4PFmusic,1301436088595120130,2495468323
