full_text,tweet_id,screen_name,Tweet_user_ID,original_user_ID
#bb24 https://t.co/4bMVFhihJ4,1554607172373229568,ToomsBB_,1312051299865620480,284049531
New school BB could never. 🤣 The way that everything he said happened. No one even came after Cody or his alliance which is an embarrassment. That was not All Stars. It was Small Stars. https://t.co/w0VkQXPnwf,1554596970613858305,JanellePierzina,38614324,284049531
MOVE OUT THE WAY https://t.co/Dw29zgpidY,1554592894924857345,GageKalama0,1172056803284148225,284049531
Fariam eu de bigodinho? https://t.co/jQd1XvVlR2,1554576218132971526,Luanslvx,1177087360158314497,284049531
#bb24 https://t.co/lCBqm0Xrdu,1554563748509224960,bbscreenshots,1536985837,284049531
"I- 🤦‍♀️ 
We need Kyle’s mom to be the wall yeller this year! #BB24 https://t.co/yxL8RWNrDy",1554550138126811136,maximusmom13,1186803601600966656,284049531
Nancy Pelosi in the rubble of her Pacific Heights mansion after China attacks San Francisco https://t.co/FRV71CvMsA,1554524409435545600,mattranalletta,19702726,284049531
They played Bruno Mars for the HGs this morning. 😂😂💀 #BB24,1554514882812203009,maximusmom13,1186803601600966656,284049531
"Joseph: you are the face of the season

Taylor: if I’m the face, you’re the heart 😭 https://t.co/nlj59XwIVl",1554501999118385154,adoomies3,1382642851167764480,284049531
maybe morning workouts are the move 🤷🏼‍♂️ https://t.co/j1KW29JaCB,1554484319544123397,jacobthinks,1157039451878465536,284049531
Still on repeat #RENAISSANCE https://t.co/kQOnSihLJQ,1554483654885142528,cilantro546,1354838301987901440,284049531
Kaysar was so king for this. #bb24 https://t.co/PEZTKV4QoE,1554446784465862657,svperio,1117650145477316609,284049531
LET👏THEM👏KNOW👏TIFF👏 #bb24 https://t.co/bCViwWhjiQ,1554446698659069952,Kurt4HOH,1356650949050175489,284049531
I miss her on my TV https://t.co/bpmFQsCdjf,1554445631757877249,NineDaves,16493612,284049531
"@commieeangel Joseph, 25, Attorney At Law, Single.",1554430294542860290,NoAvi6,1114015222950326272,284049531
JOSEPH ATTORNEY AT LAW #bb24 https://t.co/pyKfaWV92H,1554404718654267392,commieeangel,1373142792080293889,284049531
https://t.co/ojPpXBMcr1,1554364906685841409,DRAlNGARDEN,1360768103823646724,284049531
👋🏼 https://t.co/KIBvIr074u,1554335474969239552,TechnoPapiJose,389781943,284049531
@iAustinLucas ok and?!,1554331893092339712,erikm0nster,77792645,284049531
Progress ✔️ https://t.co/MJuINU6vLU,1554330834307407872,angelsalguero88,1599410575,284049531
"Goodnight, say it back ;) https://t.co/3wPUi1YbAh",1554326055414005760,oofalexxxx,1449028611705606157,284049531
😎 #NewProfilePic https://t.co/xr6IyR7KSZ,1554320259481468933,thiccolas_,35511429,284049531
break my soul (track 6) charting at #6 at its 6th week…  https://t.co/69laFx2OfN,1554310844032450560,waitisovah,1329063411955736581,284049531
Taylor Swift is seen shielding herself with a black umbrella as she gets off her private jet https://t.co/TpnAoNOosx,1554304750971240449,DailyMailCeleb,111556701,284049531
I feel bad but my niece made me laugh out loud for real 😂 https://t.co/9WHfMT8jDm,1554304094784745473,thekevinfluence,2661289944,284049531
woke up like this - https://t.co/B8xOykC8q7 https://t.co/2VtOEVxNC1,1554302583195504640,BraydenBradshaw,472622984,284049531
🚀blast off🪐💥 https://t.co/7nrjPKsxrP,1554300644936130560,kenofheartz,239344405,284049531
https://t.co/eH08fB6LL9,1554298238332796930,texasizedthighs,1558854878,284049531
"Olivia Rodrigo, Billie Eilish and Iris Apatow in new portrait from Selena Gomez’s 30th birthday party last month. https://t.co/PuWxtH0hQ3",1554292761079123968,PopCrave,4429003533,284049531
made a twitter circle but idk who to add hehe lmk if u want in https://t.co/OiNpOfftCr,1554291066236506114,howtohydrate,3382170526,284049531
https://t.co/ELd7VdV67B https://t.co/YYMGoidSyZ,1554289831630589952,ddpain_,1346937116287139840,284049531
mexico dumpy 🧞‍♂️🌎 https://t.co/yqNhxckNFJ,1554289175687577602,jrxedd,1094793331694071808,284049531
Should I apply for BBUK now it’s back?? 👀 #BBUK #BB24,1554286681838215178,tvtalkswithtom,1111739659116269568,284049531
Terrible quality but 😭😭😭 I’ve wanted to be in one of these and now i am also none of us were the most drunk 🫡🫡 https://t.co/BCilk8q5bT,1554285733111771136,cloudybluess,536451563,284049531
"While I was looking at photos for Michael’s bday I came across my favorite video I’ve ever taken and I think it’s only fair that I share it with the world.

Circa 2014; I give you Michael’s Walmart Ball Pit Tumble.

@michaelbruner01 #bb24 #teammichael https://t.co/V36RV5vg3b",1554282742422114305,JakeSpartz22,820589840,284049531
😭😭😭😭😭😭 https://t.co/HVFP0gNXch,1554275468072845312,adexrevenge,1306649296033517568,284049531
better with you https://t.co/Z3PHJJ0lNY,1554274833285885952,playboihentai,1294705368354848768,284049531
lake day.! ☀️ https://t.co/R5YA2Try1r,1554271303049195521,aye_drien,2395117298,284049531
"Brittany to Kyle/Michael- Poor Taylor. The reason she is so ostracized this season is because Jasmine took a look at her Day 1 and said ""you are not one of us"". Ameerah moved into game but Jasmine made it personal from minute one. I was there #BB24",1554268095824347137,BB_Updates,309469832,284049531
@heyloflm @perryminajgaga1 cleared ha !! https://t.co/BqliFePsBi,1554261011489820674,excusmeilveyou,1402228374295224322,284049531
male baristas are sex workers,1554259199307104256,yachkt,777641803398782976,284049531
MOVIE OF THE YEAR https://t.co/iV20Ic49bV,1554241428997406722,custosjacob,1243913678321340427,284049531
A queen https://t.co/j6ZIy6s5OB,1554237335725740032,badpopgirlie,1366329301596069891,284049531
We need THIS type of energy when N*cole and D*niel are evicted !!! #BB24 https://t.co/FLk9jTKDKG,1554232048151400451,r0bbedgoddess,1535605542693048321,284049531
Monte- It looks very similar to the week that Pooch Pooched himself. Terrance- It looks the exact same #BB24,1554224605811773441,BB_Updates,309469832,284049531
We could never forget that today is Keesha’s birthday… anyone want cake? 🎂 #BigBrother https://t.co/2FBEzLdxs4,1554221216809906176,CBS,97739866,284049531
"MOVE OUT DE WAY

 https://t.co/vuDeKyq0cB https://t.co/ycofRCXFyc",1554220530433155077,Beyllionare,3297839948,284049531
I love being a catfish https://t.co/mQJhUGy2bm,1554213927734706177,Himosexuality,1096669673410711552,284049531
https://t.co/Nqy949jqRH,1554208545192689665,YallQunt,1465489581814554631,284049531
it’s giving janelle #bb24 https://t.co/6E2uQiB5hm,1554205579073036289,itskathryndunn,78813738,284049531
THE BOYS REACTION TO TAYLOR IN HER BATHING SUIT AND HEELS 🤭🤭 the way they’re hyping her up🥰 #bb24 https://t.co/WUrLVPcGEx,1554205250818654216,kemsveto,771218866701684736,284049531
Roaches at Joanne Trattoria when Gaga visits: https://t.co/eT4sKAH1ub,1554204219023888384,mummummummah,2238857256,284049531
TAYLOR WALKING TO THE BACKYARD IN HER BATHING SUIT AND HEELS IS SUCH A POWER MOVE  #BB24 https://t.co/V8Q964tN50,1554203443367186434,kemsveto,771218866701684736,284049531
#BB24 Taylor joined the BY crew... Skippy made sure to let them know. https://t.co/uekr1D2GOU,1554202215702822913,BBLiveUpdaters,1385220187436290048,284049531
#bb24 https://t.co/F583qySZq6,1554201907815624704,BBfeedstar,1337960918488129542,284049531
".@ladygaga - 911 Live (From The Chromatica Ball Stadium Tour) (Preview) 

https://t.co/aMAhwu7MJF https://t.co/13wPuwoiWM",1554197053089218561,enigma_presents,1204451954061172737,284049531
Daniel and Kyle used the Power of Veto on Alyssa and Indy. Monte nominated Nicole and Taylor as the replacement nominees #BB24,1554195296690704384,BB_Updates,309469832,284049531
🙋‍♂️ https://t.co/Ay3lQlfz9m,1554193861181841411,garret_wang69,1478020666091872256,284049531
Joseph to Turner- He (Daniel) dug his best friend's grave #BB24,1554193731116359680,BB_Updates,309469832,284049531
"#BB24 Screenshot Game

1st Screenshot: Your #1 Ally
2nd Screenshot: Showmance partner 
3rd Screenshot: Your Target
4th Screenshot: Is targeting YOU https://t.co/qcF0hqYrmy",1554193498253008896,MsTajja,1122996857658060803,284049531
@dylanbehavior Coz I don't use them,1554184824981598208,Diane_Warren,52866770,284049531
the veto holder sending home their number one ally has to be one of my most favorite scenarios in big brother #BB24 https://t.co/mocm4iVxHD,1554178811620646914,evctions,885925421841252352,284049531
anyways hi twitter https://t.co/Jc38fZ52g3,1554175200064745472,SpazzzyG,811842474,284049531
Alyssa and Daniel fighting after the blindside on Thursday. #bb24 https://t.co/3fXsiCyR8w,1554175000743133187,fajitagate,1544422083198722048,284049531
📔📦🥠 https://t.co/pVJiTleBZn,1554165614373208065,artseraph,917814481,284049531
@BB_Updates NDKDMDMMDKD THANK YOU SO MUCH,1554164265623252993,erikm0nster,77792645,284049531
"You bitches be like ""MARC JACOBS HEAVEN 💋"" https://t.co/RzCZxExZ9A",1554164198334251011,shedshell,1445357807344177153,284049531
It's time for the veto ceremony! #BB24,1554163944951926784,BB_Updates,309469832,284049531
This should be put in a museum idk https://t.co/mr22nmngrT,1554163347322556416,modytalkmovies,892234769760751616,284049531
🚨It’s confirmed: Daniel is using his veto! #BB24 https://t.co/RPFvhNiSAD,1554161981036249088,maximusmom13,1186803601600966656,284049531
Daniel to Kyle- I want to use the Power of Veto. I am going to tell you straight up. I trust Indy more than ever #BB24,1554159832394911744,BB_Updates,309469832,284049531
she / her / black bitch EP dropping this Friday https://t.co/jpPCtI0sy6,1554158034342989825,iamdoechii,2238353694,284049531
this theatrical Disney run was insane https://t.co/Ufcw2O7kYA,1554154130804858880,notgwendalupe,1193761285948743680,284049531
Bruh… https://t.co/ThBesgtslx,1554152326486638592,mexicanopapi,1664428908,284049531
A nova geração de fãs da Lady Gaga vindo aí! &lt;3 https://t.co/tHbdhQ7bZz,1554151791448756225,ladygagasourcex,1504891946740891661,284049531
The US Monkeypox vaccine rollout https://t.co/dx6RMHoD3G,1554146651438202882,Venus_InFurs,82967361,284049531
you guys😭😭😭😭😭 https://t.co/R4tWr4cmBX,1554146362572558338,maidenprincesss,1262464955804119040,284049531
U.S. vaccine rollouts https://t.co/v1KVIoHac3,1554142143173869570,bizcochitobby,1537446356,284049531
https://t.co/MA4J4HCRfY,1554136589978275841,clintoris,166674670,284049531
https://t.co/EckRXdiUcV,1554134847911858179,heyheedie,1346946523003842561,284049531
🏕🌿 https://t.co/0cP5ivk7xu,1554132880472674304,anngelvsz,532968084,284049531
"uhmm, while we’re at it… #Partition

Beyoncé to Remove Renaissance Lyric After Outrage: Ableist, Offensive - Variety https://t.co/DzN80FdzPB",1554129582755721216,MonicaLewinsky,2835276183,284049531
My best friend is in Southeast Asia having one of those floating breakfast baskets in an infinity pool. Shaking with jealousy,1554127603438497793,djatmos1,1444423620411858945,284049531
"Wendy was shooked , I was shooked , everyone was shooked . She chose to spoke nothing but facts . We need to find her @ . https://t.co/LWAgbnzqq8",1554127115162886147,heyloflm,1226293155101888513,284049531
summer just started &amp; it’s august https://t.co/iep0qxWxY1,1554120975247097858,mrunitedface,1426615016153878529,284049531
Coyote Ugly (2000) https://t.co/jsP1Kbv8Ya,1554115319307722752,notgwendalupe,1193761285948743680,284049531
lady gaga mothered hard with this one https://t.co/JYXqN8Fiv0,1554074688015728640,gagaissuperior,1222679555959209985,284049531
The third floor bathroom at the Chromatica Ball https://t.co/5J4cThZEts,1554062275782365184,Ben_JM,29423477,284049531
Me when someone says Miles Morales is not Spider-Man: https://t.co/mVYTaHclaZ,1554055236981084161,MarvelComfortPK,1551693662165340168,284049531
"The hell transpired that now makes them want Nicole to stay??
 #BB24 https://t.co/voOba3kuML",1554048975434563585,melbrown00,1132718767979532295,284049531
i will be watching this clip on repeat until taylor returns for all stars 3 🎂 #BB24 https://t.co/zK30P1GoV0,1554031525938823168,tvtalkswithtom,1111739659116269568,284049531
And they recreate the  Happy Birthday Keesha moment! #BB24 #Anybodywantcake https://t.co/KlMhV0g2vN,1554002454068469762,89razorskate20,27601164,284049531
Thinking of you really had me mourning my dead husband who died in war at 9 years old. https://t.co/Q1eIgBRKs8,1553991546676051968,notgwendalupe,1193761285948743680,284049531
TERRANCE 😭😂😭😂😭😂 https://t.co/3hAGZdh514,1553986109356507137,normalgirlvibes,872404224,284049531
Beyoncé count your days https://t.co/Kt1rwiaA2F,1553977973136658432,_jason25,1116873145393262592,284049531
OnlyFans gays with 10 followers be like: “let’s collab”… you mean lets fuck? Cause no one else is watching this shit 😭,1553958110317858817,EverMUA,1272034171116912641,284049531
https://t.co/t3DPkq4rdA,1553953973446524928,texasizedthighs,1558854878,284049531
Doja had no business eating America’s Got A Problem by accident like this https://t.co/R2PcAWRmV5,1553951266241478658,20daysofJune,438964748,284049531
"If you missed it earlier, here’s Taylor prepared speech for Nicole’s eviction… 🔥🔥🙌 #BB24 https://t.co/9vDX7GZeLz",1553938157380333570,maximusmom13,1186803601600966656,284049531
TikTok has had enough! 🙌😂 #BB24 https://t.co/nUve2f9hcv,1553931550667878400,maximusmom13,1186803601600966656,284049531
