full_text,tweet_id,screen_name,Tweet_user_ID,original_user_ID
little miss needs space but also wants attention,1554246742434058240,LittleMissNote,1549276120549318656,448495372
Bad Bunny has surpassed Beyoncé and is now the best selling digital artist in the world. 🌎 https://t.co/z6NDOcqmgo,1554205678385987589,AccessBadBunny,1270504690640355333,448495372
"only true hot girls grew up wanting to be fashion designers, ballerinas, models, doctors, nurses or pop singers",1554167396855959553,coolestgf,1235669523786842112,448495372
"Y’all I ain’t never been so embarrassed in my life. For this man birthday I paid for his haircut, got him a big bottle of casamigos, and a gift bag w balloons. Why he post on his ig that his mom got him all that stuff ? 🤡🤡🤡🤡",1553940841005187072,FabiAmisial,1188628338077773825,448495372
"Seeing my day 1s visions come to life is inspiring &gt;&gt;&gt;&gt; just pop out when it’s done, no talking",1553872180995395584,Champagne_Slim,1023209179,448495372
"my heart goes out to all of you who had friendships or relationships that could not stand the test of time. for those of you who watched the person you love so deeply, turn cold right before your eyes, due to the constant demands &amp; pressures of life &amp; the rude people around them.",1553798973965701122,gaialect,1007428328846970880,448495372
jordan peele's movies                                    jordan peele https://t.co/rek3VPjrKO,1553798511304577024,FilmmeTalk,1493758776540684289,448495372
how y’all walk away and don’t be feeling nothing. i wanna be like y’all.,1553722684772696066,_realldej,830441008768888832,448495372
@_oodee Nah fr tho. I felt like this dog lol https://t.co/3h1FWNlxsi,1553598167526117379,_miriamna,1045952468797083648,448495372
"All kompa, kremas n vibes 😌🇭🇹😂 https://t.co/mPY4RKt3ZG https://t.co/ABpdYJGVMt",1553473656180932609,LionLegacy305,56850338,448495372
my boyfriend has been playing xbox with a guy from a different country that he’s never met for over 10 years and i just heard him ask him what’s he having for dinner i am going to cry 😢 why is that so WHOLESOME,1553431154375761923,cbell_cbell,1300218880607096832,448495372
Its time to bring back the early 2000s dolphin aesthetic. https://t.co/MArZZlMCi1,1553358873817280512,memesiwish,1357156976233312259,448495372
oh i would’ve fucking lost it. https://t.co/uHGOK9HrzZ,1553139185736978433,beysupdates,3059552397,448495372
"social media has not ruined my reality at all. I laugh, close these apps,  &amp; live  in the real world y’all be easy tho…",1553119962729889793,itzracheel,442174028,448495372
great Heavens do y’all not talk about anything else?? https://t.co/WneLCs6KJD,1553089978728603652,freepyg,2302802631,448495372
24 be good to me 🥰😇 https://t.co/h2HPfGDKJW,1552859975084658689,Dangitschelsea,1376642409178796033,448495372
Dark humor &gt;&gt;&gt;&gt; https://t.co/jjEcZrfTkN,1552853342984044548,killmesIime,1365325974754250752,448495372
I love giving head 🤤 shit turns me on…,1552713322545430533,ggbabyyg,1534002400935256064,448495372
I see why casual sex ain’t a thing the older you get. Because you not about to just keep using people for sex with nothing else involved. No adult with sense Finna do that.,1552411799706038272,NotKevitooo,1195403014921752578,448495372
The only time you need to be rough to girl is when you dicking her,1552280117568757761,DRIIP_LORD,920170874459828224,448495372
i remember i stole my mom car 😂 I came back home and she was standing on the porch so I kept goin like i ain't see her 😭😂😂,1552145618834956289,ykmaj6,1176006556346925056,448495372
@RawTVMoments @_oodee,1551949053482655747,LionLegacy305,56850338,448495372
"I hate working with this older man . Every 5 minutes it’s “hey D, sorry to bother you. Hey D, i hate to pull you away from what you’re doing” then why tf do you keep doing it Steven ?!",1551267768892366849,theylovee_NAY,380954061,448495372
"After years of trying, countless cycles of IVF and 3 miscarriages, our rainbow babies finally arrived. One a few minutes before midnight on the 22nd and another five minutes after midnight on the 23rd.
 
Welcome to the world Jared and Maisie 🌈 

#rainbowbabies #IVFbabies https://t.co/crr9wBjP92",1551172071182548992,GaryOKeeffe,442949693,448495372
God is changing my life right before my eyes I can’t be anymore grateful,1550638169493622784,Dior3M,385485976,448495372
😂😂😂 https://t.co/LUj03guI8b,1550222848500940800,QBANSuave,327453594,448495372
Blossom 🌸 https://t.co/BYvGCUtMP3,1550193888702373889,marcosalvarado_,2949395982,448495372
North be tripping https://t.co/cUfFQbMObr,1549920803671756800,iFuckedMaryJane,296615564,448495372
"Just passing on....

Work from home jobs currently hiring for those who need

Asurion is hiring $19.25/hr 3,000 sign on Bonus and they send equipment,

- CVS is hiring $15+ a hr with equipment provided, 

- Alorica $15 (equipment provided)

- continuum $15 (equipment provided)",1549887221754433546,TheHealingBayou,714371052,448495372
https://t.co/eryou8JwIX,1549869327137927168,dreamyhija,2269690218,448495372
https://t.co/70srZt0x7u,1549854901374578688,ohgena,996667698,448495372
I gotta get better with letting small things mess up my mood,1549769853682290691,JGDaGod,60227828,448495372
if I put my lips on u.. I like u frfr ion even play like that 🥴,1549644769227325441,ariannaaa88,1487439746095886338,448495372
slowly accepting that love isn't for me.,1549557404073099264,httpxellise,1235930251844153344,448495372
https://t.co/yqZ1Jfh4Wn,1549481305124900864,tristehomo,775851240768942081,448495372
when you read your old messages and see how you used to talk https://t.co/u2IQSlDLAb,1549477522018111490,wavyga,1514587827329138690,448495372
This video just made me so happy. From her drifting to her lil anime decal and shirts 🥺 https://t.co/ZVyYbna8Ty,1549379959768195072,bawbicai,759539816472117248,448495372
You deserve the love you keep trying to give everyone else.,1549212494501224448,garyhgoodridge,287453721,448495372
a bitch got to hit me before i can even take the beef serious,1549205281799905287,otgyana,1233966485221060609,448495372
the worst kind of pain is when your heart cry &amp; your eyes are dry,1549200370907611137,aemieruls_,1974332910,448495372
https://t.co/c6nXubSg6M,1549190673248636929,tristehomo,775851240768942081,448495372
"“The Voice” is going on their 22nd season, and I couldn’t name a single winner if my life depended on it.",1549189419097276416,djordxc,916426364684775425,448495372
could be us https://t.co/ebAEGzlGV7,1549156297706176514,couldbeusgoaIs,1193393572868870145,448495372
My children will owe me nothing for the sacrifices I’ve made. I made them because I owe them everything.,1549097022518661121,carierobins_,737339586,448495372
"ya'll scared to moan, I be in a nigga ear like... https://t.co/qYjuxJz8u9",1549050813376393216,p0eticjvstice__,924245466048589824,448495372
my coochie so good it sound like squidwards footsteps LMFAOOO,1549029967786295296,bri555b,1509799547521880067,448495372
"One thing about me, baby ima laugh 😂 at me, you, yo mama, my mama idgaf bitch",1548803889453010944,JAYNESHA_K,993138196321103873,448495372
People who eat Twizzlers scare me. Like you’re really just sitting there enjoying flavored HDMI cords?,1548692378504028163,Notdojaaa,1447642032957239303,448495372
Y’all don’t post y’all girlfriend cause y’all be wanting other females to think y’all single. All that “I don’t want people in my business” is bs🥴,1548674824695955457,realmainfeeling,1387021522213146625,448495372
"I don’t have to be sneaky about anything, I do what I want! The end.",1548522365394493440,chanigh_,890617239728160769,448495372
@_oodee That’s cute af,1548508318565556224,_miriamna,1045952468797083648,448495372
As a MOTHER your job is to protect your kids from toxic situations &amp; people. 💯,1548300557990760450,laylaaa906,399913838,448495372
Congratulations to those who found partners with pure intentions. That sh*t is rare. I salute you.,1548231374238130176,MsNtfulini,1358528624954122240,448495372
@_oodee thank you 🤣🙏🏾,1548157060352577537,chaddytwiceover,81979074,448495372
y’all like my bad bunny watch charms? 😍 https://t.co/5vzuH5rcH8,1548125587201331201,jairsmoya,1292301066814406656,448495372
can some romantic shit happen to me already for fucks sake,1548082136007069696,whoreyess,747191898918490112,448495372
Humble enough to know i ain’t better than nobody..Jus Different,1548019311859576833,1Billacheck,2560783511,448495372
i love the fact that i don't want nun of you niggas😂,1547999190311059457,nluvwithMya,1231665784960798737,448495372
i wanna be friends with SO MANY of you but idk how to keep convos😶,1547922428902674433,queenvennia,1542551915271032833,448495372
When I send you this “👶🏻🍼” that means eres mi bebe mi bebito fiu fiu,1547795584001593345,leslie___acosta,2376364776,448495372
two worlds apart https://t.co/LtXZ2M6Gpq,1547670426700066818,soledad_alo,1336559564599275520,448495372
"this girl is a literal angel. she cleans the extremely dirty and trash filled homes of people who struggle to do so themselves,  all for free and doesn’t judge them at all. incredible https://t.co/ARJX12L6po",1547426237668261889,plsleaveamsg_,1440358567467356163,448495372
When Lauren London said humans don’t have death etiquette I felt it in my soul!,1547281967833616385,soo_iicey,1257410253941100545,448495372
...and here is my pregnant wife thinking she is sneaking up on me 😂😂😂 https://t.co/fLjGoRLItD,1547150590924374017,kingelnathan,1491353873147219971,448495372
I been moving more cautious when it come to me… a lot of things don’t deserve my energy.,1547107522552659970,_zyairam,261849781,448495372
"i don’t feel heard by you. i don’t feel seen by you. i don’t feel understood by you. i feel ignored by you. i feel judged by you. i feel disrespected by you. with that being said, i think i have my answer.",1547096869540700161,gaialect,1007428328846970880,448495372
Why can’t niggas just be coo? 😂 damn. You might like me better as a friend; stop tryna hump me.,1547075400207110144,_esskayyy,801075935529304065,448495372
"rezo por la mujer que quiero ser en cinco años, espero que ella sea feliz, amada y esté haciendo lo que le gusta",1547066925313933313,marijoraptor,251287217,448495372
Literally just be in my own world.. go to work and mind my damn business.,1547024957200285697,____teonna,1216815784506294272,448495372
men be so perfect in da beginning &amp; dats why I keep getting a new one,1546934137264766976,YellowGoddess00,1082721820829208576,448495372
"Barnes and Noble has buy 1, get 1 50% off for all hardcovers until July 18. 

You’re welcome. 🥂📚",1546912068506472449,ItsGeli,313726520,448495372
how it started vs. how it’s going https://t.co/EKusuu7T7O,1546893378171944961,FlLMDORK,1429381382158045184,448495372
i was deprived of so much softness and affection growing up. it’s what my soul craves the most now. i had to peel back so many layers of toughness to get here.,1546871833059905538,omfgWAVY,3224286509,448495372
"the way i would’ve called my daddy, brother,insurance or whoever I’m dating so fast. One thing about me imma let a man be a man lol y’all can have this https://t.co/yYFVeFG4cx",1546863216621502465,CashmereDoll,125474321,448495372
"Tengo ganas de estar con alguien que tenga las mismas ganas de salir adelante que las mías, que le guste progresar y que no se rinda al primer obstáculo de la vida.",1546853808646619138,Francis53879918,1038295142938161152,448495372
NEW: President Biden just issued an order requiring US hospitals to provide abortion care if it would save a mother’s life— even if Republicans in a state ban it. Federal emergency treatment law supersedes state law.,1546659719921778688,NoLieWithBTC,1268223690480615424,448495372
I need reassurance. I be needing to hear that shit over and over.,1546653913725779969,chemonee,1064210435589767169,448495372
I want a partner that makes my life easier,1546631530621149185,Jesuisdetri,2334469495,448495372
THIS IS FUCKING CRAZY. https://t.co/14GwwNlOgg,1546628564870746113,chaddytwiceover,81979074,448495372
My only mood is getting my life tf together!!,1546595166793990150,theereallmiyahh,882880857853308930,448495372
Don’t play girlfriend for no nigga cause you’ll look up 5 years later u still playing,1546594123993337856,FINEASSFATTY,3776447533,448495372
i wish he was tiny so i could fit him in my pocket and carry him around with me all day,1546588245869268992,certifieddhater,1467231195922456576,448495372
Help each other grow https://t.co/D4aSmBjqbR,1546575379590168577,marcosalvarado_,2949395982,448495372
@_oodee neverrrrr🤣🤣,1546548004840247297,_chescaaa_,345767107,448495372
my toxic trait is letting people treat me like shit because i want them in my life.,1546531008429920257,sadtruthwords,1440684888298905603,448495372
People talk about how great it is to leave a toxic relationship &amp; how happy you are after but nobody talks about how difficult it is to unlearn all the toxic traits you develop over time &amp; how hard it is to trust &amp; be in healthy relation w/out overthinking about every lil thing,1546499508472774659,SadeeDrake,996778868928376832,448495372
you just wanna touch me where i pee,1546354438713085952,slothluvrr,1476824423948718081,448495372
i broke my own heart trying to be enough,1546276833632477184,sadtruthwords,1440684888298905603,448495372
Her kids bad as hell https://t.co/6qcrxRNFbv,1546275567850426368,missshrey_,1394883271830478852,448495372
Finna go buy some bottles and call the guys 😭 https://t.co/LbBVDXZUDy,1546274683602972672,damnITdamee,1107689470814547970,448495372
I need more stranger things mutuals &lt;3,1546208542696292352,audriimalfoy,1379304527485091841,448495372
Get friends that you can sit around with and not do a damn thing yet still enjoy their presence 🥹,1545971790102630405,KaydeeLovee,69390470,448495372
Yo shorty got her hair done all nice and got 100 compliments from 100 different guys and yo comfortable ass ain’t say nothin to her about it not even knowing that yo compliment was the only one she’d really even cared to hear. 😭,1545906768978526208,braylon125,1387202835088019458,448495372
I be smiling but mane I ain’t been myself for a minute,1545658815047139328,BackEndKyro,3096996949,448495372
"Y’all ever dealt w a person so manipulative and draining that you literally just give up on trying to get your point across? All they do is PURPOSELY try to NOT understand, antagonize and manipulate shit to try and flip it back on you?",1545567234889744385,Lashayekay,465843334,448495372
"for once, i wanna be the person someone chooses over everyone.",1545118747496570880,uajinn,1532052909973573633,448495372
"May you manifest a divine partner who loves every cell of you. The warrior, the gentle, the loving, the sexy, the comfy, the quiet, the talkative, the vulnerable, the bold, the sensitive, the nurturing and the powerful - the absolute whole, wonderful being you are.",1545060104923332608,_Pammy_DS_,862875254338846721,448495372
have you ever loved someone so much that you settled for being friends just to keep that person in your life?,1545043534796861444,uajinn,1532052909973573633,448495372
me smoking by myself: “Damn my turn again?” https://t.co/tjwqipkz0d,1544850555515932672,madasyyy,1020754701778898945,448495372
she’s a 10 but leaves lashes all round your house,1544578612040347648,adriangonzoo,1363233874369601538,448495372
