full_text,tweet_id,screen_name,Tweet_user_ID,original_user_ID
@NatashaBertrand I'm not sure he knows how to spell his son's name either.,1554467899477315589,sonnycrockett40,1252779648867540997,526584349
@NatashaBertrand Great plot twist if our democracy was an episode of The Apprentice.,1554467076747968512,ArualSavid,17070307,526584349
Real men put country over party. https://t.co/7FaJpahtll,1554204665763569664,Liz_Cheney,98471035,526584349
"A heartfelt congratulations to our comedic justice warrior @BuddyWinston.  
We’re all fighting in our own way and Buddy uses levity to highlight &amp; fight today’s anti-democratic insanity. #TeamJusticeStrong https://t.co/tBHcaYSJW6",1553741149000572928,glennkirschner2,1003107003693137921,526584349
The worst Democrat ever is most likely a Republican. https://t.co/y2SvRqii3y,1553740927650381825,TeaPainUSA,2421067430,526584349
"Every time a Republican shows you who they are, you should believe them.",1553740724885196802,TeaPainUSA,2421067430,526584349
"""Democrats across the country can learn from Tim Ryan’s success"" (@TheHillOpinion) https://t.co/j7ZP7TwG5O https://t.co/XJop4RwATj",1553740524057776129,thehill,1917731,526584349
"Teachers aren’t paid or appreciated enough to deal with this shit. 

Thanks for what you do.",1553508993078796288,Logically_JC,1271162030393896968,526584349
It would bring me great joy if we got rid of Louis DeJoy.,1553393631733682176,AvengerResister,1334688905929613312,526584349
Can you guys give our brother @Zaph0id4242 a little lift? https://t.co/b7E3LY5A76,1553211896488235008,LePapillonBlu2,1464847548535955460,526584349
Respond with a ‘YES’ if you are glad the Assault Weapons Ban has passed in the House!,1553148169067925504,nathaliejacoby1,1280478731874848769,526584349
"Victims of the September 11 attacks have been protesting the LIV Golf event due to the circuit's ties to Saudi Arabia. Fifteen of the 19 attackers on 9/11 were citizens of Saudi Arabia.

https://t.co/hVwLRTScPd",1553118868297732096,HerbScribner,2375841180,526584349
Photo of @tedcruz literally fist fucking American veterans. https://t.co/Xsxt6CxZzU,1553058032711598085,jeremynewberger,17813513,526584349
"Second survey in two days showing @JoshShapiroPA at or above 50%, @amyewalter https://t.co/zCKsHysoMn",1553048383039934464,jmartNYT,18678924,526584349
"When you wake up from a nap and don’t know what day it is…😹
 https://t.co/EOPZEzh3BU",1552845201206566912,LePapillonBlu2,1464847548535955460,526584349
The Inflation Reduction Act of 2022 will be the largest package on climate change ever passed by Congress. Period.,1552798355713101824,SenSchumer,17494010,526584349
"One way or another, Matt Gaetz is gonna learn to stop fucking with kids.",1552789263472787457,AdamParkhomenko,18382184,526584349
"WE HAVE RAISED 1 MILLION FOR ABORTION FUNDS IN 72 HOURS 
#ThanksMattGaetz",1552783792095608834,0liviajulianna,1286356556741828608,526584349
"Chuck Schumer says the Democrats will be adding an INSULIN CAP to the reconciliation proposal.

Who else thinks this is FANTASTIC news? ✋",1552759689682771969,joncoopertweets,27493883,526584349
Shame on every single republican senator that voted against our Vets. SHAME ON YOU. How DARE you change your vote. How dare you give them hope and then pull the rug out beneath them. #VOTE #VoteThemAllOut2022,1552749092853452800,Wolfiesmom,33627557,526584349
Raise your hand if you agree Democrats should PASS the Inflation Reduction Act WITHOUT DELAY!  ✋,1552742961783664641,joncoopertweets,27493883,526584349
Jon Stewart is an American Hero.,1552739051001839616,JDCocchiarella,713752653289955329,526584349
"BREAKING: In a new poll, two-thirds of Americans disapprove of overturning Roe v. Wade.

Who else is one of them! ✋",1552736041479569409,TrendingLiberal,1257817367238803456,526584349
"I think all Veterans should receive free health care for the rest of their lives, without exception.

WHO ELSE AGREES? ✋",1552730160935215104,mmpadellan,1640929196,526584349
Jon Stewart is a national treasure.,1552705804813225984,joncoopertweets,27493883,526584349
"“Take a Letter, Maria” is one of the finest pop songs of the 1960s.

That is all.",1552674073372655617,RadioFreeTom,459872442,526584349
"For years GOP lied that us, Muslims wanted to impose Islamic law. It was projection. We now see these same GOPers embrace Christian nationalism by imposing their extreme religious beliefs as US law. This is a threat to our democracy &amp; Freedom. My @MSNBC https://t.co/39E943YgGi",1552660234627424256,DeanObeidallah,18320938,526584349
"GOP Sen. Tom Cotton is complaining that Joe Manchin “double crossed” Republicans. 

Happy Thursday, everyone! 😁",1552624233850830848,joncoopertweets,27493883,526584349
"Good Morning Everyone☕️☕️ Happy Thursday!!!! We're one day closer to the weekend!!!! Today will be a Beautiful day so let's make it a great one.  Remember to smile and be the reason that someone smiles.  Be Safe, Be Kind, and Spread Love.  Have a lovely day my friends!!!",1552619836022444033,killa33la,762795678733103105,526584349
@i_ronney @Nedsfeed @ThatEricAlper The post said tell us you're old without telling your age. Ned here didn't say he was 40 or 50 or whatever. He did exactly what the post asked of him.,1552616317643096066,Matt_Luper,176432571,526584349
"Guy next to me on plane: “Why are you wearing a mask? You don’t need to anymore.”

Me: “It helps me mind my own business.”",1552612988967862272,RedactedJohn,804023967170359296,526584349
"@smc429 @ThatEricAlper I kept trying to swim to the bottom of the deep end of our pool, but my fat kept pulling me back up to the surface of the water.  I never encountered that when I wasn’t as “fluffy”…I blame trump cuz I thought he was gonna get our country blown up so I ate all the bonbons",1552514534039990273,davat_marie,785640419845509120,526584349
This video of Matt Gaetz running away when asked if he is a pedophile captured by @ZTPetrizzo is worth another watch. https://t.co/fVl2jIvVhb,1552484300729221126,AdamParkhomenko,18382184,526584349
@ThatEricAlper I'm old,1552466729783238659,BobGolen,891251263,526584349
"If you’re smarter than Lauren Boebert, I want to follow you.",1552465539175530497,AvengerResister,1334688905929613312,526584349
@jonstewart Don’t understand why any Vets support the GOP. Or Blacks. Or Hispanic. Or Gays. Or Women. Or Middle Class. Or poor. That about cover it?,1552455781647527936,bad_governing,2721841887,526584349
@ThatEricAlper I can write in cursive.,1552450138769133569,amyriscool,863072107521093632,526584349
Not trusting Joe Manchin is important self-care.,1552447434760114176,GeorgeTakei,237845487,526584349
"@smc429 @ThatEricAlper LOL. When I was in school, the Dead Sea was just sick",1552407536795410432,Lynnund99999999,829864382326677504,526584349
Is anyone surprised Matt Gaetz voted against an anti-human trafficking bill?,1552399832085450752,AZ_Brittney,1424033022,526584349
My dad taught me half of life is showing up.,1552398968776269825,ReverendWarnock,1221242033530195970,526584349
Who thinks all Trump's assets should be seized?,1552391148290859008,blueheartedly,702577251020382209,526584349
@ThatEricAlper When I was little phone companies assigned a group of people in a party line. You could only make or receive a call if no one else was on the party line.,1552386624595451904,PeneyPitstomp,1475952358580310016,526584349
@GWHomeTeam @ThatEricAlper Nice liquor cabinet 👍,1552386180548886529,Cyclops11,65502365,526584349
Going from Marco Rubio to Val Demings will be an upgrade for the ages.,1552382363770011650,JDCocchiarella,713752653289955329,526584349
@ThatEricAlper I’m old,1552379482073288704,bader_diedrich,3165691046,526584349
@ThatEricAlper When I was a kid there was a phone number you called to get the time and weather,1552375471010156545,jsessions8032,1468571583489122312,526584349
"@ThatEricAlper We had to get up and walk to the B&amp;W TV to change the channel with the knob. There was a TV antenna on the roof (or rabbit ears on top of the TV). There were essentially 3 stations; NBC, CBS and ABC, unless you lived where there was also a random independent station.",1552375225437679616,PalpableConcern,765038442413641728,526584349
"I'm starting a church so I don't have to pay taxes.  At communion I will serve a pint of beer and cheese on your cracker.  

Any takers?",1552373790734163970,RuthEll60020112,1214117664102109186,526584349
Can we trade Donald Trump for Brittney Griner?,1552371428028256256,cpoliticditto,1257381543137460225,526584349
@ThatEricAlper Im old,1552370837428346894,Nedsfeed,957097344998215680,526584349
@ThatEricAlper Ok. I once bought a set of Lawn Darts at a Toys &amp; Hobby Store.. https://t.co/gGUPx1uIM9,1552370770722037761,jonnyglenk,539478706,526584349
Who thinks Trump should lose his pension and secret service protection?,1552365430421028864,blueheartedly,702577251020382209,526584349
I hope Donald Trump’s perp walk involves a ramp and a staircase.,1552130400801198080,cpoliticditto,1257381543137460225,526584349
Red Sox agree to $170 million over 10 years to let MassMutual bank place its logo on Boston’s uniforms. Should politicians have to display logos on their suits of corporate donors?,1552083174762725381,DonLew87,1237516842303991808,526584349
@joncoopertweets Yep! 👍 https://t.co/eE447Bm4A3,1552017314056486912,Beleafer1,22481834,526584349
@joncoopertweets https://t.co/DyeHzT8HZq,1552015530080567304,Bryan_E_Zeiner,1232581333,526584349
@joncoopertweets https://t.co/rrUezaXAt1,1552005552221437954,LiberalForce,1548500371600842757,526584349
"BREAKING: Donald Trump thought Kevin McCarthy was ""dumb"" according to aides.

Can you imagine how DUMB you have to be for Donald Trump to think you're dumb?",1552004726161563648,joncoopertweets,27493883,526584349
"Gas prices are so low Ted Cruz cancelled his flight and drove to Cancun. 

Post your best #GasPricesAreSoLow",1551999712416468993,RepSwalwell,942156122,526584349
Joined @donlemon to talk about why it's important criminal charges are filed against Donald Trump. https://t.co/1LMSEAPOtg,1551781870895091720,RepSwalwell,942156122,526584349
I’m the guy who’s going to keep JD Vance far from the Senate.,1551758693892513797,TimRyan,466532637,526584349
"Earlier today, I was joined by industry and labor leaders to discuss the importance of passing the CHIPS for America Act to supercharge our efforts to make semiconductors right here in America.
 
I’m ready to sign this strong, bipartisan bill into law. https://t.co/wNoSaWqcus",1551749630349672448,POTUS,1349149096909668363,526584349
Thank you @nytmike https://t.co/35cj1AsFwz,1551725183731466241,NicolleDWallace,860555190,526584349
"Marc Short, Mike Pence’s chief of staff, on Matt Gaetz. 

I didn’t expect this strong of a response. https://t.co/i4SN89Thpk",1551714240473358336,yashar,11744152,526584349
"On January 6th, men and women in uniform were speared, sprayed, and brutalized – faced with a mob that had been whipped into a frenzy by the lies of a defeated president.
 
The police were heroes that day.

Donald Trump lacked the courage to act.",1551702452348518401,POTUS,1349149096909668363,526584349
How is it that Germany was able to ban Nazi flags and symbols decades ago but we still can’t seem to do it?,1551687600255156225,realKyleKeegan,1305117276266475521,526584349
Is it wrong to hope that Alex Jones ends up living under a bridge?,1551682105725239296,GwenieThinks,1435430791144562688,526584349
"Leaders like Governor DeSantis, Senator Marco Rubio, and Senator Rick Scott are all opposed to banning assault weapons.
 
And to me, it's simple.
 
If you can’t support banning weapons of war on America’s streets, you’re not on the side of police.",1551677419853156352,POTUS,1349149096909668363,526584349
Who thinks Trump has always been a con man?,1551676966516002816,blueheartedly,702577251020382209,526584349
You can’t be pro-police and pro-insurrection.,1551672024036253699,POTUS,1349149096909668363,526584349
Republicans are turning on Trump and I can’t stop laughing.🤣,1551667428026789890,MayoIsSpicyy,1323090408730062849,526584349
"You know what? To hell with it. I’m one of the abortion rights activists that @mattgaetz has targeted. 

So Matt, why don’t we have a public chat about the policies you’ve supported and voted on concerning family planning? I’m not offended, I’m curious. 

 https://t.co/zQMOlO2L6n",1551665933621403648,0liviajulianna,1286356556741828608,526584349
"BREAKING: Tim Ryan is beating woman-hating JD Vance in the Ohio Senator race by a point, 37-36.

We can win this, folks.",1551663571607879682,mmpadellan,1640929196,526584349
"Marjorie Taylor Greene says she is a ""christian nationalist"". There is a shorter word for this. She is a Nazi.",1551657336430903298,YGalanter,2314208179,526584349
Raise your hand if you want to see Marjorie Taylor Greene expelled from Congress. I want to follow you!,1551650951953494016,AZ_Brittney,1424033022,526584349
Marjorie Taylor Greene is a Nazi.,1551646888306192385,MayoIsSpicyy,1323090408730062849,526584349
BREAKING: Bombshell new polling reveals that 67% of Americans favor imposing term limits on Supreme Court Justices — a radical change that could help break the Republican Party's authoritarian stranglehold on the court. RT IF YOU SUPPORT IMPOSING TERM LIMITS!,1551645468035129532,OccupyDemocrats,878284831,526584349
My father the great Paul Sorvino has passed. My heart is rent asunder- a life of love and joy and wisdom with him is over. He was the most wonderful father. I love him so much. I’m sending you love in the stars Dad as you ascend.,1551644984037691392,MiraSorvino,613088225,526584349
"If Marjorie Taylor Greene talks like a Nazi, walks like a Nazi, and looks like a Nazi, she is a Nazi.",1551618007318888448,AvengerResister,1334688905929613312,526584349
"Oh, come on @LogCabinGOP. Did you REALLY think you stood a chance of being accepted by the rabidly homophobic Texas GOP? The very idea is absurd. https://t.co/hUu3MfcVzU",1551616363185291265,joncoopertweets,27493883,526584349
"@POTUS President Biden doing what most of America is doing these days, working from home with their best buddy nearby. Love it.",1551614961096572936,NJ_Kate52,1424858515093565441,526584349
Took some calls this morning with man’s best co-worker. https://t.co/dmkE5WhuvX,1551613268153729024,POTUS,1349149096909668363,526584349
"Sometimes it’s easier to laugh than confront reality. Yes these elected leaders/candidates are all jokes. But their words matter. Their actions are inspiring violence. And their MAGA-Republican party is more comfortable with violence than voting. We must call it out. 

(END 🧵)",1551609226111377409,RepSwalwell,942156122,526584349
Who thinks Clarence Thomas should be impeached immediately?,1551603333319761926,blueheartedly,702577251020382209,526584349
@momof4boysss @Logically_JC @JaxHarley5 This is why they can't secede. They'll starve to death.,1551601736577650693,StrikeNerves,1444141167332020225,526584349
"As a Democrat, I may disagree with a LOT of Rep. Liz Cheney's policy positions in the past.

But as a patriotic American, I appreciate her principled decision to put country before party.

Wyoming could do far worse.",1551598148274888706,mmpadellan,1640929196,526584349
"Is a person wrong for saying, if you support Trump and the Republicans, I don't want you near me?  I know this is how I feel.",1551597055612796928,RossKneeDeep,1324889974349697024,526584349
"BREAKING: A GOP state senate candidate who is a police officer in Rhode Island, PUNCHED his female opponent in the face at an abortion rally and now faces criminal assault charges.

Who thinks he should be FIRED from the police department and LOSE his pension? ✋",1551591418619101186,CalltoActivism,819994707061248001,526584349
Matt Gaetz is a sexist pig.,1551590407359840256,joncoopertweets,27493883,526584349
Do you want Val Demings to replace Marco Rubio in the Senate?,1551577980492718081,american2084,1067968702400876544,526584349
SUBPOENA GINNI THOMAS.,1551575499079503872,mmpadellan,1640929196,526584349
"Ashli Babbitt broke into the United States Capitol and charged through a window towards armed guards who warned her to stay back.

She is not a hero. She is not a martyr.

She was a brainwashed Trump cultist.",1551572338252169216,ReallyAmerican1,767788995962998784,526584349
"Donald Trump saw a bunch of disenfranchised, financially anxious people &amp; told them exactly what they wanted to hear. He made himself their hero, &amp; they became fully committed to his whims. He literally followed the blueprints of Adolph Hitler &amp; Benito Mussolini. And it worked.",1551565757661810689,DeanoJ14,1244521408358744064,526584349
This is your daily reminder that Matt Gaetz should already be in prison.,1551554010016014336,joncoopertweets,27493883,526584349
President Biden should pardon Reality Winner ASAP.,1551513499184275456,mmpadellan,1640929196,526584349
Clarence Thomas is a great reason why the Supreme Court should have term limits.,1551402356230717440,JDCocchiarella,713752653289955329,526584349
"Liz Cheney is coming after Ginni Thomas, and I’m here for it.",1551383266879586305,AvengerResister,1334688905929613312,526584349
"Kevin McCarthy is the chickenshittiest traitor who ever treasoned and should never be Speaker of the House.

Who else agrees? 🖐️",1551373389973323777,mmpadellan,1640929196,526584349
"My dear friend @JimObergefell (seen here with my dog, his biggest fan!!) is running for state Senate in Ohio!! Please give you support by RT, spreading the word, and donating!!
https://t.co/0kOHouhs0a https://t.co/UEMswhhxah",1551350149258944512,Plays4Shoes,149939322,526584349
