full_text,tweet_id,screen_name,Tweet_user_ID,original_user_ID
"Boo! This stately Mansion built by Mr Paul Sorg in the 1890's is now an apartment building. Knowing it's been 'carved up' inside seems to lessen its grandeur just a bit -- on the other hand, if not for its conversion into multiple dwellings, it likely wouldn't be standing at all. https://t.co/jf5r32vVxF",1262077501595156480,RodsRetreat,1234872289566523392,544366956
The Best #CandaceCameronBure #HallmarkChristmasMovies https://t.co/YeOhfkTL9F https://t.co/gsY41EKDKM,1191341845537685504,ParadeMagazine,18682378,544366956
😁😍😎🐶😎😍😁 https://t.co/bPCovqSbC9,1172839991711428608,manpreet3079903,1146281391983931392,544366956
You'll never know dear how much I love you #sunshine #nurserydecor #tmtinsta #cwsigns https://t.co/SJVXsgyF2O,1173930829577379840,CountryWorkshp,289096255,544366956
"⚡️ＲＥＴＷＥＥＴ

⚡️ＩＦ

⚡️ＹＯＵ

⚡️ＦＯＬＬＯＷＢＡＣＫ

⚡️#F4F

⚡️#MGWV

⚡️#FollowTrick

⚡️#TeamFollowBack

⚡️#AnotherFollowTrain

⚡️#ＦＯＬＬＯＷ @Keys_Manuel",751889883933835264,musicnblog,2335822530,544366956
