full_text,tweet_id,screen_name,Tweet_user_ID,original_user_ID
graduated right in time 🫱🏽‍🫲🏼 @quizlet thank you for your patience https://t.co/jWZSW9svTr,1554592338126802945,kljxxii,3239152676,611376866
shoutout to my dawg @KennyKennyMoe3 🤞🏼 https://t.co/xgjIGoGKjh,1554548243756990465,juicyrook,2883357646,611376866
"BREAKING: Juan Soto is going to the Padres, per @JeffPassan 😳 @BRWalkoff

There's a new big three in San Diego. https://t.co/q9sGEXq2DR",1554494969381097474,BleacherReport,890891,611376866
#Buccaneers star RT Tristan Wirfs has been carted off at team practice.,1554478229909639168,NFL_DovKleiman,93910940,611376866
You can see the disappointment in Mike McDaniel’s face when he finds out he’s missing Yeezy day 😂 https://t.co/kKZtyscEry https://t.co/ObqFmHajr3,1554473594494898184,Marcel_LJ,2984504143,611376866
@rlpjr_ @rurusolodolo Only person close is Zach Lavine. Gerald Green closer than Jalen lol,1554454562865659908,WhereIsMeechie,1371499540843540483,611376866
"There's a 'growing sense' that the Padres will land Juan Soto AND could also be targeting Josh Bell, per @barrysvrluga https://t.co/Nr3a2xQCiQ",1554453794003582979,BleacherReport,890891,611376866
@Nayglizzy1 🤞🏾🤞🏾,1554317159295324161,tee3jj,1484950719513956358,611376866
@Nayglizzy1 I already know bra and I’m gone need one fasho,1554316173025722368,tee3jj,1484950719513956358,611376866
Dudes swear they run the city and don’t be running nothing 😂😂🤦🏾‍♂️ https://t.co/ydknidSiVX,1554255699726798853,SupremeDreams_1,305967569,611376866
https://t.co/zpTFfN4br8 MIAMI VLOG OUT NOW ‼️📈 🏴‍☠️ https://t.co/iwfOO1tC2u,1554243214932164609,rurusolodolo,748020582235705344,611376866
Right now i’m feeling BLESSED 🔥🔥 https://t.co/RVIw2SgjLK,1554221002745434115,GloTheofficial,1037061988638228481,611376866
"Los Angeles Lakers star Russell Westbrook has signed with agent Jeff Schwartz of @ExcelSports for his representation, Westbrook told ESPN on Monday afternoon.",1554212052792709122,wojespn,50323173,611376866
"@Nayglizzy1 Lotta ways to look at it, too much for the TL… everyone’s opinion is fandom based.

Who Dey",1554202566715645959,griffinappleman,230595781,611376866
"Lmao y’all keep comparing Watson vs Ridley and it’s giving me a headache…🤦🏽‍♀️🤦🏽‍♀️🤦🏽‍♀️

Speculation vs FACTUAL 

Think legally &amp; stop thinking with your personal feelings 

Also remember the league YOU ARE TALKING ABOUT",1554150729484341253,AshleyBaker_21,160660833,611376866
It’s 🆙 this weekend so make sure y’all fwm &amp; slide with good vibes https://t.co/TSaRTQZr6k,1554129259408625664,tee3jj,1484950719513956358,611376866
"“Everybody Hates Chris” was the last GREAT Black sitcom. Especially for that UPN era before all the Black shows disappeared. 

It was so good.",1554106188157095937,TheBaddestMitch,20641012,611376866
"Difference between Calvin Rildley &amp; Deshaun Watson:

Judge Robinson, who was approved by the NFL &amp; NFLPA, recommended 6 games. NFL wanted a full season.

The NFL (not a judge) suspended Ridley for a full season.

The NFL could step in with Watson and appeal. We'll see if they do.",1554093770274127872,MySportsUpdate,1312367672,611376866
Deshaun Watson returning to the NFL after his six game suspension : https://t.co/G1EHZ3ylw8,1554089996461559809,shannonsharpeee,918207822,611376866
You wanna know a secret?? 😂 https://t.co/fc6DPfFBXG,1553901694169268225,supad3z,1052754985124093954,611376866
"49ers are giving Deebo Samuel a three-year,$71.55 million extension, including $58.1 million guaranteed, per sources.",1553888193019363330,AdamSchefter,51263592,611376866
This is a picture of Ahmad Price (and Kyree Hawkins) that used to sit in my office at school. It’s from the 2016 District Title game. I smile every time I see it. Rest In Peace to a great young man…gone much too soon and much too young. https://t.co/NYMHc2Xu6m,1553864990100176903,CoachJoshAbell,952697219446173696,611376866
"Linebackers at the dinner table after game 50 

https://t.co/z6jkT5ZSpY https://t.co/4DVWp3gm0q",1553850532963520512,asvpxyungin,1405851578,611376866
I ain’t seen u say Free Gunna once https://t.co/3yC9u8bzEk,1553838794041966592,POPPAgoCrazy,979152983651962880,611376866
Comfortable Numb 🖤👾 https://t.co/hLpKfzOYb8,1553826023485079554,Field8King,2595567302,611376866
Can we all agree to stop trading our franchise players to the Dodgers and let someone else have a turn? https://t.co/ImqZQ744kp,1553814434333818882,Jared_Carrabis,59345386,611376866
gettin catfished by food is another level of pain 😭,1553809315571437569,scarlettrosee18,1552362738025779200,611376866
"Bill Russell will be remembered as one of the most impactful athletes in American history

-1st Black head coach of any North American pro sports team
-Received Presidential Medal of Freedom in 2011
-11x NBA champ (2 as coach)
-5x league MVP
-2x NCAA champ
-Olympic gold medalist https://t.co/qSsOb45lAQ",1553802416247783425,BleacherReport,890891,611376866
@Nayglizzy1 look like EA made it,1553800698474774528,cameronpope3_,1346617838191194117,611376866
Not even close https://t.co/ogTSVSJBIn,1553624110282035200,rlpjr_,3089049882,611376866
🎯 https://t.co/MCyjm1qEx9,1553555012869148672,eric_crocker,46469082,611376866
@gh0stsarentreal Lineman trying to remember their phone password by game 29: https://t.co/V1ssWLOqW8,1553508726241431555,215N8tion,1196230236133822464,611376866
BOOM! Ohio State lands 4 ⭐️ QB Brock Glenn! https://t.co/RhcIgkazVC,1553474625102831616,BarstoolOSU,2422239980,611376866
"Jameis with a bomb to Chris Olave 👀

(🎥 @Saints) 
 https://t.co/nOnZoN1pkP",1553406375853785089,PFF,87954771,611376866
Jalen Hurts has underthrown multiple passes so far. Almost just picked off by James Bradberry on a target intended for DeVonta. #Eagles,1553391029700673537,BrandonGowton,172587248,611376866
HOTBOII and uzi went 2/2 how he pull off 2 uzi features on 1 album https://t.co/iyf5jjZOqq,1553360957396615168,rurusolodolo,748020582235705344,611376866
@Nayglizzy1 Copy and paste,1553233132714876928,dc_jizzy,4650174743,611376866
Louisville born and raised niggas have differences but no matter what hood you from or school you went to we all agree on one thing…… we ain’t driving  to valley station unless niggas give the bread before the trip 😂,1553212362571800576,DctBagflip,438856945,611376866
"This is getting ridiculous

Aaron Judge just hit his 41st HR and it was a grand slam 😱 @BRWalkoff 

(via @yankees) https://t.co/0iY4LyC71c",1553207055447719942,BleacherReport,890891,611376866
What the … https://t.co/bp7CKsP3Pb,1553206280239587328,rurusolodolo,748020582235705344,611376866
@Nayglizzy1 got to wait until a park trailer come out to be forsure,1553165162592571392,_terry7,635646042,611376866
@Nayglizzy1 they been weak for the last 6 yrs fr. no real improvement,1553156678333390849,CashOutJony,1647033344,611376866
"Giannis has a chance but I personally don’t think this will be done again, especially not by a guard lol https://t.co/tleg90Ts6a",1553141562988716035,rlpjr_,3089049882,611376866
@Nayglizzy1 They all looked delayed. Not fluent enough for me,1553121387413471233,Illy14_,2276362553,611376866
crazy how no one talks about how good this game was https://t.co/J9EfkyGf1d,1553114309026369537,DrLoveYT,1702985424,611376866
profile https://t.co/7isdNCf7aS,1553112807561781248,korinamaiya,1607511121,611376866
The @nba is full of athletes not Basketball players. #Respectfully,1553108827800731648,Dloading,348288809,611376866
@Nayglizzy1 Evil world !,1553096876894965762,tee3jj,1484950719513956358,611376866
Year 11. https://t.co/T5SPmFV6L0,1553070625668960257,Colts,180884045,611376866
@Kunta2xx @Nayglizzy1 But I won’t and can’t act like JB wasn’t pivotal piece of the team,1553062387246399489,tee3jj,1484950719513956358,611376866
@tee3jj @Nayglizzy1 Power to the player I ain’t mad im he trynna get his shine on.. Luka has the ball way too much but it’s Luka 🤷🏾‍♂️,1553061783828660230,Kunta2xx,1232123871719022592,611376866
"@tee3jj @Nayglizzy1 If y’all had the money y’all wouldn’t have to trade for him just, just offer more than 13 a year. This is not 2k Don’t ever try to trade Josh green for anybody ever again",1553060387490258944,Kunta2xx,1232123871719022592,611376866
Appreciate you Brodie 🤞🏾 https://t.co/66pXBW8vq0,1553058632677425153,Davisboi__502,1902726948,611376866
@Nayglizzy1 Nah fr fr though unless they think hardy is the answer off the bat,1553057937580490752,tee3jj,1484950719513956358,611376866
@Nayglizzy1 Man @mcuban that’s a good question !!,1553057642926542849,tee3jj,1484950719513956358,611376866
I love you Dad! Keep watching down on us I know you gonna watch over and protect us. I promise with all my heart you’ll see me in a NFL jersey as we promised each other! We love and miss you! I promise to make you proud. U always taught me no one or thing  determines my success https://t.co/pZriIfRGbv,1552835437575782400,therealestbw0,598434417,611376866
"The Cardinals have removed the ""independent study"" clause from Kyler Murray's $230.5M contract, per @RapSheet https://t.co/4lt4mkeL3c",1552825461696147457,BleacherReport,890891,611376866
Only to stuff nerds in https://t.co/vrtG7hoZF0,1552825114818854912,cobiMB,905231466858242049,611376866
"at rolling loud i was tryna get as close as possible to see kendrick. i asked this boy could i pay him to let me take his spot on the gate, nigga gon say “respectfully, you couldn’t even give me head to stand right here i love kendrick.” i was like wtf 😭😭",1552823841193431040,itsrenyren,2613347020,611376866
@Nayglizzy1 I just don’t fw the Seahawks,1552796333672644608,A_Harris13,4905338806,611376866
Free game. Kno ur water https://t.co/E9R1OV0Gkz,1552791273102315521,balliketexas,2474477306,611376866
@Nayglizzy1 Thought it was just me cuz 😂😂😂😂,1552783345888755713,rlpjr_,3089049882,611376866
Dwight Howard pulled up to the WWE tryouts 🤣 (via @ArashMarkazi) https://t.co/GbfRPN0LAo,1552779138011889664,overtime,2379056251,611376866
"Paolo Banchero is finalizing an endorsement deal with Jordan Brand, per @ShamsCharania

👟 @brkicks https://t.co/1IsLr6ct3o",1552776028065370118,BleacherReport,890891,611376866
@PFF_College Beanie bishop https://t.co/YSv8vFvr3k,1552775508840140814,0518_smurk,797289895123357696,611376866
I knew JayDAY was different when Slime @Nayglizzy1 played elimination,1552754340422721539,A_Harris13,4905338806,611376866
lately i been globetrotting like im playing in harlem 🌐 https://t.co/dyLF9tykNf,1552741059670818823,mjfadeawayyy,1029485149342322688,611376866
Fuckkkkk 😭😭😭 https://t.co/uhdkcGmZJ8,1552731986590154753,tee3jj,1484950719513956358,611376866
@Nayglizzy1 We gone see what they talking bout 🥱,1552722926532796421,rurusolodolo,748020582235705344,611376866
@Nayglizzy1 Saints,1552722797637558272,6avyn,2893037518,611376866
I pray this YouTube shìt pay off Bc I be grinding behind the scenes on my momma,1552721854611292160,rurusolodolo,748020582235705344,611376866
@Nayglizzy1 Giants🙇🏾‍♂️,1552707706858995712,GoldAshford14,3090581289,611376866
"#Steelers Geroge Pickens continues to impress and be ""special"" #HereWeGo https://t.co/AoWnZeG5DX",1552696888184512514,nflrums,243097849,611376866
"Jaylen Waddle got UP 🐧⬆️

@D1__JW | @MiamiDolphins 

📺: Back Together Saturday returns July 30 on @NFLNetwork https://t.co/GphOmky9NZ",1552690071484219393,NFL,19426551,611376866
https://t.co/p07frFay2V https://t.co/YD9kmZMTkQ,1552689668466114562,RiBandzz,304185563,611376866
@Nayglizzy1 Saints,1552689269025767424,Trev0n_,612900757,611376866
"Saudi Arabia, Prince Mohammed bin Salman has announced plans to build the largest skyscraper in the world. The $1 trillion “Mirror Line” will stretch 75 miles long and house up to 5 million people. https://t.co/wos0pIaOGY",1552689265120870403,SaycheeseDGTL,1149024099995475968,611376866
@Nayglizzy1 vikings,1552682658743947266,juicyrook,2883357646,611376866
"REPORT: Paul George is planning to make a return to the Drew League for the first time since 2014.

(via @LawMurrayTheNU) https://t.co/Gji3mdMX3m",1552670980887064576,LegionHoops,291438698,611376866
"R.I.P. JayDaYoungan, we aren’t going to forget about this classic. https://t.co/5K5cAtPB5p",1552511340467593216,Preacher__Man,934490995647041537,611376866
"Social media has desensitized everyone, yb fans are literally “celebrating” Jaydayoungan’s death. It’s sickening",1552508428244983809,Thatsomaira,3077118968,611376866
"Too much of Stressin’, I need me a blessing, I think I’ma get on my knees
Ain’t got time for mistakes, separate me from fake, good lord, I’m beggin’ you, please🙏🏿",1552491008608182272,A_Harris13,4905338806,611376866
Jimmy Butler has that instant lock hair. Just twist it up. Who’s his friends?!,1552474650113757190,eric_crocker,46469082,611376866
@A_Harris13 On my soul he got me thru a breakup and being down on my ass like real shìt 🤦🏾‍♂️,1552469355237179392,rurusolodolo,748020582235705344,611376866
I’m Rey go up fa nigga man what the Fuck https://t.co/KFkJHlDCd3,1552468835449577475,rurusolodolo,748020582235705344,611376866
@Nayglizzy1 Its ridiculous out here cuz,1552460943036235777,A_Harris13,4905338806,611376866
"“Reimagined White Cement” Air Jordan 3 is set to release on March 11, 2023. https://t.co/YeutJxfonI",1552439370590093312,zSneakerHeadz,953847247,611376866
This what she expects: https://t.co/gTPEZmKNyX https://t.co/EhlN3tz20A,1552429362535956481,hole9ine_,36940651,611376866
"Still can't get over these throws by John Elway

📹: @nflthrowback 

https://t.co/rMoK3blA0n",1552411506490294272,CBSSports,14885860,611376866
When you meet her friend group &amp; she got da smallest butt &lt;&lt;&lt;&lt;&lt;&lt; https://t.co/qrZvsc1vb1,1552405680174292992,ImSo1of1,1112173075964067841,611376866
Shoulda came to CouldaBeen for $6K https://t.co/jWYlOFMqK4,1552392702540615681,Druski2Funny,1062926939151888385,611376866
Space Cadet 🤓🛸💕🏴‍☠️ https://t.co/hlorZr3Hd7,1552378236910403586,JarenTunstill,2848933871,611376866
Mark y’all calendars for next Saturday  it’s Big Mow Bash we going 🆙 for my 23rd‼️‼️‼️ (location will be posted on the next flyer) https://t.co/F6bVrAgt79,1552371050285072390,tee3jj,1484950719513956358,611376866
"Monkey hired to carry towels for tennis players resigns on first day of work! ❤️😂
https://t.co/1iCaCT5UEo",1552368154839498757,TheFigen,213831700,611376866
Enjoyed my 23rd!!🤫🔮 #NoNoiseMade https://t.co/TogCMgCxBK,1552354722736128001,Mr_NNM1,4562010260,611376866
@Nayglizzy1 sick😭😭😭😭😭,1552352098293059586,timhicksjr_,2907802747,611376866
killer bee vs sasuke in naruto gotta be one of the most humbling fights in anime https://t.co/WsbW2tc3iz,1552349055187050497,twoshellz,1533297342824185856,611376866
@Nayglizzy1 god awful 🤣,1552342012610895876,_terry7,635646042,611376866
@Nayglizzy1 Hell,1552340352635469826,Davisboi__502,1902726948,611376866
Niggas was eating Taco Bell wings,1552337411425853440,sativaday_,1041825665664856064,611376866
