full_text,tweet_id,screen_name,Tweet_user_ID,original_user_ID
#49ers CB Jason Verrett is working his way back from injury before training camp practice https://t.co/u3SVzen0aU,1554500150151720960,TheSFNiners,1362094549913362437,76771843
"NFL stripped the Dolphins of their 2023 first-round draft pick and 2024 third-round pick for violating the integrity of the game.

Dolphins’ owner Stephen Ross also suspended through Oct. 17 and fined $1.5 million.",1554495377600045056,AdamSchefter,51263592,76771843
The person u desire to be is waiting on u to be it. This world constantly moves &amp; advances while you're getting older &amp; older day by day. It's time u do the things u said u would do &amp; be the person u know u could be. Time is very impatient &amp; it don't wait for anybody. #CoachPrime,1554464749035061248,DeionSanders,80094297,76771843
Loving my new team. @49ers,1554302482142048256,itslilmooney,421734164,76771843
#49ers QB Trey Lance showcased some more of his mobility for the smooth red zone rushing TD 🙌🏼 https://t.co/hAzzn0PKO3,1554290071951486976,OurSf49ers,1367630970782806017,76771843
"#49ers S Talanoa Hufanga was a standout during 1 on 1 drills today 🔒 

🎥: @49ers https://t.co/qBUmavND8b",1554284038684233729,OurSf49ers,1367630970782806017,76771843
"Another day another highlight reel play by BA.

@THE2ERA x #49ersCamp https://t.co/DYYg6PbbTi",1554265966782992384,49ers,43403778,76771843
Absolutely sick. https://t.co/i6i6g6GAUe,1554250834996781058,SarahSpain,18494981,76771843
"Nick Bosa, Samson Ebukam, Kerry Hyder Jr. and Drake Jackson running the hoop. #49ers https://t.co/DeMr3qTDaL",1554241755666452480,Rob_Lowder,156813016,76771843
Imagine saying this out loud. https://t.co/DvUjuVj9bU,1554231077266370560,JoyTaylorTalks,31730514,76771843
"Nothing like Trey Lance and Deebo Samuel building chemistry during training camp 🧬 🧪 

#49ers || #FTTB https://t.co/1GduMt2KQS",1554229602423169024,OurSf49ers,1367630970782806017,76771843
"Another one for @AGENT0__ 🤘

DeMarvion Overshown has been named to the Lombardi Award watch list https://t.co/FTSWsY1S3w",1554229405433610240,TexasFootball,34286487,76771843
A picture is worth a  t̶h̶o̶u̶s̶a̶n̶d̶ million words. https://t.co/CsC8noPcnc,1554193329574670336,49ers,43403778,76771843
"Look at Deebo man, so inspirational. https://t.co/7SxkR8RAgL",1554184375905923072,49ers,43403778,76771843
#49ers WR Deebo Samuel is the man of the hour 🔥 https://t.co/e7ROcTfxlQ,1554182133513539584,OurSf49ers,1367630970782806017,76771843
ICE COLD FACT: “It’s not how good you’re doing… It’s how long you’re doing good.” Via Frank Sinatra 💎,1554180748906840068,FINALLEVEL,28420827,76771843
"‘It’s insane to put in years of work on a project and then NOT promote, or count on someone else to push it for you… Then YOU play the blame game if it flops..’ 💎",1554173019177852932,FINALLEVEL,28420827,76771843
Things are looking scary in the Trey Area 😈 https://t.co/hyVnRG16eU,1554172392674508800,NBCS49ers,66758174,76771843
"3 more years, one goal in mind. Time to go to work. 

@19problemz ✍️ https://t.co/03dqueqXuu",1554171610986229760,49ers,43403778,76771843
"Let's rock.

Welcome to #DubNation, JaMychal Green 👏 https://t.co/jYXcUjdfcx",1554165303814131712,warriors,26270913,76771843
My reaction to Deshaun Watson news. https://t.co/Hkt0b9WTWs,1554162942152773633,stephenasmith,16302242,76771843
"Tuck your chains ⛓ Deebo is back. 

@19problemz https://t.co/UYpKBeFe49",1554158250643206145,49ers,43403778,76771843
"The great Cliff Branch was born on this date in 1948.

Looking forward to celebrating his legacy in Canton this week.

#CliffToCanton | #RaiderNation https://t.co/I98I6wjdkc",1554158237489868802,Raiders,16332223,76771843
Everyone here at #raiders practice held their breath for a second as they watched two of their stars collide. Credit to my story telling that @rapsheet thinks is top notch. That and much more from us on @nflnetwork. https://t.co/z7xYRM2LyR,1554154958957805570,JamesPalmerTV,325044863,76771843
https://t.co/d7SNiOH1YM,1554136760476737536,CedricBaxterJr1,1141002874354380800,76771843
"DeMar DeRozan is signing a new four-year deal to stay with Nike, per @ShamsCharania 

He’ll continue being the ‘featured face’ of the Nike Kobe line @brkicks https://t.co/io1aRC0GGl",1554135660226924545,BleacherReport,890891,76771843
You youngsters have NO idea how this man scared the F out of America and changed the World 🌎 Happy Birthday homie!! PublicEnemy #1 @MrChuckD https://t.co/FxjVw8rHr2,1554133812388438017,FINALLEVEL,28420827,76771843
"""Everything that you do, must be past full.""

Special thanks to Avery Johnson for his message prior to the start of fall camp 🤘 @CoachAvery6 https://t.co/TGfclGoMGR",1554133594041454593,TexasFootball,34286487,76771843
"""I'm remembering Bill Russell as a man that lived his life to the fullest. ... One of the greatest winners, if not the greatest winner, of all time. One of the greatest athletes of all time.""

—@KendrickPerkins https://t.co/LwDRaDX2TV",1554119672840306688,GetUpESPN,975843959586086918,76771843
DeMarvion Overshown has been named to the Chuck Bednarik Award watch list 🤘 @AGENT0__ https://t.co/15xB10RLAV,1554105624576811008,TexasFootball,34286487,76771843
Wishing the homie @MrChuckD a very Happy Birthday today!!! #Legend #PEForever 🥳🎂🎈🎊 https://t.co/8KKRGlINa4,1554103280892084225,Lizzs_Lockeroom,24608909,76771843
Deshaun’s suspension is a tricky and sensitive subject. 6 games is way too low to some folks and a year is too long to others since he wasn’t charged with a crime.,1554089948281815042,TorreySmithWR,81756964,76771843
"Deshaun Watson was suspended six games; he was not fined, per source. https://t.co/8lWWvVXjBY",1554080378331217921,AdamSchefter,51263592,76771843
You're on a journey that u only control your actions &amp; feelings. You can succeed in life if u stay focused &amp; consistent. Stay focused &amp; consistent with the things under your control. Stop worrying about all that u don't control. As a man thinketh so is he. #CoachPrime,1554080058523807745,DeionSanders,80094297,76771843
"Former federal judge Sue L. Robinson has found that Deshaun Watson violated the personal conduct policy and has suspended him six games, per source.",1554079746979504129,AdamSchefter,51263592,76771843
Let’s go @TexasFootball https://t.co/NJfzEi0J2s,1553983577330679808,Trilldyl8,1055676747776253953,76771843
My thoughts about Bill Russell passing away…. I am working on an deeper thought provoking article tonight as I process what just happened. https://t.co/M69pXNkaC0,1553949281265930241,kaj33,37774152,76771843
How it looks .. https://t.co/GsMoRX6w20,1553941089282695171,MrChuckD,35831704,76771843
"Dear @brittneygriner,

We talk a lot about time. The amount of time you've been there, how it is past time for you to be home. Today we're talking about @TIME magazine &amp; how you're on the cover, continuing to inspire millions.

#WeAreBG 
#WeAreNotThe144WithoutBG https://t.co/DQzAe8UWhK",1553918989268647939,TheWNBPA,301679710,76771843
"Safe to say Nick Bosa is hyped Deebo Samuel got paid! 

#49ers || #FTTB https://t.co/zLxQJg04Fl",1553904457460563969,OurSf49ers,1367630970782806017,76771843
"Deebo Samuel, Fred Warner &amp; George Kittle all got extended by the 49ers late July, early August. 

Let’s all make ourselves a promise and remember that before freaking out about Nick Bosa next year.",1553893787419774977,AlSacco49,317192478,76771843
"Deebo Samuel and the 49ers have reached an agreement on a 3-year, $73.5M contract with $58.1M guaranteed, per @RapSheet https://t.co/yafvSRcIPn",1553888856809824258,BleacherReport,890891,76771843
"The Hall of Fame is deeply saddened by the loss and celebrates the incredible life of 2x inductee Bill Russell, Class of 1975 (Player) &amp; 2021 (Coach). https://t.co/V0Y696oEpk",1553860345197867008,Hoophall,23959763,76771843
For those interested.. I’ll be doing my annual NFL Pick ‘Em .. stay tuned 🏈👀,1553858825706422279,Lizzs_Lockeroom,24608909,76771843
"Steph pays tribute to Bill Russell 💙

[via @StephenCurry30] https://t.co/tKaIq6tPTa",1553858516653207553,NBCSWarriors,66753565,76771843
Bill Russell honoring Kobe 🙏 https://t.co/1pSH3pOO7D,1553834292156895233,kobehighlight,1317092028090478602,76771843
"RIP Nichelle Nichols, prayers to her family 🙏🏽🕊💙 https://t.co/MSiPFqxWFf",1553815387929821191,Lizzs_Lockeroom,24608909,76771843
"I’m heartbroken to hear about the passing of the greatest winner the game of basketball has ever seen, a legend, hall of famer, mentor and my friend for over 30 years, Bill Russell. 💔 https://t.co/iiSkVq2kdn",1553808490660933633,MagicJohnson,248900032,76771843
RIP Bill Russell. Legends are forever. 🙏 https://t.co/5ADklOjKRy,1553790909837258752,kobehighlight,1317092028090478602,76771843
An announcement… https://t.co/KMJ7pG4R5Z,1553790050839588865,RealBillRussell,912359571947085824,76771843
"ICE COLD FACT: Some of the people that have a problem with you, You’ve actually helped at one time.. Interesting how that works.. Smh",1553786409617604608,FINALLEVEL,28420827,76771843
"Hello 60th Trip! ☀️
What a beautiful journey it’s been🎉
Happy &amp; blessed birthday to all my fellow Leo LIONS &amp; LIONESS. Afro-pic that mane and ROAR majestically! https://t.co/ndcm47iNxk",1553735211682213893,wesleysnipes,110610806,76771843
Prioritize your peace. Always. https://t.co/ifuo6LCkPO,1553715603013246978,revolttv,16259251,76771843
Nunes won that fight but that was an amazing battle to watch,1553602357241401344,JoyTaylorTalks,31730514,76771843
"#49ers Trey Lance to Brandon Aiyuk is a thing of beauty 😍

(🎥 @49ers) https://t.co/VBL2cS1sdv",1553559579501334528,TheSFNiners,1362094549913362437,76771843
Best and final throw of the day https://t.co/l2jtJPzStr,1553553071929602049,JasonAponte2103,1083085395083046912,76771843
"Man this is going to be damn nice. Now this is a game changer on all levels of 🏈 !!! Thank you @DeionSanders for blessing us with your vision from God for HBCU’s. When man say no, God say YES… #TheeILove https://t.co/I8V0XesWfS",1553545182565498882,WhitehavenHIGH,235404979,76771843
This is a crazy stat. LeBron really gets paid more than the entirety of the WNBA 🤯 https://t.co/Ql7hd4qYQA,1553543604588756994,NBAMemes,487393551,76771843
"Dear @brittneygriner,

Your family is our family.
We love you. We miss you.

#WeAreNotThe144WithoutBG
#WeAreBG https://t.co/LcZIOHWPZm",1553541607609311239,TheWNBPA,301679710,76771843
"Thanks! Fact: The people that diss my music, have NEVER heard it. The people that will diss my book, will NEVER read it.. They don’t like me, so F them… 💎 https://t.co/mOqzIHCMrN",1553540212516691968,FINALLEVEL,28420827,76771843
ICE COLD FACT: No matter who you are or what you do… Some people will dislike you.. All you can do is roll with the people that roll with you.. No one has EVER had 100%. 💎,1553538213590990848,FINALLEVEL,28420827,76771843
"Nick Bosa Vs Trent Williams is truly must see TV 🍿 

#49ers || #FTTB https://t.co/uOBbfY8K8V",1553534488612810757,OurSf49ers,1367630970782806017,76771843
Texas continues to recruit Louisiana hard this cycle.  https://t.co/7sYANj2SkU,1553532343499034627,LonghornsWire,1138516810725318656,76771843
My great grandfather George Washington Foster designed quite a few buildings in nyc and a slew of buildings in New Jersey his state. Everytime I pass the @FlatironNY building I think of history https://t.co/eVimCzy0RJ,1553506504409419777,MrChuckD,35831704,76771843
Fred Warner is excited for what Tarvarius Moore could add to the secondary after two interceptions in practice today 👀 https://t.co/YTq1yBp4Pg,1553502270779580416,NBCS49ers,66758174,76771843
"Fred Warner explained why he’s always chirping Brandon Aiyuk, who called him “annoying” 😂 https://t.co/6cYSgS3trc",1553500589870329856,NBCS49ers,66758174,76771843
Fred Warner on the importance of winning the turnover battle ⬇️ https://t.co/5OAV79gFaL,1553495927200964608,NBCS49ers,66758174,76771843
How can u Hate someone you've never met based on the information given by someone u don't know ? You don't understand the moment the subject the reason the why or the consequences at hand. Please stop judging &amp; seek wisdom because your thoughts ain't always right. #CoachPrime,1553492553516957696,DeionSanders,80094297,76771843
"The #49ers' defense came up with four interceptions today. Safety Tarvarius Moore had two picks of Nate Sudfeld. Charvarius Ward had another, and Fred Warner had an interception against Trey Lance.",1553473192303271936,MaioccoNBCS,27796499,76771843
My QB1 4 the kids. @deshaunwatson #Browns  https://t.co/O29MsvN0aB,1553469438304915456,ZachNoah52,377640347,76771843
Thanks for the review 💎 https://t.co/jT8TIUnnAe,1553466446503677952,FINALLEVEL,28420827,76771843
"Chandler Jones has the most sacks in the NFL the past decade with 107.5.

7 of those 10 seasons he had double digit sacks. https://t.co/XKJXKxVnXc",1553462014810406913,RaiderNationBOS,2731203004,76771843
🗣🗣🗣🗣🗣🗣🗣🗣 https://t.co/GS7ldRoJ1t,1553461227820654593,KingJames,23083404,76771843
"Nick Bosa = Man of the People

#49ers | #FTTB https://t.co/qR1yWmh0JE",1553459971693559814,49ers_Access,2320045344,76771843
@AstronautKI My G!!! 🤟🏾🤎👑,1553450563806920705,KingJames,23083404,76771843
What are Scarface’s 3 best songs? 🤔,1553447810741067776,RockTheBells,931998561054552064,76771843
Vernon Davis sighting at camp 🤩 https://t.co/1BmZrwEKZ3,1553442772098486272,NBCS49ers,66758174,76771843
#49ers Fred Warner / Dre Greenlaw and rest of LB group working on pad level ahead of team period https://t.co/LdGgEp7Tvj,1553441666119266304,TheSFNiners,1362094549913362437,76771843
#49ers rookie WR Danny Gray is first on the field for offensive players ahead of today’s practice https://t.co/IcsCxFx9r2,1553423683472920577,TheSFNiners,1362094549913362437,76771843
#49ers S Talanoa Hufanga is the first one out to practice today 🙌🏼 https://t.co/6u1QR18G0Z,1553421126000226304,OurSf49ers,1367630970782806017,76771843
"“I wanna be a Hall of Famer…you think about all-time Raider greats, I wanna be one of those guys”

 https://t.co/cAYyUA0Meg",1553410407104233472,RaiderNationBOS,2731203004,76771843
86 YEARS YOUNG! Please join us in wishing the man himself a very Happy Birthday. 🎂 - Team BG https://t.co/V7xjYSRbV3,1553403449739563008,TheRealBuddyGuy,34955691,76771843
"25+ carries a game is the minimum for this guy!! 🤘🏈
                            ⬇️⬇️⬇️⬇️ https://t.co/LYw6KXGSBe",1553396859170918400,TXFootballTalk,1273775632879681539,76771843
When it’s the last rep of the last summer workout @OvieOghoufo https://t.co/oSYfNINNt9,1553392400902627330,TexasFootball,34286487,76771843
"Manu Ginóbili is a legend 🤩 

(h/t cheese_maniac/Reddit) https://t.co/BeGcEmJ293",1553381115859243009,ESPNNBA,74518740,76771843
The legislation will now face a vote in the Senate. https://t.co/AEx7DBS8E8,1553378949211848705,revolttv,16259251,76771843
"20 years ago today, @LisaLeslie became the first WNBA player to dunk in a game! 😤 https://t.co/3sVJRNBDEg",1553378130143870979,espn,2557521,76771843
#49ers Trey Lance will have LT Trent Williams 🦍 + Mike McGlinchey out there today in practice #49wz https://t.co/S6DOuG113J,1553365202346860544,WayneBreezie,2569264209,76771843
Which group was ACTUALLY disrespecting our vets? https://t.co/gOpv07jN7D,1553359882266578945,PamKeithFL,2966770391,76771843
"Most QB Knockdowns Last Season:

1. 𝐌𝐚𝐱𝐱 𝐂𝐫𝐨𝐬𝐛𝐲 19
2. 𝐂𝐡𝐚𝐧𝐝𝐥𝐞𝐫 𝐉𝐨𝐧𝐞𝐬 17
2. Micah Parsons 17
2. Myles Garrett 17

#RaiderNation https://t.co/NtXygcGbYV",1553359646420860928,RaiderNationBOS,2731203004,76771843
DeMar Derozan is a big fan of Warriors Championship run 🏆 https://t.co/hVpwI3Vd6p,1553231787865780224,WarriorNationCP,2898878761,76771843
"He does it again, Aaron Judge's 41st of the season is a grand slam! https://t.co/K0SU565pik",1553205862172434432,TalkinYanks,887792363052998656,76771843
Who’s having more fun than us………… NOBODY!!,1553202960435499010,KingJames,23083404,76771843
Can’t believe there were actual people suggesting we move J Whitt to safety https://t.co/Wmk3Bu977x,1553127872709201921,Doc_Texas,61293257,76771843
"#49ers DE Nick Bosa on Trey Lance:

""I think he's in a great position with a defense like us. ... If he doesn't make big mistakes then we're gonna be in good shape.""",1553094545402785792,OurSf49ers,1367630970782806017,76771843
What’s for you will always come to you. Trust the process ✨🤌🏾,1553084160616452096,revolttv,16259251,76771843
Trey putting in work on Day 3 💪 https://t.co/qZcPlcfjdi,1553078779274305544,NBCS49ers,66758174,76771843
"""Oh shit, here come Deebo"" better pay him his money,  it's Friday 
#49ers | #FTTB https://t.co/tKRGqE44rc",1553070855621464064,RonENiner,3937182560,76771843
Big facts 💯 lol HookEm https://t.co/ymIOWHOUQ1,1553052050665230336,VinceYoung10,2706520592,76771843
#49ers CB Charvarius Ward is on the rise 🗜📈 https://t.co/hrmN0qy4o1,1553042131853271040,OurSf49ers,1367630970782806017,76771843
