full_text,tweet_id,screen_name,Tweet_user_ID,original_user_ID
Practicing in pajamas and heels because I'm glamorous,756240860531003393,iamgigirich,213017567,85627857
"@TimeOutNYMusic says .... Mirage, an engaging 2012 LP, which deftly balances its brainy and earthy impulses. #FFEAR @Jazzheads #JazzNYC",386843039924097024,OleMathisenSax,1679373625,85627857
I liked a @YouTube video http://t.co/fYFr2FDBMJ Walking Bassline Clinic with Dave Frank -pt.6,375582637492301824,ChrisDeVitoJazz,311765317,85627857
"Dion Parson and the 21st Century Band are here all weekend! Here they are, playing ""Knights at the Round Table."" http://t.co/xFM710FJ2E",350980955932065792,jazzdotorg,76389387,85627857
At Dizzy's Club Coca Cola listening to Rashawn Ross. #crazygood,350403443191578625,williamfaust,58082290,85627857
Jazzheads Blog • 30 Years of Jazz at Manhattan School Of Music: MSM Jazz and Jazzheads Recordings http://t.co/836pzabu6g via @Jazzheads,319541259498831872,tenorman,18429418,85627857
I liked a @YouTube video http://t.co/8J9D28DM Afro-Cuban Jazz Suite for Ellington - Bobby Sanabria Big Band - Multiverse,297402872499404801,JazzBreak1,344896371,85627857
@Jazzheads Recommending it was the easy part. Thanks to @RandyKleinMusic @AlexSkolnick and Boris Kozlov for creating it. Cheers!,271086527558328320,BirdIsTheWorm,433040855,85627857
