full_text,tweet_id,screen_name,Tweet_user_ID,original_user_ID
@ninjanjcha อยากไปป มีที่นั่งบนเวทีมั้ย,1554532722038546433,George_rmt,787313170704506880,870076820439183360
1🚫 2✅,1554528177946775552,_bigmatthewww,1481847384737206272,870076820439183360
I woke up to one of my Shorts from 3 months ago tripling in views in 10 hours. SO LOOKS LIKE IM MAKING MORE SHORTS https://t.co/MITqjosGpk,1554511776615526400,RobertIDK,2828599436,870076820439183360
"오늘 더쇼부터 아돌라까지 수고했어요!! 내일도 화이팅!😄🙌☀️

#P1Harmony #THEO https://t.co/44TTOS5lk8",1554482481436708866,P1H_members,1293461508974735361,870076820439183360
"THE BOYZ 7TH MINI ALBUM [BE AWARE] 'Timeless' POSTER TEASER

💙 'Timeless' M/V 2022.08.08 6PM Release
💙 2022.08.16 6PM Release

#THEBOYZ #더보이즈 #BE_AWARE #WHISPER #Timeless https://t.co/8MGnhIQfAa",1554482436481773568,IST_THEBOYZ,841676129245224961,870076820439183360
"THE BOYZ 7TH MINI ALBUM [BE AWARE] 'Timeless' POSTER TEASER

💙 'Timeless' M/V 2022.08.08 6PM Release
💙 2022.08.16 6PM Release

#THEBOYZ #더보이즈 #BE_AWARE #WHISPER #Timeless https://t.co/lQ4iHAWj57",1554482332660162560,IST_THEBOYZ,841676129245224961,870076820439183360
"THE BOYZ 7TH MINI ALBUM [BE AWARE] 'Timeless' POSTER TEASER

💙 'Timeless' M/V 2022.08.08 6PM Release
💙 2022.08.16 6PM Release

#THEBOYZ #더보이즈 #BE_AWARE #WHISPER #Timeless https://t.co/JxMhSpIbVk",1554482235574652933,IST_THEBOYZ,841676129245224961,870076820439183360
"＼先行配信スタート／
MADKID
2nd Album' BOUNDARY '
リードトラック「Fight It Out」

⚔本日より先行配信がスタート⚔
https://t.co/b0kuSTSY5u

是非お聴きください✨
#MADKID_BOUNDARY https://t.co/mwkztdvPPI",1554482164044947456,MADKID_official,2502391944,870076820439183360
🧡 호적메이트 / DNA Mate https://t.co/7EuxAcdYjm,1554480771515162627,ericnamofficial,390274454,870076820439183360
"[📷] 심야아이돌 Behind Photo
⠀
심야아이돌 야간개장에 방문한 홍중,성화,산⭐🎠 
에이티니도 함께 즐거운 시간 되셨나요?😁
⠀
#ATEEZ #에이티즈 https://t.co/cGmAKR5eJ7",1554480636907618306,ATEEZofficial,923415570522914819,870076820439183360
"이미 카페 끝났지만 어땠어요 ？？( •᷄ὤ•᷅)

#P1Harmony #SOUL https://t.co/5u8aDMJP8r",1554478676494123008,P1H_members,1293461508974735361,870076820439183360
"[#성화] 나의 사랑❤
너무 고마워❤
1등 축하해❤
#ATEEZ #에이티즈 https://t.co/McpNOtOBDV",1554477932869206016,ATEEZofficial,923415570522914819,870076820439183360
"[#OX]

1주년 카페에 전시되었었던 
쟌필름📷

#OMEGA_X #오메가엑스 
#재한 #JAEHAN https://t.co/bT2MNLUpUZ",1554468618217603073,OmegaX_members,1359426552866381824,870076820439183360
@kaura_ateez no- https://t.co/o2hDtZeWle,1554393726176448512,katrose24xo,20600731,870076820439183360
"[★305회 더쇼초이스 후보①]
느슨해진 K-POP 기강 잡으러 온 퍼포먼스 끝판왕👑 짱티즈 출격🤘

#더쇼 #THESHOW #ATEEZ #Guerrilla @ATEEZofficial https://t.co/LYjSKwkWFj",1554393082480566272,sbsmtvtheshow,517295819,870076820439183360
"[🎥] 나만 가질 수 없다면 같이 [배드걸프렌드] EP09 | ENG SUB

🔗 https://t.co/YvF7ISOFP5

#OMEGA_X #오메가엑스 
#HYUK #혁 #문지호
#배드걸프렌드",1554391888333258752,OmegaX_official,1359322863933689864,870076820439183360
"[🎬] [Dreamcatcher's Note] 한동 '한겨울 (寒冬)' 안무 연습 비하인드

🔗 https://t.co/PkKX9yoN65

#드림캐쳐 #Dreamcatcher #한동
#2nd_Album #Apocalypse #Save_us 
#한겨울 #寒冬 https://t.co/Ugu35mcCjM",1554391592085032961,hf_dreamcatcher,729935154290925570,870076820439183360
"셋이서 하는 연애???😨
👉https://t.co/kDrSMtdUxg

[배드걸프렌드] 매주 화, 목 오후 6시 콬TV 유튜브에서 만나요
#배드걸프렌드 #Badgirlfriend #변서윤 #박영운 #혁 #유정후 #오메가엑스 #OMEGAX https://t.co/HhWs24DYUr",1554391562045362179,koktv_official,1074904469484167169,870076820439183360
"#MADKID
'Fight It Out' Music Video
⚔再生回数キャンペーン開催⚔

MV再生数に応じて以下の企画を実施します🔥

🐻8/10までに10万回再生突破→
Fight It Out着ぐるみDance Practice Ver公開

🐰8/22までに20万回再生突破→
リリース週のイベントのうち1日を着ぐるみで開催

ご協力お願い致します🙇‍♂️ https://t.co/dTyQ1Hik5S",1554391555972075520,MADKID_official,2502391944,870076820439183360
@kaura_ateez NO THANKS 🤮,1554391050768220160,vikingateez,1419368878501675013,870076820439183360
@kaura_ateez Ohhh hell no 😀,1554391013828923392,Michelle__1117,1438063493303861248,870076820439183360
@kaura_ateez no thank u,1554390780541685760,TIME0FYEO,1042288875664625669,870076820439183360
@kaura_ateez Not this being nfts again 😒,1554390479541866496,EternalStar1117,988455877815369729,870076820439183360
@kaura_ateez @ATEEZofficial What the hell pls no,1554389489442705408,Miracle091219,1084671659607437312,870076820439183360
"@kaura_ateez @ATEEZofficial We don't care about your nfts 🙂 Nobody wants them.

We can make our own stickers and edit pics, thanks. We don't need your nft.",1554389266557550592,bellychainhwa,1297535509728813056,870076820439183360
"@kaura_ateez @ATEEZofficial Was excited until I saw ""NFT""… WE DONT WANT THEM https://t.co/blEatb79JI",1554388163103178752,hq_minkyway,1525788778467676160,870076820439183360
@kaura_ateez @kqent read the replies bc the amount of times we said no to nft,1554386758355353600,atzfits,2521364456,870076820439183360
@kaura_ateez @ATEEZofficial this is basically a legal scam,1554386295421636609,weremess,911096185,870076820439183360
@kaura_ateez @ATEEZofficial dont care,1554386227322687488,jwymochis,1074696254104297472,870076820439183360
"@kaura_ateez @ATEEZofficial for the 2k people who seem to be genuinely interested, I hope you realize you’re not going to actually own any of this btw",1554386146595061760,weremess,911096185,870076820439183360
@kaura_ateez @ATEEZofficial we don’t want nfts,1554386095403565056,TREASUREWY,1319336989301313537,870076820439183360
@kaura_ateez @ATEEZofficial no one cares loooool,1554385009628299264,anotherteezer,1523787296969007110,870076820439183360
@kaura_ateez @ATEEZofficial Yeah no thanks. No one wants nfts,1554384864476073984,Lid_Joker,999632425348198400,870076820439183360
@kaura_ateez if u want to earn shit make this non nft and ppl would support this 101% lol,1554384537852948480,woochwe,1397517102324469766,870076820439183360
@kaura_ateez @ATEEZofficial shut the fvck up bro damn,1554384537487958018,boysroombong,883130239458484225,870076820439183360
"아 이힙짱들 렛츠기릿🤟
이렇게 힙한 철분들 보신분?🙀
아무래도 #더쇼 가 최초인 거 같죠••?
보기만해도 울 게릴라강쥐들에게 주어지는 합격 목걸이••💸
아 목걸이 큰 의미는 없습니다만,, 
그냥 소소하게 더쇼에 딱 20181024번 출연하자고요^____^🫶

#여상 #성화 #홍중 #THESHOW @ATEEZofficial https://t.co/oyWQxi9zvV",1554384441585573888,sbsmtvtheshow,517295819,870076820439183360
@kaura_ateez @EuropeAteez ATINY YALL EMAIL KQ FOR VERY UNSERIOUS STUFF SO EMAIL THEM NOW TOO SINCE ITS IMPORTANT 🙂 https://t.co/Tf8YfKuiXu,1554384197380341760,imthenamelessv,3939761356,870076820439183360
@kaura_ateez @ATEEZofficial No,1554384121111216129,jjongjelly,1066538262,870076820439183360
"🌧비가 주룩주룩

#ELAST #엘라스트 #baekgyeul #백결 https://t.co/w1P6SLmfzc",1554383954760724480,ELASTofficial,1155796162605015040,870076820439183360
@kaura_ateez @ATEEZofficial We don’t want nfts thank you very much,1554383807041732609,IAmABabyWolf,1429038421113286659,870076820439183360
@kaura_ateez @ATEEZofficial 🚫🚫❌❌❌,1554383651663937536,catboy_club,1116772945,870076820439183360
@kaura_ateez @ATEEZofficial Not the NFTs again… https://t.co/RLc3gGDqPt,1554383493953720320,seemtobeTony,751566408916492288,870076820439183360
@kaura_ateez @ATEEZofficial WE DONT WANT IT!!!!!!!!!!! https://t.co/idNAeN4H97,1554383339158736896,_yumi_33,1228000094718451712,870076820439183360
@kaura_ateez @ATEEZofficial no nfts suck,1554383325963468800,_minigi,1059869901916135425,870076820439183360
@kaura_ateez No to NFT pls 😞,1554383299237548033,hanNiskiee,1409808978117234688,870076820439183360
@kaura_ateez @ATEEZofficial no one wants that nft thing,1554383204110712832,shibyeoI,1457421723305799680,870076820439183360
@kaura_ateez @ATEEZofficial https://t.co/z4luDDxizN,1554383190185353216,gyaruyunho,1188545141352648709,870076820439183360
"@kaura_ateez we don't want it, we don't want nft!",1554383187270311937,byeolsang_,1460071206850334723,870076820439183360
@kaura_ateez @ATEEZofficial We don’t like NFT,1554383142118719489,YeosDonut,1223831588200423426,870076820439183360
@kaura_ateez no nfts,1554383098027995137,knjsmgbiased,1339256141549690881,870076820439183360
@kaura_ateez @ATEEZofficial LEAVE US ALONE WE DONT WANT YOU,1554383060551991296,cjhdoII,312845362,870076820439183360
@kaura_ateez get rid of the nfts,1554383016121745409,nekohwas,957257445180694529,870076820439183360
@kaura_ateez WE DON'T WANT NFTS,1554383014758858752,justjessica131,706974515578806272,870076820439183360
@kaura_ateez @ATEEZofficial free ateez,1554382999004844034,syoyahwa,831275965,870076820439183360
@kaura_ateez when kq stop with this nft thing,1554382942926807040,atzdoxx,1385885867382693890,870076820439183360
@kaura_ateez @ATEEZofficial We don’t want/need nfts 😔,1554382918625071105,kayxixl,1461439112641011713,870076820439183360
@kaura_ateez Once again https://t.co/sxxNmlKJwZ,1554382890204536832,roseshwa,1184020377552510976,870076820439183360
"@kaura_ateez @ATEEZofficial 📢📢📢 PLEASE HEAR US , NO NFT ❌️❌️❌️❌️❌️❌️❌️",1554382853793800192,LauraATINY96,1332545083493715970,870076820439183360
@kaura_ateez @ATEEZofficial No,1554382785518997504,weremess,911096185,870076820439183360
@kaura_ateez @ATEEZofficial why do y'all keep doing this,1554382731819220992,sippysip06,1217323497468284928,870076820439183360
@kaura_ateez we don’t want it,1554382660297973761,CalDaBodacious,1085697468086530050,870076820439183360
@kaura_ateez @ATEEZofficial buddy.  we don’t want it,1554382655101095941,hwabunni,1455079943990173702,870076820439183360
"@kaura_ateez we don't want you, shut up",1554382614542266373,mcryusang,1468362123265064966,870076820439183360
@kaura_ateez @ATEEZofficial woahhhh what,1554382601137242112,theomeal,1446204959691718662,870076820439183360
@kaura_ateez @ATEEZofficial No NFTs please. 😔,1554382588654993410,Matz_Maknae,1508694512108855298,870076820439183360
@kaura_ateez @ATEEZofficial not another nft…,1554382588583718912,byuljoong,1423113489036451840,870076820439183360
@kaura_ateez @ATEEZofficial not the nfts,1554382534393270275,vannimae,3083102785,870076820439183360
@kaura_ateez @ATEEZofficial no nfts pls ☹️,1554382514491273217,satanhyunjin,2559361560,870076820439183360
@kaura_ateez @ATEEZofficial if only it wasnt nfts,1554382492349890560,hwachipp,1283614280789549056,870076820439183360
"[📢TPST NOTICE]

TEMPEST(템페스트) 코로나 음성 안내

▶ https://t.co/05iza9QFGi",1554379863942762498,TPST__official,1413305677951365121,870076820439183360
ไปงานแฟนมีตแล้วเข้าใจถึงพลังความรักที่มันเต็มเปลี่ยมเลย🤍 ถ้า #4MIX มีแฟนมีตจะมีใครมามั้ยนะ อยากรู้บอกที 😄 #ฉันอยากรู้เองล้วนๆ,1554379002202116096,ninjanjcha,1049138944007266306,870076820439183360
"난 마린뽀이⚓️🏖

#ELAST #엘라스트 #YEJUN #예준 https://t.co/nTCozUWCMO",1554369161681285120,ELASTofficial,1155796162605015040,870076820439183360
"[📰]
#블리처스 ""파키스탄서 MV 촬영, 음식 너무 맛있었다"" 

🔗 https://t.co/tRhlMCFQoG 

#BLITZERS #WIN_DOW 
#Hit_The_Bass #마이데일리",1554364823999172608,WUZO_BLITZERS,1206444970892124160,870076820439183360
"Giving IMAGINE vibes, am I right? https://t.co/Ky5EroYFRy",1554363618824683520,brooklynjuliana,1051231588388720640,870076820439183360
"[📷][#BLISHOT]
220802 #ArirangTV #애프터스쿨클럽
블리와 함께 해 더욱더 즐거웠던
방과 후 블리처스 스쿨 클럽 🏫

#BLITZERS #블리처스 #BLITZERS_ASC @arirang_ASC
#Hit_The_Bass #WIN_DOW #AfterSchoolClub https://t.co/TZw15mgWoo",1554357283324170240,WUZO_BLITZERS,1206444970892124160,870076820439183360
@beatroadevent @ATEEZofficial No lol,1554352692750946304,Jiwonvglow,1463973951688912901,870076820439183360
@beatroadevent @ATEEZofficial NO NFTS 🚫🚫🚫🚫🚫,1554352649713352704,matzcore_,440886437,870076820439183360
@beatroadevent @ATEEZofficial Absolutely not,1554352637381734400,certifiedmingki,1104965324753891329,870076820439183360
@beatroadevent @ATEEZofficial No !!! We do not want NFT !!!! NO NFT !!! https://t.co/bqBS5ICwrZ,1554352531874222081,YeosDonut,1223831588200423426,870076820439183360
@beatroadevent @ATEEZofficial pls no,1554352418636419072,SSiudak,1320028903814156288,870076820439183360
@beatroadevent @ATEEZofficial #MOVEMENT #Guerrilla #에이티즈 #ATEEZ #エイティーズ https://t.co/4thzRRLb6v,1554352314680369152,cnm_natasha,1379367344317759489,870076820439183360
@beatroadevent @ATEEZofficial are you not reading comments and qrts???,1554352293843197953,dearmingki,803276682996174852,870076820439183360
@beatroadevent @ATEEZofficial STOP WOTH THE NFTS NO ONE WANTS THEM !!!!,1554352181859565568,YeosDonut,1223831588200423426,870076820439183360
@beatroadevent @ATEEZofficial No to NFts,1554352131011883009,atiny_mommy,1401528933439348740,870076820439183360
"@beatroadevent If you guys got rid of the NFTs, you would get so many more sales. Just saying 😴",1554352049692745728,lazulikoo,1018944414373367808,870076820439183360
@beatroadevent @ATEEZofficial Can you stop,1554352034530607104,sforjoong,1363470538639745026,870076820439183360
@beatroadevent @ATEEZofficial And fck @kqent,1554352001680539648,aras1024,1300813768067252225,870076820439183360
@beatroadevent @ATEEZofficial i will redacted you,1554351984567717888,gobIinjoong,1465553422971641863,870076820439183360
@beatroadevent @ATEEZofficial No one wants the NFTs 🥰,1554351909993062401,secondcoolest,1097161034,870076820439183360
"@beatroadevent Get rid of the NFTs, we don't want it and ateez dont want it",1554351909103869954,lazulikoo,1018944414373367808,870076820439183360
@beatroadevent @ATEEZofficial nope bYEBYE,1554351908718264320,wommypudding,1523620342560100354,870076820439183360
@beatroadevent @ATEEZofficial no one gives a fuck!,1554351834252328961,hongbubba,1437979534729564165,870076820439183360
@beatroadevent @ATEEZofficial I don’t care,1554351810244407296,woosanhwatiny,1152586692273922054,870076820439183360
@beatroadevent @ATEEZofficial how many times do we have to say stop with the dumbass nfts oh my GOD,1554351776110743552,starjongho,1044102317870481408,870076820439183360
@beatroadevent @ATEEZofficial no,1554351765289459717,sippysip06,1217323497468284928,870076820439183360
@beatroadevent @ATEEZofficial boo 🍅,1554351742107754497,itsaysani,2219765227,870076820439183360
@beatroadevent @ATEEZofficial Not the nfts,1554351705164496896,sanchoishi,1218555223372779521,870076820439183360
@beatroadevent @ATEEZofficial no,1554351678744567808,tinyddeong,1294139564471144448,870076820439183360
@beatroadevent @ATEEZofficial yeah no i’ll pass https://t.co/px7HtYbtEm,1554351651598675970,niniwoos,1256143586338304000,870076820439183360
@beatroadevent @ATEEZofficial Hell no,1554351642354794496,sanchoishi,1218555223372779521,870076820439183360
