full_text,tweet_id,screen_name,Tweet_user_ID,original_user_ID
Magna to invest $200M in Lyft to speed self-driving tech https://t.co/0YO8wSf1Gx https://t.co/d6nSPyM1xM,974047179156348928,Automotive_News,14628959,966195848991444992
All I want in life in 2018 is to drink wine by an active volcano and pet a llama. Is that too much too ask? An alpaca would be an acceptable substitute. #goals,974104758477885440,6Chases,1905865105,966195848991444992
Have fun out there among the stars. https://t.co/S285MTwGtp,973936533320413184,BarackObama,813286,966195848991444992
Can’t wait to visit #Chicago for the first time next week. What shall I do while I am in town? #LaverCup 🤔 https://t.co/OMFSu04mXK,974093474101329920,rogerfederer,1337785291,966195848991444992
"Brad Pitt, Leonardo DiCaprio to star in Tarantino's Sharon Tate film https://t.co/FKia9YHtkr, see more https://t.co/2K7e7qfWa1",969137610680684544,QuickCarLoanz,966195848991444992,966195848991444992
https://t.co/tVZbfOUqro,969151130302205953,khjelmgaard,280559948,966195848991444992
